ISO-10303-21;
HEADER;
FILE_DESCRIPTION(('Open CASCADE Model'),'2;1');
FILE_NAME('Open CASCADE Shape Model','2026-07-21T20:27:15',('Author'),(
    'Open CASCADE'),'Open CASCADE STEP processor 7.9','Open CASCADE 7.9'
  ,'Unknown');
FILE_SCHEMA(('AUTOMOTIVE_DESIGN { 1 0 10303 214 1 1 1 1 }'));
ENDSEC;
DATA;
#1 = APPLICATION_PROTOCOL_DEFINITION('international standard',
  'automotive_design',2000,#2);
#2 = APPLICATION_CONTEXT(
  'core data for automotive mechanical design processes');
#3 = SHAPE_DEFINITION_REPRESENTATION(#4,#10);
#4 = PRODUCT_DEFINITION_SHAPE('','',#5);
#5 = PRODUCT_DEFINITION('design','',#6,#9);
#6 = PRODUCT_DEFINITION_FORMATION('','',#7);
#7 = PRODUCT('Open CASCADE STEP translator 7.9 1',
  'Open CASCADE STEP translator 7.9 1','',(#8));
#8 = PRODUCT_CONTEXT('',#2,'mechanical');
#9 = PRODUCT_DEFINITION_CONTEXT('part definition',#2,'design');
#10 = ADVANCED_BREP_SHAPE_REPRESENTATION('',(#11,#15),#7009);
#11 = AXIS2_PLACEMENT_3D('',#12,#13,#14);
#12 = CARTESIAN_POINT('',(0.,0.,0.));
#13 = DIRECTION('',(0.,0.,1.));
#14 = DIRECTION('',(1.,0.,-0.));
#15 = MANIFOLD_SOLID_BREP('',#16);
#16 = CLOSED_SHELL('',(#17,#165,#386,#456,#551,#600,#652,#704,#774,#844,
    #875,#929,#1010,#1059,#1112,#1165,#1219,#1273,#1305,#1376,#1830,
    #1880,#1934,#1988,#2059,#2130,#2162,#2232,#2302,#2547,#2596,#2650,
    #2699,#2753,#2780,#2832,#2884,#2954,#3024,#3415,#3485,#3555,#3628,
    #3637,#3799,#3851,#3921,#3991,#4194,#4243,#4293,#4342,#4392,#4419,
    #4468,#4517,#5247,#5602,#5653,#5658,#5684,#5710,#5736,#5743,#5752,
    #5809,#5863,#5910,#6067,#6073,#6152,#6273,#6347,#6396,#6507,#6601,
    #6650,#6739,#6765,#6792,#6798,#6803,#6838,#6885,#6936,#6943,#6950,
    #7005));
#17 = ADVANCED_FACE('',(#18),#32,.T.);
#18 = FACE_BOUND('',#19,.T.);
#19 = EDGE_LOOP('',(#20,#54,#97,#124));
#20 = ORIENTED_EDGE('',*,*,#21,.T.);
#21 = EDGE_CURVE('',#22,#24,#26,.T.);
#22 = VERTEX_POINT('',#23);
#23 = CARTESIAN_POINT('',(-63.,-62.,0.));
#24 = VERTEX_POINT('',#25);
#25 = CARTESIAN_POINT('',(63.,-62.,0.));
#26 = SURFACE_CURVE('',#27,(#31,#42),.PCURVE_S1.);
#27 = LINE('',#28,#29);
#28 = CARTESIAN_POINT('',(-63.,-62.,0.));
#29 = VECTOR('',#30,1.);
#30 = DIRECTION('',(1.,0.,0.));
#31 = PCURVE('',#32,#37);
#32 = B_SPLINE_SURFACE_WITH_KNOTS('',1,1,(
    (#33,#34)
    ,(#35,#36)),.UNSPECIFIED.,.F.,.F.,.F.,(2,2),(2,2),(0.,130.),(0.,1.),
  .PIECEWISE_BEZIER_KNOTS.);
#33 = CARTESIAN_POINT('',(-63.,-62.,0.));
#34 = CARTESIAN_POINT('',(-65.,-72.,10.));
#35 = CARTESIAN_POINT('',(63.,-62.,0.));
#36 = CARTESIAN_POINT('',(65.,-72.,10.));
#37 = DEFINITIONAL_REPRESENTATION('',(#38),#41);
#38 = B_SPLINE_CURVE_WITH_KNOTS('',1,(#39,#40),.UNSPECIFIED.,.F.,.F.,(2,
    2),(0.,126.),.PIECEWISE_BEZIER_KNOTS.);
#39 = CARTESIAN_POINT('',(0.,0.));
#40 = CARTESIAN_POINT('',(130.,0.));
#41 = ( GEOMETRIC_REPRESENTATION_CONTEXT(2) 
PARAMETRIC_REPRESENTATION_CONTEXT() REPRESENTATION_CONTEXT('2D SPACE',''
  ) );
#42 = PCURVE('',#43,#48);
#43 = PLANE('',#44);
#44 = AXIS2_PLACEMENT_3D('',#45,#46,#47);
#45 = CARTESIAN_POINT('',(-62.99999990277,-37.99999990277,0.));
#46 = DIRECTION('',(0.,0.,1.));
#47 = DIRECTION('',(-1.,-4.051126232864E-09,0.));
#48 = DEFINITIONAL_REPRESENTATION('',(#49),#53);
#49 = LINE('',#50,#51);
#50 = CARTESIAN_POINT('',(1.944540599652E-07,24.000000097227));
#51 = VECTOR('',#52,1.);
#52 = DIRECTION('',(-1.,4.051126232864E-09));
#53 = ( GEOMETRIC_REPRESENTATION_CONTEXT(2) 
PARAMETRIC_REPRESENTATION_CONTEXT() REPRESENTATION_CONTEXT('2D SPACE',''
  ) );
#54 = ORIENTED_EDGE('',*,*,#55,.T.);
#55 = EDGE_CURVE('',#24,#56,#58,.T.);
#56 = VERTEX_POINT('',#57);
#57 = CARTESIAN_POINT('',(65.,-72.,10.));
#58 = SURFACE_CURVE('',#59,(#62,#69),.PCURVE_S1.);
#59 = B_SPLINE_CURVE_WITH_KNOTS('',1,(#60,#61),.UNSPECIFIED.,.F.,.F.,(2,
    2),(0.,1.),.PIECEWISE_BEZIER_KNOTS.);
#60 = CARTESIAN_POINT('',(63.,-62.,0.));
#61 = CARTESIAN_POINT('',(65.,-72.,10.));
#62 = PCURVE('',#32,#63);
#63 = DEFINITIONAL_REPRESENTATION('',(#64),#68);
#64 = LINE('',#65,#66);
#65 = CARTESIAN_POINT('',(130.,0.));
#66 = VECTOR('',#67,1.);
#67 = DIRECTION('',(0.,1.));
#68 = ( GEOMETRIC_REPRESENTATION_CONTEXT(2) 
PARAMETRIC_REPRESENTATION_CONTEXT() REPRESENTATION_CONTEXT('2D SPACE',''
  ) );
#69 = PCURVE('',#70,#91);
#70 = B_SPLINE_SURFACE_WITH_KNOTS('',9,1,(
    (#71,#72)
    ,(#73,#74)
    ,(#75,#76)
    ,(#77,#78)
    ,(#79,#80)
    ,(#81,#82)
    ,(#83,#84)
    ,(#85,#86)
    ,(#87,#88)
    ,(#89,#90
    )),.UNSPECIFIED.,.F.,.F.,.F.,(10,10),(2,2),(0.,1.570796318693),(0.,
    1.),.PIECEWISE_BEZIER_KNOTS.);
#71 = CARTESIAN_POINT('',(63.,-62.,0.));
#72 = CARTESIAN_POINT('',(65.,-72.,10.));
#73 = CARTESIAN_POINT('',(67.18879020015,-61.99999998303,0.));
#74 = CARTESIAN_POINT('',(70.585053600196,-71.99999997737,10.));
#75 = CARTESIAN_POINT('',(71.37758155067,-61.1775319106,0.));
#76 = CARTESIAN_POINT('',(76.170107276004,-70.90337733905,
    10.000000000001));
#77 = CARTESIAN_POINT('',(75.381804875597,-59.53260270755,0.));
#78 = CARTESIAN_POINT('',(81.509078792057,-68.71013131876,9.999999999997
    ));
#79 = CARTESIAN_POINT('',(79.01692454673,-57.11350941158,0.));
#80 = CARTESIAN_POINT('',(86.35588939635,-65.48468921479,10.000000000003
    ));
#81 = CARTESIAN_POINT('',(82.11350941159,-54.01692454672,0.));
#82 = CARTESIAN_POINT('',(90.484689214744,-61.35588939629,9.999999999997
    ));
#83 = CARTESIAN_POINT('',(84.53260270755,-50.38180487559,0.));
#84 = CARTESIAN_POINT('',(93.710131318804,-56.50907879209,
    10.000000000002));
#85 = CARTESIAN_POINT('',(86.177531910606,-46.37758155067,0.));
#86 = CARTESIAN_POINT('',(95.903377339031,-51.17010727598,9.999999999999
    ));
#87 = CARTESIAN_POINT('',(86.999999983031,-42.18879020015,0.));
#88 = CARTESIAN_POINT('',(96.999999977377,-45.5850536002,10.));
#89 = CARTESIAN_POINT('',(87.,-38.,0.));
#90 = CARTESIAN_POINT('',(97.,-40.,10.));
#91 = DEFINITIONAL_REPRESENTATION('',(#92),#96);
#92 = LINE('',#93,#94);
#93 = CARTESIAN_POINT('',(0.,0.));
#94 = VECTOR('',#95,1.);
#95 = DIRECTION('',(0.,1.));
#96 = ( GEOMETRIC_REPRESENTATION_CONTEXT(2) 
PARAMETRIC_REPRESENTATION_CONTEXT() REPRESENTATION_CONTEXT('2D SPACE',''
  ) );
#97 = ORIENTED_EDGE('',*,*,#98,.F.);
#98 = EDGE_CURVE('',#99,#56,#101,.T.);
#99 = VERTEX_POINT('',#100);
#100 = CARTESIAN_POINT('',(-65.,-72.,10.));
#101 = SURFACE_CURVE('',#102,(#106,#113),.PCURVE_S1.);
#102 = LINE('',#103,#104);
#103 = CARTESIAN_POINT('',(-65.,-72.,10.));
#104 = VECTOR('',#105,1.);
#105 = DIRECTION('',(1.,0.,0.));
#106 = PCURVE('',#32,#107);
#107 = DEFINITIONAL_REPRESENTATION('',(#108),#112);
#108 = LINE('',#109,#110);
#109 = CARTESIAN_POINT('',(0.,1.));
#110 = VECTOR('',#111,1.);
#111 = DIRECTION('',(1.,0.));
#112 = ( GEOMETRIC_REPRESENTATION_CONTEXT(2) 
PARAMETRIC_REPRESENTATION_CONTEXT() REPRESENTATION_CONTEXT('2D SPACE',''
  ) );
#113 = PCURVE('',#114,#119);
#114 = B_SPLINE_SURFACE_WITH_KNOTS('',1,1,(
    (#115,#116)
    ,(#117,#118
    )),.UNSPECIFIED.,.F.,.F.,.F.,(2,2),(2,2),(0.,134.8),(0.,1.),
  .PIECEWISE_BEZIER_KNOTS.);
#115 = CARTESIAN_POINT('',(-65.,-72.,10.));
#116 = CARTESIAN_POINT('',(-67.4,-75.65,22.));
#117 = CARTESIAN_POINT('',(65.,-72.,10.));
#118 = CARTESIAN_POINT('',(67.4,-75.65,22.));
#119 = DEFINITIONAL_REPRESENTATION('',(#120),#123);
#120 = B_SPLINE_CURVE_WITH_KNOTS('',1,(#121,#122),.UNSPECIFIED.,.F.,.F.,
  (2,2),(0.,130.),.PIECEWISE_BEZIER_KNOTS.);
#121 = CARTESIAN_POINT('',(0.,0.));
#122 = CARTESIAN_POINT('',(134.8,0.));
#123 = ( GEOMETRIC_REPRESENTATION_CONTEXT(2) 
PARAMETRIC_REPRESENTATION_CONTEXT() REPRESENTATION_CONTEXT('2D SPACE',''
  ) );
#124 = ORIENTED_EDGE('',*,*,#125,.F.);
#125 = EDGE_CURVE('',#22,#99,#126,.T.);
#126 = SURFACE_CURVE('',#127,(#130,#137),.PCURVE_S1.);
#127 = B_SPLINE_CURVE_WITH_KNOTS('',1,(#128,#129),.UNSPECIFIED.,.F.,.F.,
  (2,2),(0.,1.),.PIECEWISE_BEZIER_KNOTS.);
#128 = CARTESIAN_POINT('',(-63.,-62.,0.));
#129 = CARTESIAN_POINT('',(-65.,-72.,10.));
#130 = PCURVE('',#32,#131);
#131 = DEFINITIONAL_REPRESENTATION('',(#132),#136);
#132 = LINE('',#133,#134);
#133 = CARTESIAN_POINT('',(0.,0.));
#134 = VECTOR('',#135,1.);
#135 = DIRECTION('',(0.,1.));
#136 = ( GEOMETRIC_REPRESENTATION_CONTEXT(2) 
PARAMETRIC_REPRESENTATION_CONTEXT() REPRESENTATION_CONTEXT('2D SPACE',''
  ) );
#137 = PCURVE('',#138,#159);
#138 = B_SPLINE_SURFACE_WITH_KNOTS('',9,1,(
    (#139,#140)
    ,(#141,#142)
    ,(#143,#144)
    ,(#145,#146)
    ,(#147,#148)
    ,(#149,#150)
    ,(#151,#152)
    ,(#153,#154)
    ,(#155,#156)
    ,(#157,#158
    )),.UNSPECIFIED.,.F.,.F.,.F.,(10,10),(2,2),(0.,1.570796318693),(0.,
    1.),.PIECEWISE_BEZIER_KNOTS.);
#139 = CARTESIAN_POINT('',(-87.,-38.,0.));
#140 = CARTESIAN_POINT('',(-97.,-40.,10.));
#141 = CARTESIAN_POINT('',(-86.99999998303,-42.18879020015,0.));
#142 = CARTESIAN_POINT('',(-96.99999997737,-45.58505360019,10.));
#143 = CARTESIAN_POINT('',(-86.1775319106,-46.37758155066,0.));
#144 = CARTESIAN_POINT('',(-95.90337733905,-51.170107276,10.000000000001
    ));
#145 = CARTESIAN_POINT('',(-84.53260270755,-50.38180487559,0.));
#146 = CARTESIAN_POINT('',(-93.71013131875,-56.50907879206,
    9.999999999997));
#147 = CARTESIAN_POINT('',(-82.11350941158,-54.01692454672,0.));
#148 = CARTESIAN_POINT('',(-90.4846892148,-61.35588939633,
    10.000000000003));
#149 = CARTESIAN_POINT('',(-79.01692454672,-57.11350941158,0.));
#150 = CARTESIAN_POINT('',(-86.35588939628,-65.48468921475,
    9.999999999997));
#151 = CARTESIAN_POINT('',(-75.38180487559,-59.53260270755,0.));
#152 = CARTESIAN_POINT('',(-81.50907879209,-68.71013131879,
    10.000000000002));
#153 = CARTESIAN_POINT('',(-71.37758155067,-61.1775319106,0.));
#154 = CARTESIAN_POINT('',(-76.17010727598,-70.90337733903,
    9.999999999999));
#155 = CARTESIAN_POINT('',(-67.18879020015,-61.99999998303,0.));
#156 = CARTESIAN_POINT('',(-70.5850536002,-71.99999997737,10.));
#157 = CARTESIAN_POINT('',(-63.,-62.,0.));
#158 = CARTESIAN_POINT('',(-65.,-72.,10.));
#159 = DEFINITIONAL_REPRESENTATION('',(#160),#164);
#160 = LINE('',#161,#162);
#161 = CARTESIAN_POINT('',(1.570796318693,0.));
#162 = VECTOR('',#163,1.);
#163 = DIRECTION('',(0.,1.));
#164 = ( GEOMETRIC_REPRESENTATION_CONTEXT(2) 
PARAMETRIC_REPRESENTATION_CONTEXT() REPRESENTATION_CONTEXT('2D SPACE',''
  ) );
#165 = ADVANCED_FACE('',(#166),#43,.F.);
#166 = FACE_BOUND('',#167,.F.);
#167 = EDGE_LOOP('',(#168,#169,#193,#220,#265,#292,#337,#364));
#168 = ORIENTED_EDGE('',*,*,#21,.T.);
#169 = ORIENTED_EDGE('',*,*,#170,.T.);
#170 = EDGE_CURVE('',#24,#171,#173,.T.);
#171 = VERTEX_POINT('',#172);
#172 = CARTESIAN_POINT('',(87.,-38.,0.));
#173 = SURFACE_CURVE('',#174,(#179,#186),.PCURVE_S1.);
#174 = CIRCLE('',#175,24.000000097227);
#175 = AXIS2_PLACEMENT_3D('',#176,#177,#178);
#176 = CARTESIAN_POINT('',(62.999999902773,-37.99999990277,0.));
#177 = DIRECTION('',(0.,0.,1.));
#178 = DIRECTION('',(4.051126232864E-09,-1.,0.));
#179 = PCURVE('',#43,#180);
#180 = DEFINITIONAL_REPRESENTATION('',(#181),#185);
#181 = CIRCLE('',#182,24.000000097227);
#182 = AXIS2_PLACEMENT_2D('',#183,#184);
#183 = CARTESIAN_POINT('',(-125.9999998055,5.104419045531E-07));
#184 = DIRECTION('',(0.,1.));
#185 = ( GEOMETRIC_REPRESENTATION_CONTEXT(2) 
PARAMETRIC_REPRESENTATION_CONTEXT() REPRESENTATION_CONTEXT('2D SPACE',''
  ) );
#186 = PCURVE('',#70,#187);
#187 = DEFINITIONAL_REPRESENTATION('',(#188),#192);
#188 = LINE('',#189,#190);
#189 = CARTESIAN_POINT('',(0.,0.));
#190 = VECTOR('',#191,1.);
#191 = DIRECTION('',(1.,0.));
#192 = ( GEOMETRIC_REPRESENTATION_CONTEXT(2) 
PARAMETRIC_REPRESENTATION_CONTEXT() REPRESENTATION_CONTEXT('2D SPACE',''
  ) );
#193 = ORIENTED_EDGE('',*,*,#194,.T.);
#194 = EDGE_CURVE('',#171,#195,#197,.T.);
#195 = VERTEX_POINT('',#196);
#196 = CARTESIAN_POINT('',(87.,38.,0.));
#197 = SURFACE_CURVE('',#198,(#202,#209),.PCURVE_S1.);
#198 = LINE('',#199,#200);
#199 = CARTESIAN_POINT('',(87.,-38.,0.));
#200 = VECTOR('',#201,1.);
#201 = DIRECTION('',(0.,1.,0.));
#202 = PCURVE('',#43,#203);
#203 = DEFINITIONAL_REPRESENTATION('',(#204),#208);
#204 = LINE('',#205,#206);
#205 = CARTESIAN_POINT('',(-149.9999999027,7.048959645183E-07));
#206 = VECTOR('',#207,1.);
#207 = DIRECTION('',(-4.051126232864E-09,-1.));
#208 = ( GEOMETRIC_REPRESENTATION_CONTEXT(2) 
PARAMETRIC_REPRESENTATION_CONTEXT() REPRESENTATION_CONTEXT('2D SPACE',''
  ) );
#209 = PCURVE('',#210,#215);
#210 = B_SPLINE_SURFACE_WITH_KNOTS('',1,1,(
    (#211,#212)
    ,(#213,#214
  )),.UNSPECIFIED.,.F.,.F.,.F.,(2,2),(2,2),(0.,80.),(0.,1.),
  .PIECEWISE_BEZIER_KNOTS.);
#211 = CARTESIAN_POINT('',(87.,-38.,0.));
#212 = CARTESIAN_POINT('',(97.,-40.,10.));
#213 = CARTESIAN_POINT('',(87.,38.,0.));
#214 = CARTESIAN_POINT('',(97.,40.,10.));
#215 = DEFINITIONAL_REPRESENTATION('',(#216),#219);
#216 = B_SPLINE_CURVE_WITH_KNOTS('',1,(#217,#218),.UNSPECIFIED.,.F.,.F.,
  (2,2),(0.,76.),.PIECEWISE_BEZIER_KNOTS.);
#217 = CARTESIAN_POINT('',(0.,0.));
#218 = CARTESIAN_POINT('',(80.,0.));
#219 = ( GEOMETRIC_REPRESENTATION_CONTEXT(2) 
PARAMETRIC_REPRESENTATION_CONTEXT() REPRESENTATION_CONTEXT('2D SPACE',''
  ) );
#220 = ORIENTED_EDGE('',*,*,#221,.T.);
#221 = EDGE_CURVE('',#195,#222,#224,.T.);
#222 = VERTEX_POINT('',#223);
#223 = CARTESIAN_POINT('',(63.,62.,0.));
#224 = SURFACE_CURVE('',#225,(#230,#237),.PCURVE_S1.);
#225 = CIRCLE('',#226,24.000000097227);
#226 = AXIS2_PLACEMENT_3D('',#227,#228,#229);
#227 = CARTESIAN_POINT('',(62.999999902773,37.999999902773,0.));
#228 = DIRECTION('',(0.,0.,1.));
#229 = DIRECTION('',(1.,4.051126232864E-09,-0.));
#230 = PCURVE('',#43,#231);
#231 = DEFINITIONAL_REPRESENTATION('',(#232),#236);
#232 = CIRCLE('',#233,24.000000097227);
#233 = AXIS2_PLACEMENT_2D('',#234,#235);
#234 = CARTESIAN_POINT('',(-126.0000001134,-75.9999992951));
#235 = DIRECTION('',(-1.,0.));
#236 = ( GEOMETRIC_REPRESENTATION_CONTEXT(2) 
PARAMETRIC_REPRESENTATION_CONTEXT() REPRESENTATION_CONTEXT('2D SPACE',''
  ) );
#237 = PCURVE('',#238,#259);
#238 = B_SPLINE_SURFACE_WITH_KNOTS('',9,1,(
    (#239,#240)
    ,(#241,#242)
    ,(#243,#244)
    ,(#245,#246)
    ,(#247,#248)
    ,(#249,#250)
    ,(#251,#252)
    ,(#253,#254)
    ,(#255,#256)
    ,(#257,#258
    )),.UNSPECIFIED.,.F.,.F.,.F.,(10,10),(2,2),(0.,1.570796318693),(0.,
    1.),.PIECEWISE_BEZIER_KNOTS.);
#239 = CARTESIAN_POINT('',(87.,38.,0.));
#240 = CARTESIAN_POINT('',(97.,40.,10.));
#241 = CARTESIAN_POINT('',(86.999999983031,42.18879020015,0.));
#242 = CARTESIAN_POINT('',(96.999999977371,45.585053600197,10.));
#243 = CARTESIAN_POINT('',(86.177531910605,46.377581550669,0.));
#244 = CARTESIAN_POINT('',(95.903377339054,51.170107276,10.000000000001)
  );
#245 = CARTESIAN_POINT('',(84.532602707551,50.381804875598,0.));
#246 = CARTESIAN_POINT('',(93.710131318757,56.509078792066,
    9.999999999997));
#247 = CARTESIAN_POINT('',(82.113509411589,54.016924546729,0.));
#248 = CARTESIAN_POINT('',(90.484689214807,61.355889396337,
    10.000000000003));
#249 = CARTESIAN_POINT('',(79.016924546729,57.113509411589,0.));
#250 = CARTESIAN_POINT('',(86.355889396288,65.484689214756,
    9.999999999997));
#251 = CARTESIAN_POINT('',(75.381804875598,59.532602707552,0.));
#252 = CARTESIAN_POINT('',(81.509078792099,68.710131318795,
    10.000000000002));
#253 = CARTESIAN_POINT('',(71.37758155067,61.177531910604,0.));
#254 = CARTESIAN_POINT('',(76.170107275985,70.903377339035,
    9.999999999999));
#255 = CARTESIAN_POINT('',(67.18879020015,61.999999983031,0.));
#256 = CARTESIAN_POINT('',(70.585053600201,71.999999977376,10.));
#257 = CARTESIAN_POINT('',(63.,62.,0.));
#258 = CARTESIAN_POINT('',(65.,72.,10.));
#259 = DEFINITIONAL_REPRESENTATION('',(#260),#264);
#260 = LINE('',#261,#262);
#261 = CARTESIAN_POINT('',(0.,0.));
#262 = VECTOR('',#263,1.);
#263 = DIRECTION('',(1.,0.));
#264 = ( GEOMETRIC_REPRESENTATION_CONTEXT(2) 
PARAMETRIC_REPRESENTATION_CONTEXT() REPRESENTATION_CONTEXT('2D SPACE',''
  ) );
#265 = ORIENTED_EDGE('',*,*,#266,.T.);
#266 = EDGE_CURVE('',#222,#267,#269,.T.);
#267 = VERTEX_POINT('',#268);
#268 = CARTESIAN_POINT('',(-63.,62.,0.));
#269 = SURFACE_CURVE('',#270,(#274,#281),.PCURVE_S1.);
#270 = LINE('',#271,#272);
#271 = CARTESIAN_POINT('',(63.,62.,0.));
#272 = VECTOR('',#273,1.);
#273 = DIRECTION('',(-1.,0.,0.));
#274 = PCURVE('',#43,#275);
#275 = DEFINITIONAL_REPRESENTATION('',(#276),#280);
#276 = LINE('',#277,#278);
#277 = CARTESIAN_POINT('',(-126.0000003078,-99.99999939233));
#278 = VECTOR('',#279,1.);
#279 = DIRECTION('',(1.,-4.051126232864E-09));
#280 = ( GEOMETRIC_REPRESENTATION_CONTEXT(2) 
PARAMETRIC_REPRESENTATION_CONTEXT() REPRESENTATION_CONTEXT('2D SPACE',''
  ) );
#281 = PCURVE('',#282,#287);
#282 = B_SPLINE_SURFACE_WITH_KNOTS('',1,1,(
    (#283,#284)
    ,(#285,#286
    )),.UNSPECIFIED.,.F.,.F.,.F.,(2,2),(2,2),(0.,130.),(0.,1.),
  .PIECEWISE_BEZIER_KNOTS.);
#283 = CARTESIAN_POINT('',(63.,62.,0.));
#284 = CARTESIAN_POINT('',(65.,72.,10.));
#285 = CARTESIAN_POINT('',(-63.,62.,0.));
#286 = CARTESIAN_POINT('',(-65.,72.,10.));
#287 = DEFINITIONAL_REPRESENTATION('',(#288),#291);
#288 = B_SPLINE_CURVE_WITH_KNOTS('',1,(#289,#290),.UNSPECIFIED.,.F.,.F.,
  (2,2),(0.,126.),.PIECEWISE_BEZIER_KNOTS.);
#289 = CARTESIAN_POINT('',(0.,0.));
#290 = CARTESIAN_POINT('',(130.,0.));
#291 = ( GEOMETRIC_REPRESENTATION_CONTEXT(2) 
PARAMETRIC_REPRESENTATION_CONTEXT() REPRESENTATION_CONTEXT('2D SPACE',''
  ) );
#292 = ORIENTED_EDGE('',*,*,#293,.T.);
#293 = EDGE_CURVE('',#267,#294,#296,.T.);
#294 = VERTEX_POINT('',#295);
#295 = CARTESIAN_POINT('',(-87.,38.,0.));
#296 = SURFACE_CURVE('',#297,(#302,#309),.PCURVE_S1.);
#297 = CIRCLE('',#298,24.000000097227);
#298 = AXIS2_PLACEMENT_3D('',#299,#300,#301);
#299 = CARTESIAN_POINT('',(-62.99999990277,37.999999902773,0.));
#300 = DIRECTION('',(0.,0.,1.));
#301 = DIRECTION('',(-4.051126232864E-09,1.,0.));
#302 = PCURVE('',#43,#303);
#303 = DEFINITIONAL_REPRESENTATION('',(#304),#308);
#304 = CIRCLE('',#305,24.000000097227);
#305 = AXIS2_PLACEMENT_2D('',#306,#307);
#306 = CARTESIAN_POINT('',(-3.078855929099E-07,-75.99999980554));
#307 = DIRECTION('',(0.,-1.));
#308 = ( GEOMETRIC_REPRESENTATION_CONTEXT(2) 
PARAMETRIC_REPRESENTATION_CONTEXT() REPRESENTATION_CONTEXT('2D SPACE',''
  ) );
#309 = PCURVE('',#310,#331);
#310 = B_SPLINE_SURFACE_WITH_KNOTS('',9,1,(
    (#311,#312)
    ,(#313,#314)
    ,(#315,#316)
    ,(#317,#318)
    ,(#319,#320)
    ,(#321,#322)
    ,(#323,#324)
    ,(#325,#326)
    ,(#327,#328)
    ,(#329,#330
    )),.UNSPECIFIED.,.F.,.F.,.F.,(10,10),(2,2),(0.,1.570796318693),(0.,
    1.),.PIECEWISE_BEZIER_KNOTS.);
#311 = CARTESIAN_POINT('',(-63.,62.,0.));
#312 = CARTESIAN_POINT('',(-65.,72.,10.));
#313 = CARTESIAN_POINT('',(-67.18879020015,61.999999983031,0.));
#314 = CARTESIAN_POINT('',(-70.58505360019,71.999999977372,10.));
#315 = CARTESIAN_POINT('',(-71.37758155067,61.177531910605,0.));
#316 = CARTESIAN_POINT('',(-76.170107276,70.90337733905,10.000000000001)
  );
#317 = CARTESIAN_POINT('',(-75.38180487559,59.532602707551,0.));
#318 = CARTESIAN_POINT('',(-81.50907879205,68.710131318765,
    9.999999999997));
#319 = CARTESIAN_POINT('',(-79.01692454673,57.113509411589,0.));
#320 = CARTESIAN_POINT('',(-86.35588939635,65.484689214798,
    10.000000000003));
#321 = CARTESIAN_POINT('',(-82.11350941159,54.016924546729,0.));
#322 = CARTESIAN_POINT('',(-90.48468921474,61.355889396296,
    9.999999999997));
#323 = CARTESIAN_POINT('',(-84.53260270755,50.381804875598,0.));
#324 = CARTESIAN_POINT('',(-93.7101313188,56.509078792095,
    10.000000000002));
#325 = CARTESIAN_POINT('',(-86.1775319106,46.37758155067,0.));
#326 = CARTESIAN_POINT('',(-95.90337733903,51.170107275986,
    9.999999999999));
#327 = CARTESIAN_POINT('',(-86.99999998303,42.18879020015,0.));
#328 = CARTESIAN_POINT('',(-96.99999997737,45.585053600201,10.));
#329 = CARTESIAN_POINT('',(-87.,38.,0.));
#330 = CARTESIAN_POINT('',(-97.,40.,10.));
#331 = DEFINITIONAL_REPRESENTATION('',(#332),#336);
#332 = LINE('',#333,#334);
#333 = CARTESIAN_POINT('',(0.,0.));
#334 = VECTOR('',#335,1.);
#335 = DIRECTION('',(1.,0.));
#336 = ( GEOMETRIC_REPRESENTATION_CONTEXT(2) 
PARAMETRIC_REPRESENTATION_CONTEXT() REPRESENTATION_CONTEXT('2D SPACE',''
  ) );
#337 = ORIENTED_EDGE('',*,*,#338,.T.);
#338 = EDGE_CURVE('',#294,#339,#341,.T.);
#339 = VERTEX_POINT('',#340);
#340 = CARTESIAN_POINT('',(-87.,-38.,0.));
#341 = SURFACE_CURVE('',#342,(#346,#353),.PCURVE_S1.);
#342 = LINE('',#343,#344);
#343 = CARTESIAN_POINT('',(-87.,38.,0.));
#344 = VECTOR('',#345,1.);
#345 = DIRECTION('',(0.,-1.,0.));
#346 = PCURVE('',#43,#347);
#347 = DEFINITIONAL_REPRESENTATION('',(#348),#352);
#348 = LINE('',#349,#350);
#349 = CARTESIAN_POINT('',(23.999999789341,-76.));
#350 = VECTOR('',#351,1.);
#351 = DIRECTION('',(4.051126232864E-09,1.));
#352 = ( GEOMETRIC_REPRESENTATION_CONTEXT(2) 
PARAMETRIC_REPRESENTATION_CONTEXT() REPRESENTATION_CONTEXT('2D SPACE',''
  ) );
#353 = PCURVE('',#354,#359);
#354 = B_SPLINE_SURFACE_WITH_KNOTS('',1,1,(
    (#355,#356)
    ,(#357,#358
  )),.UNSPECIFIED.,.F.,.F.,.F.,(2,2),(2,2),(0.,80.),(0.,1.),
  .PIECEWISE_BEZIER_KNOTS.);
#355 = CARTESIAN_POINT('',(-87.,38.,0.));
#356 = CARTESIAN_POINT('',(-97.,40.,10.));
#357 = CARTESIAN_POINT('',(-87.,-38.,0.));
#358 = CARTESIAN_POINT('',(-97.,-40.,10.));
#359 = DEFINITIONAL_REPRESENTATION('',(#360),#363);
#360 = B_SPLINE_CURVE_WITH_KNOTS('',1,(#361,#362),.UNSPECIFIED.,.F.,.F.,
  (2,2),(0.,76.),.PIECEWISE_BEZIER_KNOTS.);
#361 = CARTESIAN_POINT('',(0.,0.));
#362 = CARTESIAN_POINT('',(80.,0.));
#363 = ( GEOMETRIC_REPRESENTATION_CONTEXT(2) 
PARAMETRIC_REPRESENTATION_CONTEXT() REPRESENTATION_CONTEXT('2D SPACE',''
  ) );
#364 = ORIENTED_EDGE('',*,*,#365,.T.);
#365 = EDGE_CURVE('',#339,#22,#366,.T.);
#366 = SURFACE_CURVE('',#367,(#372,#379),.PCURVE_S1.);
#367 = CIRCLE('',#368,24.000000097227);
#368 = AXIS2_PLACEMENT_3D('',#369,#370,#371);
#369 = CARTESIAN_POINT('',(-62.99999990277,-37.99999990277,0.));
#370 = DIRECTION('',(0.,0.,1.));
#371 = DIRECTION('',(-1.,-4.051126232864E-09,0.));
#372 = PCURVE('',#43,#373);
#373 = DEFINITIONAL_REPRESENTATION('',(#374),#378);
#374 = CIRCLE('',#375,24.000000097227);
#375 = AXIS2_PLACEMENT_2D('',#376,#377);
#376 = CARTESIAN_POINT('',(0.,0.));
#377 = DIRECTION('',(1.,0.));
#378 = ( GEOMETRIC_REPRESENTATION_CONTEXT(2) 
PARAMETRIC_REPRESENTATION_CONTEXT() REPRESENTATION_CONTEXT('2D SPACE',''
  ) );
#379 = PCURVE('',#138,#380);
#380 = DEFINITIONAL_REPRESENTATION('',(#381),#385);
#381 = LINE('',#382,#383);
#382 = CARTESIAN_POINT('',(0.,0.));
#383 = VECTOR('',#384,1.);
#384 = DIRECTION('',(1.,0.));
#385 = ( GEOMETRIC_REPRESENTATION_CONTEXT(2) 
PARAMETRIC_REPRESENTATION_CONTEXT() REPRESENTATION_CONTEXT('2D SPACE',''
  ) );
#386 = ADVANCED_FACE('',(#387),#70,.T.);
#387 = FACE_BOUND('',#388,.T.);
#388 = EDGE_LOOP('',(#389,#390,#412,#455));
#389 = ORIENTED_EDGE('',*,*,#170,.T.);
#390 = ORIENTED_EDGE('',*,*,#391,.T.);
#391 = EDGE_CURVE('',#171,#392,#394,.T.);
#392 = VERTEX_POINT('',#393);
#393 = CARTESIAN_POINT('',(97.,-40.,10.));
#394 = SURFACE_CURVE('',#395,(#398,#405),.PCURVE_S1.);
#395 = B_SPLINE_CURVE_WITH_KNOTS('',1,(#396,#397),.UNSPECIFIED.,.F.,.F.,
  (2,2),(0.,1.),.PIECEWISE_BEZIER_KNOTS.);
#396 = CARTESIAN_POINT('',(87.,-38.,0.));
#397 = CARTESIAN_POINT('',(97.,-40.,10.));
#398 = PCURVE('',#70,#399);
#399 = DEFINITIONAL_REPRESENTATION('',(#400),#404);
#400 = LINE('',#401,#402);
#401 = CARTESIAN_POINT('',(1.570796318693,0.));
#402 = VECTOR('',#403,1.);
#403 = DIRECTION('',(0.,1.));
#404 = ( GEOMETRIC_REPRESENTATION_CONTEXT(2) 
PARAMETRIC_REPRESENTATION_CONTEXT() REPRESENTATION_CONTEXT('2D SPACE',''
  ) );
#405 = PCURVE('',#210,#406);
#406 = DEFINITIONAL_REPRESENTATION('',(#407),#411);
#407 = LINE('',#408,#409);
#408 = CARTESIAN_POINT('',(0.,0.));
#409 = VECTOR('',#410,1.);
#410 = DIRECTION('',(0.,1.));
#411 = ( GEOMETRIC_REPRESENTATION_CONTEXT(2) 
PARAMETRIC_REPRESENTATION_CONTEXT() REPRESENTATION_CONTEXT('2D SPACE',''
  ) );
#412 = ORIENTED_EDGE('',*,*,#413,.F.);
#413 = EDGE_CURVE('',#56,#392,#414,.T.);
#414 = SURFACE_CURVE('',#415,(#420,#427),.PCURVE_S1.);
#415 = CIRCLE('',#416,32.000000129636);
#416 = AXIS2_PLACEMENT_3D('',#417,#418,#419);
#417 = CARTESIAN_POINT('',(64.999999870364,-39.99999987036,10.));
#418 = DIRECTION('',(0.,0.,1.));
#419 = DIRECTION('',(4.051126084834E-09,-1.,0.));
#420 = PCURVE('',#70,#421);
#421 = DEFINITIONAL_REPRESENTATION('',(#422),#426);
#422 = LINE('',#423,#424);
#423 = CARTESIAN_POINT('',(0.,1.));
#424 = VECTOR('',#425,1.);
#425 = DIRECTION('',(1.,0.));
#426 = ( GEOMETRIC_REPRESENTATION_CONTEXT(2) 
PARAMETRIC_REPRESENTATION_CONTEXT() REPRESENTATION_CONTEXT('2D SPACE',''
  ) );
#427 = PCURVE('',#428,#449);
#428 = B_SPLINE_SURFACE_WITH_KNOTS('',9,1,(
    (#429,#430)
    ,(#431,#432)
    ,(#433,#434)
    ,(#435,#436)
    ,(#437,#438)
    ,(#439,#440)
    ,(#441,#442)
    ,(#443,#444)
    ,(#445,#446)
    ,(#447,#448
    )),.UNSPECIFIED.,.F.,.F.,.F.,(10,10),(2,2),(0.,1.570796318693),(0.,
    1.),.PIECEWISE_BEZIER_KNOTS.);
#429 = CARTESIAN_POINT('',(65.,-72.,10.));
#430 = CARTESIAN_POINT('',(67.4,-75.65,22.));
#431 = CARTESIAN_POINT('',(70.585053600196,-71.99999997737,10.));
#432 = CARTESIAN_POINT('',(73.334119450212,-75.64999997596,22.));
#433 = CARTESIAN_POINT('',(76.170107276004,-70.90337733905,
    10.000000000001));
#434 = CARTESIAN_POINT('',(79.268238980743,-74.48483842273,22.));
#435 = CARTESIAN_POINT('',(81.509078792057,-68.71013131876,
    9.999999999997));
#436 = CARTESIAN_POINT('',(84.940896216583,-72.1545145262,22.));
#437 = CARTESIAN_POINT('',(86.35588939635,-65.48468921479,
    10.000000000003));
#438 = CARTESIAN_POINT('',(90.090632483593,-68.7274822907,22.));
#439 = CARTESIAN_POINT('',(90.484689214744,-61.35588939629,
    9.999999999997));
#440 = CARTESIAN_POINT('',(94.477482290691,-64.34063248358,22.));
#441 = CARTESIAN_POINT('',(93.710131318804,-56.50907879209,
    10.000000000002));
#442 = CARTESIAN_POINT('',(97.904514526213,-59.19089621659,22.));
#443 = CARTESIAN_POINT('',(95.903377339031,-51.17010727598,
    9.999999999999));
#444 = CARTESIAN_POINT('',(100.23483842272,-53.51823898073,22.));
#445 = CARTESIAN_POINT('',(96.999999977377,-45.5850536002,10.));
#446 = CARTESIAN_POINT('',(101.39999997596,-47.58411945021,22.));
#447 = CARTESIAN_POINT('',(97.,-40.,10.));
#448 = CARTESIAN_POINT('',(101.4,-41.65,22.));
#449 = DEFINITIONAL_REPRESENTATION('',(#450),#454);
#450 = LINE('',#451,#452);
#451 = CARTESIAN_POINT('',(0.,0.));
#452 = VECTOR('',#453,1.);
#453 = DIRECTION('',(1.,0.));
#454 = ( GEOMETRIC_REPRESENTATION_CONTEXT(2) 
PARAMETRIC_REPRESENTATION_CONTEXT() REPRESENTATION_CONTEXT('2D SPACE',''
  ) );
#455 = ORIENTED_EDGE('',*,*,#55,.F.);
#456 = ADVANCED_FACE('',(#457),#114,.T.);
#457 = FACE_BOUND('',#458,.T.);
#458 = EDGE_LOOP('',(#459,#460,#482,#510));
#459 = ORIENTED_EDGE('',*,*,#98,.T.);
#460 = ORIENTED_EDGE('',*,*,#461,.T.);
#461 = EDGE_CURVE('',#56,#462,#464,.T.);
#462 = VERTEX_POINT('',#463);
#463 = CARTESIAN_POINT('',(67.4,-75.65,22.));
#464 = SURFACE_CURVE('',#465,(#468,#475),.PCURVE_S1.);
#465 = B_SPLINE_CURVE_WITH_KNOTS('',1,(#466,#467),.UNSPECIFIED.,.F.,.F.,
  (2,2),(0.,1.),.PIECEWISE_BEZIER_KNOTS.);
#466 = CARTESIAN_POINT('',(65.,-72.,10.));
#467 = CARTESIAN_POINT('',(67.4,-75.65,22.));
#468 = PCURVE('',#114,#469);
#469 = DEFINITIONAL_REPRESENTATION('',(#470),#474);
#470 = LINE('',#471,#472);
#471 = CARTESIAN_POINT('',(134.8,0.));
#472 = VECTOR('',#473,1.);
#473 = DIRECTION('',(0.,1.));
#474 = ( GEOMETRIC_REPRESENTATION_CONTEXT(2) 
PARAMETRIC_REPRESENTATION_CONTEXT() REPRESENTATION_CONTEXT('2D SPACE',''
  ) );
#475 = PCURVE('',#428,#476);
#476 = DEFINITIONAL_REPRESENTATION('',(#477),#481);
#477 = LINE('',#478,#479);
#478 = CARTESIAN_POINT('',(0.,0.));
#479 = VECTOR('',#480,1.);
#480 = DIRECTION('',(0.,1.));
#481 = ( GEOMETRIC_REPRESENTATION_CONTEXT(2) 
PARAMETRIC_REPRESENTATION_CONTEXT() REPRESENTATION_CONTEXT('2D SPACE',''
  ) );
#482 = ORIENTED_EDGE('',*,*,#483,.F.);
#483 = EDGE_CURVE('',#484,#462,#486,.T.);
#484 = VERTEX_POINT('',#485);
#485 = CARTESIAN_POINT('',(-67.4,-75.65,22.));
#486 = SURFACE_CURVE('',#487,(#491,#498),.PCURVE_S1.);
#487 = LINE('',#488,#489);
#488 = CARTESIAN_POINT('',(-67.4,-75.65,22.));
#489 = VECTOR('',#490,1.);
#490 = DIRECTION('',(1.,0.,0.));
#491 = PCURVE('',#114,#492);
#492 = DEFINITIONAL_REPRESENTATION('',(#493),#497);
#493 = LINE('',#494,#495);
#494 = CARTESIAN_POINT('',(0.,1.));
#495 = VECTOR('',#496,1.);
#496 = DIRECTION('',(1.,0.));
#497 = ( GEOMETRIC_REPRESENTATION_CONTEXT(2) 
PARAMETRIC_REPRESENTATION_CONTEXT() REPRESENTATION_CONTEXT('2D SPACE',''
  ) );
#498 = PCURVE('',#499,#504);
#499 = PLANE('',#500);
#500 = AXIS2_PLACEMENT_3D('',#501,#502,#503);
#501 = CARTESIAN_POINT('',(-67.4,-75.65,30.));
#502 = DIRECTION('',(0.,-1.,0.));
#503 = DIRECTION('',(1.,0.,0.));
#504 = DEFINITIONAL_REPRESENTATION('',(#505),#509);
#505 = LINE('',#506,#507);
#506 = CARTESIAN_POINT('',(0.,-8.));
#507 = VECTOR('',#508,1.);
#508 = DIRECTION('',(1.,0.));
#509 = ( GEOMETRIC_REPRESENTATION_CONTEXT(2) 
PARAMETRIC_REPRESENTATION_CONTEXT() REPRESENTATION_CONTEXT('2D SPACE',''
  ) );
#510 = ORIENTED_EDGE('',*,*,#511,.F.);
#511 = EDGE_CURVE('',#99,#484,#512,.T.);
#512 = SURFACE_CURVE('',#513,(#516,#523),.PCURVE_S1.);
#513 = B_SPLINE_CURVE_WITH_KNOTS('',1,(#514,#515),.UNSPECIFIED.,.F.,.F.,
  (2,2),(0.,1.),.PIECEWISE_BEZIER_KNOTS.);
#514 = CARTESIAN_POINT('',(-65.,-72.,10.));
#515 = CARTESIAN_POINT('',(-67.4,-75.65,22.));
#516 = PCURVE('',#114,#517);
#517 = DEFINITIONAL_REPRESENTATION('',(#518),#522);
#518 = LINE('',#519,#520);
#519 = CARTESIAN_POINT('',(0.,0.));
#520 = VECTOR('',#521,1.);
#521 = DIRECTION('',(0.,1.));
#522 = ( GEOMETRIC_REPRESENTATION_CONTEXT(2) 
PARAMETRIC_REPRESENTATION_CONTEXT() REPRESENTATION_CONTEXT('2D SPACE',''
  ) );
#523 = PCURVE('',#524,#545);
#524 = B_SPLINE_SURFACE_WITH_KNOTS('',9,1,(
    (#525,#526)
    ,(#527,#528)
    ,(#529,#530)
    ,(#531,#532)
    ,(#533,#534)
    ,(#535,#536)
    ,(#537,#538)
    ,(#539,#540)
    ,(#541,#542)
    ,(#543,#544
    )),.UNSPECIFIED.,.F.,.F.,.F.,(10,10),(2,2),(0.,1.570796318693),(0.,
    1.),.PIECEWISE_BEZIER_KNOTS.);
#525 = CARTESIAN_POINT('',(-97.,-40.,10.));
#526 = CARTESIAN_POINT('',(-101.4,-41.65,22.));
#527 = CARTESIAN_POINT('',(-96.99999997737,-45.58505360019,10.));
#528 = CARTESIAN_POINT('',(-101.3999999759,-47.58411945021,22.));
#529 = CARTESIAN_POINT('',(-95.90337733905,-51.170107276,10.000000000001
    ));
#530 = CARTESIAN_POINT('',(-100.2348384227,-53.51823898074,22.));
#531 = CARTESIAN_POINT('',(-93.71013131875,-56.50907879206,
    9.999999999997));
#532 = CARTESIAN_POINT('',(-97.9045145262,-59.19089621658,22.));
#533 = CARTESIAN_POINT('',(-90.4846892148,-61.35588939633,
    10.000000000003));
#534 = CARTESIAN_POINT('',(-94.4774822907,-64.34063248358,22.));
#535 = CARTESIAN_POINT('',(-86.35588939628,-65.48468921475,
    9.999999999997));
#536 = CARTESIAN_POINT('',(-90.09063248358,-68.72748229069,22.));
#537 = CARTESIAN_POINT('',(-81.50907879209,-68.71013131879,
    10.000000000002));
#538 = CARTESIAN_POINT('',(-84.94089621658,-72.1545145262,22.));
#539 = CARTESIAN_POINT('',(-76.17010727598,-70.90337733903,
    9.999999999999));
#540 = CARTESIAN_POINT('',(-79.26823898074,-74.48483842273,22.));
#541 = CARTESIAN_POINT('',(-70.5850536002,-71.99999997737,10.));
#542 = CARTESIAN_POINT('',(-73.33411945021,-75.64999997596,22.));
#543 = CARTESIAN_POINT('',(-65.,-72.,10.));
#544 = CARTESIAN_POINT('',(-67.4,-75.65,22.));
#545 = DEFINITIONAL_REPRESENTATION('',(#546),#550);
#546 = LINE('',#547,#548);
#547 = CARTESIAN_POINT('',(1.570796318693,0.));
#548 = VECTOR('',#549,1.);
#549 = DIRECTION('',(0.,1.));
#550 = ( GEOMETRIC_REPRESENTATION_CONTEXT(2) 
PARAMETRIC_REPRESENTATION_CONTEXT() REPRESENTATION_CONTEXT('2D SPACE',''
  ) );
#551 = ADVANCED_FACE('',(#552),#138,.T.);
#552 = FACE_BOUND('',#553,.T.);
#553 = EDGE_LOOP('',(#554,#555,#556,#580));
#554 = ORIENTED_EDGE('',*,*,#365,.T.);
#555 = ORIENTED_EDGE('',*,*,#125,.T.);
#556 = ORIENTED_EDGE('',*,*,#557,.F.);
#557 = EDGE_CURVE('',#558,#99,#560,.T.);
#558 = VERTEX_POINT('',#559);
#559 = CARTESIAN_POINT('',(-97.,-40.,10.));
#560 = SURFACE_CURVE('',#561,(#566,#573),.PCURVE_S1.);
#561 = CIRCLE('',#562,32.000000129636);
#562 = AXIS2_PLACEMENT_3D('',#563,#564,#565);
#563 = CARTESIAN_POINT('',(-64.99999987036,-39.99999987036,10.));
#564 = DIRECTION('',(0.,0.,1.));
#565 = DIRECTION('',(-1.,-4.051126084834E-09,0.));
#566 = PCURVE('',#138,#567);
#567 = DEFINITIONAL_REPRESENTATION('',(#568),#572);
#568 = LINE('',#569,#570);
#569 = CARTESIAN_POINT('',(0.,1.));
#570 = VECTOR('',#571,1.);
#571 = DIRECTION('',(1.,0.));
#572 = ( GEOMETRIC_REPRESENTATION_CONTEXT(2) 
PARAMETRIC_REPRESENTATION_CONTEXT() REPRESENTATION_CONTEXT('2D SPACE',''
  ) );
#573 = PCURVE('',#524,#574);
#574 = DEFINITIONAL_REPRESENTATION('',(#575),#579);
#575 = LINE('',#576,#577);
#576 = CARTESIAN_POINT('',(0.,0.));
#577 = VECTOR('',#578,1.);
#578 = DIRECTION('',(1.,0.));
#579 = ( GEOMETRIC_REPRESENTATION_CONTEXT(2) 
PARAMETRIC_REPRESENTATION_CONTEXT() REPRESENTATION_CONTEXT('2D SPACE',''
  ) );
#580 = ORIENTED_EDGE('',*,*,#581,.F.);
#581 = EDGE_CURVE('',#339,#558,#582,.T.);
#582 = SURFACE_CURVE('',#583,(#586,#593),.PCURVE_S1.);
#583 = B_SPLINE_CURVE_WITH_KNOTS('',1,(#584,#585),.UNSPECIFIED.,.F.,.F.,
  (2,2),(0.,1.),.PIECEWISE_BEZIER_KNOTS.);
#584 = CARTESIAN_POINT('',(-87.,-38.,0.));
#585 = CARTESIAN_POINT('',(-97.,-40.,10.));
#586 = PCURVE('',#138,#587);
#587 = DEFINITIONAL_REPRESENTATION('',(#588),#592);
#588 = LINE('',#589,#590);
#589 = CARTESIAN_POINT('',(0.,0.));
#590 = VECTOR('',#591,1.);
#591 = DIRECTION('',(0.,1.));
#592 = ( GEOMETRIC_REPRESENTATION_CONTEXT(2) 
PARAMETRIC_REPRESENTATION_CONTEXT() REPRESENTATION_CONTEXT('2D SPACE',''
  ) );
#593 = PCURVE('',#354,#594);
#594 = DEFINITIONAL_REPRESENTATION('',(#595),#599);
#595 = LINE('',#596,#597);
#596 = CARTESIAN_POINT('',(80.,0.));
#597 = VECTOR('',#598,1.);
#598 = DIRECTION('',(0.,1.));
#599 = ( GEOMETRIC_REPRESENTATION_CONTEXT(2) 
PARAMETRIC_REPRESENTATION_CONTEXT() REPRESENTATION_CONTEXT('2D SPACE',''
  ) );
#600 = ADVANCED_FACE('',(#601),#354,.T.);
#601 = FACE_BOUND('',#602,.T.);
#602 = EDGE_LOOP('',(#603,#604,#605,#632));
#603 = ORIENTED_EDGE('',*,*,#338,.T.);
#604 = ORIENTED_EDGE('',*,*,#581,.T.);
#605 = ORIENTED_EDGE('',*,*,#606,.F.);
#606 = EDGE_CURVE('',#607,#558,#609,.T.);
#607 = VERTEX_POINT('',#608);
#608 = CARTESIAN_POINT('',(-97.,40.,10.));
#609 = SURFACE_CURVE('',#610,(#614,#621),.PCURVE_S1.);
#610 = LINE('',#611,#612);
#611 = CARTESIAN_POINT('',(-97.,40.,10.));
#612 = VECTOR('',#613,1.);
#613 = DIRECTION('',(0.,-1.,0.));
#614 = PCURVE('',#354,#615);
#615 = DEFINITIONAL_REPRESENTATION('',(#616),#620);
#616 = LINE('',#617,#618);
#617 = CARTESIAN_POINT('',(0.,1.));
#618 = VECTOR('',#619,1.);
#619 = DIRECTION('',(1.,0.));
#620 = ( GEOMETRIC_REPRESENTATION_CONTEXT(2) 
PARAMETRIC_REPRESENTATION_CONTEXT() REPRESENTATION_CONTEXT('2D SPACE',''
  ) );
#621 = PCURVE('',#622,#627);
#622 = B_SPLINE_SURFACE_WITH_KNOTS('',1,1,(
    (#623,#624)
    ,(#625,#626
    )),.UNSPECIFIED.,.F.,.F.,.F.,(2,2),(2,2),(0.,83.3),(0.,1.),
  .PIECEWISE_BEZIER_KNOTS.);
#623 = CARTESIAN_POINT('',(-97.,40.,10.));
#624 = CARTESIAN_POINT('',(-101.4,41.65,22.));
#625 = CARTESIAN_POINT('',(-97.,-40.,10.));
#626 = CARTESIAN_POINT('',(-101.4,-41.65,22.));
#627 = DEFINITIONAL_REPRESENTATION('',(#628),#631);
#628 = B_SPLINE_CURVE_WITH_KNOTS('',1,(#629,#630),.UNSPECIFIED.,.F.,.F.,
  (2,2),(0.,80.),.PIECEWISE_BEZIER_KNOTS.);
#629 = CARTESIAN_POINT('',(0.,0.));
#630 = CARTESIAN_POINT('',(83.3,0.));
#631 = ( GEOMETRIC_REPRESENTATION_CONTEXT(2) 
PARAMETRIC_REPRESENTATION_CONTEXT() REPRESENTATION_CONTEXT('2D SPACE',''
  ) );
#632 = ORIENTED_EDGE('',*,*,#633,.F.);
#633 = EDGE_CURVE('',#294,#607,#634,.T.);
#634 = SURFACE_CURVE('',#635,(#638,#645),.PCURVE_S1.);
#635 = B_SPLINE_CURVE_WITH_KNOTS('',1,(#636,#637),.UNSPECIFIED.,.F.,.F.,
  (2,2),(0.,1.),.PIECEWISE_BEZIER_KNOTS.);
#636 = CARTESIAN_POINT('',(-87.,38.,0.));
#637 = CARTESIAN_POINT('',(-97.,40.,10.));
#638 = PCURVE('',#354,#639);
#639 = DEFINITIONAL_REPRESENTATION('',(#640),#644);
#640 = LINE('',#641,#642);
#641 = CARTESIAN_POINT('',(0.,0.));
#642 = VECTOR('',#643,1.);
#643 = DIRECTION('',(0.,1.));
#644 = ( GEOMETRIC_REPRESENTATION_CONTEXT(2) 
PARAMETRIC_REPRESENTATION_CONTEXT() REPRESENTATION_CONTEXT('2D SPACE',''
  ) );
#645 = PCURVE('',#310,#646);
#646 = DEFINITIONAL_REPRESENTATION('',(#647),#651);
#647 = LINE('',#648,#649);
#648 = CARTESIAN_POINT('',(1.570796318693,0.));
#649 = VECTOR('',#650,1.);
#650 = DIRECTION('',(0.,1.));
#651 = ( GEOMETRIC_REPRESENTATION_CONTEXT(2) 
PARAMETRIC_REPRESENTATION_CONTEXT() REPRESENTATION_CONTEXT('2D SPACE',''
  ) );
#652 = ADVANCED_FACE('',(#653),#210,.T.);
#653 = FACE_BOUND('',#654,.T.);
#654 = EDGE_LOOP('',(#655,#656,#678,#703));
#655 = ORIENTED_EDGE('',*,*,#194,.T.);
#656 = ORIENTED_EDGE('',*,*,#657,.T.);
#657 = EDGE_CURVE('',#195,#658,#660,.T.);
#658 = VERTEX_POINT('',#659);
#659 = CARTESIAN_POINT('',(97.,40.,10.));
#660 = SURFACE_CURVE('',#661,(#664,#671),.PCURVE_S1.);
#661 = B_SPLINE_CURVE_WITH_KNOTS('',1,(#662,#663),.UNSPECIFIED.,.F.,.F.,
  (2,2),(0.,1.),.PIECEWISE_BEZIER_KNOTS.);
#662 = CARTESIAN_POINT('',(87.,38.,0.));
#663 = CARTESIAN_POINT('',(97.,40.,10.));
#664 = PCURVE('',#210,#665);
#665 = DEFINITIONAL_REPRESENTATION('',(#666),#670);
#666 = LINE('',#667,#668);
#667 = CARTESIAN_POINT('',(80.,0.));
#668 = VECTOR('',#669,1.);
#669 = DIRECTION('',(0.,1.));
#670 = ( GEOMETRIC_REPRESENTATION_CONTEXT(2) 
PARAMETRIC_REPRESENTATION_CONTEXT() REPRESENTATION_CONTEXT('2D SPACE',''
  ) );
#671 = PCURVE('',#238,#672);
#672 = DEFINITIONAL_REPRESENTATION('',(#673),#677);
#673 = LINE('',#674,#675);
#674 = CARTESIAN_POINT('',(0.,0.));
#675 = VECTOR('',#676,1.);
#676 = DIRECTION('',(0.,1.));
#677 = ( GEOMETRIC_REPRESENTATION_CONTEXT(2) 
PARAMETRIC_REPRESENTATION_CONTEXT() REPRESENTATION_CONTEXT('2D SPACE',''
  ) );
#678 = ORIENTED_EDGE('',*,*,#679,.F.);
#679 = EDGE_CURVE('',#392,#658,#680,.T.);
#680 = SURFACE_CURVE('',#681,(#685,#692),.PCURVE_S1.);
#681 = LINE('',#682,#683);
#682 = CARTESIAN_POINT('',(97.,-40.,10.));
#683 = VECTOR('',#684,1.);
#684 = DIRECTION('',(0.,1.,0.));
#685 = PCURVE('',#210,#686);
#686 = DEFINITIONAL_REPRESENTATION('',(#687),#691);
#687 = LINE('',#688,#689);
#688 = CARTESIAN_POINT('',(0.,1.));
#689 = VECTOR('',#690,1.);
#690 = DIRECTION('',(1.,0.));
#691 = ( GEOMETRIC_REPRESENTATION_CONTEXT(2) 
PARAMETRIC_REPRESENTATION_CONTEXT() REPRESENTATION_CONTEXT('2D SPACE',''
  ) );
#692 = PCURVE('',#693,#698);
#693 = B_SPLINE_SURFACE_WITH_KNOTS('',1,1,(
    (#694,#695)
    ,(#696,#697
    )),.UNSPECIFIED.,.F.,.F.,.F.,(2,2),(2,2),(0.,83.3),(0.,1.),
  .PIECEWISE_BEZIER_KNOTS.);
#694 = CARTESIAN_POINT('',(97.,-40.,10.));
#695 = CARTESIAN_POINT('',(101.4,-41.65,22.));
#696 = CARTESIAN_POINT('',(97.,40.,10.));
#697 = CARTESIAN_POINT('',(101.4,41.65,22.));
#698 = DEFINITIONAL_REPRESENTATION('',(#699),#702);
#699 = B_SPLINE_CURVE_WITH_KNOTS('',1,(#700,#701),.UNSPECIFIED.,.F.,.F.,
  (2,2),(0.,80.),.PIECEWISE_BEZIER_KNOTS.);
#700 = CARTESIAN_POINT('',(0.,0.));
#701 = CARTESIAN_POINT('',(83.3,0.));
#702 = ( GEOMETRIC_REPRESENTATION_CONTEXT(2) 
PARAMETRIC_REPRESENTATION_CONTEXT() REPRESENTATION_CONTEXT('2D SPACE',''
  ) );
#703 = ORIENTED_EDGE('',*,*,#391,.F.);
#704 = ADVANCED_FACE('',(#705),#310,.T.);
#705 = FACE_BOUND('',#706,.T.);
#706 = EDGE_LOOP('',(#707,#708,#709,#754));
#707 = ORIENTED_EDGE('',*,*,#293,.T.);
#708 = ORIENTED_EDGE('',*,*,#633,.T.);
#709 = ORIENTED_EDGE('',*,*,#710,.F.);
#710 = EDGE_CURVE('',#711,#607,#713,.T.);
#711 = VERTEX_POINT('',#712);
#712 = CARTESIAN_POINT('',(-65.,72.,10.));
#713 = SURFACE_CURVE('',#714,(#719,#726),.PCURVE_S1.);
#714 = CIRCLE('',#715,32.000000129636);
#715 = AXIS2_PLACEMENT_3D('',#716,#717,#718);
#716 = CARTESIAN_POINT('',(-64.99999987036,39.999999870364,10.));
#717 = DIRECTION('',(0.,0.,1.));
#718 = DIRECTION('',(-4.051126084834E-09,1.,0.));
#719 = PCURVE('',#310,#720);
#720 = DEFINITIONAL_REPRESENTATION('',(#721),#725);
#721 = LINE('',#722,#723);
#722 = CARTESIAN_POINT('',(0.,1.));
#723 = VECTOR('',#724,1.);
#724 = DIRECTION('',(1.,0.));
#725 = ( GEOMETRIC_REPRESENTATION_CONTEXT(2) 
PARAMETRIC_REPRESENTATION_CONTEXT() REPRESENTATION_CONTEXT('2D SPACE',''
  ) );
#726 = PCURVE('',#727,#748);
#727 = B_SPLINE_SURFACE_WITH_KNOTS('',9,1,(
    (#728,#729)
    ,(#730,#731)
    ,(#732,#733)
    ,(#734,#735)
    ,(#736,#737)
    ,(#738,#739)
    ,(#740,#741)
    ,(#742,#743)
    ,(#744,#745)
    ,(#746,#747
    )),.UNSPECIFIED.,.F.,.F.,.F.,(10,10),(2,2),(0.,1.570796318693),(0.,
    1.),.PIECEWISE_BEZIER_KNOTS.);
#728 = CARTESIAN_POINT('',(-65.,72.,10.));
#729 = CARTESIAN_POINT('',(-67.4,75.65,22.));
#730 = CARTESIAN_POINT('',(-70.58505360019,71.999999977372,10.));
#731 = CARTESIAN_POINT('',(-73.33411945021,75.64999997596,22.));
#732 = CARTESIAN_POINT('',(-76.170107276,70.90337733905,10.000000000001)
  );
#733 = CARTESIAN_POINT('',(-79.26823898074,74.484838422732,22.));
#734 = CARTESIAN_POINT('',(-81.50907879205,68.710131318765,
    9.999999999997));
#735 = CARTESIAN_POINT('',(-84.94089621658,72.154514526204,22.));
#736 = CARTESIAN_POINT('',(-86.35588939635,65.484689214798,
    10.000000000003));
#737 = CARTESIAN_POINT('',(-90.09063248359,68.727482290704,22.));
#738 = CARTESIAN_POINT('',(-90.48468921474,61.355889396296,
    9.999999999997));
#739 = CARTESIAN_POINT('',(-94.47748229069,64.34063248358,22.));
#740 = CARTESIAN_POINT('',(-93.7101313188,56.509078792095,
    10.000000000002));
#741 = CARTESIAN_POINT('',(-97.90451452621,59.190896216592,22.));
#742 = CARTESIAN_POINT('',(-95.90337733903,51.170107275986,
    9.999999999999));
#743 = CARTESIAN_POINT('',(-100.2348384227,53.518238980739,22.));
#744 = CARTESIAN_POINT('',(-96.99999997737,45.585053600201,10.));
#745 = CARTESIAN_POINT('',(-101.3999999759,47.584119450213,22.));
#746 = CARTESIAN_POINT('',(-97.,40.,10.));
#747 = CARTESIAN_POINT('',(-101.4,41.65,22.));
#748 = DEFINITIONAL_REPRESENTATION('',(#749),#753);
#749 = LINE('',#750,#751);
#750 = CARTESIAN_POINT('',(0.,0.));
#751 = VECTOR('',#752,1.);
#752 = DIRECTION('',(1.,0.));
#753 = ( GEOMETRIC_REPRESENTATION_CONTEXT(2) 
PARAMETRIC_REPRESENTATION_CONTEXT() REPRESENTATION_CONTEXT('2D SPACE',''
  ) );
#754 = ORIENTED_EDGE('',*,*,#755,.F.);
#755 = EDGE_CURVE('',#267,#711,#756,.T.);
#756 = SURFACE_CURVE('',#757,(#760,#767),.PCURVE_S1.);
#757 = B_SPLINE_CURVE_WITH_KNOTS('',1,(#758,#759),.UNSPECIFIED.,.F.,.F.,
  (2,2),(0.,1.),.PIECEWISE_BEZIER_KNOTS.);
#758 = CARTESIAN_POINT('',(-63.,62.,0.));
#759 = CARTESIAN_POINT('',(-65.,72.,10.));
#760 = PCURVE('',#310,#761);
#761 = DEFINITIONAL_REPRESENTATION('',(#762),#766);
#762 = LINE('',#763,#764);
#763 = CARTESIAN_POINT('',(0.,0.));
#764 = VECTOR('',#765,1.);
#765 = DIRECTION('',(0.,1.));
#766 = ( GEOMETRIC_REPRESENTATION_CONTEXT(2) 
PARAMETRIC_REPRESENTATION_CONTEXT() REPRESENTATION_CONTEXT('2D SPACE',''
  ) );
#767 = PCURVE('',#282,#768);
#768 = DEFINITIONAL_REPRESENTATION('',(#769),#773);
#769 = LINE('',#770,#771);
#770 = CARTESIAN_POINT('',(130.,0.));
#771 = VECTOR('',#772,1.);
#772 = DIRECTION('',(0.,1.));
#773 = ( GEOMETRIC_REPRESENTATION_CONTEXT(2) 
PARAMETRIC_REPRESENTATION_CONTEXT() REPRESENTATION_CONTEXT('2D SPACE',''
  ) );
#774 = ADVANCED_FACE('',(#775),#238,.T.);
#775 = FACE_BOUND('',#776,.T.);
#776 = EDGE_LOOP('',(#777,#778,#800,#843));
#777 = ORIENTED_EDGE('',*,*,#221,.T.);
#778 = ORIENTED_EDGE('',*,*,#779,.T.);
#779 = EDGE_CURVE('',#222,#780,#782,.T.);
#780 = VERTEX_POINT('',#781);
#781 = CARTESIAN_POINT('',(65.,72.,10.));
#782 = SURFACE_CURVE('',#783,(#786,#793),.PCURVE_S1.);
#783 = B_SPLINE_CURVE_WITH_KNOTS('',1,(#784,#785),.UNSPECIFIED.,.F.,.F.,
  (2,2),(0.,1.),.PIECEWISE_BEZIER_KNOTS.);
#784 = CARTESIAN_POINT('',(63.,62.,0.));
#785 = CARTESIAN_POINT('',(65.,72.,10.));
#786 = PCURVE('',#238,#787);
#787 = DEFINITIONAL_REPRESENTATION('',(#788),#792);
#788 = LINE('',#789,#790);
#789 = CARTESIAN_POINT('',(1.570796318693,0.));
#790 = VECTOR('',#791,1.);
#791 = DIRECTION('',(0.,1.));
#792 = ( GEOMETRIC_REPRESENTATION_CONTEXT(2) 
PARAMETRIC_REPRESENTATION_CONTEXT() REPRESENTATION_CONTEXT('2D SPACE',''
  ) );
#793 = PCURVE('',#282,#794);
#794 = DEFINITIONAL_REPRESENTATION('',(#795),#799);
#795 = LINE('',#796,#797);
#796 = CARTESIAN_POINT('',(0.,0.));
#797 = VECTOR('',#798,1.);
#798 = DIRECTION('',(0.,1.));
#799 = ( GEOMETRIC_REPRESENTATION_CONTEXT(2) 
PARAMETRIC_REPRESENTATION_CONTEXT() REPRESENTATION_CONTEXT('2D SPACE',''
  ) );
#800 = ORIENTED_EDGE('',*,*,#801,.F.);
#801 = EDGE_CURVE('',#658,#780,#802,.T.);
#802 = SURFACE_CURVE('',#803,(#808,#815),.PCURVE_S1.);
#803 = CIRCLE('',#804,32.000000129636);
#804 = AXIS2_PLACEMENT_3D('',#805,#806,#807);
#805 = CARTESIAN_POINT('',(64.999999870364,39.999999870364,10.));
#806 = DIRECTION('',(0.,0.,1.));
#807 = DIRECTION('',(1.,4.051126084834E-09,-0.));
#808 = PCURVE('',#238,#809);
#809 = DEFINITIONAL_REPRESENTATION('',(#810),#814);
#810 = LINE('',#811,#812);
#811 = CARTESIAN_POINT('',(0.,1.));
#812 = VECTOR('',#813,1.);
#813 = DIRECTION('',(1.,0.));
#814 = ( GEOMETRIC_REPRESENTATION_CONTEXT(2) 
PARAMETRIC_REPRESENTATION_CONTEXT() REPRESENTATION_CONTEXT('2D SPACE',''
  ) );
#815 = PCURVE('',#816,#837);
#816 = B_SPLINE_SURFACE_WITH_KNOTS('',9,1,(
    (#817,#818)
    ,(#819,#820)
    ,(#821,#822)
    ,(#823,#824)
    ,(#825,#826)
    ,(#827,#828)
    ,(#829,#830)
    ,(#831,#832)
    ,(#833,#834)
    ,(#835,#836
    )),.UNSPECIFIED.,.F.,.F.,.F.,(10,10),(2,2),(0.,1.570796318693),(0.,
    1.),.PIECEWISE_BEZIER_KNOTS.);
#817 = CARTESIAN_POINT('',(97.,40.,10.));
#818 = CARTESIAN_POINT('',(101.4,41.65,22.));
#819 = CARTESIAN_POINT('',(96.999999977371,45.585053600197,10.));
#820 = CARTESIAN_POINT('',(101.39999997596,47.584119450212,22.));
#821 = CARTESIAN_POINT('',(95.903377339054,51.170107276,10.000000000001)
  );
#822 = CARTESIAN_POINT('',(100.23483842273,53.518238980741,22.));
#823 = CARTESIAN_POINT('',(93.710131318757,56.509078792066,
    9.999999999997));
#824 = CARTESIAN_POINT('',(97.904514526206,59.190896216588,22.));
#825 = CARTESIAN_POINT('',(90.484689214807,61.355889396337,
    10.000000000003));
#826 = CARTESIAN_POINT('',(94.4774822907,64.340632483586,22.));
#827 = CARTESIAN_POINT('',(86.355889396288,65.484689214756,
    9.999999999997));
#828 = CARTESIAN_POINT('',(90.090632483584,68.727482290698,22.));
#829 = CARTESIAN_POINT('',(81.509078792099,68.710131318795,
    10.000000000002));
#830 = CARTESIAN_POINT('',(84.940896216589,72.154514526207,22.));
#831 = CARTESIAN_POINT('',(76.170107275985,70.903377339035,
    9.999999999999));
#832 = CARTESIAN_POINT('',(79.268238980741,74.484838422731,22.));
#833 = CARTESIAN_POINT('',(70.585053600201,71.999999977376,10.));
#834 = CARTESIAN_POINT('',(73.334119450212,75.64999997596,22.));
#835 = CARTESIAN_POINT('',(65.,72.,10.));
#836 = CARTESIAN_POINT('',(67.4,75.65,22.));
#837 = DEFINITIONAL_REPRESENTATION('',(#838),#842);
#838 = LINE('',#839,#840);
#839 = CARTESIAN_POINT('',(0.,0.));
#840 = VECTOR('',#841,1.);
#841 = DIRECTION('',(1.,0.));
#842 = ( GEOMETRIC_REPRESENTATION_CONTEXT(2) 
PARAMETRIC_REPRESENTATION_CONTEXT() REPRESENTATION_CONTEXT('2D SPACE',''
  ) );
#843 = ORIENTED_EDGE('',*,*,#657,.F.);
#844 = ADVANCED_FACE('',(#845),#282,.T.);
#845 = FACE_BOUND('',#846,.T.);
#846 = EDGE_LOOP('',(#847,#848,#849,#874));
#847 = ORIENTED_EDGE('',*,*,#266,.T.);
#848 = ORIENTED_EDGE('',*,*,#755,.T.);
#849 = ORIENTED_EDGE('',*,*,#850,.F.);
#850 = EDGE_CURVE('',#780,#711,#851,.T.);
#851 = SURFACE_CURVE('',#852,(#856,#863),.PCURVE_S1.);
#852 = LINE('',#853,#854);
#853 = CARTESIAN_POINT('',(65.,72.,10.));
#854 = VECTOR('',#855,1.);
#855 = DIRECTION('',(-1.,0.,0.));
#856 = PCURVE('',#282,#857);
#857 = DEFINITIONAL_REPRESENTATION('',(#858),#862);
#858 = LINE('',#859,#860);
#859 = CARTESIAN_POINT('',(0.,1.));
#860 = VECTOR('',#861,1.);
#861 = DIRECTION('',(1.,0.));
#862 = ( GEOMETRIC_REPRESENTATION_CONTEXT(2) 
PARAMETRIC_REPRESENTATION_CONTEXT() REPRESENTATION_CONTEXT('2D SPACE',''
  ) );
#863 = PCURVE('',#864,#869);
#864 = B_SPLINE_SURFACE_WITH_KNOTS('',1,1,(
    (#865,#866)
    ,(#867,#868
    )),.UNSPECIFIED.,.F.,.F.,.F.,(2,2),(2,2),(0.,134.8),(0.,1.),
  .PIECEWISE_BEZIER_KNOTS.);
#865 = CARTESIAN_POINT('',(65.,72.,10.));
#866 = CARTESIAN_POINT('',(67.4,75.65,22.));
#867 = CARTESIAN_POINT('',(-65.,72.,10.));
#868 = CARTESIAN_POINT('',(-67.4,75.65,22.));
#869 = DEFINITIONAL_REPRESENTATION('',(#870),#873);
#870 = B_SPLINE_CURVE_WITH_KNOTS('',1,(#871,#872),.UNSPECIFIED.,.F.,.F.,
  (2,2),(0.,130.),.PIECEWISE_BEZIER_KNOTS.);
#871 = CARTESIAN_POINT('',(0.,0.));
#872 = CARTESIAN_POINT('',(134.8,0.));
#873 = ( GEOMETRIC_REPRESENTATION_CONTEXT(2) 
PARAMETRIC_REPRESENTATION_CONTEXT() REPRESENTATION_CONTEXT('2D SPACE',''
  ) );
#874 = ORIENTED_EDGE('',*,*,#779,.F.);
#875 = ADVANCED_FACE('',(#876),#428,.T.);
#876 = FACE_BOUND('',#877,.T.);
#877 = EDGE_LOOP('',(#878,#879,#901,#928));
#878 = ORIENTED_EDGE('',*,*,#413,.T.);
#879 = ORIENTED_EDGE('',*,*,#880,.T.);
#880 = EDGE_CURVE('',#392,#881,#883,.T.);
#881 = VERTEX_POINT('',#882);
#882 = CARTESIAN_POINT('',(101.4,-41.65,22.));
#883 = SURFACE_CURVE('',#884,(#887,#894),.PCURVE_S1.);
#884 = B_SPLINE_CURVE_WITH_KNOTS('',1,(#885,#886),.UNSPECIFIED.,.F.,.F.,
  (2,2),(0.,1.),.PIECEWISE_BEZIER_KNOTS.);
#885 = CARTESIAN_POINT('',(97.,-40.,10.));
#886 = CARTESIAN_POINT('',(101.4,-41.65,22.));
#887 = PCURVE('',#428,#888);
#888 = DEFINITIONAL_REPRESENTATION('',(#889),#893);
#889 = LINE('',#890,#891);
#890 = CARTESIAN_POINT('',(1.570796318693,0.));
#891 = VECTOR('',#892,1.);
#892 = DIRECTION('',(0.,1.));
#893 = ( GEOMETRIC_REPRESENTATION_CONTEXT(2) 
PARAMETRIC_REPRESENTATION_CONTEXT() REPRESENTATION_CONTEXT('2D SPACE',''
  ) );
#894 = PCURVE('',#693,#895);
#895 = DEFINITIONAL_REPRESENTATION('',(#896),#900);
#896 = LINE('',#897,#898);
#897 = CARTESIAN_POINT('',(0.,0.));
#898 = VECTOR('',#899,1.);
#899 = DIRECTION('',(0.,1.));
#900 = ( GEOMETRIC_REPRESENTATION_CONTEXT(2) 
PARAMETRIC_REPRESENTATION_CONTEXT() REPRESENTATION_CONTEXT('2D SPACE',''
  ) );
#901 = ORIENTED_EDGE('',*,*,#902,.F.);
#902 = EDGE_CURVE('',#462,#881,#903,.T.);
#903 = SURFACE_CURVE('',#904,(#909,#916),.PCURVE_S1.);
#904 = CIRCLE('',#905,34.000000137738);
#905 = AXIS2_PLACEMENT_3D('',#906,#907,#908);
#906 = CARTESIAN_POINT('',(67.399999862262,-41.64999986226,22.));
#907 = DIRECTION('',(0.,0.,1.));
#908 = DIRECTION('',(4.051126790152E-09,-1.,0.));
#909 = PCURVE('',#428,#910);
#910 = DEFINITIONAL_REPRESENTATION('',(#911),#915);
#911 = LINE('',#912,#913);
#912 = CARTESIAN_POINT('',(0.,1.));
#913 = VECTOR('',#914,1.);
#914 = DIRECTION('',(1.,0.));
#915 = ( GEOMETRIC_REPRESENTATION_CONTEXT(2) 
PARAMETRIC_REPRESENTATION_CONTEXT() REPRESENTATION_CONTEXT('2D SPACE',''
  ) );
#916 = PCURVE('',#917,#922);
#917 = CYLINDRICAL_SURFACE('',#918,34.000000137738);
#918 = AXIS2_PLACEMENT_3D('',#919,#920,#921);
#919 = CARTESIAN_POINT('',(67.399999862262,-41.64999986226,22.));
#920 = DIRECTION('',(0.,0.,1.));
#921 = DIRECTION('',(4.051126790152E-09,-1.,0.));
#922 = DEFINITIONAL_REPRESENTATION('',(#923),#927);
#923 = LINE('',#924,#925);
#924 = CARTESIAN_POINT('',(0.,0.));
#925 = VECTOR('',#926,1.);
#926 = DIRECTION('',(1.,0.));
#927 = ( GEOMETRIC_REPRESENTATION_CONTEXT(2) 
PARAMETRIC_REPRESENTATION_CONTEXT() REPRESENTATION_CONTEXT('2D SPACE',''
  ) );
#928 = ORIENTED_EDGE('',*,*,#461,.F.);
#929 = ADVANCED_FACE('',(#930),#499,.T.);
#930 = FACE_BOUND('',#931,.T.);
#931 = EDGE_LOOP('',(#932,#933,#956,#984));
#932 = ORIENTED_EDGE('',*,*,#483,.T.);
#933 = ORIENTED_EDGE('',*,*,#934,.T.);
#934 = EDGE_CURVE('',#462,#935,#937,.T.);
#935 = VERTEX_POINT('',#936);
#936 = CARTESIAN_POINT('',(67.4,-75.65,238.));
#937 = SURFACE_CURVE('',#938,(#942,#949),.PCURVE_S1.);
#938 = LINE('',#939,#940);
#939 = CARTESIAN_POINT('',(67.4,-75.65,22.));
#940 = VECTOR('',#941,1.);
#941 = DIRECTION('',(0.,0.,1.));
#942 = PCURVE('',#499,#943);
#943 = DEFINITIONAL_REPRESENTATION('',(#944),#948);
#944 = LINE('',#945,#946);
#945 = CARTESIAN_POINT('',(134.8,-8.));
#946 = VECTOR('',#947,1.);
#947 = DIRECTION('',(0.,1.));
#948 = ( GEOMETRIC_REPRESENTATION_CONTEXT(2) 
PARAMETRIC_REPRESENTATION_CONTEXT() REPRESENTATION_CONTEXT('2D SPACE',''
  ) );
#949 = PCURVE('',#917,#950);
#950 = DEFINITIONAL_REPRESENTATION('',(#951),#955);
#951 = LINE('',#952,#953);
#952 = CARTESIAN_POINT('',(0.,0.));
#953 = VECTOR('',#954,1.);
#954 = DIRECTION('',(0.,1.));
#955 = ( GEOMETRIC_REPRESENTATION_CONTEXT(2) 
PARAMETRIC_REPRESENTATION_CONTEXT() REPRESENTATION_CONTEXT('2D SPACE',''
  ) );
#956 = ORIENTED_EDGE('',*,*,#957,.F.);
#957 = EDGE_CURVE('',#958,#935,#960,.T.);
#958 = VERTEX_POINT('',#959);
#959 = CARTESIAN_POINT('',(-67.4,-75.65,238.));
#960 = SURFACE_CURVE('',#961,(#965,#972),.PCURVE_S1.);
#961 = LINE('',#962,#963);
#962 = CARTESIAN_POINT('',(-67.4,-75.65,238.));
#963 = VECTOR('',#964,1.);
#964 = DIRECTION('',(1.,0.,0.));
#965 = PCURVE('',#499,#966);
#966 = DEFINITIONAL_REPRESENTATION('',(#967),#971);
#967 = LINE('',#968,#969);
#968 = CARTESIAN_POINT('',(0.,208.));
#969 = VECTOR('',#970,1.);
#970 = DIRECTION('',(1.,0.));
#971 = ( GEOMETRIC_REPRESENTATION_CONTEXT(2) 
PARAMETRIC_REPRESENTATION_CONTEXT() REPRESENTATION_CONTEXT('2D SPACE',''
  ) );
#972 = PCURVE('',#973,#978);
#973 = B_SPLINE_SURFACE_WITH_KNOTS('',1,1,(
    (#974,#975)
    ,(#976,#977
    )),.UNSPECIFIED.,.F.,.F.,.F.,(2,2),(2,2),(0.,134.8),(0.,1.),
  .PIECEWISE_BEZIER_KNOTS.);
#974 = CARTESIAN_POINT('',(-67.4,-75.65,238.));
#975 = CARTESIAN_POINT('',(-64.,-74.,258.));
#976 = CARTESIAN_POINT('',(67.4,-75.65,238.));
#977 = CARTESIAN_POINT('',(64.,-74.,258.));
#978 = DEFINITIONAL_REPRESENTATION('',(#979),#983);
#979 = LINE('',#980,#981);
#980 = CARTESIAN_POINT('',(0.,0.));
#981 = VECTOR('',#982,1.);
#982 = DIRECTION('',(1.,0.));
#983 = ( GEOMETRIC_REPRESENTATION_CONTEXT(2) 
PARAMETRIC_REPRESENTATION_CONTEXT() REPRESENTATION_CONTEXT('2D SPACE',''
  ) );
#984 = ORIENTED_EDGE('',*,*,#985,.T.);
#985 = EDGE_CURVE('',#958,#484,#986,.T.);
#986 = SURFACE_CURVE('',#987,(#991,#998),.PCURVE_S1.);
#987 = LINE('',#988,#989);
#988 = CARTESIAN_POINT('',(-67.4,-75.65,238.));
#989 = VECTOR('',#990,1.);
#990 = DIRECTION('',(0.,0.,-1.));
#991 = PCURVE('',#499,#992);
#992 = DEFINITIONAL_REPRESENTATION('',(#993),#997);
#993 = LINE('',#994,#995);
#994 = CARTESIAN_POINT('',(0.,208.));
#995 = VECTOR('',#996,1.);
#996 = DIRECTION('',(0.,-1.));
#997 = ( GEOMETRIC_REPRESENTATION_CONTEXT(2) 
PARAMETRIC_REPRESENTATION_CONTEXT() REPRESENTATION_CONTEXT('2D SPACE',''
  ) );
#998 = PCURVE('',#999,#1004);
#999 = CYLINDRICAL_SURFACE('',#1000,34.000000137738);
#1000 = AXIS2_PLACEMENT_3D('',#1001,#1002,#1003);
#1001 = CARTESIAN_POINT('',(-67.39999986226,-41.64999986226,22.));
#1002 = DIRECTION('',(0.,0.,1.));
#1003 = DIRECTION('',(-1.,-4.051126999135E-09,0.));
#1004 = DEFINITIONAL_REPRESENTATION('',(#1005),#1009);
#1005 = LINE('',#1006,#1007);
#1006 = CARTESIAN_POINT('',(1.570796318693,216.));
#1007 = VECTOR('',#1008,1.);
#1008 = DIRECTION('',(0.,-1.));
#1009 = ( GEOMETRIC_REPRESENTATION_CONTEXT(2) 
PARAMETRIC_REPRESENTATION_CONTEXT() REPRESENTATION_CONTEXT('2D SPACE',''
  ) );
#1010 = ADVANCED_FACE('',(#1011),#524,.T.);
#1011 = FACE_BOUND('',#1012,.T.);
#1012 = EDGE_LOOP('',(#1013,#1014,#1015,#1039));
#1013 = ORIENTED_EDGE('',*,*,#557,.T.);
#1014 = ORIENTED_EDGE('',*,*,#511,.T.);
#1015 = ORIENTED_EDGE('',*,*,#1016,.F.);
#1016 = EDGE_CURVE('',#1017,#484,#1019,.T.);
#1017 = VERTEX_POINT('',#1018);
#1018 = CARTESIAN_POINT('',(-101.4,-41.65,22.));
#1019 = SURFACE_CURVE('',#1020,(#1025,#1032),.PCURVE_S1.);
#1020 = CIRCLE('',#1021,34.000000137738);
#1021 = AXIS2_PLACEMENT_3D('',#1022,#1023,#1024);
#1022 = CARTESIAN_POINT('',(-67.39999986226,-41.64999986226,22.));
#1023 = DIRECTION('',(0.,0.,1.));
#1024 = DIRECTION('',(-1.,-4.051126999135E-09,0.));
#1025 = PCURVE('',#524,#1026);
#1026 = DEFINITIONAL_REPRESENTATION('',(#1027),#1031);
#1027 = LINE('',#1028,#1029);
#1028 = CARTESIAN_POINT('',(0.,1.));
#1029 = VECTOR('',#1030,1.);
#1030 = DIRECTION('',(1.,0.));
#1031 = ( GEOMETRIC_REPRESENTATION_CONTEXT(2) 
PARAMETRIC_REPRESENTATION_CONTEXT() REPRESENTATION_CONTEXT('2D SPACE',''
  ) );
#1032 = PCURVE('',#999,#1033);
#1033 = DEFINITIONAL_REPRESENTATION('',(#1034),#1038);
#1034 = LINE('',#1035,#1036);
#1035 = CARTESIAN_POINT('',(0.,0.));
#1036 = VECTOR('',#1037,1.);
#1037 = DIRECTION('',(1.,0.));
#1038 = ( GEOMETRIC_REPRESENTATION_CONTEXT(2) 
PARAMETRIC_REPRESENTATION_CONTEXT() REPRESENTATION_CONTEXT('2D SPACE',''
  ) );
#1039 = ORIENTED_EDGE('',*,*,#1040,.F.);
#1040 = EDGE_CURVE('',#558,#1017,#1041,.T.);
#1041 = SURFACE_CURVE('',#1042,(#1045,#1052),.PCURVE_S1.);
#1042 = B_SPLINE_CURVE_WITH_KNOTS('',1,(#1043,#1044),.UNSPECIFIED.,.F.,
  .F.,(2,2),(0.,1.),.PIECEWISE_BEZIER_KNOTS.);
#1043 = CARTESIAN_POINT('',(-97.,-40.,10.));
#1044 = CARTESIAN_POINT('',(-101.4,-41.65,22.));
#1045 = PCURVE('',#524,#1046);
#1046 = DEFINITIONAL_REPRESENTATION('',(#1047),#1051);
#1047 = LINE('',#1048,#1049);
#1048 = CARTESIAN_POINT('',(0.,0.));
#1049 = VECTOR('',#1050,1.);
#1050 = DIRECTION('',(0.,1.));
#1051 = ( GEOMETRIC_REPRESENTATION_CONTEXT(2) 
PARAMETRIC_REPRESENTATION_CONTEXT() REPRESENTATION_CONTEXT('2D SPACE',''
  ) );
#1052 = PCURVE('',#622,#1053);
#1053 = DEFINITIONAL_REPRESENTATION('',(#1054),#1058);
#1054 = LINE('',#1055,#1056);
#1055 = CARTESIAN_POINT('',(83.3,0.));
#1056 = VECTOR('',#1057,1.);
#1057 = DIRECTION('',(0.,1.));
#1058 = ( GEOMETRIC_REPRESENTATION_CONTEXT(2) 
PARAMETRIC_REPRESENTATION_CONTEXT() REPRESENTATION_CONTEXT('2D SPACE',''
  ) );
#1059 = ADVANCED_FACE('',(#1060),#622,.T.);
#1060 = FACE_BOUND('',#1061,.T.);
#1061 = EDGE_LOOP('',(#1062,#1063,#1064,#1092));
#1062 = ORIENTED_EDGE('',*,*,#606,.T.);
#1063 = ORIENTED_EDGE('',*,*,#1040,.T.);
#1064 = ORIENTED_EDGE('',*,*,#1065,.F.);
#1065 = EDGE_CURVE('',#1066,#1017,#1068,.T.);
#1066 = VERTEX_POINT('',#1067);
#1067 = CARTESIAN_POINT('',(-101.4,41.65,22.));
#1068 = SURFACE_CURVE('',#1069,(#1073,#1080),.PCURVE_S1.);
#1069 = LINE('',#1070,#1071);
#1070 = CARTESIAN_POINT('',(-101.4,41.65,22.));
#1071 = VECTOR('',#1072,1.);
#1072 = DIRECTION('',(0.,-1.,0.));
#1073 = PCURVE('',#622,#1074);
#1074 = DEFINITIONAL_REPRESENTATION('',(#1075),#1079);
#1075 = LINE('',#1076,#1077);
#1076 = CARTESIAN_POINT('',(0.,1.));
#1077 = VECTOR('',#1078,1.);
#1078 = DIRECTION('',(1.,0.));
#1079 = ( GEOMETRIC_REPRESENTATION_CONTEXT(2) 
PARAMETRIC_REPRESENTATION_CONTEXT() REPRESENTATION_CONTEXT('2D SPACE',''
  ) );
#1080 = PCURVE('',#1081,#1086);
#1081 = PLANE('',#1082);
#1082 = AXIS2_PLACEMENT_3D('',#1083,#1084,#1085);
#1083 = CARTESIAN_POINT('',(-101.4,41.65,30.));
#1084 = DIRECTION('',(-1.,0.,0.));
#1085 = DIRECTION('',(0.,-1.,0.));
#1086 = DEFINITIONAL_REPRESENTATION('',(#1087),#1091);
#1087 = LINE('',#1088,#1089);
#1088 = CARTESIAN_POINT('',(0.,-8.));
#1089 = VECTOR('',#1090,1.);
#1090 = DIRECTION('',(1.,0.));
#1091 = ( GEOMETRIC_REPRESENTATION_CONTEXT(2) 
PARAMETRIC_REPRESENTATION_CONTEXT() REPRESENTATION_CONTEXT('2D SPACE',''
  ) );
#1092 = ORIENTED_EDGE('',*,*,#1093,.F.);
#1093 = EDGE_CURVE('',#607,#1066,#1094,.T.);
#1094 = SURFACE_CURVE('',#1095,(#1098,#1105),.PCURVE_S1.);
#1095 = B_SPLINE_CURVE_WITH_KNOTS('',1,(#1096,#1097),.UNSPECIFIED.,.F.,
  .F.,(2,2),(0.,1.),.PIECEWISE_BEZIER_KNOTS.);
#1096 = CARTESIAN_POINT('',(-97.,40.,10.));
#1097 = CARTESIAN_POINT('',(-101.4,41.65,22.));
#1098 = PCURVE('',#622,#1099);
#1099 = DEFINITIONAL_REPRESENTATION('',(#1100),#1104);
#1100 = LINE('',#1101,#1102);
#1101 = CARTESIAN_POINT('',(0.,0.));
#1102 = VECTOR('',#1103,1.);
#1103 = DIRECTION('',(0.,1.));
#1104 = ( GEOMETRIC_REPRESENTATION_CONTEXT(2) 
PARAMETRIC_REPRESENTATION_CONTEXT() REPRESENTATION_CONTEXT('2D SPACE',''
  ) );
#1105 = PCURVE('',#727,#1106);
#1106 = DEFINITIONAL_REPRESENTATION('',(#1107),#1111);
#1107 = LINE('',#1108,#1109);
#1108 = CARTESIAN_POINT('',(1.570796318693,0.));
#1109 = VECTOR('',#1110,1.);
#1110 = DIRECTION('',(0.,1.));
#1111 = ( GEOMETRIC_REPRESENTATION_CONTEXT(2) 
PARAMETRIC_REPRESENTATION_CONTEXT() REPRESENTATION_CONTEXT('2D SPACE',''
  ) );
#1112 = ADVANCED_FACE('',(#1113),#693,.T.);
#1113 = FACE_BOUND('',#1114,.T.);
#1114 = EDGE_LOOP('',(#1115,#1116,#1138,#1164));
#1115 = ORIENTED_EDGE('',*,*,#679,.T.);
#1116 = ORIENTED_EDGE('',*,*,#1117,.T.);
#1117 = EDGE_CURVE('',#658,#1118,#1120,.T.);
#1118 = VERTEX_POINT('',#1119);
#1119 = CARTESIAN_POINT('',(101.4,41.65,22.));
#1120 = SURFACE_CURVE('',#1121,(#1124,#1131),.PCURVE_S1.);
#1121 = B_SPLINE_CURVE_WITH_KNOTS('',1,(#1122,#1123),.UNSPECIFIED.,.F.,
  .F.,(2,2),(0.,1.),.PIECEWISE_BEZIER_KNOTS.);
#1122 = CARTESIAN_POINT('',(97.,40.,10.));
#1123 = CARTESIAN_POINT('',(101.4,41.65,22.));
#1124 = PCURVE('',#693,#1125);
#1125 = DEFINITIONAL_REPRESENTATION('',(#1126),#1130);
#1126 = LINE('',#1127,#1128);
#1127 = CARTESIAN_POINT('',(83.3,0.));
#1128 = VECTOR('',#1129,1.);
#1129 = DIRECTION('',(0.,1.));
#1130 = ( GEOMETRIC_REPRESENTATION_CONTEXT(2) 
PARAMETRIC_REPRESENTATION_CONTEXT() REPRESENTATION_CONTEXT('2D SPACE',''
  ) );
#1131 = PCURVE('',#816,#1132);
#1132 = DEFINITIONAL_REPRESENTATION('',(#1133),#1137);
#1133 = LINE('',#1134,#1135);
#1134 = CARTESIAN_POINT('',(0.,0.));
#1135 = VECTOR('',#1136,1.);
#1136 = DIRECTION('',(0.,1.));
#1137 = ( GEOMETRIC_REPRESENTATION_CONTEXT(2) 
PARAMETRIC_REPRESENTATION_CONTEXT() REPRESENTATION_CONTEXT('2D SPACE',''
  ) );
#1138 = ORIENTED_EDGE('',*,*,#1139,.F.);
#1139 = EDGE_CURVE('',#881,#1118,#1140,.T.);
#1140 = SURFACE_CURVE('',#1141,(#1145,#1152),.PCURVE_S1.);
#1141 = LINE('',#1142,#1143);
#1142 = CARTESIAN_POINT('',(101.4,-41.65,22.));
#1143 = VECTOR('',#1144,1.);
#1144 = DIRECTION('',(0.,1.,0.));
#1145 = PCURVE('',#693,#1146);
#1146 = DEFINITIONAL_REPRESENTATION('',(#1147),#1151);
#1147 = LINE('',#1148,#1149);
#1148 = CARTESIAN_POINT('',(0.,1.));
#1149 = VECTOR('',#1150,1.);
#1150 = DIRECTION('',(1.,0.));
#1151 = ( GEOMETRIC_REPRESENTATION_CONTEXT(2) 
PARAMETRIC_REPRESENTATION_CONTEXT() REPRESENTATION_CONTEXT('2D SPACE',''
  ) );
#1152 = PCURVE('',#1153,#1158);
#1153 = PLANE('',#1154);
#1154 = AXIS2_PLACEMENT_3D('',#1155,#1156,#1157);
#1155 = CARTESIAN_POINT('',(101.4,-41.65,30.));
#1156 = DIRECTION('',(1.,0.,0.));
#1157 = DIRECTION('',(-0.,1.,0.));
#1158 = DEFINITIONAL_REPRESENTATION('',(#1159),#1163);
#1159 = LINE('',#1160,#1161);
#1160 = CARTESIAN_POINT('',(0.,-8.));
#1161 = VECTOR('',#1162,1.);
#1162 = DIRECTION('',(1.,0.));
#1163 = ( GEOMETRIC_REPRESENTATION_CONTEXT(2) 
PARAMETRIC_REPRESENTATION_CONTEXT() REPRESENTATION_CONTEXT('2D SPACE',''
  ) );
#1164 = ORIENTED_EDGE('',*,*,#880,.F.);
#1165 = ADVANCED_FACE('',(#1166),#727,.T.);
#1166 = FACE_BOUND('',#1167,.T.);
#1167 = EDGE_LOOP('',(#1168,#1169,#1170,#1199));
#1168 = ORIENTED_EDGE('',*,*,#710,.T.);
#1169 = ORIENTED_EDGE('',*,*,#1093,.T.);
#1170 = ORIENTED_EDGE('',*,*,#1171,.F.);
#1171 = EDGE_CURVE('',#1172,#1066,#1174,.T.);
#1172 = VERTEX_POINT('',#1173);
#1173 = CARTESIAN_POINT('',(-67.4,75.65,22.));
#1174 = SURFACE_CURVE('',#1175,(#1180,#1187),.PCURVE_S1.);
#1175 = CIRCLE('',#1176,34.000000137738);
#1176 = AXIS2_PLACEMENT_3D('',#1177,#1178,#1179);
#1177 = CARTESIAN_POINT('',(-67.39999986226,41.649999862262,22.));
#1178 = DIRECTION('',(0.,0.,1.));
#1179 = DIRECTION('',(-4.051126790152E-09,1.,0.));
#1180 = PCURVE('',#727,#1181);
#1181 = DEFINITIONAL_REPRESENTATION('',(#1182),#1186);
#1182 = LINE('',#1183,#1184);
#1183 = CARTESIAN_POINT('',(0.,1.));
#1184 = VECTOR('',#1185,1.);
#1185 = DIRECTION('',(1.,0.));
#1186 = ( GEOMETRIC_REPRESENTATION_CONTEXT(2) 
PARAMETRIC_REPRESENTATION_CONTEXT() REPRESENTATION_CONTEXT('2D SPACE',''
  ) );
#1187 = PCURVE('',#1188,#1193);
#1188 = CYLINDRICAL_SURFACE('',#1189,34.000000137738);
#1189 = AXIS2_PLACEMENT_3D('',#1190,#1191,#1192);
#1190 = CARTESIAN_POINT('',(-67.39999986226,41.649999862262,22.));
#1191 = DIRECTION('',(0.,0.,1.));
#1192 = DIRECTION('',(-4.051126790152E-09,1.,0.));
#1193 = DEFINITIONAL_REPRESENTATION('',(#1194),#1198);
#1194 = LINE('',#1195,#1196);
#1195 = CARTESIAN_POINT('',(0.,0.));
#1196 = VECTOR('',#1197,1.);
#1197 = DIRECTION('',(1.,0.));
#1198 = ( GEOMETRIC_REPRESENTATION_CONTEXT(2) 
PARAMETRIC_REPRESENTATION_CONTEXT() REPRESENTATION_CONTEXT('2D SPACE',''
  ) );
#1199 = ORIENTED_EDGE('',*,*,#1200,.F.);
#1200 = EDGE_CURVE('',#711,#1172,#1201,.T.);
#1201 = SURFACE_CURVE('',#1202,(#1205,#1212),.PCURVE_S1.);
#1202 = B_SPLINE_CURVE_WITH_KNOTS('',1,(#1203,#1204),.UNSPECIFIED.,.F.,
  .F.,(2,2),(0.,1.),.PIECEWISE_BEZIER_KNOTS.);
#1203 = CARTESIAN_POINT('',(-65.,72.,10.));
#1204 = CARTESIAN_POINT('',(-67.4,75.65,22.));
#1205 = PCURVE('',#727,#1206);
#1206 = DEFINITIONAL_REPRESENTATION('',(#1207),#1211);
#1207 = LINE('',#1208,#1209);
#1208 = CARTESIAN_POINT('',(0.,0.));
#1209 = VECTOR('',#1210,1.);
#1210 = DIRECTION('',(0.,1.));
#1211 = ( GEOMETRIC_REPRESENTATION_CONTEXT(2) 
PARAMETRIC_REPRESENTATION_CONTEXT() REPRESENTATION_CONTEXT('2D SPACE',''
  ) );
#1212 = PCURVE('',#864,#1213);
#1213 = DEFINITIONAL_REPRESENTATION('',(#1214),#1218);
#1214 = LINE('',#1215,#1216);
#1215 = CARTESIAN_POINT('',(134.8,0.));
#1216 = VECTOR('',#1217,1.);
#1217 = DIRECTION('',(0.,1.));
#1218 = ( GEOMETRIC_REPRESENTATION_CONTEXT(2) 
PARAMETRIC_REPRESENTATION_CONTEXT() REPRESENTATION_CONTEXT('2D SPACE',''
  ) );
#1219 = ADVANCED_FACE('',(#1220),#816,.T.);
#1220 = FACE_BOUND('',#1221,.T.);
#1221 = EDGE_LOOP('',(#1222,#1223,#1245,#1272));
#1222 = ORIENTED_EDGE('',*,*,#801,.T.);
#1223 = ORIENTED_EDGE('',*,*,#1224,.T.);
#1224 = EDGE_CURVE('',#780,#1225,#1227,.T.);
#1225 = VERTEX_POINT('',#1226);
#1226 = CARTESIAN_POINT('',(67.4,75.65,22.));
#1227 = SURFACE_CURVE('',#1228,(#1231,#1238),.PCURVE_S1.);
#1228 = B_SPLINE_CURVE_WITH_KNOTS('',1,(#1229,#1230),.UNSPECIFIED.,.F.,
  .F.,(2,2),(0.,1.),.PIECEWISE_BEZIER_KNOTS.);
#1229 = CARTESIAN_POINT('',(65.,72.,10.));
#1230 = CARTESIAN_POINT('',(67.4,75.65,22.));
#1231 = PCURVE('',#816,#1232);
#1232 = DEFINITIONAL_REPRESENTATION('',(#1233),#1237);
#1233 = LINE('',#1234,#1235);
#1234 = CARTESIAN_POINT('',(1.570796318693,0.));
#1235 = VECTOR('',#1236,1.);
#1236 = DIRECTION('',(0.,1.));
#1237 = ( GEOMETRIC_REPRESENTATION_CONTEXT(2) 
PARAMETRIC_REPRESENTATION_CONTEXT() REPRESENTATION_CONTEXT('2D SPACE',''
  ) );
#1238 = PCURVE('',#864,#1239);
#1239 = DEFINITIONAL_REPRESENTATION('',(#1240),#1244);
#1240 = LINE('',#1241,#1242);
#1241 = CARTESIAN_POINT('',(0.,0.));
#1242 = VECTOR('',#1243,1.);
#1243 = DIRECTION('',(0.,1.));
#1244 = ( GEOMETRIC_REPRESENTATION_CONTEXT(2) 
PARAMETRIC_REPRESENTATION_CONTEXT() REPRESENTATION_CONTEXT('2D SPACE',''
  ) );
#1245 = ORIENTED_EDGE('',*,*,#1246,.F.);
#1246 = EDGE_CURVE('',#1118,#1225,#1247,.T.);
#1247 = SURFACE_CURVE('',#1248,(#1253,#1260),.PCURVE_S1.);
#1248 = CIRCLE('',#1249,34.000000137738);
#1249 = AXIS2_PLACEMENT_3D('',#1250,#1251,#1252);
#1250 = CARTESIAN_POINT('',(67.399999862262,41.649999862262,22.));
#1251 = DIRECTION('',(0.,0.,1.));
#1252 = DIRECTION('',(1.,4.051126999135E-09,-0.));
#1253 = PCURVE('',#816,#1254);
#1254 = DEFINITIONAL_REPRESENTATION('',(#1255),#1259);
#1255 = LINE('',#1256,#1257);
#1256 = CARTESIAN_POINT('',(0.,1.));
#1257 = VECTOR('',#1258,1.);
#1258 = DIRECTION('',(1.,0.));
#1259 = ( GEOMETRIC_REPRESENTATION_CONTEXT(2) 
PARAMETRIC_REPRESENTATION_CONTEXT() REPRESENTATION_CONTEXT('2D SPACE',''
  ) );
#1260 = PCURVE('',#1261,#1266);
#1261 = CYLINDRICAL_SURFACE('',#1262,34.000000137738);
#1262 = AXIS2_PLACEMENT_3D('',#1263,#1264,#1265);
#1263 = CARTESIAN_POINT('',(67.399999862262,41.649999862262,22.));
#1264 = DIRECTION('',(0.,0.,1.));
#1265 = DIRECTION('',(1.,4.051126999135E-09,-0.));
#1266 = DEFINITIONAL_REPRESENTATION('',(#1267),#1271);
#1267 = LINE('',#1268,#1269);
#1268 = CARTESIAN_POINT('',(0.,0.));
#1269 = VECTOR('',#1270,1.);
#1270 = DIRECTION('',(1.,0.));
#1271 = ( GEOMETRIC_REPRESENTATION_CONTEXT(2) 
PARAMETRIC_REPRESENTATION_CONTEXT() REPRESENTATION_CONTEXT('2D SPACE',''
  ) );
#1272 = ORIENTED_EDGE('',*,*,#1117,.F.);
#1273 = ADVANCED_FACE('',(#1274),#864,.T.);
#1274 = FACE_BOUND('',#1275,.T.);
#1275 = EDGE_LOOP('',(#1276,#1277,#1278,#1304));
#1276 = ORIENTED_EDGE('',*,*,#850,.T.);
#1277 = ORIENTED_EDGE('',*,*,#1200,.T.);
#1278 = ORIENTED_EDGE('',*,*,#1279,.F.);
#1279 = EDGE_CURVE('',#1225,#1172,#1280,.T.);
#1280 = SURFACE_CURVE('',#1281,(#1285,#1292),.PCURVE_S1.);
#1281 = LINE('',#1282,#1283);
#1282 = CARTESIAN_POINT('',(67.4,75.65,22.));
#1283 = VECTOR('',#1284,1.);
#1284 = DIRECTION('',(-1.,0.,0.));
#1285 = PCURVE('',#864,#1286);
#1286 = DEFINITIONAL_REPRESENTATION('',(#1287),#1291);
#1287 = LINE('',#1288,#1289);
#1288 = CARTESIAN_POINT('',(0.,1.));
#1289 = VECTOR('',#1290,1.);
#1290 = DIRECTION('',(1.,0.));
#1291 = ( GEOMETRIC_REPRESENTATION_CONTEXT(2) 
PARAMETRIC_REPRESENTATION_CONTEXT() REPRESENTATION_CONTEXT('2D SPACE',''
  ) );
#1292 = PCURVE('',#1293,#1298);
#1293 = PLANE('',#1294);
#1294 = AXIS2_PLACEMENT_3D('',#1295,#1296,#1297);
#1295 = CARTESIAN_POINT('',(67.4,75.65,30.));
#1296 = DIRECTION('',(0.,1.,-0.));
#1297 = DIRECTION('',(-1.,0.,0.));
#1298 = DEFINITIONAL_REPRESENTATION('',(#1299),#1303);
#1299 = LINE('',#1300,#1301);
#1300 = CARTESIAN_POINT('',(0.,-8.));
#1301 = VECTOR('',#1302,1.);
#1302 = DIRECTION('',(1.,0.));
#1303 = ( GEOMETRIC_REPRESENTATION_CONTEXT(2) 
PARAMETRIC_REPRESENTATION_CONTEXT() REPRESENTATION_CONTEXT('2D SPACE',''
  ) );
#1304 = ORIENTED_EDGE('',*,*,#1224,.F.);
#1305 = ADVANCED_FACE('',(#1306),#917,.T.);
#1306 = FACE_BOUND('',#1307,.T.);
#1307 = EDGE_LOOP('',(#1308,#1309,#1332,#1375));
#1308 = ORIENTED_EDGE('',*,*,#902,.T.);
#1309 = ORIENTED_EDGE('',*,*,#1310,.T.);
#1310 = EDGE_CURVE('',#881,#1311,#1313,.T.);
#1311 = VERTEX_POINT('',#1312);
#1312 = CARTESIAN_POINT('',(101.4,-41.65,238.));
#1313 = SURFACE_CURVE('',#1314,(#1318,#1325),.PCURVE_S1.);
#1314 = LINE('',#1315,#1316);
#1315 = CARTESIAN_POINT('',(101.4,-41.65,22.));
#1316 = VECTOR('',#1317,1.);
#1317 = DIRECTION('',(0.,0.,1.));
#1318 = PCURVE('',#917,#1319);
#1319 = DEFINITIONAL_REPRESENTATION('',(#1320),#1324);
#1320 = LINE('',#1321,#1322);
#1321 = CARTESIAN_POINT('',(1.570796318693,0.));
#1322 = VECTOR('',#1323,1.);
#1323 = DIRECTION('',(0.,1.));
#1324 = ( GEOMETRIC_REPRESENTATION_CONTEXT(2) 
PARAMETRIC_REPRESENTATION_CONTEXT() REPRESENTATION_CONTEXT('2D SPACE',''
  ) );
#1325 = PCURVE('',#1153,#1326);
#1326 = DEFINITIONAL_REPRESENTATION('',(#1327),#1331);
#1327 = LINE('',#1328,#1329);
#1328 = CARTESIAN_POINT('',(0.,-8.));
#1329 = VECTOR('',#1330,1.);
#1330 = DIRECTION('',(0.,1.));
#1331 = ( GEOMETRIC_REPRESENTATION_CONTEXT(2) 
PARAMETRIC_REPRESENTATION_CONTEXT() REPRESENTATION_CONTEXT('2D SPACE',''
  ) );
#1332 = ORIENTED_EDGE('',*,*,#1333,.F.);
#1333 = EDGE_CURVE('',#935,#1311,#1334,.T.);
#1334 = SURFACE_CURVE('',#1335,(#1340,#1347),.PCURVE_S1.);
#1335 = CIRCLE('',#1336,34.000000137738);
#1336 = AXIS2_PLACEMENT_3D('',#1337,#1338,#1339);
#1337 = CARTESIAN_POINT('',(67.399999862262,-41.64999986226,238.));
#1338 = DIRECTION('',(0.,0.,1.));
#1339 = DIRECTION('',(4.051126790152E-09,-1.,0.));
#1340 = PCURVE('',#917,#1341);
#1341 = DEFINITIONAL_REPRESENTATION('',(#1342),#1346);
#1342 = LINE('',#1343,#1344);
#1343 = CARTESIAN_POINT('',(0.,216.));
#1344 = VECTOR('',#1345,1.);
#1345 = DIRECTION('',(1.,0.));
#1346 = ( GEOMETRIC_REPRESENTATION_CONTEXT(2) 
PARAMETRIC_REPRESENTATION_CONTEXT() REPRESENTATION_CONTEXT('2D SPACE',''
  ) );
#1347 = PCURVE('',#1348,#1369);
#1348 = B_SPLINE_SURFACE_WITH_KNOTS('',9,1,(
    (#1349,#1350)
    ,(#1351,#1352)
    ,(#1353,#1354)
    ,(#1355,#1356)
    ,(#1357,#1358)
    ,(#1359,#1360)
    ,(#1361,#1362)
    ,(#1363,#1364)
    ,(#1365,#1366)
    ,(#1367,#1368
    )),.UNSPECIFIED.,.F.,.F.,.F.,(10,10),(2,2),(0.,1.570796318693),(0.,
    1.),.PIECEWISE_BEZIER_KNOTS.);
#1349 = CARTESIAN_POINT('',(67.4,-75.65,238.));
#1350 = CARTESIAN_POINT('',(64.,-74.,258.));
#1351 = CARTESIAN_POINT('',(73.334119450212,-75.64999997596,238.));
#1352 = CARTESIAN_POINT('',(70.283185300224,-73.99999997454,
    257.99999999999));
#1353 = CARTESIAN_POINT('',(79.268238980743,-74.48483842273,
    237.99999999999));
#1354 = CARTESIAN_POINT('',(76.566370685495,-72.76629950642,258.));
#1355 = CARTESIAN_POINT('',(84.940896216583,-72.1545145262,238.));
#1356 = CARTESIAN_POINT('',(82.572713641084,-70.29889773362,
    257.99999999998));
#1357 = CARTESIAN_POINT('',(90.090632483593,-68.7274822907,
    237.99999999999));
#1358 = CARTESIAN_POINT('',(88.025375570867,-66.67027536663,
    258.00000000002));
#1359 = CARTESIAN_POINT('',(94.477482290691,-64.34063248358,238.));
#1360 = CARTESIAN_POINT('',(92.670275366612,-62.02537557084,
    257.99999999998));
#1361 = CARTESIAN_POINT('',(97.904514526213,-59.19089621659,
    237.99999999999));
#1362 = CARTESIAN_POINT('',(96.298897733637,-56.57271364109,258.));
#1363 = CARTESIAN_POINT('',(100.23483842272,-53.51823898073,238.));
#1364 = CARTESIAN_POINT('',(98.766299506419,-50.56637068548,
    257.99999999999));
#1365 = CARTESIAN_POINT('',(101.39999997596,-47.58411945021,238.));
#1366 = CARTESIAN_POINT('',(99.999999974547,-44.28318530022,258.));
#1367 = CARTESIAN_POINT('',(101.4,-41.65,238.));
#1368 = CARTESIAN_POINT('',(100.,-38.,258.));
#1369 = DEFINITIONAL_REPRESENTATION('',(#1370),#1374);
#1370 = LINE('',#1371,#1372);
#1371 = CARTESIAN_POINT('',(0.,0.));
#1372 = VECTOR('',#1373,1.);
#1373 = DIRECTION('',(1.,0.));
#1374 = ( GEOMETRIC_REPRESENTATION_CONTEXT(2) 
PARAMETRIC_REPRESENTATION_CONTEXT() REPRESENTATION_CONTEXT('2D SPACE',''
  ) );
#1375 = ORIENTED_EDGE('',*,*,#934,.F.);
#1376 = ADVANCED_FACE('',(#1377),#973,.T.);
#1377 = FACE_BOUND('',#1378,.T.);
#1378 = EDGE_LOOP('',(#1379,#1422,#1423,#1445,#1472,#1506,#1621,#1646,
    #1776,#1810));
#1379 = ORIENTED_EDGE('',*,*,#1380,.F.);
#1380 = EDGE_CURVE('',#958,#1381,#1383,.T.);
#1381 = VERTEX_POINT('',#1382);
#1382 = CARTESIAN_POINT('',(-64.,-74.,258.));
#1383 = SURFACE_CURVE('',#1384,(#1387,#1394),.PCURVE_S1.);
#1384 = B_SPLINE_CURVE_WITH_KNOTS('',1,(#1385,#1386),.UNSPECIFIED.,.F.,
  .F.,(2,2),(0.,1.),.PIECEWISE_BEZIER_KNOTS.);
#1385 = CARTESIAN_POINT('',(-67.4,-75.65,238.));
#1386 = CARTESIAN_POINT('',(-64.,-74.,258.));
#1387 = PCURVE('',#973,#1388);
#1388 = DEFINITIONAL_REPRESENTATION('',(#1389),#1393);
#1389 = LINE('',#1390,#1391);
#1390 = CARTESIAN_POINT('',(0.,0.));
#1391 = VECTOR('',#1392,1.);
#1392 = DIRECTION('',(0.,1.));
#1393 = ( GEOMETRIC_REPRESENTATION_CONTEXT(2) 
PARAMETRIC_REPRESENTATION_CONTEXT() REPRESENTATION_CONTEXT('2D SPACE',''
  ) );
#1394 = PCURVE('',#1395,#1416);
#1395 = B_SPLINE_SURFACE_WITH_KNOTS('',9,1,(
    (#1396,#1397)
    ,(#1398,#1399)
    ,(#1400,#1401)
    ,(#1402,#1403)
    ,(#1404,#1405)
    ,(#1406,#1407)
    ,(#1408,#1409)
    ,(#1410,#1411)
    ,(#1412,#1413)
    ,(#1414,#1415
    )),.UNSPECIFIED.,.F.,.F.,.F.,(10,10),(2,2),(0.,1.570796318693),(0.,
    1.),.PIECEWISE_BEZIER_KNOTS.);
#1396 = CARTESIAN_POINT('',(-101.4,-41.65,238.));
#1397 = CARTESIAN_POINT('',(-100.,-38.,258.));
#1398 = CARTESIAN_POINT('',(-101.3999999759,-47.58411945021,238.));
#1399 = CARTESIAN_POINT('',(-99.99999997454,-44.28318530022,
    257.99999999999));
#1400 = CARTESIAN_POINT('',(-100.2348384227,-53.51823898074,
    237.99999999999));
#1401 = CARTESIAN_POINT('',(-98.76629950642,-50.56637068549,258.));
#1402 = CARTESIAN_POINT('',(-97.9045145262,-59.19089621658,238.));
#1403 = CARTESIAN_POINT('',(-96.29889773362,-56.57271364109,
    257.99999999998));
#1404 = CARTESIAN_POINT('',(-94.4774822907,-64.34063248358,
    237.99999999999));
#1405 = CARTESIAN_POINT('',(-92.67027536662,-62.02537557085,
    258.00000000002));
#1406 = CARTESIAN_POINT('',(-90.09063248358,-68.72748229069,238.));
#1407 = CARTESIAN_POINT('',(-88.02537557085,-66.67027536662,
    257.99999999998));
#1408 = CARTESIAN_POINT('',(-84.94089621658,-72.1545145262,
    237.99999999999));
#1409 = CARTESIAN_POINT('',(-82.57271364109,-70.29889773363,258.));
#1410 = CARTESIAN_POINT('',(-79.26823898074,-74.48483842273,238.));
#1411 = CARTESIAN_POINT('',(-76.56637068549,-72.76629950642,
    257.99999999999));
#1412 = CARTESIAN_POINT('',(-73.33411945021,-75.64999997596,238.));
#1413 = CARTESIAN_POINT('',(-70.28318530022,-73.99999997454,258.));
#1414 = CARTESIAN_POINT('',(-67.4,-75.65,238.));
#1415 = CARTESIAN_POINT('',(-64.,-74.,258.));
#1416 = DEFINITIONAL_REPRESENTATION('',(#1417),#1421);
#1417 = LINE('',#1418,#1419);
#1418 = CARTESIAN_POINT('',(1.570796318693,0.));
#1419 = VECTOR('',#1420,1.);
#1420 = DIRECTION('',(0.,1.));
#1421 = ( GEOMETRIC_REPRESENTATION_CONTEXT(2) 
PARAMETRIC_REPRESENTATION_CONTEXT() REPRESENTATION_CONTEXT('2D SPACE',''
  ) );
#1422 = ORIENTED_EDGE('',*,*,#957,.T.);
#1423 = ORIENTED_EDGE('',*,*,#1424,.T.);
#1424 = EDGE_CURVE('',#935,#1425,#1427,.T.);
#1425 = VERTEX_POINT('',#1426);
#1426 = CARTESIAN_POINT('',(64.,-74.,258.));
#1427 = SURFACE_CURVE('',#1428,(#1431,#1438),.PCURVE_S1.);
#1428 = B_SPLINE_CURVE_WITH_KNOTS('',1,(#1429,#1430),.UNSPECIFIED.,.F.,
  .F.,(2,2),(0.,1.),.PIECEWISE_BEZIER_KNOTS.);
#1429 = CARTESIAN_POINT('',(67.4,-75.65,238.));
#1430 = CARTESIAN_POINT('',(64.,-74.,258.));
#1431 = PCURVE('',#973,#1432);
#1432 = DEFINITIONAL_REPRESENTATION('',(#1433),#1437);
#1433 = LINE('',#1434,#1435);
#1434 = CARTESIAN_POINT('',(134.8,0.));
#1435 = VECTOR('',#1436,1.);
#1436 = DIRECTION('',(0.,1.));
#1437 = ( GEOMETRIC_REPRESENTATION_CONTEXT(2) 
PARAMETRIC_REPRESENTATION_CONTEXT() REPRESENTATION_CONTEXT('2D SPACE',''
  ) );
#1438 = PCURVE('',#1348,#1439);
#1439 = DEFINITIONAL_REPRESENTATION('',(#1440),#1444);
#1440 = LINE('',#1441,#1442);
#1441 = CARTESIAN_POINT('',(0.,0.));
#1442 = VECTOR('',#1443,1.);
#1443 = DIRECTION('',(0.,1.));
#1444 = ( GEOMETRIC_REPRESENTATION_CONTEXT(2) 
PARAMETRIC_REPRESENTATION_CONTEXT() REPRESENTATION_CONTEXT('2D SPACE',''
  ) );
#1445 = ORIENTED_EDGE('',*,*,#1446,.F.);
#1446 = EDGE_CURVE('',#1447,#1425,#1449,.T.);
#1447 = VERTEX_POINT('',#1448);
#1448 = CARTESIAN_POINT('',(38.,-74.,258.));
#1449 = SURFACE_CURVE('',#1450,(#1454,#1460),.PCURVE_S1.);
#1450 = LINE('',#1451,#1452);
#1451 = CARTESIAN_POINT('',(-64.,-74.,258.));
#1452 = VECTOR('',#1453,1.);
#1453 = DIRECTION('',(1.,0.,0.));
#1454 = PCURVE('',#973,#1455);
#1455 = DEFINITIONAL_REPRESENTATION('',(#1456),#1459);
#1456 = B_SPLINE_CURVE_WITH_KNOTS('',1,(#1457,#1458),.UNSPECIFIED.,.F.,
  .F.,(2,2),(0.,128.),.PIECEWISE_BEZIER_KNOTS.);
#1457 = CARTESIAN_POINT('',(0.,1.));
#1458 = CARTESIAN_POINT('',(134.8,1.));
#1459 = ( GEOMETRIC_REPRESENTATION_CONTEXT(2) 
PARAMETRIC_REPRESENTATION_CONTEXT() REPRESENTATION_CONTEXT('2D SPACE',''
  ) );
#1460 = PCURVE('',#1461,#1466);
#1461 = B_SPLINE_SURFACE_WITH_KNOTS('',1,1,(
    (#1462,#1463)
    ,(#1464,#1465
    )),.UNSPECIFIED.,.F.,.F.,.F.,(2,2),(2,2),(0.,128.),(0.,1.),
  .PIECEWISE_BEZIER_KNOTS.);
#1462 = CARTESIAN_POINT('',(-64.,-74.,258.));
#1463 = CARTESIAN_POINT('',(-54.,-70.,276.));
#1464 = CARTESIAN_POINT('',(64.,-74.,258.));
#1465 = CARTESIAN_POINT('',(54.,-70.,276.));
#1466 = DEFINITIONAL_REPRESENTATION('',(#1467),#1471);
#1467 = LINE('',#1468,#1469);
#1468 = CARTESIAN_POINT('',(0.,0.));
#1469 = VECTOR('',#1470,1.);
#1470 = DIRECTION('',(1.,0.));
#1471 = ( GEOMETRIC_REPRESENTATION_CONTEXT(2) 
PARAMETRIC_REPRESENTATION_CONTEXT() REPRESENTATION_CONTEXT('2D SPACE',''
  ) );
#1472 = ORIENTED_EDGE('',*,*,#1473,.F.);
#1473 = EDGE_CURVE('',#1474,#1447,#1476,.T.);
#1474 = VERTEX_POINT('',#1475);
#1475 = CARTESIAN_POINT('',(38.,-74.3465,253.8));
#1476 = SURFACE_CURVE('',#1477,(#1483,#1492),.PCURVE_S1.);
#1477 = B_SPLINE_CURVE_WITH_KNOTS('',4,(#1478,#1479,#1480,#1481,#1482),
  .UNSPECIFIED.,.F.,.F.,(5,5),(0.,1.),.PIECEWISE_BEZIER_KNOTS.);
#1478 = CARTESIAN_POINT('',(38.,-74.3465,253.8));
#1479 = CARTESIAN_POINT('',(38.,-74.25986468435,254.8501250381));
#1480 = CARTESIAN_POINT('',(38.,-74.17323612169,255.9001682219));
#1481 = CARTESIAN_POINT('',(38.,-74.08661449519,256.95012733095));
#1482 = CARTESIAN_POINT('',(38.,-74.,258.));
#1483 = PCURVE('',#973,#1484);
#1484 = DEFINITIONAL_REPRESENTATION('',(#1485),#1491);
#1485 = B_SPLINE_CURVE_WITH_KNOTS('',4,(#1486,#1487,#1488,#1489,#1490),
  .UNSPECIFIED.,.F.,.F.,(5,5),(0.,1.),.PIECEWISE_BEZIER_KNOTS.);
#1486 = CARTESIAN_POINT('',(106.97721667988,0.79));
#1487 = CARTESIAN_POINT('',(107.08639513354,0.842506251905));
#1488 = CARTESIAN_POINT('',(107.19636822104,0.895008411095));
#1489 = CARTESIAN_POINT('',(107.30714874033,0.947506366548));
#1490 = CARTESIAN_POINT('',(107.41875,1.));
#1491 = ( GEOMETRIC_REPRESENTATION_CONTEXT(2) 
PARAMETRIC_REPRESENTATION_CONTEXT() REPRESENTATION_CONTEXT('2D SPACE',''
  ) );
#1492 = PCURVE('',#1493,#1498);
#1493 = PLANE('',#1494);
#1494 = AXIS2_PLACEMENT_3D('',#1495,#1496,#1497);
#1495 = CARTESIAN_POINT('',(38.,-75.65,253.8));
#1496 = DIRECTION('',(-1.,-0.,-0.));
#1497 = DIRECTION('',(0.,0.,-1.));
#1498 = DEFINITIONAL_REPRESENTATION('',(#1499),#1505);
#1499 = B_SPLINE_CURVE_WITH_KNOTS('',4,(#1500,#1501,#1502,#1503,#1504),
  .UNSPECIFIED.,.F.,.F.,(5,5),(0.,1.),.PIECEWISE_BEZIER_KNOTS.);
#1500 = CARTESIAN_POINT('',(1.06581410364E-14,-1.3035));
#1501 = CARTESIAN_POINT('',(-1.050125038103,-1.390135315644));
#1502 = CARTESIAN_POINT('',(-2.1001682219,-1.476763878307));
#1503 = CARTESIAN_POINT('',(-3.150127330954,-1.563385504804));
#1504 = CARTESIAN_POINT('',(-4.2,-1.65));
#1505 = ( GEOMETRIC_REPRESENTATION_CONTEXT(2) 
PARAMETRIC_REPRESENTATION_CONTEXT() REPRESENTATION_CONTEXT('2D SPACE',''
  ) );
#1506 = ORIENTED_EDGE('',*,*,#1507,.T.);
#1507 = EDGE_CURVE('',#1474,#1508,#1510,.T.);
#1508 = VERTEX_POINT('',#1509);
#1509 = CARTESIAN_POINT('',(31.7,-74.86625,247.5));
#1510 = SURFACE_CURVE('',#1511,(#1544,#1580),.PCURVE_S1.);
#1511 = B_SPLINE_CURVE_WITH_KNOTS('',7,(#1512,#1513,#1514,#1515,#1516,
    #1517,#1518,#1519,#1520,#1521,#1522,#1523,#1524,#1525,#1526,#1527,
    #1528,#1529,#1530,#1531,#1532,#1533,#1534,#1535,#1536,#1537,#1538,
    #1539,#1540,#1541,#1542,#1543),.UNSPECIFIED.,.F.,.F.,(8,6,6,6,6,8),(
    0.,0.14048444408,0.259389126408,0.420311747776,0.711116267822,1.),
  .UNSPECIFIED.);
#1512 = CARTESIAN_POINT('',(38.,-74.3465,253.8));
#1513 = CARTESIAN_POINT('',(38.,-74.36675868805,253.5544401448));
#1514 = CARTESIAN_POINT('',(37.98883324106,-74.38692436139,
    253.31000774071));
#1515 = CARTESIAN_POINT('',(37.966685182425,-74.40689426752,
    253.06794827245));
#1516 = CARTESIAN_POINT('',(37.933952093507,-74.42658242414,
    252.82930394982));
#1517 = CARTESIAN_POINT('',(37.891160485034,-74.44591745577,
    252.59493993002));
#1518 = CARTESIAN_POINT('',(37.838910321514,-74.46484100298,
    252.36556360023));
#1519 = CARTESIAN_POINT('',(37.726154387732,-74.49893589583,
    251.95229217165));
#1520 = CARTESIAN_POINT('',(37.668143143033,-74.51423892302,
    251.76680093307));
#1521 = CARTESIAN_POINT('',(37.604183445541,-74.52919097499,
    251.58556393946));
#1522 = CARTESIAN_POINT('',(37.534656345496,-74.54377362638,
    251.40880452862));
#1523 = CARTESIAN_POINT('',(37.459936326968,-74.55797401443,
    251.23667861288));
#1524 = CARTESIAN_POINT('',(37.380378856057,-74.57178401634,
    251.06928465035));
#1525 = CARTESIAN_POINT('',(37.18252844052,-74.60335550723,
    250.68659991229));
#1526 = CARTESIAN_POINT('',(37.060496751023,-74.62078660896,
    250.47531383075));
#1527 = CARTESIAN_POINT('',(36.931009091552,-74.63748477283,
    250.27291184443));
#1528 = CARTESIAN_POINT('',(36.794797449617,-74.65344862717,
    250.0794105797));
#1529 = CARTESIAN_POINT('',(36.652519590704,-74.66868227547,
    249.89476029729));
#1530 = CARTESIAN_POINT('',(36.504749079676,-74.68319418423,
    249.71885837295));
#1531 = CARTESIAN_POINT('',(36.075868550164,-74.72193756729,
    249.24924160849));
#1532 = CARTESIAN_POINT('',(35.783547760533,-74.74454704972,
    248.9751872761));
#1533 = CARTESIAN_POINT('',(35.477780060419,-74.76490499884,
    248.72842425639));
#1534 = CARTESIAN_POINT('',(35.160861899238,-74.78307092704,
    248.50823118728));
#1535 = CARTESIAN_POINT('',(34.834721375172,-74.79910399795,
    248.31389093388));
#1536 = CARTESIAN_POINT('',(34.500888138044,-74.81305749676,
    248.144757615));
#1537 = CARTESIAN_POINT('',(33.822302683793,-74.83680806892,
    247.8568718918));
#1538 = CARTESIAN_POINT('',(33.477807773987,-74.84662601332,
    247.73786650515));
#1539 = CARTESIAN_POINT('',(33.128197264095,-74.85446527294,
    247.64284517643));
#1540 = CARTESIAN_POINT('',(32.774593666116,-74.86034562316,
    247.57156820401));
#1541 = CARTESIAN_POINT('',(32.418048748807,-74.86427496126,
    247.52393986341));
#1542 = CARTESIAN_POINT('',(32.059547716743,-74.86625,247.5));
#1543 = CARTESIAN_POINT('',(31.7,-74.86625,247.5));
#1544 = PCURVE('',#973,#1545);
#1545 = DEFINITIONAL_REPRESENTATION('',(#1546),#1579);
#1546 = B_SPLINE_CURVE_WITH_KNOTS('',7,(#1547,#1548,#1549,#1550,#1551,
    #1552,#1553,#1554,#1555,#1556,#1557,#1558,#1559,#1560,#1561,#1562,
    #1563,#1564,#1565,#1566,#1567,#1568,#1569,#1570,#1571,#1572,#1573,
    #1574,#1575,#1576,#1577,#1578),.UNSPECIFIED.,.F.,.F.,(8,6,6,6,6,8),(
    0.,0.14048444408,0.259389126408,0.420311747776,0.711116267822,1.),
  .UNSPECIFIED.);
#1547 = CARTESIAN_POINT('',(106.97721667645,0.79));
#1548 = CARTESIAN_POINT('',(106.95168653071,0.77772200724));
#1549 = CARTESIAN_POINT('',(106.91468178122,0.765500387036));
#1550 = CARTESIAN_POINT('',(106.86655587568,0.753397413623));
#1551 = CARTESIAN_POINT('',(106.80785797642,0.741465197491));
#1552 = CARTESIAN_POINT('',(106.73924944342,0.729746996501));
#1553 = CARTESIAN_POINT('',(106.66144582911,0.718278180012));
#1554 = CARTESIAN_POINT('',(106.50217352831,0.697614608583));
#1555 = CARTESIAN_POINT('',(106.42309464942,0.688340046653));
#1556 = CARTESIAN_POINT('',(106.33837711078,0.679278196973));
#1557 = CARTESIAN_POINT('',(106.24844565012,0.670440226431));
#1558 = CARTESIAN_POINT('',(106.15370887731,0.661833930644));
#1559 = CARTESIAN_POINT('',(106.05454777121,0.653464232517));
#1560 = CARTESIAN_POINT('',(105.81157687948,0.634329995615));
#1561 = CARTESIAN_POINT('',(105.66439000315,0.623765691538));
#1562 = CARTESIAN_POINT('',(105.51058075498,0.613645592222));
#1563 = CARTESIAN_POINT('',(105.35090623783,0.603970528985));
#1564 = CARTESIAN_POINT('',(105.18603586607,0.594738014865));
#1565 = CARTESIAN_POINT('',(105.01654378149,0.585942918648));
#1566 = CARTESIAN_POINT('',(104.52911053565,0.562462080425));
#1567 = CARTESIAN_POINT('',(104.20193358871,0.548759363805));
#1568 = CARTESIAN_POINT('',(103.86408337609,0.53642121282));
#1569 = CARTESIAN_POINT('',(103.51778075202,0.525411559364));
#1570 = CARTESIAN_POINT('',(103.16485599704,0.515694546694));
#1571 = CARTESIAN_POINT('',(102.80673184183,0.50723788075));
#1572 = CARTESIAN_POINT('',(102.08448230423,0.49284359459));
#1573 = CARTESIAN_POINT('',(101.72059377596,0.486893325258));
#1574 = CARTESIAN_POINT('',(101.35385442444,0.482142258822));
#1575 = CARTESIAN_POINT('',(100.98530145984,0.478578410201));
#1576 = CARTESIAN_POINT('',(100.61591040344,0.476196993171));
#1577 = CARTESIAN_POINT('',(100.24659901358,0.475));
#1578 = CARTESIAN_POINT('',(99.878224519267,0.475));
#1579 = ( GEOMETRIC_REPRESENTATION_CONTEXT(2) 
PARAMETRIC_REPRESENTATION_CONTEXT() REPRESENTATION_CONTEXT('2D SPACE',''
  ) );
#1580 = PCURVE('',#1581,#1586);
#1581 = CYLINDRICAL_SURFACE('',#1582,6.3);
#1582 = AXIS2_PLACEMENT_3D('',#1583,#1584,#1585);
#1583 = CARTESIAN_POINT('',(31.7,-75.65,253.8));
#1584 = DIRECTION('',(-0.,-1.,-0.));
#1585 = DIRECTION('',(1.,-0.,-0.));
#1586 = DEFINITIONAL_REPRESENTATION('',(#1587),#1620);
#1587 = B_SPLINE_CURVE_WITH_KNOTS('',7,(#1588,#1589,#1590,#1591,#1592,
    #1593,#1594,#1595,#1596,#1597,#1598,#1599,#1600,#1601,#1602,#1603,
    #1604,#1605,#1606,#1607,#1608,#1609,#1610,#1611,#1612,#1613,#1614,
    #1615,#1616,#1617,#1618,#1619),.UNSPECIFIED.,.F.,.F.,(8,6,6,6,6,8),(
    0.,0.14048444408,0.259389126408,0.420311747776,0.711116267822,1.),
  .UNSPECIFIED.);
#1588 = CARTESIAN_POINT('',(6.28318530718,-1.3035));
#1589 = CARTESIAN_POINT('',(6.244207552386,-1.283241311946));
#1590 = CARTESIAN_POINT('',(6.2054087764,-1.263075638609));
#1591 = CARTESIAN_POINT('',(6.166889849037,-1.243105732477));
#1592 = CARTESIAN_POINT('',(6.128723737437,-1.22341757586));
#1593 = CARTESIAN_POINT('',(6.090965411633,-1.204082544227));
#1594 = CARTESIAN_POINT('',(6.053657355972,-1.185158997019));
#1595 = CARTESIAN_POINT('',(5.985660947451,-1.151064104161));
#1596 = CARTESIAN_POINT('',(5.954832465185,-1.135761076978));
#1597 = CARTESIAN_POINT('',(5.924357315787,-1.120809025006));
#1598 = CARTESIAN_POINT('',(5.894241281653,-1.106226373612));
#1599 = CARTESIAN_POINT('',(5.86448452406,-1.092025985563));
#1600 = CARTESIAN_POINT('',(5.835082255841,-1.078215983654));
#1601 = CARTESIAN_POINT('',(5.766700611567,-1.046644492764));
#1602 = CARTESIAN_POINT('',(5.72801332509,-1.029213391037));
#1603 = CARTESIAN_POINT('',(5.689935770959,-1.012515227166));
#1604 = CARTESIAN_POINT('',(5.652438927912,-0.996551372826));
#1605 = CARTESIAN_POINT('',(5.615491128119,-0.981317724527));
#1606 = CARTESIAN_POINT('',(5.579056648207,-0.966805815768));
#1607 = CARTESIAN_POINT('',(5.478106461791,-0.928062432701));
#1608 = CARTESIAN_POINT('',(5.414695055018,-0.905452950279));
#1609 = CARTESIAN_POINT('',(5.352594900771,-0.885095001152));
#1610 = CARTESIAN_POINT('',(5.29161600305,-0.866929072951));
#1611 = CARTESIAN_POINT('',(5.231580973574,-0.850896002046));
#1612 = CARTESIAN_POINT('',(5.172315008843,-0.836942503238));
#1613 = CARTESIAN_POINT('',(5.055310702218,-0.813191931074));
#1614 = CARTESIAN_POINT('',(4.997594209814,-0.803373986676));
#1615 = CARTESIAN_POINT('',(4.940293742898,-0.795534727056));
#1616 = CARTESIAN_POINT('',(4.88326269936,-0.789654376831));
#1617 = CARTESIAN_POINT('',(4.826365110556,-0.785725038732));
#1618 = CARTESIAN_POINT('',(4.769460046534,-0.78375));
#1619 = CARTESIAN_POINT('',(4.712388980385,-0.78375));
#1620 = ( GEOMETRIC_REPRESENTATION_CONTEXT(2) 
PARAMETRIC_REPRESENTATION_CONTEXT() REPRESENTATION_CONTEXT('2D SPACE',''
  ) );
#1621 = ORIENTED_EDGE('',*,*,#1622,.T.);
#1622 = EDGE_CURVE('',#1508,#1623,#1625,.T.);
#1623 = VERTEX_POINT('',#1624);
#1624 = CARTESIAN_POINT('',(-31.7,-74.86625,247.5));
#1625 = SURFACE_CURVE('',#1626,(#1629,#1635),.PCURVE_S1.);
#1626 = B_SPLINE_CURVE_WITH_KNOTS('',1,(#1627,#1628),.UNSPECIFIED.,.F.,
  .F.,(2,2),(0.,1.),.PIECEWISE_BEZIER_KNOTS.);
#1627 = CARTESIAN_POINT('',(31.7,-74.86625,247.5));
#1628 = CARTESIAN_POINT('',(-31.7,-74.86625,247.5));
#1629 = PCURVE('',#973,#1630);
#1630 = DEFINITIONAL_REPRESENTATION('',(#1631),#1634);
#1631 = B_SPLINE_CURVE_WITH_KNOTS('',1,(#1632,#1633),.UNSPECIFIED.,.F.,
  .F.,(2,2),(0.,1.),.PIECEWISE_BEZIER_KNOTS.);
#1632 = CARTESIAN_POINT('',(99.878224519267,0.475));
#1633 = CARTESIAN_POINT('',(34.921775480733,0.475));
#1634 = ( GEOMETRIC_REPRESENTATION_CONTEXT(2) 
PARAMETRIC_REPRESENTATION_CONTEXT() REPRESENTATION_CONTEXT('2D SPACE',''
  ) );
#1635 = PCURVE('',#1636,#1641);
#1636 = PLANE('',#1637);
#1637 = AXIS2_PLACEMENT_3D('',#1638,#1639,#1640);
#1638 = CARTESIAN_POINT('',(-31.7,-75.65,247.5));
#1639 = DIRECTION('',(-0.,-0.,1.));
#1640 = DIRECTION('',(-1.,0.,0.));
#1641 = DEFINITIONAL_REPRESENTATION('',(#1642),#1645);
#1642 = B_SPLINE_CURVE_WITH_KNOTS('',1,(#1643,#1644),.UNSPECIFIED.,.F.,
  .F.,(2,2),(0.,1.),.PIECEWISE_BEZIER_KNOTS.);
#1643 = CARTESIAN_POINT('',(-63.4,-0.78375));
#1644 = CARTESIAN_POINT('',(0.,-0.78375));
#1645 = ( GEOMETRIC_REPRESENTATION_CONTEXT(2) 
PARAMETRIC_REPRESENTATION_CONTEXT() REPRESENTATION_CONTEXT('2D SPACE',''
  ) );
#1646 = ORIENTED_EDGE('',*,*,#1647,.T.);
#1647 = EDGE_CURVE('',#1623,#1648,#1650,.T.);
#1648 = VERTEX_POINT('',#1649);
#1649 = CARTESIAN_POINT('',(-38.,-74.3465,253.8));
#1650 = SURFACE_CURVE('',#1651,(#1689,#1730),.PCURVE_S1.);
#1651 = B_SPLINE_CURVE_WITH_KNOTS('',8,(#1652,#1653,#1654,#1655,#1656,
    #1657,#1658,#1659,#1660,#1661,#1662,#1663,#1664,#1665,#1666,#1667,
    #1668,#1669,#1670,#1671,#1672,#1673,#1674,#1675,#1676,#1677,#1678,
    #1679,#1680,#1681,#1682,#1683,#1684,#1685,#1686,#1687,#1688),
  .UNSPECIFIED.,.F.,.F.,(9,7,7,7,7,9),(0.,0.404334001363,0.57941624739,
    0.741428656952,0.859304565448,1.),.UNSPECIFIED.);
#1652 = CARTESIAN_POINT('',(-31.7,-74.86625,247.5));
#1653 = CARTESIAN_POINT('',(-32.14037315073,-74.86625,247.5));
#1654 = CARTESIAN_POINT('',(-32.57902964113,-74.86334766056,
    247.53517987188));
#1655 = CARTESIAN_POINT('',(-33.0146015565,-74.85758263532,
    247.60505896575));
#1656 = CARTESIAN_POINT('',(-33.44546918342,-74.84895386502,
    247.70965012088));
#1657 = CARTESIAN_POINT('',(-33.86979714,-74.83744008501,247.84921109069
    ));
#1658 = CARTESIAN_POINT('',(-34.28552023978,-74.82299800899,
    248.02426655765));
#1659 = CARTESIAN_POINT('',(-34.6903487709,-74.80556573103,
    248.23556689658));
#1660 = CARTESIAN_POINT('',(-35.2511053644,-74.7761340077,
    248.59231505818));
#1661 = CARTESIAN_POINT('',(-35.41797014675,-74.76666058063,
    248.70714447717));
#1662 = CARTESIAN_POINT('',(-35.58203155035,-74.75659897841,
    248.82910329188));
#1663 = CARTESIAN_POINT('',(-35.74303078972,-74.74594068218,
    248.95829476143));
#1664 = CARTESIAN_POINT('',(-35.90067609127,-74.73467705522,
    249.09482357305));
#1665 = CARTESIAN_POINT('',(-36.05464313972,-74.72279942565,
    249.2387948405));
#1666 = CARTESIAN_POINT('',(-36.20457447754,-74.71029898448,
    249.39031533955));
#1667 = CARTESIAN_POINT('',(-36.48471945422,-74.68501434979,
    249.69679576008));
#1668 = CARTESIAN_POINT('',(-36.6155529686,-74.67232249879,
    249.8506363782));
#1669 = CARTESIAN_POINT('',(-36.7422731342,-74.65908345177,
    250.01110967548));
#1670 = CARTESIAN_POINT('',(-36.86452621237,-74.64529138388,
    250.17828625588));
#1671 = CARTESIAN_POINT('',(-36.98191387887,-74.63094257269,
    250.35221124007));
#1672 = CARTESIAN_POINT('',(-37.09399711047,-74.61603583094,
    250.53289901887));
#1673 = CARTESIAN_POINT('',(-37.20030007166,-74.60057293944,
    250.72032800674));
#1674 = CARTESIAN_POINT('',(-37.37308146905,-74.57290782275,
    251.05566275454));
#1675 = CARTESIAN_POINT('',(-37.44251374862,-74.5609658188,
    251.2004143175));
#1676 = CARTESIAN_POINT('',(-37.50841309105,-74.54873568877,
    251.34865831792));
#1677 = CARTESIAN_POINT('',(-37.57056662586,-74.53622195464,
    251.50033994374));
#1678 = CARTESIAN_POINT('',(-37.62875084658,-74.52343133584,
    251.65537774734));
#1679 = CARTESIAN_POINT('',(-37.68273609635,-74.5103730454,
    251.8136600557));
#1680 = CARTESIAN_POINT('',(-37.73229105354,-74.49705908609,
    251.97504138064));
#1681 = CARTESIAN_POINT('',(-37.83077480251,-74.46732599198,
    252.33544252135));
#1682 = CARTESIAN_POINT('',(-37.87773212987,-74.45080274984,
    252.53572424434));
#1683 = CARTESIAN_POINT('',(-37.91765700185,-74.43396387702,
    252.73983179366));
#1684 = CARTESIAN_POINT('',(-37.95016746348,-74.41684446386,
    252.947339832));
#1685 = CARTESIAN_POINT('',(-37.9749142558,-74.39948601922,
    253.1577452215));
#1686 = CARTESIAN_POINT('',(-37.9915992697,-74.38193700025,
    253.37046060293));
#1687 = CARTESIAN_POINT('',(-38.,-74.36425348671,253.5848062216));
#1688 = CARTESIAN_POINT('',(-38.,-74.3465,253.8));
#1689 = PCURVE('',#973,#1690);
#1690 = DEFINITIONAL_REPRESENTATION('',(#1691),#1729);
#1691 = B_SPLINE_CURVE_WITH_KNOTS('',8,(#1692,#1693,#1694,#1695,#1696,
    #1697,#1698,#1699,#1700,#1701,#1702,#1703,#1704,#1705,#1706,#1707,
    #1708,#1709,#1710,#1711,#1712,#1713,#1714,#1715,#1716,#1717,#1718,
    #1719,#1720,#1721,#1722,#1723,#1724,#1725,#1726,#1727,#1728),
  .UNSPECIFIED.,.F.,.F.,(9,7,7,7,7,9),(0.,0.404334001363,0.57941624739,
    0.741428656952,0.859304565448,1.),.UNSPECIFIED.);
#1692 = CARTESIAN_POINT('',(34.921775480733,0.475));
#1693 = CARTESIAN_POINT('',(34.470591314749,0.475));
#1694 = CARTESIAN_POINT('',(34.018213321698,0.476758993594));
#1695 = CARTESIAN_POINT('',(33.565919298731,0.480252948288));
#1696 = CARTESIAN_POINT('',(33.115205829964,0.485482506044));
#1697 = CARTESIAN_POINT('',(32.667770242809,0.492460554535));
#1698 = CARTESIAN_POINT('',(32.225525071413,0.501213327883));
#1699 = CARTESIAN_POINT('',(31.790600607734,0.511778344829));
#1700 = CARTESIAN_POINT('',(31.181307203774,0.529615752909));
#1701 = CARTESIAN_POINT('',(30.999072200824,0.535357223859));
#1702 = CARTESIAN_POINT('',(30.818922298086,0.541455164594));
#1703 = CARTESIAN_POINT('',(30.641102804225,0.547914738072));
#1704 = CARTESIAN_POINT('',(30.465893438345,0.554741178653));
#1705 = CARTESIAN_POINT('',(30.293608227703,0.561939742025));
#1706 = CARTESIAN_POINT('',(30.124596326658,0.569515766978));
#1707 = CARTESIAN_POINT('',(29.806234706069,0.584839788004));
#1708 = CARTESIAN_POINT('',(29.65637783719,0.59253181891));
#1709 = CARTESIAN_POINT('',(29.509973201552,0.600555483774));
#1710 = CARTESIAN_POINT('',(29.36737377827,0.608914312794));
#1711 = CARTESIAN_POINT('',(29.228982518235,0.617610562004));
#1712 = CARTESIAN_POINT('',(29.095249388145,0.626644950944));
#1713 = CARTESIAN_POINT('',(28.966668414545,0.636016400337));
#1714 = CARTESIAN_POINT('',(28.754360558872,0.652783137727));
#1715 = CARTESIAN_POINT('',(28.667964366858,0.660020715875));
#1716 = CARTESIAN_POINT('',(28.584794887398,0.667432915896));
#1717 = CARTESIAN_POINT('',(28.505079692083,0.675016997187));
#1718 = CARTESIAN_POINT('',(28.429061043903,0.682768887367));
#1719 = CARTESIAN_POINT('',(28.356991752642,0.690683002785));
#1720 = CARTESIAN_POINT('',(28.289131030269,0.698752069032));
#1721 = CARTESIAN_POINT('',(28.150077898112,0.716772126068));
#1722 = CARTESIAN_POINT('',(28.080774110044,0.726786212217));
#1723 = CARTESIAN_POINT('',(28.018291900742,0.736991589683));
#1724 = CARTESIAN_POINT('',(27.963083378128,0.7473669916));
#1725 = CARTESIAN_POINT('',(27.915577582424,0.757887261075));
#1726 = CARTESIAN_POINT('',(27.87616179261,0.768523030147));
#1727 = CARTESIAN_POINT('',(27.845156396377,0.77924031108));
#1728 = CARTESIAN_POINT('',(27.822783323547,0.79));
#1729 = ( GEOMETRIC_REPRESENTATION_CONTEXT(2) 
PARAMETRIC_REPRESENTATION_CONTEXT() REPRESENTATION_CONTEXT('2D SPACE',''
  ) );
#1730 = PCURVE('',#1731,#1736);
#1731 = CYLINDRICAL_SURFACE('',#1732,6.3);
#1732 = AXIS2_PLACEMENT_3D('',#1733,#1734,#1735);
#1733 = CARTESIAN_POINT('',(-31.7,-75.65,253.8));
#1734 = DIRECTION('',(-0.,-1.,-0.));
#1735 = DIRECTION('',(1.,-0.,-0.));
#1736 = DEFINITIONAL_REPRESENTATION('',(#1737),#1775);
#1737 = B_SPLINE_CURVE_WITH_KNOTS('',8,(#1738,#1739,#1740,#1741,#1742,
    #1743,#1744,#1745,#1746,#1747,#1748,#1749,#1750,#1751,#1752,#1753,
    #1754,#1755,#1756,#1757,#1758,#1759,#1760,#1761,#1762,#1763,#1764,
    #1765,#1766,#1767,#1768,#1769,#1770,#1771,#1772,#1773,#1774),
  .UNSPECIFIED.,.F.,.F.,(9,7,7,7,7,9),(0.,0.404334001363,0.57941624739,
    0.741428656952,0.859304565448,1.),.UNSPECIFIED.);
#1738 = CARTESIAN_POINT('',(4.712388980385,-0.78375));
#1739 = CARTESIAN_POINT('',(4.642488480269,-0.78375));
#1740 = CARTESIAN_POINT('',(4.572860426402,-0.786652339431));
#1741 = CARTESIAN_POINT('',(4.503201805374,-0.792417364675));
#1742 = CARTESIAN_POINT('',(4.433265221156,-0.801046134972));
#1743 = CARTESIAN_POINT('',(4.362818789573,-0.812559914982));
#1744 = CARTESIAN_POINT('',(4.2916202131,-0.827001991007));
#1745 = CARTESIAN_POINT('',(4.219400345684,-0.844434268969));
#1746 = CARTESIAN_POINT('',(4.113905410478,-0.8738659923));
#1747 = CARTESIAN_POINT('',(4.081774356434,-0.883339419367));
#1748 = CARTESIAN_POINT('',(4.049361972838,-0.893401021581));
#1749 = CARTESIAN_POINT('',(4.016641406668,-0.904059317819));
#1750 = CARTESIAN_POINT('',(3.983586020637,-0.915322944777));
#1751 = CARTESIAN_POINT('',(3.950168524825,-0.927200574342));
#1752 = CARTESIAN_POINT('',(3.916359858265,-0.939701015513));
#1753 = CARTESIAN_POINT('',(3.850451193954,-0.964985650207));
#1754 = CARTESIAN_POINT('',(3.818415921008,-0.977677501201));
#1755 = CARTESIAN_POINT('',(3.785995689892,-0.990916548227));
#1756 = CARTESIAN_POINT('',(3.753167008388,-1.004708616111));
#1757 = CARTESIAN_POINT('',(3.719908658798,-1.019057427306));
#1758 = CARTESIAN_POINT('',(3.686201152919,-1.033964169057));
#1759 = CARTESIAN_POINT('',(3.652026187018,-1.049427060556));
#1760 = CARTESIAN_POINT('',(3.592148339503,-1.07709217725));
#1761 = CARTESIAN_POINT('',(3.566675750469,-1.089034181194));
#1762 = CARTESIAN_POINT('',(3.540942871264,-1.101264311229));
#1763 = CARTESIAN_POINT('',(3.514946317226,-1.113778045359));
#1764 = CARTESIAN_POINT('',(3.488685020627,-1.126568664156));
#1765 = CARTESIAN_POINT('',(3.462160473837,-1.139626954596));
#1766 = CARTESIAN_POINT('',(3.435376972486,-1.152940913903));
#1767 = CARTESIAN_POINT('',(3.376073033374,-1.182674008012));
#1768 = CARTESIAN_POINT('',(3.343441915488,-1.199197250158));
#1769 = CARTESIAN_POINT('',(3.310467984952,-1.216036122977));
#1770 = CARTESIAN_POINT('',(3.277176438691,-1.23315553614));
#1771 = CARTESIAN_POINT('',(3.243598609974,-1.250513980774));
#1772 = CARTESIAN_POINT('',(3.209773496363,-1.268062999742));
#1773 = CARTESIAN_POINT('',(3.175750396192,-1.285746513282));
#1774 = CARTESIAN_POINT('',(3.14159265359,-1.3035));
#1775 = ( GEOMETRIC_REPRESENTATION_CONTEXT(2) 
PARAMETRIC_REPRESENTATION_CONTEXT() REPRESENTATION_CONTEXT('2D SPACE',''
  ) );
#1776 = ORIENTED_EDGE('',*,*,#1777,.T.);
#1777 = EDGE_CURVE('',#1648,#1778,#1780,.T.);
#1778 = VERTEX_POINT('',#1779);
#1779 = CARTESIAN_POINT('',(-38.,-74.,258.));
#1780 = SURFACE_CURVE('',#1781,(#1787,#1796),.PCURVE_S1.);
#1781 = B_SPLINE_CURVE_WITH_KNOTS('',4,(#1782,#1783,#1784,#1785,#1786),
  .UNSPECIFIED.,.F.,.F.,(5,5),(0.,1.),.PIECEWISE_BEZIER_KNOTS.);
#1782 = CARTESIAN_POINT('',(-38.,-74.3465,253.8));
#1783 = CARTESIAN_POINT('',(-38.,-74.25986468435,254.8501250381));
#1784 = CARTESIAN_POINT('',(-38.,-74.17323612169,255.9001682219));
#1785 = CARTESIAN_POINT('',(-38.,-74.08661449519,256.95012733095));
#1786 = CARTESIAN_POINT('',(-38.,-74.,258.));
#1787 = PCURVE('',#973,#1788);
#1788 = DEFINITIONAL_REPRESENTATION('',(#1789),#1795);
#1789 = B_SPLINE_CURVE_WITH_KNOTS('',4,(#1790,#1791,#1792,#1793,#1794),
  .UNSPECIFIED.,.F.,.F.,(5,5),(0.,1.),.PIECEWISE_BEZIER_KNOTS.);
#1790 = CARTESIAN_POINT('',(27.822783320111,0.79));
#1791 = CARTESIAN_POINT('',(27.71360486646,0.842506251905));
#1792 = CARTESIAN_POINT('',(27.603631778957,0.895008411095));
#1793 = CARTESIAN_POINT('',(27.492851259666,0.947506366548));
#1794 = CARTESIAN_POINT('',(27.38125,1.));
#1795 = ( GEOMETRIC_REPRESENTATION_CONTEXT(2) 
PARAMETRIC_REPRESENTATION_CONTEXT() REPRESENTATION_CONTEXT('2D SPACE',''
  ) );
#1796 = PCURVE('',#1797,#1802);
#1797 = PLANE('',#1798);
#1798 = AXIS2_PLACEMENT_3D('',#1799,#1800,#1801);
#1799 = CARTESIAN_POINT('',(-38.,-75.65,253.8));
#1800 = DIRECTION('',(-1.,-0.,-0.));
#1801 = DIRECTION('',(0.,0.,-1.));
#1802 = DEFINITIONAL_REPRESENTATION('',(#1803),#1809);
#1803 = B_SPLINE_CURVE_WITH_KNOTS('',4,(#1804,#1805,#1806,#1807,#1808),
  .UNSPECIFIED.,.F.,.F.,(5,5),(0.,1.),.PIECEWISE_BEZIER_KNOTS.);
#1804 = CARTESIAN_POINT('',(1.06581410364E-14,-1.3035));
#1805 = CARTESIAN_POINT('',(-1.050125038103,-1.390135315644));
#1806 = CARTESIAN_POINT('',(-2.1001682219,-1.476763878307));
#1807 = CARTESIAN_POINT('',(-3.150127330954,-1.563385504804));
#1808 = CARTESIAN_POINT('',(-4.2,-1.65));
#1809 = ( GEOMETRIC_REPRESENTATION_CONTEXT(2) 
PARAMETRIC_REPRESENTATION_CONTEXT() REPRESENTATION_CONTEXT('2D SPACE',''
  ) );
#1810 = ORIENTED_EDGE('',*,*,#1811,.F.);
#1811 = EDGE_CURVE('',#1381,#1778,#1812,.T.);
#1812 = SURFACE_CURVE('',#1813,(#1817,#1823),.PCURVE_S1.);
#1813 = LINE('',#1814,#1815);
#1814 = CARTESIAN_POINT('',(-64.,-74.,258.));
#1815 = VECTOR('',#1816,1.);
#1816 = DIRECTION('',(1.,0.,0.));
#1817 = PCURVE('',#973,#1818);
#1818 = DEFINITIONAL_REPRESENTATION('',(#1819),#1822);
#1819 = B_SPLINE_CURVE_WITH_KNOTS('',1,(#1820,#1821),.UNSPECIFIED.,.F.,
  .F.,(2,2),(0.,128.),.PIECEWISE_BEZIER_KNOTS.);
#1820 = CARTESIAN_POINT('',(0.,1.));
#1821 = CARTESIAN_POINT('',(134.8,1.));
#1822 = ( GEOMETRIC_REPRESENTATION_CONTEXT(2) 
PARAMETRIC_REPRESENTATION_CONTEXT() REPRESENTATION_CONTEXT('2D SPACE',''
  ) );
#1823 = PCURVE('',#1461,#1824);
#1824 = DEFINITIONAL_REPRESENTATION('',(#1825),#1829);
#1825 = LINE('',#1826,#1827);
#1826 = CARTESIAN_POINT('',(0.,0.));
#1827 = VECTOR('',#1828,1.);
#1828 = DIRECTION('',(1.,0.));
#1829 = ( GEOMETRIC_REPRESENTATION_CONTEXT(2) 
PARAMETRIC_REPRESENTATION_CONTEXT() REPRESENTATION_CONTEXT('2D SPACE',''
  ) );
#1830 = ADVANCED_FACE('',(#1831),#999,.T.);
#1831 = FACE_BOUND('',#1832,.T.);
#1832 = EDGE_LOOP('',(#1833,#1834,#1835,#1859));
#1833 = ORIENTED_EDGE('',*,*,#1016,.T.);
#1834 = ORIENTED_EDGE('',*,*,#985,.F.);
#1835 = ORIENTED_EDGE('',*,*,#1836,.F.);
#1836 = EDGE_CURVE('',#1837,#958,#1839,.T.);
#1837 = VERTEX_POINT('',#1838);
#1838 = CARTESIAN_POINT('',(-101.4,-41.65,238.));
#1839 = SURFACE_CURVE('',#1840,(#1845,#1852),.PCURVE_S1.);
#1840 = CIRCLE('',#1841,34.000000137738);
#1841 = AXIS2_PLACEMENT_3D('',#1842,#1843,#1844);
#1842 = CARTESIAN_POINT('',(-67.39999986226,-41.64999986226,238.));
#1843 = DIRECTION('',(0.,0.,1.));
#1844 = DIRECTION('',(-1.,-4.051126999135E-09,0.));
#1845 = PCURVE('',#999,#1846);
#1846 = DEFINITIONAL_REPRESENTATION('',(#1847),#1851);
#1847 = LINE('',#1848,#1849);
#1848 = CARTESIAN_POINT('',(0.,216.));
#1849 = VECTOR('',#1850,1.);
#1850 = DIRECTION('',(1.,0.));
#1851 = ( GEOMETRIC_REPRESENTATION_CONTEXT(2) 
PARAMETRIC_REPRESENTATION_CONTEXT() REPRESENTATION_CONTEXT('2D SPACE',''
  ) );
#1852 = PCURVE('',#1395,#1853);
#1853 = DEFINITIONAL_REPRESENTATION('',(#1854),#1858);
#1854 = LINE('',#1855,#1856);
#1855 = CARTESIAN_POINT('',(0.,0.));
#1856 = VECTOR('',#1857,1.);
#1857 = DIRECTION('',(1.,0.));
#1858 = ( GEOMETRIC_REPRESENTATION_CONTEXT(2) 
PARAMETRIC_REPRESENTATION_CONTEXT() REPRESENTATION_CONTEXT('2D SPACE',''
  ) );
#1859 = ORIENTED_EDGE('',*,*,#1860,.T.);
#1860 = EDGE_CURVE('',#1837,#1017,#1861,.T.);
#1861 = SURFACE_CURVE('',#1862,(#1866,#1873),.PCURVE_S1.);
#1862 = LINE('',#1863,#1864);
#1863 = CARTESIAN_POINT('',(-101.4,-41.65,238.));
#1864 = VECTOR('',#1865,1.);
#1865 = DIRECTION('',(0.,0.,-1.));
#1866 = PCURVE('',#999,#1867);
#1867 = DEFINITIONAL_REPRESENTATION('',(#1868),#1872);
#1868 = LINE('',#1869,#1870);
#1869 = CARTESIAN_POINT('',(0.,216.));
#1870 = VECTOR('',#1871,1.);
#1871 = DIRECTION('',(0.,-1.));
#1872 = ( GEOMETRIC_REPRESENTATION_CONTEXT(2) 
PARAMETRIC_REPRESENTATION_CONTEXT() REPRESENTATION_CONTEXT('2D SPACE',''
  ) );
#1873 = PCURVE('',#1081,#1874);
#1874 = DEFINITIONAL_REPRESENTATION('',(#1875),#1879);
#1875 = LINE('',#1876,#1877);
#1876 = CARTESIAN_POINT('',(83.3,208.));
#1877 = VECTOR('',#1878,1.);
#1878 = DIRECTION('',(0.,-1.));
#1879 = ( GEOMETRIC_REPRESENTATION_CONTEXT(2) 
PARAMETRIC_REPRESENTATION_CONTEXT() REPRESENTATION_CONTEXT('2D SPACE',''
  ) );
#1880 = ADVANCED_FACE('',(#1881),#1081,.T.);
#1881 = FACE_BOUND('',#1882,.T.);
#1882 = EDGE_LOOP('',(#1883,#1884,#1885,#1913));
#1883 = ORIENTED_EDGE('',*,*,#1065,.T.);
#1884 = ORIENTED_EDGE('',*,*,#1860,.F.);
#1885 = ORIENTED_EDGE('',*,*,#1886,.F.);
#1886 = EDGE_CURVE('',#1887,#1837,#1889,.T.);
#1887 = VERTEX_POINT('',#1888);
#1888 = CARTESIAN_POINT('',(-101.4,41.65,238.));
#1889 = SURFACE_CURVE('',#1890,(#1894,#1901),.PCURVE_S1.);
#1890 = LINE('',#1891,#1892);
#1891 = CARTESIAN_POINT('',(-101.4,41.65,238.));
#1892 = VECTOR('',#1893,1.);
#1893 = DIRECTION('',(0.,-1.,0.));
#1894 = PCURVE('',#1081,#1895);
#1895 = DEFINITIONAL_REPRESENTATION('',(#1896),#1900);
#1896 = LINE('',#1897,#1898);
#1897 = CARTESIAN_POINT('',(0.,208.));
#1898 = VECTOR('',#1899,1.);
#1899 = DIRECTION('',(1.,0.));
#1900 = ( GEOMETRIC_REPRESENTATION_CONTEXT(2) 
PARAMETRIC_REPRESENTATION_CONTEXT() REPRESENTATION_CONTEXT('2D SPACE',''
  ) );
#1901 = PCURVE('',#1902,#1907);
#1902 = B_SPLINE_SURFACE_WITH_KNOTS('',1,1,(
    (#1903,#1904)
    ,(#1905,#1906
    )),.UNSPECIFIED.,.F.,.F.,.F.,(2,2),(2,2),(0.,83.3),(0.,1.),
  .PIECEWISE_BEZIER_KNOTS.);
#1903 = CARTESIAN_POINT('',(-101.4,41.65,238.));
#1904 = CARTESIAN_POINT('',(-100.,38.,258.));
#1905 = CARTESIAN_POINT('',(-101.4,-41.65,238.));
#1906 = CARTESIAN_POINT('',(-100.,-38.,258.));
#1907 = DEFINITIONAL_REPRESENTATION('',(#1908),#1912);
#1908 = LINE('',#1909,#1910);
#1909 = CARTESIAN_POINT('',(0.,0.));
#1910 = VECTOR('',#1911,1.);
#1911 = DIRECTION('',(1.,0.));
#1912 = ( GEOMETRIC_REPRESENTATION_CONTEXT(2) 
PARAMETRIC_REPRESENTATION_CONTEXT() REPRESENTATION_CONTEXT('2D SPACE',''
  ) );
#1913 = ORIENTED_EDGE('',*,*,#1914,.T.);
#1914 = EDGE_CURVE('',#1887,#1066,#1915,.T.);
#1915 = SURFACE_CURVE('',#1916,(#1920,#1927),.PCURVE_S1.);
#1916 = LINE('',#1917,#1918);
#1917 = CARTESIAN_POINT('',(-101.4,41.65,238.));
#1918 = VECTOR('',#1919,1.);
#1919 = DIRECTION('',(0.,0.,-1.));
#1920 = PCURVE('',#1081,#1921);
#1921 = DEFINITIONAL_REPRESENTATION('',(#1922),#1926);
#1922 = LINE('',#1923,#1924);
#1923 = CARTESIAN_POINT('',(0.,208.));
#1924 = VECTOR('',#1925,1.);
#1925 = DIRECTION('',(0.,-1.));
#1926 = ( GEOMETRIC_REPRESENTATION_CONTEXT(2) 
PARAMETRIC_REPRESENTATION_CONTEXT() REPRESENTATION_CONTEXT('2D SPACE',''
  ) );
#1927 = PCURVE('',#1188,#1928);
#1928 = DEFINITIONAL_REPRESENTATION('',(#1929),#1933);
#1929 = LINE('',#1930,#1931);
#1930 = CARTESIAN_POINT('',(1.570796318693,216.));
#1931 = VECTOR('',#1932,1.);
#1932 = DIRECTION('',(0.,-1.));
#1933 = ( GEOMETRIC_REPRESENTATION_CONTEXT(2) 
PARAMETRIC_REPRESENTATION_CONTEXT() REPRESENTATION_CONTEXT('2D SPACE',''
  ) );
#1934 = ADVANCED_FACE('',(#1935),#1153,.T.);
#1935 = FACE_BOUND('',#1936,.T.);
#1936 = EDGE_LOOP('',(#1937,#1938,#1961,#1987));
#1937 = ORIENTED_EDGE('',*,*,#1139,.T.);
#1938 = ORIENTED_EDGE('',*,*,#1939,.T.);
#1939 = EDGE_CURVE('',#1118,#1940,#1942,.T.);
#1940 = VERTEX_POINT('',#1941);
#1941 = CARTESIAN_POINT('',(101.4,41.65,238.));
#1942 = SURFACE_CURVE('',#1943,(#1947,#1954),.PCURVE_S1.);
#1943 = LINE('',#1944,#1945);
#1944 = CARTESIAN_POINT('',(101.4,41.65,22.));
#1945 = VECTOR('',#1946,1.);
#1946 = DIRECTION('',(0.,0.,1.));
#1947 = PCURVE('',#1153,#1948);
#1948 = DEFINITIONAL_REPRESENTATION('',(#1949),#1953);
#1949 = LINE('',#1950,#1951);
#1950 = CARTESIAN_POINT('',(83.3,-8.));
#1951 = VECTOR('',#1952,1.);
#1952 = DIRECTION('',(0.,1.));
#1953 = ( GEOMETRIC_REPRESENTATION_CONTEXT(2) 
PARAMETRIC_REPRESENTATION_CONTEXT() REPRESENTATION_CONTEXT('2D SPACE',''
  ) );
#1954 = PCURVE('',#1261,#1955);
#1955 = DEFINITIONAL_REPRESENTATION('',(#1956),#1960);
#1956 = LINE('',#1957,#1958);
#1957 = CARTESIAN_POINT('',(0.,0.));
#1958 = VECTOR('',#1959,1.);
#1959 = DIRECTION('',(0.,1.));
#1960 = ( GEOMETRIC_REPRESENTATION_CONTEXT(2) 
PARAMETRIC_REPRESENTATION_CONTEXT() REPRESENTATION_CONTEXT('2D SPACE',''
  ) );
#1961 = ORIENTED_EDGE('',*,*,#1962,.F.);
#1962 = EDGE_CURVE('',#1311,#1940,#1963,.T.);
#1963 = SURFACE_CURVE('',#1964,(#1968,#1975),.PCURVE_S1.);
#1964 = LINE('',#1965,#1966);
#1965 = CARTESIAN_POINT('',(101.4,-41.65,238.));
#1966 = VECTOR('',#1967,1.);
#1967 = DIRECTION('',(0.,1.,0.));
#1968 = PCURVE('',#1153,#1969);
#1969 = DEFINITIONAL_REPRESENTATION('',(#1970),#1974);
#1970 = LINE('',#1971,#1972);
#1971 = CARTESIAN_POINT('',(0.,208.));
#1972 = VECTOR('',#1973,1.);
#1973 = DIRECTION('',(1.,0.));
#1974 = ( GEOMETRIC_REPRESENTATION_CONTEXT(2) 
PARAMETRIC_REPRESENTATION_CONTEXT() REPRESENTATION_CONTEXT('2D SPACE',''
  ) );
#1975 = PCURVE('',#1976,#1981);
#1976 = B_SPLINE_SURFACE_WITH_KNOTS('',1,1,(
    (#1977,#1978)
    ,(#1979,#1980
    )),.UNSPECIFIED.,.F.,.F.,.F.,(2,2),(2,2),(0.,83.3),(0.,1.),
  .PIECEWISE_BEZIER_KNOTS.);
#1977 = CARTESIAN_POINT('',(101.4,-41.65,238.));
#1978 = CARTESIAN_POINT('',(100.,-38.,258.));
#1979 = CARTESIAN_POINT('',(101.4,41.65,238.));
#1980 = CARTESIAN_POINT('',(100.,38.,258.));
#1981 = DEFINITIONAL_REPRESENTATION('',(#1982),#1986);
#1982 = LINE('',#1983,#1984);
#1983 = CARTESIAN_POINT('',(0.,0.));
#1984 = VECTOR('',#1985,1.);
#1985 = DIRECTION('',(1.,0.));
#1986 = ( GEOMETRIC_REPRESENTATION_CONTEXT(2) 
PARAMETRIC_REPRESENTATION_CONTEXT() REPRESENTATION_CONTEXT('2D SPACE',''
  ) );
#1987 = ORIENTED_EDGE('',*,*,#1310,.F.);
#1988 = ADVANCED_FACE('',(#1989),#1188,.T.);
#1989 = FACE_BOUND('',#1990,.T.);
#1990 = EDGE_LOOP('',(#1991,#1992,#1993,#2038));
#1991 = ORIENTED_EDGE('',*,*,#1171,.T.);
#1992 = ORIENTED_EDGE('',*,*,#1914,.F.);
#1993 = ORIENTED_EDGE('',*,*,#1994,.F.);
#1994 = EDGE_CURVE('',#1995,#1887,#1997,.T.);
#1995 = VERTEX_POINT('',#1996);
#1996 = CARTESIAN_POINT('',(-67.4,75.65,238.));
#1997 = SURFACE_CURVE('',#1998,(#2003,#2010),.PCURVE_S1.);
#1998 = CIRCLE('',#1999,34.000000137738);
#1999 = AXIS2_PLACEMENT_3D('',#2000,#2001,#2002);
#2000 = CARTESIAN_POINT('',(-67.39999986226,41.649999862262,238.));
#2001 = DIRECTION('',(0.,0.,1.));
#2002 = DIRECTION('',(-4.051126790152E-09,1.,0.));
#2003 = PCURVE('',#1188,#2004);
#2004 = DEFINITIONAL_REPRESENTATION('',(#2005),#2009);
#2005 = LINE('',#2006,#2007);
#2006 = CARTESIAN_POINT('',(0.,216.));
#2007 = VECTOR('',#2008,1.);
#2008 = DIRECTION('',(1.,0.));
#2009 = ( GEOMETRIC_REPRESENTATION_CONTEXT(2) 
PARAMETRIC_REPRESENTATION_CONTEXT() REPRESENTATION_CONTEXT('2D SPACE',''
  ) );
#2010 = PCURVE('',#2011,#2032);
#2011 = B_SPLINE_SURFACE_WITH_KNOTS('',9,1,(
    (#2012,#2013)
    ,(#2014,#2015)
    ,(#2016,#2017)
    ,(#2018,#2019)
    ,(#2020,#2021)
    ,(#2022,#2023)
    ,(#2024,#2025)
    ,(#2026,#2027)
    ,(#2028,#2029)
    ,(#2030,#2031
    )),.UNSPECIFIED.,.F.,.F.,.F.,(10,10),(2,2),(0.,1.570796318693),(0.,
    1.),.PIECEWISE_BEZIER_KNOTS.);
#2012 = CARTESIAN_POINT('',(-67.4,75.65,238.));
#2013 = CARTESIAN_POINT('',(-64.,74.,258.));
#2014 = CARTESIAN_POINT('',(-73.33411945021,75.64999997596,238.));
#2015 = CARTESIAN_POINT('',(-70.28318530022,73.999999974545,
    257.99999999999));
#2016 = CARTESIAN_POINT('',(-79.26823898074,74.484838422732,
    237.99999999999));
#2017 = CARTESIAN_POINT('',(-76.56637068549,72.766299506425,258.));
#2018 = CARTESIAN_POINT('',(-84.94089621658,72.154514526204,238.));
#2019 = CARTESIAN_POINT('',(-82.57271364108,70.298897733623,
    257.99999999998));
#2020 = CARTESIAN_POINT('',(-90.09063248359,68.727482290704,
    237.99999999999));
#2021 = CARTESIAN_POINT('',(-88.02537557086,66.670275366632,
    258.00000000002));
#2022 = CARTESIAN_POINT('',(-94.47748229069,64.34063248358,238.));
#2023 = CARTESIAN_POINT('',(-92.67027536661,62.025375570847,
    257.99999999998));
#2024 = CARTESIAN_POINT('',(-97.90451452621,59.190896216592,
    237.99999999999));
#2025 = CARTESIAN_POINT('',(-96.29889773363,56.572713641098,258.));
#2026 = CARTESIAN_POINT('',(-100.2348384227,53.518238980739,238.));
#2027 = CARTESIAN_POINT('',(-98.76629950641,50.566370685489,
    257.99999999999));
#2028 = CARTESIAN_POINT('',(-101.3999999759,47.584119450213,238.));
#2029 = CARTESIAN_POINT('',(-99.99999997454,44.283185300225,258.));
#2030 = CARTESIAN_POINT('',(-101.4,41.65,238.));
#2031 = CARTESIAN_POINT('',(-100.,38.,258.));
#2032 = DEFINITIONAL_REPRESENTATION('',(#2033),#2037);
#2033 = LINE('',#2034,#2035);
#2034 = CARTESIAN_POINT('',(0.,0.));
#2035 = VECTOR('',#2036,1.);
#2036 = DIRECTION('',(1.,0.));
#2037 = ( GEOMETRIC_REPRESENTATION_CONTEXT(2) 
PARAMETRIC_REPRESENTATION_CONTEXT() REPRESENTATION_CONTEXT('2D SPACE',''
  ) );
#2038 = ORIENTED_EDGE('',*,*,#2039,.T.);
#2039 = EDGE_CURVE('',#1995,#1172,#2040,.T.);
#2040 = SURFACE_CURVE('',#2041,(#2045,#2052),.PCURVE_S1.);
#2041 = LINE('',#2042,#2043);
#2042 = CARTESIAN_POINT('',(-67.4,75.65,238.));
#2043 = VECTOR('',#2044,1.);
#2044 = DIRECTION('',(0.,0.,-1.));
#2045 = PCURVE('',#1188,#2046);
#2046 = DEFINITIONAL_REPRESENTATION('',(#2047),#2051);
#2047 = LINE('',#2048,#2049);
#2048 = CARTESIAN_POINT('',(0.,216.));
#2049 = VECTOR('',#2050,1.);
#2050 = DIRECTION('',(0.,-1.));
#2051 = ( GEOMETRIC_REPRESENTATION_CONTEXT(2) 
PARAMETRIC_REPRESENTATION_CONTEXT() REPRESENTATION_CONTEXT('2D SPACE',''
  ) );
#2052 = PCURVE('',#1293,#2053);
#2053 = DEFINITIONAL_REPRESENTATION('',(#2054),#2058);
#2054 = LINE('',#2055,#2056);
#2055 = CARTESIAN_POINT('',(134.8,208.));
#2056 = VECTOR('',#2057,1.);
#2057 = DIRECTION('',(0.,-1.));
#2058 = ( GEOMETRIC_REPRESENTATION_CONTEXT(2) 
PARAMETRIC_REPRESENTATION_CONTEXT() REPRESENTATION_CONTEXT('2D SPACE',''
  ) );
#2059 = ADVANCED_FACE('',(#2060),#1261,.T.);
#2060 = FACE_BOUND('',#2061,.T.);
#2061 = EDGE_LOOP('',(#2062,#2063,#2086,#2129));
#2062 = ORIENTED_EDGE('',*,*,#1246,.T.);
#2063 = ORIENTED_EDGE('',*,*,#2064,.T.);
#2064 = EDGE_CURVE('',#1225,#2065,#2067,.T.);
#2065 = VERTEX_POINT('',#2066);
#2066 = CARTESIAN_POINT('',(67.4,75.65,238.));
#2067 = SURFACE_CURVE('',#2068,(#2072,#2079),.PCURVE_S1.);
#2068 = LINE('',#2069,#2070);
#2069 = CARTESIAN_POINT('',(67.4,75.65,22.));
#2070 = VECTOR('',#2071,1.);
#2071 = DIRECTION('',(0.,0.,1.));
#2072 = PCURVE('',#1261,#2073);
#2073 = DEFINITIONAL_REPRESENTATION('',(#2074),#2078);
#2074 = LINE('',#2075,#2076);
#2075 = CARTESIAN_POINT('',(1.570796318693,0.));
#2076 = VECTOR('',#2077,1.);
#2077 = DIRECTION('',(0.,1.));
#2078 = ( GEOMETRIC_REPRESENTATION_CONTEXT(2) 
PARAMETRIC_REPRESENTATION_CONTEXT() REPRESENTATION_CONTEXT('2D SPACE',''
  ) );
#2079 = PCURVE('',#1293,#2080);
#2080 = DEFINITIONAL_REPRESENTATION('',(#2081),#2085);
#2081 = LINE('',#2082,#2083);
#2082 = CARTESIAN_POINT('',(0.,-8.));
#2083 = VECTOR('',#2084,1.);
#2084 = DIRECTION('',(0.,1.));
#2085 = ( GEOMETRIC_REPRESENTATION_CONTEXT(2) 
PARAMETRIC_REPRESENTATION_CONTEXT() REPRESENTATION_CONTEXT('2D SPACE',''
  ) );
#2086 = ORIENTED_EDGE('',*,*,#2087,.F.);
#2087 = EDGE_CURVE('',#1940,#2065,#2088,.T.);
#2088 = SURFACE_CURVE('',#2089,(#2094,#2101),.PCURVE_S1.);
#2089 = CIRCLE('',#2090,34.000000137738);
#2090 = AXIS2_PLACEMENT_3D('',#2091,#2092,#2093);
#2091 = CARTESIAN_POINT('',(67.399999862262,41.649999862262,238.));
#2092 = DIRECTION('',(0.,0.,1.));
#2093 = DIRECTION('',(1.,4.051126999135E-09,-0.));
#2094 = PCURVE('',#1261,#2095);
#2095 = DEFINITIONAL_REPRESENTATION('',(#2096),#2100);
#2096 = LINE('',#2097,#2098);
#2097 = CARTESIAN_POINT('',(0.,216.));
#2098 = VECTOR('',#2099,1.);
#2099 = DIRECTION('',(1.,0.));
#2100 = ( GEOMETRIC_REPRESENTATION_CONTEXT(2) 
PARAMETRIC_REPRESENTATION_CONTEXT() REPRESENTATION_CONTEXT('2D SPACE',''
  ) );
#2101 = PCURVE('',#2102,#2123);
#2102 = B_SPLINE_SURFACE_WITH_KNOTS('',9,1,(
    (#2103,#2104)
    ,(#2105,#2106)
    ,(#2107,#2108)
    ,(#2109,#2110)
    ,(#2111,#2112)
    ,(#2113,#2114)
    ,(#2115,#2116)
    ,(#2117,#2118)
    ,(#2119,#2120)
    ,(#2121,#2122
    )),.UNSPECIFIED.,.F.,.F.,.F.,(10,10),(2,2),(0.,1.570796318693),(0.,
    1.),.PIECEWISE_BEZIER_KNOTS.);
#2103 = CARTESIAN_POINT('',(101.4,41.65,238.));
#2104 = CARTESIAN_POINT('',(100.,38.,258.));
#2105 = CARTESIAN_POINT('',(101.39999997596,47.584119450212,238.));
#2106 = CARTESIAN_POINT('',(99.999999974546,44.283185300224,
    257.99999999999));
#2107 = CARTESIAN_POINT('',(100.23483842273,53.518238980741,
    237.99999999999));
#2108 = CARTESIAN_POINT('',(98.766299506424,50.566370685492,258.));
#2109 = CARTESIAN_POINT('',(97.904514526206,59.190896216588,238.));
#2110 = CARTESIAN_POINT('',(96.298897733625,56.572713641091,
    257.99999999998));
#2111 = CARTESIAN_POINT('',(94.4774822907,64.340632483586,
    237.99999999999));
#2112 = CARTESIAN_POINT('',(92.670275366629,62.025375570858,
    258.00000000002));
#2113 = CARTESIAN_POINT('',(90.090632483584,68.727482290698,238.));
#2114 = CARTESIAN_POINT('',(88.025375570851,66.670275366621,
    257.99999999998));
#2115 = CARTESIAN_POINT('',(84.940896216589,72.154514526207,
    237.99999999999));
#2116 = CARTESIAN_POINT('',(82.572713641095,70.29889773363,258.));
#2117 = CARTESIAN_POINT('',(79.268238980741,74.484838422731,238.));
#2118 = CARTESIAN_POINT('',(76.56637068549,72.766299506422,
    257.99999999999));
#2119 = CARTESIAN_POINT('',(73.334119450212,75.64999997596,238.));
#2120 = CARTESIAN_POINT('',(70.283185300225,73.999999974546,258.));
#2121 = CARTESIAN_POINT('',(67.4,75.65,238.));
#2122 = CARTESIAN_POINT('',(64.,74.,258.));
#2123 = DEFINITIONAL_REPRESENTATION('',(#2124),#2128);
#2124 = LINE('',#2125,#2126);
#2125 = CARTESIAN_POINT('',(0.,0.));
#2126 = VECTOR('',#2127,1.);
#2127 = DIRECTION('',(1.,0.));
#2128 = ( GEOMETRIC_REPRESENTATION_CONTEXT(2) 
PARAMETRIC_REPRESENTATION_CONTEXT() REPRESENTATION_CONTEXT('2D SPACE',''
  ) );
#2129 = ORIENTED_EDGE('',*,*,#1939,.F.);
#2130 = ADVANCED_FACE('',(#2131),#1293,.T.);
#2131 = FACE_BOUND('',#2132,.T.);
#2132 = EDGE_LOOP('',(#2133,#2134,#2135,#2161));
#2133 = ORIENTED_EDGE('',*,*,#1279,.T.);
#2134 = ORIENTED_EDGE('',*,*,#2039,.F.);
#2135 = ORIENTED_EDGE('',*,*,#2136,.F.);
#2136 = EDGE_CURVE('',#2065,#1995,#2137,.T.);
#2137 = SURFACE_CURVE('',#2138,(#2142,#2149),.PCURVE_S1.);
#2138 = LINE('',#2139,#2140);
#2139 = CARTESIAN_POINT('',(67.4,75.65,238.));
#2140 = VECTOR('',#2141,1.);
#2141 = DIRECTION('',(-1.,0.,0.));
#2142 = PCURVE('',#1293,#2143);
#2143 = DEFINITIONAL_REPRESENTATION('',(#2144),#2148);
#2144 = LINE('',#2145,#2146);
#2145 = CARTESIAN_POINT('',(0.,208.));
#2146 = VECTOR('',#2147,1.);
#2147 = DIRECTION('',(1.,0.));
#2148 = ( GEOMETRIC_REPRESENTATION_CONTEXT(2) 
PARAMETRIC_REPRESENTATION_CONTEXT() REPRESENTATION_CONTEXT('2D SPACE',''
  ) );
#2149 = PCURVE('',#2150,#2155);
#2150 = B_SPLINE_SURFACE_WITH_KNOTS('',1,1,(
    (#2151,#2152)
    ,(#2153,#2154
    )),.UNSPECIFIED.,.F.,.F.,.F.,(2,2),(2,2),(0.,134.8),(0.,1.),
  .PIECEWISE_BEZIER_KNOTS.);
#2151 = CARTESIAN_POINT('',(67.4,75.65,238.));
#2152 = CARTESIAN_POINT('',(64.,74.,258.));
#2153 = CARTESIAN_POINT('',(-67.4,75.65,238.));
#2154 = CARTESIAN_POINT('',(-64.,74.,258.));
#2155 = DEFINITIONAL_REPRESENTATION('',(#2156),#2160);
#2156 = LINE('',#2157,#2158);
#2157 = CARTESIAN_POINT('',(0.,0.));
#2158 = VECTOR('',#2159,1.);
#2159 = DIRECTION('',(1.,0.));
#2160 = ( GEOMETRIC_REPRESENTATION_CONTEXT(2) 
PARAMETRIC_REPRESENTATION_CONTEXT() REPRESENTATION_CONTEXT('2D SPACE',''
  ) );
#2161 = ORIENTED_EDGE('',*,*,#2064,.F.);
#2162 = ADVANCED_FACE('',(#2163),#1348,.T.);
#2163 = FACE_BOUND('',#2164,.T.);
#2164 = EDGE_LOOP('',(#2165,#2166,#2188,#2231));
#2165 = ORIENTED_EDGE('',*,*,#1333,.T.);
#2166 = ORIENTED_EDGE('',*,*,#2167,.T.);
#2167 = EDGE_CURVE('',#1311,#2168,#2170,.T.);
#2168 = VERTEX_POINT('',#2169);
#2169 = CARTESIAN_POINT('',(100.,-38.,258.));
#2170 = SURFACE_CURVE('',#2171,(#2174,#2181),.PCURVE_S1.);
#2171 = B_SPLINE_CURVE_WITH_KNOTS('',1,(#2172,#2173),.UNSPECIFIED.,.F.,
  .F.,(2,2),(0.,1.),.PIECEWISE_BEZIER_KNOTS.);
#2172 = CARTESIAN_POINT('',(101.4,-41.65,238.));
#2173 = CARTESIAN_POINT('',(100.,-38.,258.));
#2174 = PCURVE('',#1348,#2175);
#2175 = DEFINITIONAL_REPRESENTATION('',(#2176),#2180);
#2176 = LINE('',#2177,#2178);
#2177 = CARTESIAN_POINT('',(1.570796318693,0.));
#2178 = VECTOR('',#2179,1.);
#2179 = DIRECTION('',(0.,1.));
#2180 = ( GEOMETRIC_REPRESENTATION_CONTEXT(2) 
PARAMETRIC_REPRESENTATION_CONTEXT() REPRESENTATION_CONTEXT('2D SPACE',''
  ) );
#2181 = PCURVE('',#1976,#2182);
#2182 = DEFINITIONAL_REPRESENTATION('',(#2183),#2187);
#2183 = LINE('',#2184,#2185);
#2184 = CARTESIAN_POINT('',(0.,0.));
#2185 = VECTOR('',#2186,1.);
#2186 = DIRECTION('',(0.,1.));
#2187 = ( GEOMETRIC_REPRESENTATION_CONTEXT(2) 
PARAMETRIC_REPRESENTATION_CONTEXT() REPRESENTATION_CONTEXT('2D SPACE',''
  ) );
#2188 = ORIENTED_EDGE('',*,*,#2189,.F.);
#2189 = EDGE_CURVE('',#1425,#2168,#2190,.T.);
#2190 = SURFACE_CURVE('',#2191,(#2196,#2203),.PCURVE_S1.);
#2191 = CIRCLE('',#2192,36.000000145841);
#2192 = AXIS2_PLACEMENT_3D('',#2193,#2194,#2195);
#2193 = CARTESIAN_POINT('',(63.999999854159,-37.99999985415,258.));
#2194 = DIRECTION('',(0.,0.,1.));
#2195 = DIRECTION('',(4.05112662761E-09,-1.,0.));
#2196 = PCURVE('',#1348,#2197);
#2197 = DEFINITIONAL_REPRESENTATION('',(#2198),#2202);
#2198 = LINE('',#2199,#2200);
#2199 = CARTESIAN_POINT('',(0.,1.));
#2200 = VECTOR('',#2201,1.);
#2201 = DIRECTION('',(1.,0.));
#2202 = ( GEOMETRIC_REPRESENTATION_CONTEXT(2) 
PARAMETRIC_REPRESENTATION_CONTEXT() REPRESENTATION_CONTEXT('2D SPACE',''
  ) );
#2203 = PCURVE('',#2204,#2225);
#2204 = B_SPLINE_SURFACE_WITH_KNOTS('',9,1,(
    (#2205,#2206)
    ,(#2207,#2208)
    ,(#2209,#2210)
    ,(#2211,#2212)
    ,(#2213,#2214)
    ,(#2215,#2216)
    ,(#2217,#2218)
    ,(#2219,#2220)
    ,(#2221,#2222)
    ,(#2223,#2224
    )),.UNSPECIFIED.,.F.,.F.,.F.,(10,10),(2,2),(0.,1.570796318693),(0.,
    1.),.PIECEWISE_BEZIER_KNOTS.);
#2205 = CARTESIAN_POINT('',(64.,-74.,258.));
#2206 = CARTESIAN_POINT('',(54.,-70.,276.));
#2207 = CARTESIAN_POINT('',(70.283185300224,-73.99999997454,
    257.99999999999));
#2208 = CARTESIAN_POINT('',(61.679448700277,-69.99999996889,276.));
#2209 = CARTESIAN_POINT('',(76.566370685495,-72.76629950642,258.));
#2210 = CARTESIAN_POINT('',(69.358897504481,-68.49214384117,
    275.99999999997));
#2211 = CARTESIAN_POINT('',(82.572713641084,-70.29889773362,
    257.99999999998));
#2212 = CARTESIAN_POINT('',(76.699983339129,-65.47643056333,
    276.00000000005));
#2213 = CARTESIAN_POINT('',(88.025375570867,-66.67027536663,
    258.00000000002));
#2214 = CARTESIAN_POINT('',(83.364347919914,-61.0414476703,
    275.99999999993));
#2215 = CARTESIAN_POINT('',(92.670275366612,-62.02537557084,
    257.99999999998));
#2216 = CARTESIAN_POINT('',(89.041447670335,-55.36434791994,
    276.00000000006));
#2217 = CARTESIAN_POINT('',(96.298897733637,-56.57271364109,258.));
#2218 = CARTESIAN_POINT('',(93.476430563313,-48.6999833391,
    275.99999999995));
#2219 = CARTESIAN_POINT('',(98.766299506419,-50.56637068548,
    257.99999999999));
#2220 = CARTESIAN_POINT('',(96.492143841187,-41.35889750449,
    276.00000000002));
#2221 = CARTESIAN_POINT('',(99.999999974547,-44.28318530022,258.));
#2222 = CARTESIAN_POINT('',(97.999999968888,-33.67944870027,
    275.99999999999));
#2223 = CARTESIAN_POINT('',(100.,-38.,258.));
#2224 = CARTESIAN_POINT('',(98.,-26.,276.));
#2225 = DEFINITIONAL_REPRESENTATION('',(#2226),#2230);
#2226 = LINE('',#2227,#2228);
#2227 = CARTESIAN_POINT('',(0.,0.));
#2228 = VECTOR('',#2229,1.);
#2229 = DIRECTION('',(1.,0.));
#2230 = ( GEOMETRIC_REPRESENTATION_CONTEXT(2) 
PARAMETRIC_REPRESENTATION_CONTEXT() REPRESENTATION_CONTEXT('2D SPACE',''
  ) );
#2231 = ORIENTED_EDGE('',*,*,#1424,.F.);
#2232 = ADVANCED_FACE('',(#2233),#1395,.T.);
#2233 = FACE_BOUND('',#2234,.T.);
#2234 = EDGE_LOOP('',(#2235,#2236,#2237,#2282));
#2235 = ORIENTED_EDGE('',*,*,#1836,.T.);
#2236 = ORIENTED_EDGE('',*,*,#1380,.T.);
#2237 = ORIENTED_EDGE('',*,*,#2238,.F.);
#2238 = EDGE_CURVE('',#2239,#1381,#2241,.T.);
#2239 = VERTEX_POINT('',#2240);
#2240 = CARTESIAN_POINT('',(-100.,-38.,258.));
#2241 = SURFACE_CURVE('',#2242,(#2247,#2254),.PCURVE_S1.);
#2242 = CIRCLE('',#2243,36.000000145841);
#2243 = AXIS2_PLACEMENT_3D('',#2244,#2245,#2246);
#2244 = CARTESIAN_POINT('',(-63.99999985415,-37.99999985415,258.));
#2245 = DIRECTION('',(0.,0.,1.));
#2246 = DIRECTION('',(-1.,-4.051126824983E-09,0.));
#2247 = PCURVE('',#1395,#2248);
#2248 = DEFINITIONAL_REPRESENTATION('',(#2249),#2253);
#2249 = LINE('',#2250,#2251);
#2250 = CARTESIAN_POINT('',(0.,1.));
#2251 = VECTOR('',#2252,1.);
#2252 = DIRECTION('',(1.,0.));
#2253 = ( GEOMETRIC_REPRESENTATION_CONTEXT(2) 
PARAMETRIC_REPRESENTATION_CONTEXT() REPRESENTATION_CONTEXT('2D SPACE',''
  ) );
#2254 = PCURVE('',#2255,#2276);
#2255 = B_SPLINE_SURFACE_WITH_KNOTS('',9,1,(
    (#2256,#2257)
    ,(#2258,#2259)
    ,(#2260,#2261)
    ,(#2262,#2263)
    ,(#2264,#2265)
    ,(#2266,#2267)
    ,(#2268,#2269)
    ,(#2270,#2271)
    ,(#2272,#2273)
    ,(#2274,#2275
    )),.UNSPECIFIED.,.F.,.F.,.F.,(10,10),(2,2),(0.,1.570796318693),(0.,
    1.),.PIECEWISE_BEZIER_KNOTS.);
#2256 = CARTESIAN_POINT('',(-100.,-38.,258.));
#2257 = CARTESIAN_POINT('',(-98.,-26.,276.));
#2258 = CARTESIAN_POINT('',(-99.99999997454,-44.28318530022,
    257.99999999999));
#2259 = CARTESIAN_POINT('',(-97.99999996889,-33.67944870027,276.));
#2260 = CARTESIAN_POINT('',(-98.76629950642,-50.56637068549,258.));
#2261 = CARTESIAN_POINT('',(-96.49214384117,-41.35889750448,
    275.99999999997));
#2262 = CARTESIAN_POINT('',(-96.29889773362,-56.57271364109,
    257.99999999998));
#2263 = CARTESIAN_POINT('',(-93.47643056334,-48.69998333912,
    276.00000000005));
#2264 = CARTESIAN_POINT('',(-92.67027536662,-62.02537557085,
    258.00000000002));
#2265 = CARTESIAN_POINT('',(-89.04144767029,-55.36434791992,
    275.99999999993));
#2266 = CARTESIAN_POINT('',(-88.02537557085,-66.67027536662,
    257.99999999998));
#2267 = CARTESIAN_POINT('',(-83.36434791995,-61.04144767032,
    276.00000000006));
#2268 = CARTESIAN_POINT('',(-82.57271364109,-70.29889773363,258.));
#2269 = CARTESIAN_POINT('',(-76.69998333909,-65.47643056331,
    275.99999999995));
#2270 = CARTESIAN_POINT('',(-76.56637068549,-72.76629950642,
    257.99999999999));
#2271 = CARTESIAN_POINT('',(-69.35889750449,-68.49214384118,
    276.00000000002));
#2272 = CARTESIAN_POINT('',(-70.28318530022,-73.99999997454,258.));
#2273 = CARTESIAN_POINT('',(-61.67944870027,-69.99999996888,
    275.99999999999));
#2274 = CARTESIAN_POINT('',(-64.,-74.,258.));
#2275 = CARTESIAN_POINT('',(-54.,-70.,276.));
#2276 = DEFINITIONAL_REPRESENTATION('',(#2277),#2281);
#2277 = LINE('',#2278,#2279);
#2278 = CARTESIAN_POINT('',(0.,0.));
#2279 = VECTOR('',#2280,1.);
#2280 = DIRECTION('',(1.,0.));
#2281 = ( GEOMETRIC_REPRESENTATION_CONTEXT(2) 
PARAMETRIC_REPRESENTATION_CONTEXT() REPRESENTATION_CONTEXT('2D SPACE',''
  ) );
#2282 = ORIENTED_EDGE('',*,*,#2283,.F.);
#2283 = EDGE_CURVE('',#1837,#2239,#2284,.T.);
#2284 = SURFACE_CURVE('',#2285,(#2288,#2295),.PCURVE_S1.);
#2285 = B_SPLINE_CURVE_WITH_KNOTS('',1,(#2286,#2287),.UNSPECIFIED.,.F.,
  .F.,(2,2),(0.,1.),.PIECEWISE_BEZIER_KNOTS.);
#2286 = CARTESIAN_POINT('',(-101.4,-41.65,238.));
#2287 = CARTESIAN_POINT('',(-100.,-38.,258.));
#2288 = PCURVE('',#1395,#2289);
#2289 = DEFINITIONAL_REPRESENTATION('',(#2290),#2294);
#2290 = LINE('',#2291,#2292);
#2291 = CARTESIAN_POINT('',(0.,0.));
#2292 = VECTOR('',#2293,1.);
#2293 = DIRECTION('',(0.,1.));
#2294 = ( GEOMETRIC_REPRESENTATION_CONTEXT(2) 
PARAMETRIC_REPRESENTATION_CONTEXT() REPRESENTATION_CONTEXT('2D SPACE',''
  ) );
#2295 = PCURVE('',#1902,#2296);
#2296 = DEFINITIONAL_REPRESENTATION('',(#2297),#2301);
#2297 = LINE('',#2298,#2299);
#2298 = CARTESIAN_POINT('',(83.3,0.));
#2299 = VECTOR('',#2300,1.);
#2300 = DIRECTION('',(0.,1.));
#2301 = ( GEOMETRIC_REPRESENTATION_CONTEXT(2) 
PARAMETRIC_REPRESENTATION_CONTEXT() REPRESENTATION_CONTEXT('2D SPACE',''
  ) );
#2302 = ADVANCED_FACE('',(#2303),#1461,.T.);
#2303 = FACE_BOUND('',#2304,.T.);
#2304 = EDGE_LOOP('',(#2305,#2327,#2328,#2402,#2427,#2499,#2500,#2522));
#2305 = ORIENTED_EDGE('',*,*,#2306,.F.);
#2306 = EDGE_CURVE('',#1381,#2307,#2309,.T.);
#2307 = VERTEX_POINT('',#2308);
#2308 = CARTESIAN_POINT('',(-54.,-70.,276.));
#2309 = SURFACE_CURVE('',#2310,(#2313,#2320),.PCURVE_S1.);
#2310 = B_SPLINE_CURVE_WITH_KNOTS('',1,(#2311,#2312),.UNSPECIFIED.,.F.,
  .F.,(2,2),(0.,1.),.PIECEWISE_BEZIER_KNOTS.);
#2311 = CARTESIAN_POINT('',(-64.,-74.,258.));
#2312 = CARTESIAN_POINT('',(-54.,-70.,276.));
#2313 = PCURVE('',#1461,#2314);
#2314 = DEFINITIONAL_REPRESENTATION('',(#2315),#2319);
#2315 = LINE('',#2316,#2317);
#2316 = CARTESIAN_POINT('',(0.,0.));
#2317 = VECTOR('',#2318,1.);
#2318 = DIRECTION('',(0.,1.));
#2319 = ( GEOMETRIC_REPRESENTATION_CONTEXT(2) 
PARAMETRIC_REPRESENTATION_CONTEXT() REPRESENTATION_CONTEXT('2D SPACE',''
  ) );
#2320 = PCURVE('',#2255,#2321);
#2321 = DEFINITIONAL_REPRESENTATION('',(#2322),#2326);
#2322 = LINE('',#2323,#2324);
#2323 = CARTESIAN_POINT('',(1.570796318693,0.));
#2324 = VECTOR('',#2325,1.);
#2325 = DIRECTION('',(0.,1.));
#2326 = ( GEOMETRIC_REPRESENTATION_CONTEXT(2) 
PARAMETRIC_REPRESENTATION_CONTEXT() REPRESENTATION_CONTEXT('2D SPACE',''
  ) );
#2327 = ORIENTED_EDGE('',*,*,#1811,.T.);
#2328 = ORIENTED_EDGE('',*,*,#2329,.T.);
#2329 = EDGE_CURVE('',#1778,#2330,#2332,.T.);
#2330 = VERTEX_POINT('',#2331);
#2331 = CARTESIAN_POINT('',(-38.,-73.15,261.825));
#2332 = SURFACE_CURVE('',#2333,(#2354,#2378),.PCURVE_S1.);
#2333 = B_SPLINE_CURVE_WITH_KNOTS('',4,(#2334,#2335,#2336,#2337,#2338,
    #2339,#2340,#2341,#2342,#2343,#2344,#2345,#2346,#2347,#2348,#2349,
    #2350,#2351,#2352,#2353),.UNSPECIFIED.,.F.,.F.,(5,3,3,3,3,3,5),(0.,
    0.497911986069,0.747486148412,0.874793795428,0.936131017162,
    0.969165991651,1.),.UNSPECIFIED.);
#2334 = CARTESIAN_POINT('',(-38.,-74.,258.));
#2335 = CARTESIAN_POINT('',(-38.,-73.89384733137,258.47768700879));
#2336 = CARTESIAN_POINT('',(-38.,-73.78780464401,258.95487910195));
#2337 = CARTESIAN_POINT('',(-38.,-73.68187581265,259.43155884305));
#2338 = CARTESIAN_POINT('',(-38.,-73.52302823576,260.14637293906));
#2339 = CARTESIAN_POINT('',(-38.,-73.47002111871,260.38490496578));
#2340 = CARTESIAN_POINT('',(-38.,-73.41704417977,260.62330119103));
#2341 = CARTESIAN_POINT('',(-38.,-73.33709012684,260.98309442922));
#2342 = CARTESIAN_POINT('',(-38.,-73.31009028426,261.10459372079));
#2343 = CARTESIAN_POINT('',(-38.,-73.28309850807,261.22605671368));
#2344 = CARTESIAN_POINT('',(-38.,-73.24311407173,261.40598667721));
#2345 = CARTESIAN_POINT('',(-38.,-73.23011516115,261.46448177479));
#2346 = CARTESIAN_POINT('',(-38.,-73.21711814839,261.52296833222));
#2347 = CARTESIAN_POINT('',(-38.,-73.1971241428,261.61294135738));
#2348 = CARTESIAN_POINT('',(-38.,-73.19012524431,261.64443640059));
#2349 = CARTESIAN_POINT('',(-38.,-73.18312634627,261.67593144175));
#2350 = CARTESIAN_POINT('',(-38.,-73.16959485499,261.73682315253));
#2351 = CARTESIAN_POINT('',(-38.,-73.16306272396,261.76621774214));
#2352 = CARTESIAN_POINT('',(-38.,-73.15653113806,261.79560987871));
#2353 = CARTESIAN_POINT('',(-38.,-73.15,261.825));
#2354 = PCURVE('',#1461,#2355);
#2355 = DEFINITIONAL_REPRESENTATION('',(#2356),#2377);
#2356 = B_SPLINE_CURVE_WITH_KNOTS('',4,(#2357,#2358,#2359,#2360,#2361,
    #2362,#2363,#2364,#2365,#2366,#2367,#2368,#2369,#2370,#2371,#2372,
    #2373,#2374,#2375,#2376),.UNSPECIFIED.,.F.,.F.,(5,3,3,3,3,3,5),(0.,
    0.497911986069,0.747486148412,0.874793795428,0.936131017162,
    0.969165991651,1.),.UNSPECIFIED.);
#2357 = CARTESIAN_POINT('',(26.,0.));
#2358 = CARTESIAN_POINT('',(25.842429632514,2.653816715551E-02));
#2359 = CARTESIAN_POINT('',(25.683280173289,5.30488389972E-02));
#2360 = CARTESIAN_POINT('',(25.522522147662,7.953104683615E-02));
#2361 = CARTESIAN_POINT('',(25.278725093461,0.119242941059));
#2362 = CARTESIAN_POINT('',(25.196913225929,0.132494720322));
#2363 = CARTESIAN_POINT('',(25.114685765143,0.145738955057));
#2364 = CARTESIAN_POINT('',(24.989880677682,0.16572746829));
#2365 = CARTESIAN_POINT('',(24.947613374988,0.172477428933));
#2366 = CARTESIAN_POINT('',(24.905236410695,0.179225372983));
#2367 = CARTESIAN_POINT('',(24.842278827884,0.189221482067));
#2368 = CARTESIAN_POINT('',(24.821782812696,0.192471209711));
#2369 = CARTESIAN_POINT('',(24.801261163031,0.195720462902));
#2370 = CARTESIAN_POINT('',(24.769647441966,0.200718964299));
#2371 = CARTESIAN_POINT('',(24.758572737076,0.202468688922));
#2372 = CARTESIAN_POINT('',(24.747489691972,0.204218413431));
#2373 = CARTESIAN_POINT('',(24.726045861193,0.207601286252));
#2374 = CARTESIAN_POINT('',(24.715687203983,0.209234319008));
#2375 = CARTESIAN_POINT('',(24.705321227891,0.210867215484));
#2376 = CARTESIAN_POINT('',(24.694949239484,0.2125));
#2377 = ( GEOMETRIC_REPRESENTATION_CONTEXT(2) 
PARAMETRIC_REPRESENTATION_CONTEXT() REPRESENTATION_CONTEXT('2D SPACE',''
  ) );
#2378 = PCURVE('',#1797,#2379);
#2379 = DEFINITIONAL_REPRESENTATION('',(#2380),#2401);
#2380 = B_SPLINE_CURVE_WITH_KNOTS('',4,(#2381,#2382,#2383,#2384,#2385,
    #2386,#2387,#2388,#2389,#2390,#2391,#2392,#2393,#2394,#2395,#2396,
    #2397,#2398,#2399,#2400),.UNSPECIFIED.,.F.,.F.,(5,3,3,3,3,3,5),(0.,
    0.497911986069,0.747486148412,0.874793795428,0.936131017162,
    0.969165991651,1.),.UNSPECIFIED.);
#2381 = CARTESIAN_POINT('',(-4.2,-1.65));
#2382 = CARTESIAN_POINT('',(-4.677687008799,-1.756152668622));
#2383 = CARTESIAN_POINT('',(-5.15487910195,-1.862195355989));
#2384 = CARTESIAN_POINT('',(-5.631558843051,-1.968124187345));
#2385 = CARTESIAN_POINT('',(-6.346372939064,-2.126971764237));
#2386 = CARTESIAN_POINT('',(-6.584904965787,-2.179978881286));
#2387 = CARTESIAN_POINT('',(-6.823301191032,-2.232955820229));
#2388 = CARTESIAN_POINT('',(-7.183094429222,-2.31290987316));
#2389 = CARTESIAN_POINT('',(-7.304593720799,-2.339909715733));
#2390 = CARTESIAN_POINT('',(-7.426056713687,-2.366901491931));
#2391 = CARTESIAN_POINT('',(-7.60598667721,-2.406885928269));
#2392 = CARTESIAN_POINT('',(-7.664481774791,-2.419884838842));
#2393 = CARTESIAN_POINT('',(-7.722968332227,-2.432881851606));
#2394 = CARTESIAN_POINT('',(-7.812941357382,-2.452875857196));
#2395 = CARTESIAN_POINT('',(-7.84443640059,-2.459874755687));
#2396 = CARTESIAN_POINT('',(-7.87593144175,-2.466873653722));
#2397 = CARTESIAN_POINT('',(-7.936823152538,-2.480405145008));
#2398 = CARTESIAN_POINT('',(-7.966217742143,-2.486937276032));
#2399 = CARTESIAN_POINT('',(-7.995609878717,-2.493468861937));
#2400 = CARTESIAN_POINT('',(-8.025,-2.5));
#2401 = ( GEOMETRIC_REPRESENTATION_CONTEXT(2) 
PARAMETRIC_REPRESENTATION_CONTEXT() REPRESENTATION_CONTEXT('2D SPACE',''
  ) );
#2402 = ORIENTED_EDGE('',*,*,#2403,.F.);
#2403 = EDGE_CURVE('',#2404,#2330,#2406,.T.);
#2404 = VERTEX_POINT('',#2405);
#2405 = CARTESIAN_POINT('',(38.,-73.15,261.825));
#2406 = SURFACE_CURVE('',#2407,(#2410,#2416),.PCURVE_S1.);
#2407 = B_SPLINE_CURVE_WITH_KNOTS('',1,(#2408,#2409),.UNSPECIFIED.,.F.,
  .F.,(2,2),(0.,1.),.PIECEWISE_BEZIER_KNOTS.);
#2408 = CARTESIAN_POINT('',(38.,-73.15,261.825));
#2409 = CARTESIAN_POINT('',(-38.,-73.15,261.825));
#2410 = PCURVE('',#1461,#2411);
#2411 = DEFINITIONAL_REPRESENTATION('',(#2412),#2415);
#2412 = B_SPLINE_CURVE_WITH_KNOTS('',1,(#2413,#2414),.UNSPECIFIED.,.F.,
  .F.,(2,2),(0.,1.),.PIECEWISE_BEZIER_KNOTS.);
#2413 = CARTESIAN_POINT('',(103.30505050505,0.2125));
#2414 = CARTESIAN_POINT('',(24.69494949495,0.2125));
#2415 = ( GEOMETRIC_REPRESENTATION_CONTEXT(2) 
PARAMETRIC_REPRESENTATION_CONTEXT() REPRESENTATION_CONTEXT('2D SPACE',''
  ) );
#2416 = PCURVE('',#2417,#2422);
#2417 = PLANE('',#2418);
#2418 = AXIS2_PLACEMENT_3D('',#2419,#2420,#2421);
#2419 = CARTESIAN_POINT('',(0.,-73.15,266.));
#2420 = DIRECTION('',(-0.,1.,-0.));
#2421 = DIRECTION('',(-1.,0.,0.));
#2422 = DEFINITIONAL_REPRESENTATION('',(#2423),#2426);
#2423 = B_SPLINE_CURVE_WITH_KNOTS('',1,(#2424,#2425),.UNSPECIFIED.,.F.,
  .F.,(2,2),(0.,1.),.PIECEWISE_BEZIER_KNOTS.);
#2424 = CARTESIAN_POINT('',(-38.,-4.175));
#2425 = CARTESIAN_POINT('',(38.,-4.175));
#2426 = ( GEOMETRIC_REPRESENTATION_CONTEXT(2) 
PARAMETRIC_REPRESENTATION_CONTEXT() REPRESENTATION_CONTEXT('2D SPACE',''
  ) );
#2427 = ORIENTED_EDGE('',*,*,#2428,.F.);
#2428 = EDGE_CURVE('',#1447,#2404,#2429,.T.);
#2429 = SURFACE_CURVE('',#2430,(#2451,#2475),.PCURVE_S1.);
#2430 = B_SPLINE_CURVE_WITH_KNOTS('',4,(#2431,#2432,#2433,#2434,#2435,
    #2436,#2437,#2438,#2439,#2440,#2441,#2442,#2443,#2444,#2445,#2446,
    #2447,#2448,#2449,#2450),.UNSPECIFIED.,.F.,.F.,(5,3,3,3,3,3,5),(0.,
    0.497911986069,0.747486148412,0.874793795428,0.936131017162,
    0.969165991651,1.),.UNSPECIFIED.);
#2431 = CARTESIAN_POINT('',(38.,-74.,258.));
#2432 = CARTESIAN_POINT('',(38.,-73.89384733137,258.47768700879));
#2433 = CARTESIAN_POINT('',(38.,-73.78780464401,258.95487910195));
#2434 = CARTESIAN_POINT('',(38.,-73.68187581265,259.43155884305));
#2435 = CARTESIAN_POINT('',(38.,-73.52302823576,260.14637293906));
#2436 = CARTESIAN_POINT('',(38.,-73.47002111871,260.38490496578));
#2437 = CARTESIAN_POINT('',(38.,-73.41704417977,260.62330119103));
#2438 = CARTESIAN_POINT('',(38.,-73.33709012684,260.98309442922));
#2439 = CARTESIAN_POINT('',(38.,-73.31009028426,261.10459372079));
#2440 = CARTESIAN_POINT('',(38.,-73.28309850807,261.22605671368));
#2441 = CARTESIAN_POINT('',(38.,-73.24311407173,261.40598667721));
#2442 = CARTESIAN_POINT('',(38.,-73.23011516115,261.46448177479));
#2443 = CARTESIAN_POINT('',(38.,-73.21711814839,261.52296833222));
#2444 = CARTESIAN_POINT('',(38.,-73.1971241428,261.61294135738));
#2445 = CARTESIAN_POINT('',(38.,-73.19012524431,261.64443640059));
#2446 = CARTESIAN_POINT('',(38.,-73.18312634627,261.67593144175));
#2447 = CARTESIAN_POINT('',(38.,-73.16959485499,261.73682315253));
#2448 = CARTESIAN_POINT('',(38.,-73.16306272396,261.76621774214));
#2449 = CARTESIAN_POINT('',(38.,-73.15653113806,261.79560987871));
#2450 = CARTESIAN_POINT('',(38.,-73.15,261.825));
#2451 = PCURVE('',#1461,#2452);
#2452 = DEFINITIONAL_REPRESENTATION('',(#2453),#2474);
#2453 = B_SPLINE_CURVE_WITH_KNOTS('',4,(#2454,#2455,#2456,#2457,#2458,
    #2459,#2460,#2461,#2462,#2463,#2464,#2465,#2466,#2467,#2468,#2469,
    #2470,#2471,#2472,#2473),.UNSPECIFIED.,.F.,.F.,(5,3,3,3,3,3,5),(0.,
    0.497911986069,0.747486148412,0.874793795428,0.936131017162,
    0.969165991651,1.),.UNSPECIFIED.);
#2454 = CARTESIAN_POINT('',(102.,0.));
#2455 = CARTESIAN_POINT('',(102.15757036748,2.653816715551E-02));
#2456 = CARTESIAN_POINT('',(102.31671982671,5.30488389972E-02));
#2457 = CARTESIAN_POINT('',(102.47747785233,7.953104683615E-02));
#2458 = CARTESIAN_POINT('',(102.72127490653,0.119242941059));
#2459 = CARTESIAN_POINT('',(102.80308677407,0.132494720322));
#2460 = CARTESIAN_POINT('',(102.88531423485,0.145738955057));
#2461 = CARTESIAN_POINT('',(103.01011932231,0.16572746829));
#2462 = CARTESIAN_POINT('',(103.05238662501,0.172477428933));
#2463 = CARTESIAN_POINT('',(103.0947635893,0.179225372983));
#2464 = CARTESIAN_POINT('',(103.15772117211,0.189221482067));
#2465 = CARTESIAN_POINT('',(103.1782171873,0.192471209711));
#2466 = CARTESIAN_POINT('',(103.19873883696,0.195720462901));
#2467 = CARTESIAN_POINT('',(103.23035255803,0.200718964299));
#2468 = CARTESIAN_POINT('',(103.24142726292,0.202468688922));
#2469 = CARTESIAN_POINT('',(103.25251030802,0.204218413431));
#2470 = CARTESIAN_POINT('',(103.2739541388,0.207601286252));
#2471 = CARTESIAN_POINT('',(103.28431279601,0.209234319008));
#2472 = CARTESIAN_POINT('',(103.2946787721,0.210867215484));
#2473 = CARTESIAN_POINT('',(103.30505076051,0.2125));
#2474 = ( GEOMETRIC_REPRESENTATION_CONTEXT(2) 
PARAMETRIC_REPRESENTATION_CONTEXT() REPRESENTATION_CONTEXT('2D SPACE',''
  ) );
#2475 = PCURVE('',#1493,#2476);
#2476 = DEFINITIONAL_REPRESENTATION('',(#2477),#2498);
#2477 = B_SPLINE_CURVE_WITH_KNOTS('',4,(#2478,#2479,#2480,#2481,#2482,
    #2483,#2484,#2485,#2486,#2487,#2488,#2489,#2490,#2491,#2492,#2493,
    #2494,#2495,#2496,#2497),.UNSPECIFIED.,.F.,.F.,(5,3,3,3,3,3,5),(0.,
    0.497911986069,0.747486148412,0.874793795428,0.936131017162,
    0.969165991651,1.),.UNSPECIFIED.);
#2478 = CARTESIAN_POINT('',(-4.2,-1.65));
#2479 = CARTESIAN_POINT('',(-4.677687008799,-1.756152668622));
#2480 = CARTESIAN_POINT('',(-5.15487910195,-1.862195355989));
#2481 = CARTESIAN_POINT('',(-5.631558843051,-1.968124187345));
#2482 = CARTESIAN_POINT('',(-6.346372939064,-2.126971764236));
#2483 = CARTESIAN_POINT('',(-6.584904965787,-2.179978881286));
#2484 = CARTESIAN_POINT('',(-6.823301191031,-2.232955820229));
#2485 = CARTESIAN_POINT('',(-7.183094429222,-2.31290987316));
#2486 = CARTESIAN_POINT('',(-7.304593720799,-2.339909715733));
#2487 = CARTESIAN_POINT('',(-7.426056713687,-2.36690149193));
#2488 = CARTESIAN_POINT('',(-7.605986677209,-2.406885928269));
#2489 = CARTESIAN_POINT('',(-7.664481774791,-2.419884838842));
#2490 = CARTESIAN_POINT('',(-7.722968332227,-2.432881851606));
#2491 = CARTESIAN_POINT('',(-7.812941357382,-2.452875857196));
#2492 = CARTESIAN_POINT('',(-7.84443640059,-2.459874755687));
#2493 = CARTESIAN_POINT('',(-7.87593144175,-2.466873653722));
#2494 = CARTESIAN_POINT('',(-7.936823152538,-2.480405145008));
#2495 = CARTESIAN_POINT('',(-7.966217742143,-2.486937276032));
#2496 = CARTESIAN_POINT('',(-7.995609878717,-2.493468861937));
#2497 = CARTESIAN_POINT('',(-8.025,-2.5));
#2498 = ( GEOMETRIC_REPRESENTATION_CONTEXT(2) 
PARAMETRIC_REPRESENTATION_CONTEXT() REPRESENTATION_CONTEXT('2D SPACE',''
  ) );
#2499 = ORIENTED_EDGE('',*,*,#1446,.T.);
#2500 = ORIENTED_EDGE('',*,*,#2501,.T.);
#2501 = EDGE_CURVE('',#1425,#2502,#2504,.T.);
#2502 = VERTEX_POINT('',#2503);
#2503 = CARTESIAN_POINT('',(54.,-70.,276.));
#2504 = SURFACE_CURVE('',#2505,(#2508,#2515),.PCURVE_S1.);
#2505 = B_SPLINE_CURVE_WITH_KNOTS('',1,(#2506,#2507),.UNSPECIFIED.,.F.,
  .F.,(2,2),(0.,1.),.PIECEWISE_BEZIER_KNOTS.);
#2506 = CARTESIAN_POINT('',(64.,-74.,258.));
#2507 = CARTESIAN_POINT('',(54.,-70.,276.));
#2508 = PCURVE('',#1461,#2509);
#2509 = DEFINITIONAL_REPRESENTATION('',(#2510),#2514);
#2510 = LINE('',#2511,#2512);
#2511 = CARTESIAN_POINT('',(128.,0.));
#2512 = VECTOR('',#2513,1.);
#2513 = DIRECTION('',(0.,1.));
#2514 = ( GEOMETRIC_REPRESENTATION_CONTEXT(2) 
PARAMETRIC_REPRESENTATION_CONTEXT() REPRESENTATION_CONTEXT('2D SPACE',''
  ) );
#2515 = PCURVE('',#2204,#2516);
#2516 = DEFINITIONAL_REPRESENTATION('',(#2517),#2521);
#2517 = LINE('',#2518,#2519);
#2518 = CARTESIAN_POINT('',(0.,0.));
#2519 = VECTOR('',#2520,1.);
#2520 = DIRECTION('',(0.,1.));
#2521 = ( GEOMETRIC_REPRESENTATION_CONTEXT(2) 
PARAMETRIC_REPRESENTATION_CONTEXT() REPRESENTATION_CONTEXT('2D SPACE',''
  ) );
#2522 = ORIENTED_EDGE('',*,*,#2523,.F.);
#2523 = EDGE_CURVE('',#2307,#2502,#2524,.T.);
#2524 = SURFACE_CURVE('',#2525,(#2529,#2535),.PCURVE_S1.);
#2525 = LINE('',#2526,#2527);
#2526 = CARTESIAN_POINT('',(-54.,-70.,276.));
#2527 = VECTOR('',#2528,1.);
#2528 = DIRECTION('',(1.,0.,0.));
#2529 = PCURVE('',#1461,#2530);
#2530 = DEFINITIONAL_REPRESENTATION('',(#2531),#2534);
#2531 = B_SPLINE_CURVE_WITH_KNOTS('',1,(#2532,#2533),.UNSPECIFIED.,.F.,
  .F.,(2,2),(0.,108.),.PIECEWISE_BEZIER_KNOTS.);
#2532 = CARTESIAN_POINT('',(0.,1.));
#2533 = CARTESIAN_POINT('',(128.,1.));
#2534 = ( GEOMETRIC_REPRESENTATION_CONTEXT(2) 
PARAMETRIC_REPRESENTATION_CONTEXT() REPRESENTATION_CONTEXT('2D SPACE',''
  ) );
#2535 = PCURVE('',#2536,#2541);
#2536 = B_SPLINE_SURFACE_WITH_KNOTS('',1,1,(
    (#2537,#2538)
    ,(#2539,#2540
    )),.UNSPECIFIED.,.F.,.F.,.F.,(2,2),(2,2),(0.,108.),(0.,1.),
  .PIECEWISE_BEZIER_KNOTS.);
#2537 = CARTESIAN_POINT('',(-54.,-70.,276.));
#2538 = CARTESIAN_POINT('',(-44.,-65.,290.3));
#2539 = CARTESIAN_POINT('',(54.,-70.,276.));
#2540 = CARTESIAN_POINT('',(44.,-65.,290.3));
#2541 = DEFINITIONAL_REPRESENTATION('',(#2542),#2546);
#2542 = LINE('',#2543,#2544);
#2543 = CARTESIAN_POINT('',(0.,0.));
#2544 = VECTOR('',#2545,1.);
#2545 = DIRECTION('',(1.,0.));
#2546 = ( GEOMETRIC_REPRESENTATION_CONTEXT(2) 
PARAMETRIC_REPRESENTATION_CONTEXT() REPRESENTATION_CONTEXT('2D SPACE',''
  ) );
#2547 = ADVANCED_FACE('',(#2548),#1797,.F.);
#2548 = FACE_BOUND('',#2549,.T.);
#2549 = EDGE_LOOP('',(#2550,#2551,#2574,#2595));
#2550 = ORIENTED_EDGE('',*,*,#1777,.F.);
#2551 = ORIENTED_EDGE('',*,*,#2552,.T.);
#2552 = EDGE_CURVE('',#1648,#2553,#2555,.T.);
#2553 = VERTEX_POINT('',#2554);
#2554 = CARTESIAN_POINT('',(-38.,-73.15,253.8));
#2555 = SURFACE_CURVE('',#2556,(#2560,#2567),.PCURVE_S1.);
#2556 = LINE('',#2557,#2558);
#2557 = CARTESIAN_POINT('',(-38.,-75.65,253.8));
#2558 = VECTOR('',#2559,1.);
#2559 = DIRECTION('',(-0.,1.,-0.));
#2560 = PCURVE('',#1797,#2561);
#2561 = DEFINITIONAL_REPRESENTATION('',(#2562),#2566);
#2562 = LINE('',#2563,#2564);
#2563 = CARTESIAN_POINT('',(-0.,-0.));
#2564 = VECTOR('',#2565,1.);
#2565 = DIRECTION('',(-0.,-1.));
#2566 = ( GEOMETRIC_REPRESENTATION_CONTEXT(2) 
PARAMETRIC_REPRESENTATION_CONTEXT() REPRESENTATION_CONTEXT('2D SPACE',''
  ) );
#2567 = PCURVE('',#1731,#2568);
#2568 = DEFINITIONAL_REPRESENTATION('',(#2569),#2573);
#2569 = LINE('',#2570,#2571);
#2570 = CARTESIAN_POINT('',(3.14159265359,0.));
#2571 = VECTOR('',#2572,1.);
#2572 = DIRECTION('',(0.,-1.));
#2573 = ( GEOMETRIC_REPRESENTATION_CONTEXT(2) 
PARAMETRIC_REPRESENTATION_CONTEXT() REPRESENTATION_CONTEXT('2D SPACE',''
  ) );
#2574 = ORIENTED_EDGE('',*,*,#2575,.T.);
#2575 = EDGE_CURVE('',#2553,#2330,#2576,.T.);
#2576 = SURFACE_CURVE('',#2577,(#2581,#2588),.PCURVE_S1.);
#2577 = LINE('',#2578,#2579);
#2578 = CARTESIAN_POINT('',(-38.,-73.15,266.));
#2579 = VECTOR('',#2580,1.);
#2580 = DIRECTION('',(-0.,-0.,1.));
#2581 = PCURVE('',#1797,#2582);
#2582 = DEFINITIONAL_REPRESENTATION('',(#2583),#2587);
#2583 = LINE('',#2584,#2585);
#2584 = CARTESIAN_POINT('',(-12.2,-2.5));
#2585 = VECTOR('',#2586,1.);
#2586 = DIRECTION('',(-1.,-0.));
#2587 = ( GEOMETRIC_REPRESENTATION_CONTEXT(2) 
PARAMETRIC_REPRESENTATION_CONTEXT() REPRESENTATION_CONTEXT('2D SPACE',''
  ) );
#2588 = PCURVE('',#2417,#2589);
#2589 = DEFINITIONAL_REPRESENTATION('',(#2590),#2594);
#2590 = LINE('',#2591,#2592);
#2591 = CARTESIAN_POINT('',(38.,-0.));
#2592 = VECTOR('',#2593,1.);
#2593 = DIRECTION('',(-0.,1.));
#2594 = ( GEOMETRIC_REPRESENTATION_CONTEXT(2) 
PARAMETRIC_REPRESENTATION_CONTEXT() REPRESENTATION_CONTEXT('2D SPACE',''
  ) );
#2595 = ORIENTED_EDGE('',*,*,#2329,.F.);
#2596 = ADVANCED_FACE('',(#2597),#1731,.F.);
#2597 = FACE_BOUND('',#2598,.F.);
#2598 = EDGE_LOOP('',(#2599,#2600,#2601,#2629));
#2599 = ORIENTED_EDGE('',*,*,#1647,.T.);
#2600 = ORIENTED_EDGE('',*,*,#2552,.T.);
#2601 = ORIENTED_EDGE('',*,*,#2602,.T.);
#2602 = EDGE_CURVE('',#2553,#2603,#2605,.T.);
#2603 = VERTEX_POINT('',#2604);
#2604 = CARTESIAN_POINT('',(-31.7,-73.15,247.5));
#2605 = SURFACE_CURVE('',#2606,(#2611,#2618),.PCURVE_S1.);
#2606 = CIRCLE('',#2607,6.3);
#2607 = AXIS2_PLACEMENT_3D('',#2608,#2609,#2610);
#2608 = CARTESIAN_POINT('',(-31.7,-73.15,253.8));
#2609 = DIRECTION('',(-0.,-1.,-0.));
#2610 = DIRECTION('',(1.,-0.,-0.));
#2611 = PCURVE('',#1731,#2612);
#2612 = DEFINITIONAL_REPRESENTATION('',(#2613),#2617);
#2613 = LINE('',#2614,#2615);
#2614 = CARTESIAN_POINT('',(0.,-2.5));
#2615 = VECTOR('',#2616,1.);
#2616 = DIRECTION('',(1.,0.));
#2617 = ( GEOMETRIC_REPRESENTATION_CONTEXT(2) 
PARAMETRIC_REPRESENTATION_CONTEXT() REPRESENTATION_CONTEXT('2D SPACE',''
  ) );
#2618 = PCURVE('',#2417,#2619);
#2619 = DEFINITIONAL_REPRESENTATION('',(#2620),#2628);
#2620 = ( BOUNDED_CURVE() B_SPLINE_CURVE(2,(#2621,#2622,#2623,#2624,
#2625,#2626,#2627),.UNSPECIFIED.,.T.,.F.) B_SPLINE_CURVE_WITH_KNOTS((1,2
    ,2,2,2,1),(-2.094395102393,0.,2.094395102393,4.188790204786,
6.28318530718,8.377580409573),.UNSPECIFIED.) CURVE() 
GEOMETRIC_REPRESENTATION_ITEM() RATIONAL_B_SPLINE_CURVE((1.,0.5,1.,0.5,
1.,0.5,1.)) REPRESENTATION_ITEM('') );
#2621 = CARTESIAN_POINT('',(25.4,-12.2));
#2622 = CARTESIAN_POINT('',(25.4,-1.288079912316));
#2623 = CARTESIAN_POINT('',(34.85,-6.744039956158));
#2624 = CARTESIAN_POINT('',(44.3,-12.2));
#2625 = CARTESIAN_POINT('',(34.85,-17.65596004384));
#2626 = CARTESIAN_POINT('',(25.4,-23.11192008768));
#2627 = CARTESIAN_POINT('',(25.4,-12.2));
#2628 = ( GEOMETRIC_REPRESENTATION_CONTEXT(2) 
PARAMETRIC_REPRESENTATION_CONTEXT() REPRESENTATION_CONTEXT('2D SPACE',''
  ) );
#2629 = ORIENTED_EDGE('',*,*,#2630,.F.);
#2630 = EDGE_CURVE('',#1623,#2603,#2631,.T.);
#2631 = SURFACE_CURVE('',#2632,(#2636,#2643),.PCURVE_S1.);
#2632 = LINE('',#2633,#2634);
#2633 = CARTESIAN_POINT('',(-31.7,-75.65,247.5));
#2634 = VECTOR('',#2635,1.);
#2635 = DIRECTION('',(-0.,1.,-0.));
#2636 = PCURVE('',#1731,#2637);
#2637 = DEFINITIONAL_REPRESENTATION('',(#2638),#2642);
#2638 = LINE('',#2639,#2640);
#2639 = CARTESIAN_POINT('',(4.712388980385,0.));
#2640 = VECTOR('',#2641,1.);
#2641 = DIRECTION('',(0.,-1.));
#2642 = ( GEOMETRIC_REPRESENTATION_CONTEXT(2) 
PARAMETRIC_REPRESENTATION_CONTEXT() REPRESENTATION_CONTEXT('2D SPACE',''
  ) );
#2643 = PCURVE('',#1636,#2644);
#2644 = DEFINITIONAL_REPRESENTATION('',(#2645),#2649);
#2645 = LINE('',#2646,#2647);
#2646 = CARTESIAN_POINT('',(-0.,-0.));
#2647 = VECTOR('',#2648,1.);
#2648 = DIRECTION('',(-0.,-1.));
#2649 = ( GEOMETRIC_REPRESENTATION_CONTEXT(2) 
PARAMETRIC_REPRESENTATION_CONTEXT() REPRESENTATION_CONTEXT('2D SPACE',''
  ) );
#2650 = ADVANCED_FACE('',(#2651),#1636,.T.);
#2651 = FACE_BOUND('',#2652,.F.);
#2652 = EDGE_LOOP('',(#2653,#2654,#2655,#2678));
#2653 = ORIENTED_EDGE('',*,*,#1622,.T.);
#2654 = ORIENTED_EDGE('',*,*,#2630,.T.);
#2655 = ORIENTED_EDGE('',*,*,#2656,.T.);
#2656 = EDGE_CURVE('',#2603,#2657,#2659,.T.);
#2657 = VERTEX_POINT('',#2658);
#2658 = CARTESIAN_POINT('',(31.7,-73.15,247.5));
#2659 = SURFACE_CURVE('',#2660,(#2664,#2671),.PCURVE_S1.);
#2660 = LINE('',#2661,#2662);
#2661 = CARTESIAN_POINT('',(0.,-73.15,247.5));
#2662 = VECTOR('',#2663,1.);
#2663 = DIRECTION('',(1.,-0.,-0.));
#2664 = PCURVE('',#1636,#2665);
#2665 = DEFINITIONAL_REPRESENTATION('',(#2666),#2670);
#2666 = LINE('',#2667,#2668);
#2667 = CARTESIAN_POINT('',(-31.7,-2.5));
#2668 = VECTOR('',#2669,1.);
#2669 = DIRECTION('',(-1.,0.));
#2670 = ( GEOMETRIC_REPRESENTATION_CONTEXT(2) 
PARAMETRIC_REPRESENTATION_CONTEXT() REPRESENTATION_CONTEXT('2D SPACE',''
  ) );
#2671 = PCURVE('',#2417,#2672);
#2672 = DEFINITIONAL_REPRESENTATION('',(#2673),#2677);
#2673 = LINE('',#2674,#2675);
#2674 = CARTESIAN_POINT('',(-0.,-18.5));
#2675 = VECTOR('',#2676,1.);
#2676 = DIRECTION('',(-1.,0.));
#2677 = ( GEOMETRIC_REPRESENTATION_CONTEXT(2) 
PARAMETRIC_REPRESENTATION_CONTEXT() REPRESENTATION_CONTEXT('2D SPACE',''
  ) );
#2678 = ORIENTED_EDGE('',*,*,#2679,.F.);
#2679 = EDGE_CURVE('',#1508,#2657,#2680,.T.);
#2680 = SURFACE_CURVE('',#2681,(#2685,#2692),.PCURVE_S1.);
#2681 = LINE('',#2682,#2683);
#2682 = CARTESIAN_POINT('',(31.7,-75.65,247.5));
#2683 = VECTOR('',#2684,1.);
#2684 = DIRECTION('',(-0.,1.,-0.));
#2685 = PCURVE('',#1636,#2686);
#2686 = DEFINITIONAL_REPRESENTATION('',(#2687),#2691);
#2687 = LINE('',#2688,#2689);
#2688 = CARTESIAN_POINT('',(-63.4,-0.));
#2689 = VECTOR('',#2690,1.);
#2690 = DIRECTION('',(-0.,-1.));
#2691 = ( GEOMETRIC_REPRESENTATION_CONTEXT(2) 
PARAMETRIC_REPRESENTATION_CONTEXT() REPRESENTATION_CONTEXT('2D SPACE',''
  ) );
#2692 = PCURVE('',#1581,#2693);
#2693 = DEFINITIONAL_REPRESENTATION('',(#2694),#2698);
#2694 = LINE('',#2695,#2696);
#2695 = CARTESIAN_POINT('',(4.712388980385,0.));
#2696 = VECTOR('',#2697,1.);
#2697 = DIRECTION('',(0.,-1.));
#2698 = ( GEOMETRIC_REPRESENTATION_CONTEXT(2) 
PARAMETRIC_REPRESENTATION_CONTEXT() REPRESENTATION_CONTEXT('2D SPACE',''
  ) );
#2699 = ADVANCED_FACE('',(#2700),#1581,.F.);
#2700 = FACE_BOUND('',#2701,.F.);
#2701 = EDGE_LOOP('',(#2702,#2703,#2704,#2732));
#2702 = ORIENTED_EDGE('',*,*,#1507,.T.);
#2703 = ORIENTED_EDGE('',*,*,#2679,.T.);
#2704 = ORIENTED_EDGE('',*,*,#2705,.T.);
#2705 = EDGE_CURVE('',#2657,#2706,#2708,.T.);
#2706 = VERTEX_POINT('',#2707);
#2707 = CARTESIAN_POINT('',(38.,-73.15,253.8));
#2708 = SURFACE_CURVE('',#2709,(#2714,#2721),.PCURVE_S1.);
#2709 = CIRCLE('',#2710,6.3);
#2710 = AXIS2_PLACEMENT_3D('',#2711,#2712,#2713);
#2711 = CARTESIAN_POINT('',(31.7,-73.15,253.8));
#2712 = DIRECTION('',(-0.,-1.,-0.));
#2713 = DIRECTION('',(1.,-0.,-0.));
#2714 = PCURVE('',#1581,#2715);
#2715 = DEFINITIONAL_REPRESENTATION('',(#2716),#2720);
#2716 = LINE('',#2717,#2718);
#2717 = CARTESIAN_POINT('',(0.,-2.5));
#2718 = VECTOR('',#2719,1.);
#2719 = DIRECTION('',(1.,0.));
#2720 = ( GEOMETRIC_REPRESENTATION_CONTEXT(2) 
PARAMETRIC_REPRESENTATION_CONTEXT() REPRESENTATION_CONTEXT('2D SPACE',''
  ) );
#2721 = PCURVE('',#2417,#2722);
#2722 = DEFINITIONAL_REPRESENTATION('',(#2723),#2731);
#2723 = ( BOUNDED_CURVE() B_SPLINE_CURVE(2,(#2724,#2725,#2726,#2727,
#2728,#2729,#2730),.UNSPECIFIED.,.T.,.F.) B_SPLINE_CURVE_WITH_KNOTS((1,2
    ,2,2,2,1),(-2.094395102393,0.,2.094395102393,4.188790204786,
6.28318530718,8.377580409573),.UNSPECIFIED.) CURVE() 
GEOMETRIC_REPRESENTATION_ITEM() RATIONAL_B_SPLINE_CURVE((1.,0.5,1.,0.5,
1.,0.5,1.)) REPRESENTATION_ITEM('') );
#2724 = CARTESIAN_POINT('',(-38.,-12.2));
#2725 = CARTESIAN_POINT('',(-38.,-1.288079912316));
#2726 = CARTESIAN_POINT('',(-28.55,-6.744039956158));
#2727 = CARTESIAN_POINT('',(-19.1,-12.2));
#2728 = CARTESIAN_POINT('',(-28.55,-17.65596004384));
#2729 = CARTESIAN_POINT('',(-38.,-23.11192008768));
#2730 = CARTESIAN_POINT('',(-38.,-12.2));
#2731 = ( GEOMETRIC_REPRESENTATION_CONTEXT(2) 
PARAMETRIC_REPRESENTATION_CONTEXT() REPRESENTATION_CONTEXT('2D SPACE',''
  ) );
#2732 = ORIENTED_EDGE('',*,*,#2733,.F.);
#2733 = EDGE_CURVE('',#1474,#2706,#2734,.T.);
#2734 = SURFACE_CURVE('',#2735,(#2739,#2746),.PCURVE_S1.);
#2735 = LINE('',#2736,#2737);
#2736 = CARTESIAN_POINT('',(38.,-75.65,253.8));
#2737 = VECTOR('',#2738,1.);
#2738 = DIRECTION('',(-0.,1.,-0.));
#2739 = PCURVE('',#1581,#2740);
#2740 = DEFINITIONAL_REPRESENTATION('',(#2741),#2745);
#2741 = LINE('',#2742,#2743);
#2742 = CARTESIAN_POINT('',(6.28318530718,0.));
#2743 = VECTOR('',#2744,1.);
#2744 = DIRECTION('',(0.,-1.));
#2745 = ( GEOMETRIC_REPRESENTATION_CONTEXT(2) 
PARAMETRIC_REPRESENTATION_CONTEXT() REPRESENTATION_CONTEXT('2D SPACE',''
  ) );
#2746 = PCURVE('',#1493,#2747);
#2747 = DEFINITIONAL_REPRESENTATION('',(#2748),#2752);
#2748 = LINE('',#2749,#2750);
#2749 = CARTESIAN_POINT('',(-0.,-0.));
#2750 = VECTOR('',#2751,1.);
#2751 = DIRECTION('',(-0.,-1.));
#2752 = ( GEOMETRIC_REPRESENTATION_CONTEXT(2) 
PARAMETRIC_REPRESENTATION_CONTEXT() REPRESENTATION_CONTEXT('2D SPACE',''
  ) );
#2753 = ADVANCED_FACE('',(#2754),#1493,.T.);
#2754 = FACE_BOUND('',#2755,.F.);
#2755 = EDGE_LOOP('',(#2756,#2757,#2758,#2779));
#2756 = ORIENTED_EDGE('',*,*,#1473,.F.);
#2757 = ORIENTED_EDGE('',*,*,#2733,.T.);
#2758 = ORIENTED_EDGE('',*,*,#2759,.T.);
#2759 = EDGE_CURVE('',#2706,#2404,#2760,.T.);
#2760 = SURFACE_CURVE('',#2761,(#2765,#2772),.PCURVE_S1.);
#2761 = LINE('',#2762,#2763);
#2762 = CARTESIAN_POINT('',(38.,-73.15,266.));
#2763 = VECTOR('',#2764,1.);
#2764 = DIRECTION('',(-0.,-0.,1.));
#2765 = PCURVE('',#1493,#2766);
#2766 = DEFINITIONAL_REPRESENTATION('',(#2767),#2771);
#2767 = LINE('',#2768,#2769);
#2768 = CARTESIAN_POINT('',(-12.2,-2.5));
#2769 = VECTOR('',#2770,1.);
#2770 = DIRECTION('',(-1.,-0.));
#2771 = ( GEOMETRIC_REPRESENTATION_CONTEXT(2) 
PARAMETRIC_REPRESENTATION_CONTEXT() REPRESENTATION_CONTEXT('2D SPACE',''
  ) );
#2772 = PCURVE('',#2417,#2773);
#2773 = DEFINITIONAL_REPRESENTATION('',(#2774),#2778);
#2774 = LINE('',#2775,#2776);
#2775 = CARTESIAN_POINT('',(-38.,0.));
#2776 = VECTOR('',#2777,1.);
#2777 = DIRECTION('',(-0.,1.));
#2778 = ( GEOMETRIC_REPRESENTATION_CONTEXT(2) 
PARAMETRIC_REPRESENTATION_CONTEXT() REPRESENTATION_CONTEXT('2D SPACE',''
  ) );
#2779 = ORIENTED_EDGE('',*,*,#2428,.F.);
#2780 = ADVANCED_FACE('',(#2781),#1902,.T.);
#2781 = FACE_BOUND('',#2782,.T.);
#2782 = EDGE_LOOP('',(#2783,#2784,#2785,#2812));
#2783 = ORIENTED_EDGE('',*,*,#1886,.T.);
#2784 = ORIENTED_EDGE('',*,*,#2283,.T.);
#2785 = ORIENTED_EDGE('',*,*,#2786,.F.);
#2786 = EDGE_CURVE('',#2787,#2239,#2789,.T.);
#2787 = VERTEX_POINT('',#2788);
#2788 = CARTESIAN_POINT('',(-100.,38.,258.));
#2789 = SURFACE_CURVE('',#2790,(#2794,#2800),.PCURVE_S1.);
#2790 = LINE('',#2791,#2792);
#2791 = CARTESIAN_POINT('',(-100.,38.,258.));
#2792 = VECTOR('',#2793,1.);
#2793 = DIRECTION('',(0.,-1.,0.));
#2794 = PCURVE('',#1902,#2795);
#2795 = DEFINITIONAL_REPRESENTATION('',(#2796),#2799);
#2796 = B_SPLINE_CURVE_WITH_KNOTS('',1,(#2797,#2798),.UNSPECIFIED.,.F.,
  .F.,(2,2),(0.,76.),.PIECEWISE_BEZIER_KNOTS.);
#2797 = CARTESIAN_POINT('',(0.,1.));
#2798 = CARTESIAN_POINT('',(83.3,1.));
#2799 = ( GEOMETRIC_REPRESENTATION_CONTEXT(2) 
PARAMETRIC_REPRESENTATION_CONTEXT() REPRESENTATION_CONTEXT('2D SPACE',''
  ) );
#2800 = PCURVE('',#2801,#2806);
#2801 = B_SPLINE_SURFACE_WITH_KNOTS('',1,1,(
    (#2802,#2803)
    ,(#2804,#2805
    )),.UNSPECIFIED.,.F.,.F.,.F.,(2,2),(2,2),(0.,76.),(0.,1.),
  .PIECEWISE_BEZIER_KNOTS.);
#2802 = CARTESIAN_POINT('',(-100.,38.,258.));
#2803 = CARTESIAN_POINT('',(-98.,26.,276.));
#2804 = CARTESIAN_POINT('',(-100.,-38.,258.));
#2805 = CARTESIAN_POINT('',(-98.,-26.,276.));
#2806 = DEFINITIONAL_REPRESENTATION('',(#2807),#2811);
#2807 = LINE('',#2808,#2809);
#2808 = CARTESIAN_POINT('',(0.,0.));
#2809 = VECTOR('',#2810,1.);
#2810 = DIRECTION('',(1.,0.));
#2811 = ( GEOMETRIC_REPRESENTATION_CONTEXT(2) 
PARAMETRIC_REPRESENTATION_CONTEXT() REPRESENTATION_CONTEXT('2D SPACE',''
  ) );
#2812 = ORIENTED_EDGE('',*,*,#2813,.F.);
#2813 = EDGE_CURVE('',#1887,#2787,#2814,.T.);
#2814 = SURFACE_CURVE('',#2815,(#2818,#2825),.PCURVE_S1.);
#2815 = B_SPLINE_CURVE_WITH_KNOTS('',1,(#2816,#2817),.UNSPECIFIED.,.F.,
  .F.,(2,2),(0.,1.),.PIECEWISE_BEZIER_KNOTS.);
#2816 = CARTESIAN_POINT('',(-101.4,41.65,238.));
#2817 = CARTESIAN_POINT('',(-100.,38.,258.));
#2818 = PCURVE('',#1902,#2819);
#2819 = DEFINITIONAL_REPRESENTATION('',(#2820),#2824);
#2820 = LINE('',#2821,#2822);
#2821 = CARTESIAN_POINT('',(0.,0.));
#2822 = VECTOR('',#2823,1.);
#2823 = DIRECTION('',(0.,1.));
#2824 = ( GEOMETRIC_REPRESENTATION_CONTEXT(2) 
PARAMETRIC_REPRESENTATION_CONTEXT() REPRESENTATION_CONTEXT('2D SPACE',''
  ) );
#2825 = PCURVE('',#2011,#2826);
#2826 = DEFINITIONAL_REPRESENTATION('',(#2827),#2831);
#2827 = LINE('',#2828,#2829);
#2828 = CARTESIAN_POINT('',(1.570796318693,0.));
#2829 = VECTOR('',#2830,1.);
#2830 = DIRECTION('',(0.,1.));
#2831 = ( GEOMETRIC_REPRESENTATION_CONTEXT(2) 
PARAMETRIC_REPRESENTATION_CONTEXT() REPRESENTATION_CONTEXT('2D SPACE',''
  ) );
#2832 = ADVANCED_FACE('',(#2833),#1976,.T.);
#2833 = FACE_BOUND('',#2834,.T.);
#2834 = EDGE_LOOP('',(#2835,#2836,#2858,#2883));
#2835 = ORIENTED_EDGE('',*,*,#1962,.T.);
#2836 = ORIENTED_EDGE('',*,*,#2837,.T.);
#2837 = EDGE_CURVE('',#1940,#2838,#2840,.T.);
#2838 = VERTEX_POINT('',#2839);
#2839 = CARTESIAN_POINT('',(100.,38.,258.));
#2840 = SURFACE_CURVE('',#2841,(#2844,#2851),.PCURVE_S1.);
#2841 = B_SPLINE_CURVE_WITH_KNOTS('',1,(#2842,#2843),.UNSPECIFIED.,.F.,
  .F.,(2,2),(0.,1.),.PIECEWISE_BEZIER_KNOTS.);
#2842 = CARTESIAN_POINT('',(101.4,41.65,238.));
#2843 = CARTESIAN_POINT('',(100.,38.,258.));
#2844 = PCURVE('',#1976,#2845);
#2845 = DEFINITIONAL_REPRESENTATION('',(#2846),#2850);
#2846 = LINE('',#2847,#2848);
#2847 = CARTESIAN_POINT('',(83.3,0.));
#2848 = VECTOR('',#2849,1.);
#2849 = DIRECTION('',(0.,1.));
#2850 = ( GEOMETRIC_REPRESENTATION_CONTEXT(2) 
PARAMETRIC_REPRESENTATION_CONTEXT() REPRESENTATION_CONTEXT('2D SPACE',''
  ) );
#2851 = PCURVE('',#2102,#2852);
#2852 = DEFINITIONAL_REPRESENTATION('',(#2853),#2857);
#2853 = LINE('',#2854,#2855);
#2854 = CARTESIAN_POINT('',(0.,0.));
#2855 = VECTOR('',#2856,1.);
#2856 = DIRECTION('',(0.,1.));
#2857 = ( GEOMETRIC_REPRESENTATION_CONTEXT(2) 
PARAMETRIC_REPRESENTATION_CONTEXT() REPRESENTATION_CONTEXT('2D SPACE',''
  ) );
#2858 = ORIENTED_EDGE('',*,*,#2859,.F.);
#2859 = EDGE_CURVE('',#2168,#2838,#2860,.T.);
#2860 = SURFACE_CURVE('',#2861,(#2865,#2871),.PCURVE_S1.);
#2861 = LINE('',#2862,#2863);
#2862 = CARTESIAN_POINT('',(100.,-38.,258.));
#2863 = VECTOR('',#2864,1.);
#2864 = DIRECTION('',(0.,1.,0.));
#2865 = PCURVE('',#1976,#2866);
#2866 = DEFINITIONAL_REPRESENTATION('',(#2867),#2870);
#2867 = B_SPLINE_CURVE_WITH_KNOTS('',1,(#2868,#2869),.UNSPECIFIED.,.F.,
  .F.,(2,2),(0.,76.),.PIECEWISE_BEZIER_KNOTS.);
#2868 = CARTESIAN_POINT('',(0.,1.));
#2869 = CARTESIAN_POINT('',(83.3,1.));
#2870 = ( GEOMETRIC_REPRESENTATION_CONTEXT(2) 
PARAMETRIC_REPRESENTATION_CONTEXT() REPRESENTATION_CONTEXT('2D SPACE',''
  ) );
#2871 = PCURVE('',#2872,#2877);
#2872 = B_SPLINE_SURFACE_WITH_KNOTS('',1,1,(
    (#2873,#2874)
    ,(#2875,#2876
    )),.UNSPECIFIED.,.F.,.F.,.F.,(2,2),(2,2),(0.,76.),(0.,1.),
  .PIECEWISE_BEZIER_KNOTS.);
#2873 = CARTESIAN_POINT('',(100.,-38.,258.));
#2874 = CARTESIAN_POINT('',(98.,-26.,276.));
#2875 = CARTESIAN_POINT('',(100.,38.,258.));
#2876 = CARTESIAN_POINT('',(98.,26.,276.));
#2877 = DEFINITIONAL_REPRESENTATION('',(#2878),#2882);
#2878 = LINE('',#2879,#2880);
#2879 = CARTESIAN_POINT('',(0.,0.));
#2880 = VECTOR('',#2881,1.);
#2881 = DIRECTION('',(1.,0.));
#2882 = ( GEOMETRIC_REPRESENTATION_CONTEXT(2) 
PARAMETRIC_REPRESENTATION_CONTEXT() REPRESENTATION_CONTEXT('2D SPACE',''
  ) );
#2883 = ORIENTED_EDGE('',*,*,#2167,.F.);
#2884 = ADVANCED_FACE('',(#2885),#2011,.T.);
#2885 = FACE_BOUND('',#2886,.T.);
#2886 = EDGE_LOOP('',(#2887,#2888,#2889,#2934));
#2887 = ORIENTED_EDGE('',*,*,#1994,.T.);
#2888 = ORIENTED_EDGE('',*,*,#2813,.T.);
#2889 = ORIENTED_EDGE('',*,*,#2890,.F.);
#2890 = EDGE_CURVE('',#2891,#2787,#2893,.T.);
#2891 = VERTEX_POINT('',#2892);
#2892 = CARTESIAN_POINT('',(-64.,74.,258.));
#2893 = SURFACE_CURVE('',#2894,(#2899,#2906),.PCURVE_S1.);
#2894 = CIRCLE('',#2895,36.000000145841);
#2895 = AXIS2_PLACEMENT_3D('',#2896,#2897,#2898);
#2896 = CARTESIAN_POINT('',(-63.99999985415,37.999999854159,258.));
#2897 = DIRECTION('',(0.,0.,1.));
#2898 = DIRECTION('',(-4.05112662761E-09,1.,0.));
#2899 = PCURVE('',#2011,#2900);
#2900 = DEFINITIONAL_REPRESENTATION('',(#2901),#2905);
#2901 = LINE('',#2902,#2903);
#2902 = CARTESIAN_POINT('',(0.,1.));
#2903 = VECTOR('',#2904,1.);
#2904 = DIRECTION('',(1.,0.));
#2905 = ( GEOMETRIC_REPRESENTATION_CONTEXT(2) 
PARAMETRIC_REPRESENTATION_CONTEXT() REPRESENTATION_CONTEXT('2D SPACE',''
  ) );
#2906 = PCURVE('',#2907,#2928);
#2907 = B_SPLINE_SURFACE_WITH_KNOTS('',9,1,(
    (#2908,#2909)
    ,(#2910,#2911)
    ,(#2912,#2913)
    ,(#2914,#2915)
    ,(#2916,#2917)
    ,(#2918,#2919)
    ,(#2920,#2921)
    ,(#2922,#2923)
    ,(#2924,#2925)
    ,(#2926,#2927
    )),.UNSPECIFIED.,.F.,.F.,.F.,(10,10),(2,2),(0.,1.570796318693),(0.,
    1.),.PIECEWISE_BEZIER_KNOTS.);
#2908 = CARTESIAN_POINT('',(-64.,74.,258.));
#2909 = CARTESIAN_POINT('',(-54.,70.,276.));
#2910 = CARTESIAN_POINT('',(-70.28318530022,73.999999974545,
    257.99999999999));
#2911 = CARTESIAN_POINT('',(-61.67944870027,69.999999968891,276.));
#2912 = CARTESIAN_POINT('',(-76.56637068549,72.766299506425,258.));
#2913 = CARTESIAN_POINT('',(-69.35889750448,68.492143841177,
    275.99999999997));
#2914 = CARTESIAN_POINT('',(-82.57271364108,70.298897733623,
    257.99999999998));
#2915 = CARTESIAN_POINT('',(-76.69998333912,65.476430563336,
    276.00000000005));
#2916 = CARTESIAN_POINT('',(-88.02537557086,66.670275366632,
    258.00000000002));
#2917 = CARTESIAN_POINT('',(-83.36434791991,61.041447670303,
    275.99999999993));
#2918 = CARTESIAN_POINT('',(-92.67027536661,62.025375570847,
    257.99999999998));
#2919 = CARTESIAN_POINT('',(-89.04144767033,55.364347919947,
    276.00000000006));
#2920 = CARTESIAN_POINT('',(-96.29889773363,56.572713641098,258.));
#2921 = CARTESIAN_POINT('',(-93.47643056331,48.699983339105,
    275.99999999995));
#2922 = CARTESIAN_POINT('',(-98.76629950641,50.566370685489,
    257.99999999999));
#2923 = CARTESIAN_POINT('',(-96.49214384118,41.358897504493,
    276.00000000002));
#2924 = CARTESIAN_POINT('',(-99.99999997454,44.283185300225,258.));
#2925 = CARTESIAN_POINT('',(-97.99999996888,33.679448700273,
    275.99999999999));
#2926 = CARTESIAN_POINT('',(-100.,38.,258.));
#2927 = CARTESIAN_POINT('',(-98.,26.,276.));
#2928 = DEFINITIONAL_REPRESENTATION('',(#2929),#2933);
#2929 = LINE('',#2930,#2931);
#2930 = CARTESIAN_POINT('',(0.,0.));
#2931 = VECTOR('',#2932,1.);
#2932 = DIRECTION('',(1.,0.));
#2933 = ( GEOMETRIC_REPRESENTATION_CONTEXT(2) 
PARAMETRIC_REPRESENTATION_CONTEXT() REPRESENTATION_CONTEXT('2D SPACE',''
  ) );
#2934 = ORIENTED_EDGE('',*,*,#2935,.F.);
#2935 = EDGE_CURVE('',#1995,#2891,#2936,.T.);
#2936 = SURFACE_CURVE('',#2937,(#2940,#2947),.PCURVE_S1.);
#2937 = B_SPLINE_CURVE_WITH_KNOTS('',1,(#2938,#2939),.UNSPECIFIED.,.F.,
  .F.,(2,2),(0.,1.),.PIECEWISE_BEZIER_KNOTS.);
#2938 = CARTESIAN_POINT('',(-67.4,75.65,238.));
#2939 = CARTESIAN_POINT('',(-64.,74.,258.));
#2940 = PCURVE('',#2011,#2941);
#2941 = DEFINITIONAL_REPRESENTATION('',(#2942),#2946);
#2942 = LINE('',#2943,#2944);
#2943 = CARTESIAN_POINT('',(0.,0.));
#2944 = VECTOR('',#2945,1.);
#2945 = DIRECTION('',(0.,1.));
#2946 = ( GEOMETRIC_REPRESENTATION_CONTEXT(2) 
PARAMETRIC_REPRESENTATION_CONTEXT() REPRESENTATION_CONTEXT('2D SPACE',''
  ) );
#2947 = PCURVE('',#2150,#2948);
#2948 = DEFINITIONAL_REPRESENTATION('',(#2949),#2953);
#2949 = LINE('',#2950,#2951);
#2950 = CARTESIAN_POINT('',(134.8,0.));
#2951 = VECTOR('',#2952,1.);
#2952 = DIRECTION('',(0.,1.));
#2953 = ( GEOMETRIC_REPRESENTATION_CONTEXT(2) 
PARAMETRIC_REPRESENTATION_CONTEXT() REPRESENTATION_CONTEXT('2D SPACE',''
  ) );
#2954 = ADVANCED_FACE('',(#2955),#2102,.T.);
#2955 = FACE_BOUND('',#2956,.T.);
#2956 = EDGE_LOOP('',(#2957,#2958,#2980,#3023));
#2957 = ORIENTED_EDGE('',*,*,#2087,.T.);
#2958 = ORIENTED_EDGE('',*,*,#2959,.T.);
#2959 = EDGE_CURVE('',#2065,#2960,#2962,.T.);
#2960 = VERTEX_POINT('',#2961);
#2961 = CARTESIAN_POINT('',(64.,74.,258.));
#2962 = SURFACE_CURVE('',#2963,(#2966,#2973),.PCURVE_S1.);
#2963 = B_SPLINE_CURVE_WITH_KNOTS('',1,(#2964,#2965),.UNSPECIFIED.,.F.,
  .F.,(2,2),(0.,1.),.PIECEWISE_BEZIER_KNOTS.);
#2964 = CARTESIAN_POINT('',(67.4,75.65,238.));
#2965 = CARTESIAN_POINT('',(64.,74.,258.));
#2966 = PCURVE('',#2102,#2967);
#2967 = DEFINITIONAL_REPRESENTATION('',(#2968),#2972);
#2968 = LINE('',#2969,#2970);
#2969 = CARTESIAN_POINT('',(1.570796318693,0.));
#2970 = VECTOR('',#2971,1.);
#2971 = DIRECTION('',(0.,1.));
#2972 = ( GEOMETRIC_REPRESENTATION_CONTEXT(2) 
PARAMETRIC_REPRESENTATION_CONTEXT() REPRESENTATION_CONTEXT('2D SPACE',''
  ) );
#2973 = PCURVE('',#2150,#2974);
#2974 = DEFINITIONAL_REPRESENTATION('',(#2975),#2979);
#2975 = LINE('',#2976,#2977);
#2976 = CARTESIAN_POINT('',(0.,0.));
#2977 = VECTOR('',#2978,1.);
#2978 = DIRECTION('',(0.,1.));
#2979 = ( GEOMETRIC_REPRESENTATION_CONTEXT(2) 
PARAMETRIC_REPRESENTATION_CONTEXT() REPRESENTATION_CONTEXT('2D SPACE',''
  ) );
#2980 = ORIENTED_EDGE('',*,*,#2981,.F.);
#2981 = EDGE_CURVE('',#2838,#2960,#2982,.T.);
#2982 = SURFACE_CURVE('',#2983,(#2988,#2995),.PCURVE_S1.);
#2983 = CIRCLE('',#2984,36.000000145841);
#2984 = AXIS2_PLACEMENT_3D('',#2985,#2986,#2987);
#2985 = CARTESIAN_POINT('',(63.999999854159,37.999999854159,258.));
#2986 = DIRECTION('',(0.,0.,1.));
#2987 = DIRECTION('',(1.,4.051126824983E-09,-0.));
#2988 = PCURVE('',#2102,#2989);
#2989 = DEFINITIONAL_REPRESENTATION('',(#2990),#2994);
#2990 = LINE('',#2991,#2992);
#2991 = CARTESIAN_POINT('',(0.,1.));
#2992 = VECTOR('',#2993,1.);
#2993 = DIRECTION('',(1.,0.));
#2994 = ( GEOMETRIC_REPRESENTATION_CONTEXT(2) 
PARAMETRIC_REPRESENTATION_CONTEXT() REPRESENTATION_CONTEXT('2D SPACE',''
  ) );
#2995 = PCURVE('',#2996,#3017);
#2996 = B_SPLINE_SURFACE_WITH_KNOTS('',9,1,(
    (#2997,#2998)
    ,(#2999,#3000)
    ,(#3001,#3002)
    ,(#3003,#3004)
    ,(#3005,#3006)
    ,(#3007,#3008)
    ,(#3009,#3010)
    ,(#3011,#3012)
    ,(#3013,#3014)
    ,(#3015,#3016
    )),.UNSPECIFIED.,.F.,.F.,.F.,(10,10),(2,2),(0.,1.570796318693),(0.,
    1.),.PIECEWISE_BEZIER_KNOTS.);
#2997 = CARTESIAN_POINT('',(100.,38.,258.));
#2998 = CARTESIAN_POINT('',(98.,26.,276.));
#2999 = CARTESIAN_POINT('',(99.999999974546,44.283185300224,
    257.99999999999));
#3000 = CARTESIAN_POINT('',(97.999999968892,33.679448700276,276.));
#3001 = CARTESIAN_POINT('',(98.766299506424,50.566370685492,258.));
#3002 = CARTESIAN_POINT('',(96.492143841172,41.358897504484,
    275.99999999997));
#3003 = CARTESIAN_POINT('',(96.298897733625,56.572713641091,
    257.99999999998));
#3004 = CARTESIAN_POINT('',(93.476430563344,48.699983339123,
    276.00000000005));
#3005 = CARTESIAN_POINT('',(92.670275366629,62.025375570858,
    258.00000000002));
#3006 = CARTESIAN_POINT('',(89.041447670292,55.364347919922,
    275.99999999993));
#3007 = CARTESIAN_POINT('',(88.025375570851,66.670275366621,
    257.99999999998));
#3008 = CARTESIAN_POINT('',(83.364347919958,61.041447670329,
    276.00000000006));
#3009 = CARTESIAN_POINT('',(82.572713641095,70.29889773363,258.));
#3010 = CARTESIAN_POINT('',(76.699983339097,65.476430563317,
    275.99999999995));
#3011 = CARTESIAN_POINT('',(76.56637068549,72.766299506422,
    257.99999999999));
#3012 = CARTESIAN_POINT('',(69.358897504496,68.492143841186,
    276.00000000002));
#3013 = CARTESIAN_POINT('',(70.283185300225,73.999999974546,258.));
#3014 = CARTESIAN_POINT('',(61.679448700272,69.999999968889,
    275.99999999999));
#3015 = CARTESIAN_POINT('',(64.,74.,258.));
#3016 = CARTESIAN_POINT('',(54.,70.,276.));
#3017 = DEFINITIONAL_REPRESENTATION('',(#3018),#3022);
#3018 = LINE('',#3019,#3020);
#3019 = CARTESIAN_POINT('',(0.,0.));
#3020 = VECTOR('',#3021,1.);
#3021 = DIRECTION('',(1.,0.));
#3022 = ( GEOMETRIC_REPRESENTATION_CONTEXT(2) 
PARAMETRIC_REPRESENTATION_CONTEXT() REPRESENTATION_CONTEXT('2D SPACE',''
  ) );
#3023 = ORIENTED_EDGE('',*,*,#2837,.F.);
#3024 = ADVANCED_FACE('',(#3025),#2150,.T.);
#3025 = FACE_BOUND('',#3026,.T.);
#3026 = EDGE_LOOP('',(#3027,#3028,#3029,#3030,#3057,#3091,#3206,#3231,
    #3361,#3395));
#3027 = ORIENTED_EDGE('',*,*,#2959,.F.);
#3028 = ORIENTED_EDGE('',*,*,#2136,.T.);
#3029 = ORIENTED_EDGE('',*,*,#2935,.T.);
#3030 = ORIENTED_EDGE('',*,*,#3031,.F.);
#3031 = EDGE_CURVE('',#3032,#2891,#3034,.T.);
#3032 = VERTEX_POINT('',#3033);
#3033 = CARTESIAN_POINT('',(-38.,74.,258.));
#3034 = SURFACE_CURVE('',#3035,(#3039,#3045),.PCURVE_S1.);
#3035 = LINE('',#3036,#3037);
#3036 = CARTESIAN_POINT('',(64.,74.,258.));
#3037 = VECTOR('',#3038,1.);
#3038 = DIRECTION('',(-1.,0.,0.));
#3039 = PCURVE('',#2150,#3040);
#3040 = DEFINITIONAL_REPRESENTATION('',(#3041),#3044);
#3041 = B_SPLINE_CURVE_WITH_KNOTS('',1,(#3042,#3043),.UNSPECIFIED.,.F.,
  .F.,(2,2),(0.,128.),.PIECEWISE_BEZIER_KNOTS.);
#3042 = CARTESIAN_POINT('',(0.,1.));
#3043 = CARTESIAN_POINT('',(134.8,1.));
#3044 = ( GEOMETRIC_REPRESENTATION_CONTEXT(2) 
PARAMETRIC_REPRESENTATION_CONTEXT() REPRESENTATION_CONTEXT('2D SPACE',''
  ) );
#3045 = PCURVE('',#3046,#3051);
#3046 = B_SPLINE_SURFACE_WITH_KNOTS('',1,1,(
    (#3047,#3048)
    ,(#3049,#3050
    )),.UNSPECIFIED.,.F.,.F.,.F.,(2,2),(2,2),(0.,128.),(0.,1.),
  .PIECEWISE_BEZIER_KNOTS.);
#3047 = CARTESIAN_POINT('',(64.,74.,258.));
#3048 = CARTESIAN_POINT('',(54.,70.,276.));
#3049 = CARTESIAN_POINT('',(-64.,74.,258.));
#3050 = CARTESIAN_POINT('',(-54.,70.,276.));
#3051 = DEFINITIONAL_REPRESENTATION('',(#3052),#3056);
#3052 = LINE('',#3053,#3054);
#3053 = CARTESIAN_POINT('',(0.,0.));
#3054 = VECTOR('',#3055,1.);
#3055 = DIRECTION('',(1.,0.));
#3056 = ( GEOMETRIC_REPRESENTATION_CONTEXT(2) 
PARAMETRIC_REPRESENTATION_CONTEXT() REPRESENTATION_CONTEXT('2D SPACE',''
  ) );
#3057 = ORIENTED_EDGE('',*,*,#3058,.F.);
#3058 = EDGE_CURVE('',#3059,#3032,#3061,.T.);
#3059 = VERTEX_POINT('',#3060);
#3060 = CARTESIAN_POINT('',(-38.,74.3465,253.8));
#3061 = SURFACE_CURVE('',#3062,(#3068,#3077),.PCURVE_S1.);
#3062 = B_SPLINE_CURVE_WITH_KNOTS('',4,(#3063,#3064,#3065,#3066,#3067),
  .UNSPECIFIED.,.F.,.F.,(5,5),(0.,1.),.PIECEWISE_BEZIER_KNOTS.);
#3063 = CARTESIAN_POINT('',(-38.,74.3465,253.8));
#3064 = CARTESIAN_POINT('',(-38.,74.259864684356,254.8501250381));
#3065 = CARTESIAN_POINT('',(-38.,74.173236121693,255.9001682219));
#3066 = CARTESIAN_POINT('',(-38.,74.086614495196,256.95012733095));
#3067 = CARTESIAN_POINT('',(-38.,74.,258.));
#3068 = PCURVE('',#2150,#3069);
#3069 = DEFINITIONAL_REPRESENTATION('',(#3070),#3076);
#3070 = B_SPLINE_CURVE_WITH_KNOTS('',4,(#3071,#3072,#3073,#3074,#3075),
  .UNSPECIFIED.,.F.,.F.,(5,5),(0.,1.),.PIECEWISE_BEZIER_KNOTS.);
#3071 = CARTESIAN_POINT('',(106.97721667988,0.79));
#3072 = CARTESIAN_POINT('',(107.08639513354,0.842506251905));
#3073 = CARTESIAN_POINT('',(107.19636822104,0.895008411095));
#3074 = CARTESIAN_POINT('',(107.30714874033,0.947506366548));
#3075 = CARTESIAN_POINT('',(107.41875,1.));
#3076 = ( GEOMETRIC_REPRESENTATION_CONTEXT(2) 
PARAMETRIC_REPRESENTATION_CONTEXT() REPRESENTATION_CONTEXT('2D SPACE',''
  ) );
#3077 = PCURVE('',#3078,#3083);
#3078 = PLANE('',#3079);
#3079 = AXIS2_PLACEMENT_3D('',#3080,#3081,#3082);
#3080 = CARTESIAN_POINT('',(-38.,75.65,253.8));
#3081 = DIRECTION('',(-1.,0.,0.));
#3082 = DIRECTION('',(0.,0.,1.));
#3083 = DEFINITIONAL_REPRESENTATION('',(#3084),#3090);
#3084 = B_SPLINE_CURVE_WITH_KNOTS('',4,(#3085,#3086,#3087,#3088,#3089),
  .UNSPECIFIED.,.F.,.F.,(5,5),(0.,1.),.PIECEWISE_BEZIER_KNOTS.);
#3085 = CARTESIAN_POINT('',(-1.06581410364E-14,-1.3035));
#3086 = CARTESIAN_POINT('',(1.050125038103,-1.390135315644));
#3087 = CARTESIAN_POINT('',(2.1001682219,-1.476763878307));
#3088 = CARTESIAN_POINT('',(3.150127330954,-1.563385504804));
#3089 = CARTESIAN_POINT('',(4.2,-1.65));
#3090 = ( GEOMETRIC_REPRESENTATION_CONTEXT(2) 
PARAMETRIC_REPRESENTATION_CONTEXT() REPRESENTATION_CONTEXT('2D SPACE',''
  ) );
#3091 = ORIENTED_EDGE('',*,*,#3092,.T.);
#3092 = EDGE_CURVE('',#3059,#3093,#3095,.T.);
#3093 = VERTEX_POINT('',#3094);
#3094 = CARTESIAN_POINT('',(-31.7,74.86625,247.5));
#3095 = SURFACE_CURVE('',#3096,(#3129,#3165),.PCURVE_S1.);
#3096 = B_SPLINE_CURVE_WITH_KNOTS('',7,(#3097,#3098,#3099,#3100,#3101,
    #3102,#3103,#3104,#3105,#3106,#3107,#3108,#3109,#3110,#3111,#3112,
    #3113,#3114,#3115,#3116,#3117,#3118,#3119,#3120,#3121,#3122,#3123,
    #3124,#3125,#3126,#3127,#3128),.UNSPECIFIED.,.F.,.F.,(8,6,6,6,6,8),(
    0.,0.14048444408,0.259389126408,0.420311747776,0.711116267822,1.),
  .UNSPECIFIED.);
#3097 = CARTESIAN_POINT('',(-38.,74.3465,253.8));
#3098 = CARTESIAN_POINT('',(-38.,74.366758688054,253.5544401448));
#3099 = CARTESIAN_POINT('',(-37.98883324106,74.386924361391,
    253.31000774071));
#3100 = CARTESIAN_POINT('',(-37.96668518242,74.406894267523,
    253.06794827245));
#3101 = CARTESIAN_POINT('',(-37.9339520935,74.42658242414,
    252.82930394982));
#3102 = CARTESIAN_POINT('',(-37.89116048503,74.445917455773,
    252.59493993002));
#3103 = CARTESIAN_POINT('',(-37.83891032151,74.464841002981,
    252.36556360023));
#3104 = CARTESIAN_POINT('',(-37.72615438773,74.498935895839,
    251.95229217165));
#3105 = CARTESIAN_POINT('',(-37.66814314303,74.514238923022,
    251.76680093307));
#3106 = CARTESIAN_POINT('',(-37.60418344554,74.529190974994,
    251.58556393946));
#3107 = CARTESIAN_POINT('',(-37.53465634549,74.543773626388,
    251.40880452862));
#3108 = CARTESIAN_POINT('',(-37.45993632696,74.557974014437,
    251.23667861288));
#3109 = CARTESIAN_POINT('',(-37.38037885605,74.571784016346,
    251.06928465035));
#3110 = CARTESIAN_POINT('',(-37.18252844052,74.603355507236,
    250.68659991229));
#3111 = CARTESIAN_POINT('',(-37.06049675102,74.620786608963,
    250.47531383075));
#3112 = CARTESIAN_POINT('',(-36.93100909155,74.637484772834,
    250.27291184443));
#3113 = CARTESIAN_POINT('',(-36.79479744961,74.653448627174,
    250.0794105797));
#3114 = CARTESIAN_POINT('',(-36.6525195907,74.668682275473,
    249.89476029729));
#3115 = CARTESIAN_POINT('',(-36.50474907967,74.683194184232,
    249.71885837295));
#3116 = CARTESIAN_POINT('',(-36.07586855016,74.721937567299,
    249.24924160849));
#3117 = CARTESIAN_POINT('',(-35.78354776053,74.744547049721,
    248.9751872761));
#3118 = CARTESIAN_POINT('',(-35.47778006041,74.764904998848,
    248.72842425639));
#3119 = CARTESIAN_POINT('',(-35.16086189924,74.783070927049,
    248.50823118728));
#3120 = CARTESIAN_POINT('',(-34.83472137517,74.799103997955,
    248.31389093388));
#3121 = CARTESIAN_POINT('',(-34.50088813804,74.813057496762,
    248.144757615));
#3122 = CARTESIAN_POINT('',(-33.82230268379,74.836808068926,
    247.8568718918));
#3123 = CARTESIAN_POINT('',(-33.47780777398,74.846626013324,
    247.73786650515));
#3124 = CARTESIAN_POINT('',(-33.12819726409,74.854465272944,
    247.64284517643));
#3125 = CARTESIAN_POINT('',(-32.77459366611,74.860345623169,
    247.57156820401));
#3126 = CARTESIAN_POINT('',(-32.4180487488,74.864274961268,
    247.52393986341));
#3127 = CARTESIAN_POINT('',(-32.05954771674,74.86625,247.5));
#3128 = CARTESIAN_POINT('',(-31.7,74.86625,247.5));
#3129 = PCURVE('',#2150,#3130);
#3130 = DEFINITIONAL_REPRESENTATION('',(#3131),#3164);
#3131 = B_SPLINE_CURVE_WITH_KNOTS('',7,(#3132,#3133,#3134,#3135,#3136,
    #3137,#3138,#3139,#3140,#3141,#3142,#3143,#3144,#3145,#3146,#3147,
    #3148,#3149,#3150,#3151,#3152,#3153,#3154,#3155,#3156,#3157,#3158,
    #3159,#3160,#3161,#3162,#3163),.UNSPECIFIED.,.F.,.F.,(8,6,6,6,6,8),(
    0.,0.14048444408,0.259389126408,0.420311747776,0.711116267822,1.),
  .UNSPECIFIED.);
#3132 = CARTESIAN_POINT('',(106.97721667645,0.79));
#3133 = CARTESIAN_POINT('',(106.95168653071,0.77772200724));
#3134 = CARTESIAN_POINT('',(106.91468178122,0.765500387036));
#3135 = CARTESIAN_POINT('',(106.86655587568,0.753397413623));
#3136 = CARTESIAN_POINT('',(106.80785797642,0.741465197491));
#3137 = CARTESIAN_POINT('',(106.73924944342,0.729746996501));
#3138 = CARTESIAN_POINT('',(106.66144582911,0.718278180012));
#3139 = CARTESIAN_POINT('',(106.50217352831,0.697614608583));
#3140 = CARTESIAN_POINT('',(106.42309464942,0.688340046653));
#3141 = CARTESIAN_POINT('',(106.33837711078,0.679278196973));
#3142 = CARTESIAN_POINT('',(106.24844565012,0.670440226431));
#3143 = CARTESIAN_POINT('',(106.15370887731,0.661833930644));
#3144 = CARTESIAN_POINT('',(106.05454777121,0.653464232517));
#3145 = CARTESIAN_POINT('',(105.81157687948,0.634329995615));
#3146 = CARTESIAN_POINT('',(105.66439000315,0.623765691538));
#3147 = CARTESIAN_POINT('',(105.51058075498,0.613645592222));
#3148 = CARTESIAN_POINT('',(105.35090623783,0.603970528985));
#3149 = CARTESIAN_POINT('',(105.18603586607,0.594738014865));
#3150 = CARTESIAN_POINT('',(105.01654378149,0.585942918648));
#3151 = CARTESIAN_POINT('',(104.52911053565,0.562462080425));
#3152 = CARTESIAN_POINT('',(104.20193358871,0.548759363805));
#3153 = CARTESIAN_POINT('',(103.86408337609,0.53642121282));
#3154 = CARTESIAN_POINT('',(103.51778075202,0.525411559364));
#3155 = CARTESIAN_POINT('',(103.16485599704,0.515694546694));
#3156 = CARTESIAN_POINT('',(102.80673184183,0.50723788075));
#3157 = CARTESIAN_POINT('',(102.08448230423,0.49284359459));
#3158 = CARTESIAN_POINT('',(101.72059377596,0.486893325258));
#3159 = CARTESIAN_POINT('',(101.35385442444,0.482142258822));
#3160 = CARTESIAN_POINT('',(100.98530145984,0.478578410201));
#3161 = CARTESIAN_POINT('',(100.61591040344,0.476196993171));
#3162 = CARTESIAN_POINT('',(100.24659901358,0.475));
#3163 = CARTESIAN_POINT('',(99.878224519267,0.475));
#3164 = ( GEOMETRIC_REPRESENTATION_CONTEXT(2) 
PARAMETRIC_REPRESENTATION_CONTEXT() REPRESENTATION_CONTEXT('2D SPACE',''
  ) );
#3165 = PCURVE('',#3166,#3171);
#3166 = CYLINDRICAL_SURFACE('',#3167,6.3);
#3167 = AXIS2_PLACEMENT_3D('',#3168,#3169,#3170);
#3168 = CARTESIAN_POINT('',(-31.7,75.65,253.8));
#3169 = DIRECTION('',(-0.,1.,-0.));
#3170 = DIRECTION('',(1.,0.,0.));
#3171 = DEFINITIONAL_REPRESENTATION('',(#3172),#3205);
#3172 = B_SPLINE_CURVE_WITH_KNOTS('',7,(#3173,#3174,#3175,#3176,#3177,
    #3178,#3179,#3180,#3181,#3182,#3183,#3184,#3185,#3186,#3187,#3188,
    #3189,#3190,#3191,#3192,#3193,#3194,#3195,#3196,#3197,#3198,#3199,
    #3200,#3201,#3202,#3203,#3204),.UNSPECIFIED.,.F.,.F.,(8,6,6,6,6,8),(
    0.,0.14048444408,0.259389126408,0.420311747776,0.711116267822,1.),
  .UNSPECIFIED.);
#3173 = CARTESIAN_POINT('',(-3.14159265359,-1.3035));
#3174 = CARTESIAN_POINT('',(-3.180570408383,-1.283241311946));
#3175 = CARTESIAN_POINT('',(-3.21936918437,-1.263075638609));
#3176 = CARTESIAN_POINT('',(-3.257888111733,-1.243105732477));
#3177 = CARTESIAN_POINT('',(-3.296054223332,-1.223417575861));
#3178 = CARTESIAN_POINT('',(-3.333812549136,-1.204082544227));
#3179 = CARTESIAN_POINT('',(-3.371120604797,-1.185158997019));
#3180 = CARTESIAN_POINT('',(-3.439117013318,-1.151064104161));
#3181 = CARTESIAN_POINT('',(-3.469945495584,-1.135761076978));
#3182 = CARTESIAN_POINT('',(-3.500420644982,-1.120809025006));
#3183 = CARTESIAN_POINT('',(-3.530536679117,-1.106226373612));
#3184 = CARTESIAN_POINT('',(-3.56029343671,-1.092025985563));
#3185 = CARTESIAN_POINT('',(-3.589695704929,-1.078215983654));
#3186 = CARTESIAN_POINT('',(-3.658077349202,-1.046644492764));
#3187 = CARTESIAN_POINT('',(-3.69676463568,-1.029213391037));
#3188 = CARTESIAN_POINT('',(-3.734842189811,-1.012515227166));
#3189 = CARTESIAN_POINT('',(-3.772339032858,-0.996551372826));
#3190 = CARTESIAN_POINT('',(-3.80928683265,-0.981317724527));
#3191 = CARTESIAN_POINT('',(-3.845721312563,-0.966805815768));
#3192 = CARTESIAN_POINT('',(-3.946671498978,-0.928062432701));
#3193 = CARTESIAN_POINT('',(-4.010082905751,-0.905452950279));
#3194 = CARTESIAN_POINT('',(-4.072183059999,-0.885095001152));
#3195 = CARTESIAN_POINT('',(-4.133161957719,-0.866929072951));
#3196 = CARTESIAN_POINT('',(-4.193196987195,-0.850896002045));
#3197 = CARTESIAN_POINT('',(-4.252462951926,-0.836942503238));
#3198 = CARTESIAN_POINT('',(-4.369467258551,-0.813191931074));
#3199 = CARTESIAN_POINT('',(-4.427183750955,-0.803373986676));
#3200 = CARTESIAN_POINT('',(-4.484484217872,-0.795534727056));
#3201 = CARTESIAN_POINT('',(-4.541515261409,-0.789654376831));
#3202 = CARTESIAN_POINT('',(-4.598412850213,-0.785725038732));
#3203 = CARTESIAN_POINT('',(-4.655317914235,-0.78375));
#3204 = CARTESIAN_POINT('',(-4.712388980385,-0.78375));
#3205 = ( GEOMETRIC_REPRESENTATION_CONTEXT(2) 
PARAMETRIC_REPRESENTATION_CONTEXT() REPRESENTATION_CONTEXT('2D SPACE',''
  ) );
#3206 = ORIENTED_EDGE('',*,*,#3207,.T.);
#3207 = EDGE_CURVE('',#3093,#3208,#3210,.T.);
#3208 = VERTEX_POINT('',#3209);
#3209 = CARTESIAN_POINT('',(31.7,74.86625,247.5));
#3210 = SURFACE_CURVE('',#3211,(#3214,#3220),.PCURVE_S1.);
#3211 = B_SPLINE_CURVE_WITH_KNOTS('',1,(#3212,#3213),.UNSPECIFIED.,.F.,
  .F.,(2,2),(0.,1.),.PIECEWISE_BEZIER_KNOTS.);
#3212 = CARTESIAN_POINT('',(-31.7,74.86625,247.5));
#3213 = CARTESIAN_POINT('',(31.7,74.86625,247.5));
#3214 = PCURVE('',#2150,#3215);
#3215 = DEFINITIONAL_REPRESENTATION('',(#3216),#3219);
#3216 = B_SPLINE_CURVE_WITH_KNOTS('',1,(#3217,#3218),.UNSPECIFIED.,.F.,
  .F.,(2,2),(0.,1.),.PIECEWISE_BEZIER_KNOTS.);
#3217 = CARTESIAN_POINT('',(99.878224519267,0.475));
#3218 = CARTESIAN_POINT('',(34.921775480733,0.475));
#3219 = ( GEOMETRIC_REPRESENTATION_CONTEXT(2) 
PARAMETRIC_REPRESENTATION_CONTEXT() REPRESENTATION_CONTEXT('2D SPACE',''
  ) );
#3220 = PCURVE('',#3221,#3226);
#3221 = PLANE('',#3222);
#3222 = AXIS2_PLACEMENT_3D('',#3223,#3224,#3225);
#3223 = CARTESIAN_POINT('',(-31.7,75.65,247.5));
#3224 = DIRECTION('',(-0.,0.,1.));
#3225 = DIRECTION('',(1.,0.,0.));
#3226 = DEFINITIONAL_REPRESENTATION('',(#3227),#3230);
#3227 = B_SPLINE_CURVE_WITH_KNOTS('',1,(#3228,#3229),.UNSPECIFIED.,.F.,
  .F.,(2,2),(0.,1.),.PIECEWISE_BEZIER_KNOTS.);
#3228 = CARTESIAN_POINT('',(0.,-0.78375));
#3229 = CARTESIAN_POINT('',(63.4,-0.78375));
#3230 = ( GEOMETRIC_REPRESENTATION_CONTEXT(2) 
PARAMETRIC_REPRESENTATION_CONTEXT() REPRESENTATION_CONTEXT('2D SPACE',''
  ) );
#3231 = ORIENTED_EDGE('',*,*,#3232,.T.);
#3232 = EDGE_CURVE('',#3208,#3233,#3235,.T.);
#3233 = VERTEX_POINT('',#3234);
#3234 = CARTESIAN_POINT('',(38.,74.3465,253.8));
#3235 = SURFACE_CURVE('',#3236,(#3274,#3315),.PCURVE_S1.);
#3236 = B_SPLINE_CURVE_WITH_KNOTS('',8,(#3237,#3238,#3239,#3240,#3241,
    #3242,#3243,#3244,#3245,#3246,#3247,#3248,#3249,#3250,#3251,#3252,
    #3253,#3254,#3255,#3256,#3257,#3258,#3259,#3260,#3261,#3262,#3263,
    #3264,#3265,#3266,#3267,#3268,#3269,#3270,#3271,#3272,#3273),
  .UNSPECIFIED.,.F.,.F.,(9,7,7,7,7,9),(0.,0.404334001363,0.57941624739,
    0.741428656952,0.859304565448,1.),.UNSPECIFIED.);
#3237 = CARTESIAN_POINT('',(31.7,74.86625,247.5));
#3238 = CARTESIAN_POINT('',(32.140373150731,74.86625,247.5));
#3239 = CARTESIAN_POINT('',(32.579029641135,74.863347660569,
    247.53517987188));
#3240 = CARTESIAN_POINT('',(33.014601556504,74.857582635326,
    247.60505896575));
#3241 = CARTESIAN_POINT('',(33.445469183422,74.848953865027,
    247.70965012088));
#3242 = CARTESIAN_POINT('',(33.869797140011,74.837440085018,
    247.84921109069));
#3243 = CARTESIAN_POINT('',(34.285520239783,74.822998008993,
    248.02426655765));
#3244 = CARTESIAN_POINT('',(34.690348770906,74.805565731031,
    248.23556689658));
#3245 = CARTESIAN_POINT('',(35.2511053644,74.7761340077,248.59231505818)
  );
#3246 = CARTESIAN_POINT('',(35.417970146754,74.766660580633,
    248.70714447717));
#3247 = CARTESIAN_POINT('',(35.582031550356,74.756598978419,
    248.82910329188));
#3248 = CARTESIAN_POINT('',(35.743030789729,74.745940682181,
    248.95829476143));
#3249 = CARTESIAN_POINT('',(35.900676091279,74.734677055223,
    249.09482357305));
#3250 = CARTESIAN_POINT('',(36.054643139726,74.722799425658,
    249.2387948405));
#3251 = CARTESIAN_POINT('',(36.204574477549,74.710298984487,
    249.39031533955));
#3252 = CARTESIAN_POINT('',(36.484719454222,74.685014349793,
    249.69679576008));
#3253 = CARTESIAN_POINT('',(36.615552968609,74.672322498799,
    249.8506363782));
#3254 = CARTESIAN_POINT('',(36.742273134206,74.659083451773,
    250.01110967548));
#3255 = CARTESIAN_POINT('',(36.864526212375,74.645291383889,
    250.17828625588));
#3256 = CARTESIAN_POINT('',(36.98191387887,74.630942572694,
    250.35221124007));
#3257 = CARTESIAN_POINT('',(37.093997110479,74.616035830943,
    250.53289901887));
#3258 = CARTESIAN_POINT('',(37.200300071662,74.600572939444,
    250.72032800674));
#3259 = CARTESIAN_POINT('',(37.373081469058,74.57290782275,
    251.05566275454));
#3260 = CARTESIAN_POINT('',(37.442513748626,74.560965818806,
    251.2004143175));
#3261 = CARTESIAN_POINT('',(37.50841309105,74.548735688771,
    251.34865831792));
#3262 = CARTESIAN_POINT('',(37.570566625861,74.536221954641,
    251.50033994374));
#3263 = CARTESIAN_POINT('',(37.628750846582,74.523431335844,
    251.65537774734));
#3264 = CARTESIAN_POINT('',(37.682736096354,74.510373045404,
    251.8136600557));
#3265 = CARTESIAN_POINT('',(37.732291053548,74.497059086097,
    251.97504138064));
#3266 = CARTESIAN_POINT('',(37.830774802517,74.467325991988,
    252.33544252135));
#3267 = CARTESIAN_POINT('',(37.877732129873,74.450802749842,
    252.53572424434));
#3268 = CARTESIAN_POINT('',(37.917657001856,74.433963877023,
    252.73983179366));
#3269 = CARTESIAN_POINT('',(37.950167463482,74.41684446386,252.947339832
    ));
#3270 = CARTESIAN_POINT('',(37.974914255805,74.399486019226,
    253.1577452215));
#3271 = CARTESIAN_POINT('',(37.9915992697,74.381937000258,
    253.37046060293));
#3272 = CARTESIAN_POINT('',(38.,74.364253486718,253.5848062216));
#3273 = CARTESIAN_POINT('',(38.,74.3465,253.8));
#3274 = PCURVE('',#2150,#3275);
#3275 = DEFINITIONAL_REPRESENTATION('',(#3276),#3314);
#3276 = B_SPLINE_CURVE_WITH_KNOTS('',8,(#3277,#3278,#3279,#3280,#3281,
    #3282,#3283,#3284,#3285,#3286,#3287,#3288,#3289,#3290,#3291,#3292,
    #3293,#3294,#3295,#3296,#3297,#3298,#3299,#3300,#3301,#3302,#3303,
    #3304,#3305,#3306,#3307,#3308,#3309,#3310,#3311,#3312,#3313),
  .UNSPECIFIED.,.F.,.F.,(9,7,7,7,7,9),(0.,0.404334001363,0.57941624739,
    0.741428656952,0.859304565448,1.),.UNSPECIFIED.);
#3277 = CARTESIAN_POINT('',(34.921775480733,0.475));
#3278 = CARTESIAN_POINT('',(34.470591314749,0.475));
#3279 = CARTESIAN_POINT('',(34.018213321696,0.476758993594));
#3280 = CARTESIAN_POINT('',(33.565919298734,0.480252948288));
#3281 = CARTESIAN_POINT('',(33.115205829962,0.485482506044));
#3282 = CARTESIAN_POINT('',(32.66777024281,0.492460554535));
#3283 = CARTESIAN_POINT('',(32.225525071412,0.501213327883));
#3284 = CARTESIAN_POINT('',(31.790600607734,0.511778344829));
#3285 = CARTESIAN_POINT('',(31.181307203774,0.529615752909));
#3286 = CARTESIAN_POINT('',(30.999072200824,0.535357223859));
#3287 = CARTESIAN_POINT('',(30.818922298086,0.541455164594));
#3288 = CARTESIAN_POINT('',(30.641102804225,0.547914738072));
#3289 = CARTESIAN_POINT('',(30.465893438345,0.554741178653));
#3290 = CARTESIAN_POINT('',(30.293608227703,0.561939742025));
#3291 = CARTESIAN_POINT('',(30.124596326658,0.569515766978));
#3292 = CARTESIAN_POINT('',(29.806234706069,0.584839788004));
#3293 = CARTESIAN_POINT('',(29.65637783719,0.59253181891));
#3294 = CARTESIAN_POINT('',(29.509973201552,0.600555483774));
#3295 = CARTESIAN_POINT('',(29.36737377827,0.608914312794));
#3296 = CARTESIAN_POINT('',(29.228982518235,0.617610562004));
#3297 = CARTESIAN_POINT('',(29.095249388145,0.626644950944));
#3298 = CARTESIAN_POINT('',(28.966668414545,0.636016400337));
#3299 = CARTESIAN_POINT('',(28.754360558872,0.652783137727));
#3300 = CARTESIAN_POINT('',(28.667964366858,0.660020715875));
#3301 = CARTESIAN_POINT('',(28.584794887398,0.667432915896));
#3302 = CARTESIAN_POINT('',(28.505079692083,0.675016997187));
#3303 = CARTESIAN_POINT('',(28.429061043903,0.682768887367));
#3304 = CARTESIAN_POINT('',(28.356991752642,0.690683002785));
#3305 = CARTESIAN_POINT('',(28.289131030269,0.698752069032));
#3306 = CARTESIAN_POINT('',(28.150077898112,0.716772126068));
#3307 = CARTESIAN_POINT('',(28.080774110044,0.726786212217));
#3308 = CARTESIAN_POINT('',(28.018291900742,0.736991589683));
#3309 = CARTESIAN_POINT('',(27.963083378128,0.7473669916));
#3310 = CARTESIAN_POINT('',(27.915577582424,0.757887261075));
#3311 = CARTESIAN_POINT('',(27.87616179261,0.768523030147));
#3312 = CARTESIAN_POINT('',(27.845156396377,0.77924031108));
#3313 = CARTESIAN_POINT('',(27.822783323547,0.79));
#3314 = ( GEOMETRIC_REPRESENTATION_CONTEXT(2) 
PARAMETRIC_REPRESENTATION_CONTEXT() REPRESENTATION_CONTEXT('2D SPACE',''
  ) );
#3315 = PCURVE('',#3316,#3321);
#3316 = CYLINDRICAL_SURFACE('',#3317,6.3);
#3317 = AXIS2_PLACEMENT_3D('',#3318,#3319,#3320);
#3318 = CARTESIAN_POINT('',(31.7,75.65,253.8));
#3319 = DIRECTION('',(-0.,1.,-0.));
#3320 = DIRECTION('',(1.,0.,0.));
#3321 = DEFINITIONAL_REPRESENTATION('',(#3322),#3360);
#3322 = B_SPLINE_CURVE_WITH_KNOTS('',8,(#3323,#3324,#3325,#3326,#3327,
    #3328,#3329,#3330,#3331,#3332,#3333,#3334,#3335,#3336,#3337,#3338,
    #3339,#3340,#3341,#3342,#3343,#3344,#3345,#3346,#3347,#3348,#3349,
    #3350,#3351,#3352,#3353,#3354,#3355,#3356,#3357,#3358,#3359),
  .UNSPECIFIED.,.F.,.F.,(9,7,7,7,7,9),(0.,0.404334001363,0.57941624739,
    0.741428656952,0.859304565448,1.),.UNSPECIFIED.);
#3323 = CARTESIAN_POINT('',(-4.712388980385,-0.78375));
#3324 = CARTESIAN_POINT('',(-4.782289480501,-0.78375));
#3325 = CARTESIAN_POINT('',(-4.851917534368,-0.786652339431));
#3326 = CARTESIAN_POINT('',(-4.921576155395,-0.792417364674));
#3327 = CARTESIAN_POINT('',(-4.991512739614,-0.801046134973));
#3328 = CARTESIAN_POINT('',(-5.061959171196,-0.812559914982));
#3329 = CARTESIAN_POINT('',(-5.13315774767,-0.827001991007));
#3330 = CARTESIAN_POINT('',(-5.205377615086,-0.844434268969));
#3331 = CARTESIAN_POINT('',(-5.310872550292,-0.8738659923));
#3332 = CARTESIAN_POINT('',(-5.343003604335,-0.883339419367));
#3333 = CARTESIAN_POINT('',(-5.375415987931,-0.893401021581));
#3334 = CARTESIAN_POINT('',(-5.408136554102,-0.904059317819));
#3335 = CARTESIAN_POINT('',(-5.441191940132,-0.915322944777));
#3336 = CARTESIAN_POINT('',(-5.474609435944,-0.927200574342));
#3337 = CARTESIAN_POINT('',(-5.508418102505,-0.939701015513));
#3338 = CARTESIAN_POINT('',(-5.574326766816,-0.964985650207));
#3339 = CARTESIAN_POINT('',(-5.606362039762,-0.977677501201));
#3340 = CARTESIAN_POINT('',(-5.638782270877,-0.990916548227));
#3341 = CARTESIAN_POINT('',(-5.671610952381,-1.004708616111));
#3342 = CARTESIAN_POINT('',(-5.704869301972,-1.019057427306));
#3343 = CARTESIAN_POINT('',(-5.73857680785,-1.033964169057));
#3344 = CARTESIAN_POINT('',(-5.772751773751,-1.049427060556));
#3345 = CARTESIAN_POINT('',(-5.832629621267,-1.07709217725));
#3346 = CARTESIAN_POINT('',(-5.8581022103,-1.089034181194));
#3347 = CARTESIAN_POINT('',(-5.883835089505,-1.101264311229));
#3348 = CARTESIAN_POINT('',(-5.909831643544,-1.113778045359));
#3349 = CARTESIAN_POINT('',(-5.936092940142,-1.126568664156));
#3350 = CARTESIAN_POINT('',(-5.962617486932,-1.139626954596));
#3351 = CARTESIAN_POINT('',(-5.989400988283,-1.152940913903));
#3352 = CARTESIAN_POINT('',(-6.048704927396,-1.182674008012));
#3353 = CARTESIAN_POINT('',(-6.081336045282,-1.199197250158));
#3354 = CARTESIAN_POINT('',(-6.114309975817,-1.216036122977));
#3355 = CARTESIAN_POINT('',(-6.147601522078,-1.23315553614));
#3356 = CARTESIAN_POINT('',(-6.181179350795,-1.250513980774));
#3357 = CARTESIAN_POINT('',(-6.215004464406,-1.268062999742));
#3358 = CARTESIAN_POINT('',(-6.249027564577,-1.285746513282));
#3359 = CARTESIAN_POINT('',(-6.28318530718,-1.3035));
#3360 = ( GEOMETRIC_REPRESENTATION_CONTEXT(2) 
PARAMETRIC_REPRESENTATION_CONTEXT() REPRESENTATION_CONTEXT('2D SPACE',''
  ) );
#3361 = ORIENTED_EDGE('',*,*,#3362,.T.);
#3362 = EDGE_CURVE('',#3233,#3363,#3365,.T.);
#3363 = VERTEX_POINT('',#3364);
#3364 = CARTESIAN_POINT('',(38.,74.,258.));
#3365 = SURFACE_CURVE('',#3366,(#3372,#3381),.PCURVE_S1.);
#3366 = B_SPLINE_CURVE_WITH_KNOTS('',4,(#3367,#3368,#3369,#3370,#3371),
  .UNSPECIFIED.,.F.,.F.,(5,5),(0.,1.),.PIECEWISE_BEZIER_KNOTS.);
#3367 = CARTESIAN_POINT('',(38.,74.3465,253.8));
#3368 = CARTESIAN_POINT('',(38.,74.259864684356,254.8501250381));
#3369 = CARTESIAN_POINT('',(38.,74.173236121693,255.9001682219));
#3370 = CARTESIAN_POINT('',(38.,74.086614495196,256.95012733095));
#3371 = CARTESIAN_POINT('',(38.,74.,258.));
#3372 = PCURVE('',#2150,#3373);
#3373 = DEFINITIONAL_REPRESENTATION('',(#3374),#3380);
#3374 = B_SPLINE_CURVE_WITH_KNOTS('',4,(#3375,#3376,#3377,#3378,#3379),
  .UNSPECIFIED.,.F.,.F.,(5,5),(0.,1.),.PIECEWISE_BEZIER_KNOTS.);
#3375 = CARTESIAN_POINT('',(27.822783320111,0.79));
#3376 = CARTESIAN_POINT('',(27.71360486646,0.842506251905));
#3377 = CARTESIAN_POINT('',(27.603631778957,0.895008411095));
#3378 = CARTESIAN_POINT('',(27.492851259666,0.947506366548));
#3379 = CARTESIAN_POINT('',(27.38125,1.));
#3380 = ( GEOMETRIC_REPRESENTATION_CONTEXT(2) 
PARAMETRIC_REPRESENTATION_CONTEXT() REPRESENTATION_CONTEXT('2D SPACE',''
  ) );
#3381 = PCURVE('',#3382,#3387);
#3382 = PLANE('',#3383);
#3383 = AXIS2_PLACEMENT_3D('',#3384,#3385,#3386);
#3384 = CARTESIAN_POINT('',(38.,75.65,253.8));
#3385 = DIRECTION('',(-1.,0.,0.));
#3386 = DIRECTION('',(0.,0.,1.));
#3387 = DEFINITIONAL_REPRESENTATION('',(#3388),#3394);
#3388 = B_SPLINE_CURVE_WITH_KNOTS('',4,(#3389,#3390,#3391,#3392,#3393),
  .UNSPECIFIED.,.F.,.F.,(5,5),(0.,1.),.PIECEWISE_BEZIER_KNOTS.);
#3389 = CARTESIAN_POINT('',(-1.06581410364E-14,-1.3035));
#3390 = CARTESIAN_POINT('',(1.050125038103,-1.390135315644));
#3391 = CARTESIAN_POINT('',(2.1001682219,-1.476763878307));
#3392 = CARTESIAN_POINT('',(3.150127330954,-1.563385504804));
#3393 = CARTESIAN_POINT('',(4.2,-1.65));
#3394 = ( GEOMETRIC_REPRESENTATION_CONTEXT(2) 
PARAMETRIC_REPRESENTATION_CONTEXT() REPRESENTATION_CONTEXT('2D SPACE',''
  ) );
#3395 = ORIENTED_EDGE('',*,*,#3396,.F.);
#3396 = EDGE_CURVE('',#2960,#3363,#3397,.T.);
#3397 = SURFACE_CURVE('',#3398,(#3402,#3408),.PCURVE_S1.);
#3398 = LINE('',#3399,#3400);
#3399 = CARTESIAN_POINT('',(64.,74.,258.));
#3400 = VECTOR('',#3401,1.);
#3401 = DIRECTION('',(-1.,0.,0.));
#3402 = PCURVE('',#2150,#3403);
#3403 = DEFINITIONAL_REPRESENTATION('',(#3404),#3407);
#3404 = B_SPLINE_CURVE_WITH_KNOTS('',1,(#3405,#3406),.UNSPECIFIED.,.F.,
  .F.,(2,2),(0.,128.),.PIECEWISE_BEZIER_KNOTS.);
#3405 = CARTESIAN_POINT('',(0.,1.));
#3406 = CARTESIAN_POINT('',(134.8,1.));
#3407 = ( GEOMETRIC_REPRESENTATION_CONTEXT(2) 
PARAMETRIC_REPRESENTATION_CONTEXT() REPRESENTATION_CONTEXT('2D SPACE',''
  ) );
#3408 = PCURVE('',#3046,#3409);
#3409 = DEFINITIONAL_REPRESENTATION('',(#3410),#3414);
#3410 = LINE('',#3411,#3412);
#3411 = CARTESIAN_POINT('',(0.,0.));
#3412 = VECTOR('',#3413,1.);
#3413 = DIRECTION('',(1.,0.));
#3414 = ( GEOMETRIC_REPRESENTATION_CONTEXT(2) 
PARAMETRIC_REPRESENTATION_CONTEXT() REPRESENTATION_CONTEXT('2D SPACE',''
  ) );
#3415 = ADVANCED_FACE('',(#3416),#2204,.T.);
#3416 = FACE_BOUND('',#3417,.T.);
#3417 = EDGE_LOOP('',(#3418,#3419,#3441,#3484));
#3418 = ORIENTED_EDGE('',*,*,#2189,.T.);
#3419 = ORIENTED_EDGE('',*,*,#3420,.T.);
#3420 = EDGE_CURVE('',#2168,#3421,#3423,.T.);
#3421 = VERTEX_POINT('',#3422);
#3422 = CARTESIAN_POINT('',(98.,-26.,276.));
#3423 = SURFACE_CURVE('',#3424,(#3427,#3434),.PCURVE_S1.);
#3424 = B_SPLINE_CURVE_WITH_KNOTS('',1,(#3425,#3426),.UNSPECIFIED.,.F.,
  .F.,(2,2),(0.,1.),.PIECEWISE_BEZIER_KNOTS.);
#3425 = CARTESIAN_POINT('',(100.,-38.,258.));
#3426 = CARTESIAN_POINT('',(98.,-26.,276.));
#3427 = PCURVE('',#2204,#3428);
#3428 = DEFINITIONAL_REPRESENTATION('',(#3429),#3433);
#3429 = LINE('',#3430,#3431);
#3430 = CARTESIAN_POINT('',(1.570796318693,0.));
#3431 = VECTOR('',#3432,1.);
#3432 = DIRECTION('',(0.,1.));
#3433 = ( GEOMETRIC_REPRESENTATION_CONTEXT(2) 
PARAMETRIC_REPRESENTATION_CONTEXT() REPRESENTATION_CONTEXT('2D SPACE',''
  ) );
#3434 = PCURVE('',#2872,#3435);
#3435 = DEFINITIONAL_REPRESENTATION('',(#3436),#3440);
#3436 = LINE('',#3437,#3438);
#3437 = CARTESIAN_POINT('',(0.,0.));
#3438 = VECTOR('',#3439,1.);
#3439 = DIRECTION('',(0.,1.));
#3440 = ( GEOMETRIC_REPRESENTATION_CONTEXT(2) 
PARAMETRIC_REPRESENTATION_CONTEXT() REPRESENTATION_CONTEXT('2D SPACE',''
  ) );
#3441 = ORIENTED_EDGE('',*,*,#3442,.F.);
#3442 = EDGE_CURVE('',#2502,#3421,#3443,.T.);
#3443 = SURFACE_CURVE('',#3444,(#3449,#3456),.PCURVE_S1.);
#3444 = CIRCLE('',#3445,44.00000017825);
#3445 = AXIS2_PLACEMENT_3D('',#3446,#3447,#3448);
#3446 = CARTESIAN_POINT('',(53.99999982175,-25.99999982175,276.));
#3447 = DIRECTION('',(0.,0.,1.));
#3448 = DIRECTION('',(4.051126286693E-09,-1.,0.));
#3449 = PCURVE('',#2204,#3450);
#3450 = DEFINITIONAL_REPRESENTATION('',(#3451),#3455);
#3451 = LINE('',#3452,#3453);
#3452 = CARTESIAN_POINT('',(0.,1.));
#3453 = VECTOR('',#3454,1.);
#3454 = DIRECTION('',(1.,0.));
#3455 = ( GEOMETRIC_REPRESENTATION_CONTEXT(2) 
PARAMETRIC_REPRESENTATION_CONTEXT() REPRESENTATION_CONTEXT('2D SPACE',''
  ) );
#3456 = PCURVE('',#3457,#3478);
#3457 = B_SPLINE_SURFACE_WITH_KNOTS('',9,1,(
    (#3458,#3459)
    ,(#3460,#3461)
    ,(#3462,#3463)
    ,(#3464,#3465)
    ,(#3466,#3467)
    ,(#3468,#3469)
    ,(#3470,#3471)
    ,(#3472,#3473)
    ,(#3474,#3475)
    ,(#3476,#3477
    )),.UNSPECIFIED.,.F.,.F.,.F.,(10,10),(2,2),(0.,1.570796318693),(0.,
    1.),.PIECEWISE_BEZIER_KNOTS.);
#3458 = CARTESIAN_POINT('',(54.,-70.,276.));
#3459 = CARTESIAN_POINT('',(44.,-65.,290.3));
#3460 = CARTESIAN_POINT('',(61.679448700277,-69.99999996889,276.));
#3461 = CARTESIAN_POINT('',(52.726646250311,-64.99999996464,
    290.29999999999));
#3462 = CARTESIAN_POINT('',(69.358897504481,-68.49214384117,
    275.99999999997));
#3463 = CARTESIAN_POINT('',(61.453292618741,-63.28652709225,290.3));
#3464 = CARTESIAN_POINT('',(76.699983339129,-65.47643056333,
    276.00000000005));
#3465 = CARTESIAN_POINT('',(69.795435612622,-59.85958018559,
    290.29999999998));
#3466 = CARTESIAN_POINT('',(83.364347919914,-61.0414476703,
    275.99999999993));
#3467 = CARTESIAN_POINT('',(77.368577181752,-54.81982689809,
    290.30000000001));
#3468 = CARTESIAN_POINT('',(89.041447670335,-55.36434791994,
    276.00000000006));
#3469 = CARTESIAN_POINT('',(83.81982689808,-48.36857718173,
    290.29999999998));
#3470 = CARTESIAN_POINT('',(93.476430563313,-48.6999833391,
    275.99999999995));
#3471 = CARTESIAN_POINT('',(88.859580185601,-40.79543561263,290.3));
#3472 = CARTESIAN_POINT('',(96.492143841187,-41.35889750449,
    276.00000000002));
#3473 = CARTESIAN_POINT('',(92.286527092251,-32.45329261873,290.3));
#3474 = CARTESIAN_POINT('',(97.999999968888,-33.67944870027,
    275.99999999999));
#3475 = CARTESIAN_POINT('',(93.999999964647,-23.72664625031,290.3));
#3476 = CARTESIAN_POINT('',(98.,-26.,276.));
#3477 = CARTESIAN_POINT('',(94.,-15.,290.3));
#3478 = DEFINITIONAL_REPRESENTATION('',(#3479),#3483);
#3479 = LINE('',#3480,#3481);
#3480 = CARTESIAN_POINT('',(0.,0.));
#3481 = VECTOR('',#3482,1.);
#3482 = DIRECTION('',(1.,0.));
#3483 = ( GEOMETRIC_REPRESENTATION_CONTEXT(2) 
PARAMETRIC_REPRESENTATION_CONTEXT() REPRESENTATION_CONTEXT('2D SPACE',''
  ) );
#3484 = ORIENTED_EDGE('',*,*,#2501,.F.);
#3485 = ADVANCED_FACE('',(#3486),#2255,.T.);
#3486 = FACE_BOUND('',#3487,.T.);
#3487 = EDGE_LOOP('',(#3488,#3489,#3490,#3535));
#3488 = ORIENTED_EDGE('',*,*,#2238,.T.);
#3489 = ORIENTED_EDGE('',*,*,#2306,.T.);
#3490 = ORIENTED_EDGE('',*,*,#3491,.F.);
#3491 = EDGE_CURVE('',#3492,#2307,#3494,.T.);
#3492 = VERTEX_POINT('',#3493);
#3493 = CARTESIAN_POINT('',(-98.,-26.,276.));
#3494 = SURFACE_CURVE('',#3495,(#3500,#3507),.PCURVE_S1.);
#3495 = CIRCLE('',#3496,44.00000017825);
#3496 = AXIS2_PLACEMENT_3D('',#3497,#3498,#3499);
#3497 = CARTESIAN_POINT('',(-53.99999982175,-25.99999982175,276.));
#3498 = DIRECTION('',(0.,0.,1.));
#3499 = DIRECTION('',(-1.,-4.051126125206E-09,0.));
#3500 = PCURVE('',#2255,#3501);
#3501 = DEFINITIONAL_REPRESENTATION('',(#3502),#3506);
#3502 = LINE('',#3503,#3504);
#3503 = CARTESIAN_POINT('',(0.,1.));
#3504 = VECTOR('',#3505,1.);
#3505 = DIRECTION('',(1.,0.));
#3506 = ( GEOMETRIC_REPRESENTATION_CONTEXT(2) 
PARAMETRIC_REPRESENTATION_CONTEXT() REPRESENTATION_CONTEXT('2D SPACE',''
  ) );
#3507 = PCURVE('',#3508,#3529);
#3508 = B_SPLINE_SURFACE_WITH_KNOTS('',9,1,(
    (#3509,#3510)
    ,(#3511,#3512)
    ,(#3513,#3514)
    ,(#3515,#3516)
    ,(#3517,#3518)
    ,(#3519,#3520)
    ,(#3521,#3522)
    ,(#3523,#3524)
    ,(#3525,#3526)
    ,(#3527,#3528
    )),.UNSPECIFIED.,.F.,.F.,.F.,(10,10),(2,2),(0.,1.570796318693),(0.,
    1.),.PIECEWISE_BEZIER_KNOTS.);
#3509 = CARTESIAN_POINT('',(-98.,-26.,276.));
#3510 = CARTESIAN_POINT('',(-94.,-15.,290.3));
#3511 = CARTESIAN_POINT('',(-97.99999996889,-33.67944870027,276.));
#3512 = CARTESIAN_POINT('',(-93.99999996464,-23.72664625031,
    290.29999999999));
#3513 = CARTESIAN_POINT('',(-96.49214384117,-41.35889750448,
    275.99999999997));
#3514 = CARTESIAN_POINT('',(-92.28652709225,-32.45329261873,290.3));
#3515 = CARTESIAN_POINT('',(-93.47643056334,-48.69998333912,
    276.00000000005));
#3516 = CARTESIAN_POINT('',(-88.85958018559,-40.79543561262,
    290.29999999998));
#3517 = CARTESIAN_POINT('',(-89.04144767029,-55.36434791992,
    275.99999999993));
#3518 = CARTESIAN_POINT('',(-83.81982689809,-48.36857718174,
    290.30000000001));
#3519 = CARTESIAN_POINT('',(-83.36434791995,-61.04144767032,
    276.00000000006));
#3520 = CARTESIAN_POINT('',(-77.36857718173,-54.81982689808,
    290.29999999998));
#3521 = CARTESIAN_POINT('',(-76.69998333909,-65.47643056331,
    275.99999999995));
#3522 = CARTESIAN_POINT('',(-69.79543561263,-59.85958018559,290.3));
#3523 = CARTESIAN_POINT('',(-69.35889750449,-68.49214384118,
    276.00000000002));
#3524 = CARTESIAN_POINT('',(-61.45329261873,-63.28652709225,290.3));
#3525 = CARTESIAN_POINT('',(-61.67944870027,-69.99999996888,
    275.99999999999));
#3526 = CARTESIAN_POINT('',(-52.72664625031,-64.99999996464,290.3));
#3527 = CARTESIAN_POINT('',(-54.,-70.,276.));
#3528 = CARTESIAN_POINT('',(-44.,-65.,290.3));
#3529 = DEFINITIONAL_REPRESENTATION('',(#3530),#3534);
#3530 = LINE('',#3531,#3532);
#3531 = CARTESIAN_POINT('',(0.,0.));
#3532 = VECTOR('',#3533,1.);
#3533 = DIRECTION('',(1.,0.));
#3534 = ( GEOMETRIC_REPRESENTATION_CONTEXT(2) 
PARAMETRIC_REPRESENTATION_CONTEXT() REPRESENTATION_CONTEXT('2D SPACE',''
  ) );
#3535 = ORIENTED_EDGE('',*,*,#3536,.F.);
#3536 = EDGE_CURVE('',#2239,#3492,#3537,.T.);
#3537 = SURFACE_CURVE('',#3538,(#3541,#3548),.PCURVE_S1.);
#3538 = B_SPLINE_CURVE_WITH_KNOTS('',1,(#3539,#3540),.UNSPECIFIED.,.F.,
  .F.,(2,2),(0.,1.),.PIECEWISE_BEZIER_KNOTS.);
#3539 = CARTESIAN_POINT('',(-100.,-38.,258.));
#3540 = CARTESIAN_POINT('',(-98.,-26.,276.));
#3541 = PCURVE('',#2255,#3542);
#3542 = DEFINITIONAL_REPRESENTATION('',(#3543),#3547);
#3543 = LINE('',#3544,#3545);
#3544 = CARTESIAN_POINT('',(0.,0.));
#3545 = VECTOR('',#3546,1.);
#3546 = DIRECTION('',(0.,1.));
#3547 = ( GEOMETRIC_REPRESENTATION_CONTEXT(2) 
PARAMETRIC_REPRESENTATION_CONTEXT() REPRESENTATION_CONTEXT('2D SPACE',''
  ) );
#3548 = PCURVE('',#2801,#3549);
#3549 = DEFINITIONAL_REPRESENTATION('',(#3550),#3554);
#3550 = LINE('',#3551,#3552);
#3551 = CARTESIAN_POINT('',(76.,0.));
#3552 = VECTOR('',#3553,1.);
#3553 = DIRECTION('',(0.,1.));
#3554 = ( GEOMETRIC_REPRESENTATION_CONTEXT(2) 
PARAMETRIC_REPRESENTATION_CONTEXT() REPRESENTATION_CONTEXT('2D SPACE',''
  ) );
#3555 = ADVANCED_FACE('',(#3556),#2536,.T.);
#3556 = FACE_BOUND('',#3557,.T.);
#3557 = EDGE_LOOP('',(#3558,#3559,#3581,#3608));
#3558 = ORIENTED_EDGE('',*,*,#2523,.T.);
#3559 = ORIENTED_EDGE('',*,*,#3560,.T.);
#3560 = EDGE_CURVE('',#2502,#3561,#3563,.T.);
#3561 = VERTEX_POINT('',#3562);
#3562 = CARTESIAN_POINT('',(44.,-65.,290.3));
#3563 = SURFACE_CURVE('',#3564,(#3567,#3574),.PCURVE_S1.);
#3564 = B_SPLINE_CURVE_WITH_KNOTS('',1,(#3565,#3566),.UNSPECIFIED.,.F.,
  .F.,(2,2),(0.,1.),.PIECEWISE_BEZIER_KNOTS.);
#3565 = CARTESIAN_POINT('',(54.,-70.,276.));
#3566 = CARTESIAN_POINT('',(44.,-65.,290.3));
#3567 = PCURVE('',#2536,#3568);
#3568 = DEFINITIONAL_REPRESENTATION('',(#3569),#3573);
#3569 = LINE('',#3570,#3571);
#3570 = CARTESIAN_POINT('',(108.,0.));
#3571 = VECTOR('',#3572,1.);
#3572 = DIRECTION('',(0.,1.));
#3573 = ( GEOMETRIC_REPRESENTATION_CONTEXT(2) 
PARAMETRIC_REPRESENTATION_CONTEXT() REPRESENTATION_CONTEXT('2D SPACE',''
  ) );
#3574 = PCURVE('',#3457,#3575);
#3575 = DEFINITIONAL_REPRESENTATION('',(#3576),#3580);
#3576 = LINE('',#3577,#3578);
#3577 = CARTESIAN_POINT('',(0.,0.));
#3578 = VECTOR('',#3579,1.);
#3579 = DIRECTION('',(0.,1.));
#3580 = ( GEOMETRIC_REPRESENTATION_CONTEXT(2) 
PARAMETRIC_REPRESENTATION_CONTEXT() REPRESENTATION_CONTEXT('2D SPACE',''
  ) );
#3581 = ORIENTED_EDGE('',*,*,#3582,.F.);
#3582 = EDGE_CURVE('',#3583,#3561,#3585,.T.);
#3583 = VERTEX_POINT('',#3584);
#3584 = CARTESIAN_POINT('',(-44.,-65.,290.3));
#3585 = SURFACE_CURVE('',#3586,(#3590,#3596),.PCURVE_S1.);
#3586 = LINE('',#3587,#3588);
#3587 = CARTESIAN_POINT('',(-44.,-65.,290.3));
#3588 = VECTOR('',#3589,1.);
#3589 = DIRECTION('',(1.,0.,0.));
#3590 = PCURVE('',#2536,#3591);
#3591 = DEFINITIONAL_REPRESENTATION('',(#3592),#3595);
#3592 = B_SPLINE_CURVE_WITH_KNOTS('',1,(#3593,#3594),.UNSPECIFIED.,.F.,
  .F.,(2,2),(0.,88.),.PIECEWISE_BEZIER_KNOTS.);
#3593 = CARTESIAN_POINT('',(0.,1.));
#3594 = CARTESIAN_POINT('',(108.,1.));
#3595 = ( GEOMETRIC_REPRESENTATION_CONTEXT(2) 
PARAMETRIC_REPRESENTATION_CONTEXT() REPRESENTATION_CONTEXT('2D SPACE',''
  ) );
#3596 = PCURVE('',#3597,#3602);
#3597 = PLANE('',#3598);
#3598 = AXIS2_PLACEMENT_3D('',#3599,#3600,#3601);
#3599 = CARTESIAN_POINT('',(43.999999797444,-14.99999979744,290.3));
#3600 = DIRECTION('',(0.,0.,1.));
#3601 = DIRECTION('',(4.051126706559E-09,-1.,0.));
#3602 = DEFINITIONAL_REPRESENTATION('',(#3603),#3607);
#3603 = LINE('',#3604,#3605);
#3604 = CARTESIAN_POINT('',(49.999999846057,-88.));
#3605 = VECTOR('',#3606,1.);
#3606 = DIRECTION('',(4.051126706559E-09,1.));
#3607 = ( GEOMETRIC_REPRESENTATION_CONTEXT(2) 
PARAMETRIC_REPRESENTATION_CONTEXT() REPRESENTATION_CONTEXT('2D SPACE',''
  ) );
#3608 = ORIENTED_EDGE('',*,*,#3609,.F.);
#3609 = EDGE_CURVE('',#2307,#3583,#3610,.T.);
#3610 = SURFACE_CURVE('',#3611,(#3614,#3621),.PCURVE_S1.);
#3611 = B_SPLINE_CURVE_WITH_KNOTS('',1,(#3612,#3613),.UNSPECIFIED.,.F.,
  .F.,(2,2),(0.,1.),.PIECEWISE_BEZIER_KNOTS.);
#3612 = CARTESIAN_POINT('',(-54.,-70.,276.));
#3613 = CARTESIAN_POINT('',(-44.,-65.,290.3));
#3614 = PCURVE('',#2536,#3615);
#3615 = DEFINITIONAL_REPRESENTATION('',(#3616),#3620);
#3616 = LINE('',#3617,#3618);
#3617 = CARTESIAN_POINT('',(0.,0.));
#3618 = VECTOR('',#3619,1.);
#3619 = DIRECTION('',(0.,1.));
#3620 = ( GEOMETRIC_REPRESENTATION_CONTEXT(2) 
PARAMETRIC_REPRESENTATION_CONTEXT() REPRESENTATION_CONTEXT('2D SPACE',''
  ) );
#3621 = PCURVE('',#3508,#3622);
#3622 = DEFINITIONAL_REPRESENTATION('',(#3623),#3627);
#3623 = LINE('',#3624,#3625);
#3624 = CARTESIAN_POINT('',(1.570796318693,0.));
#3625 = VECTOR('',#3626,1.);
#3626 = DIRECTION('',(0.,1.));
#3627 = ( GEOMETRIC_REPRESENTATION_CONTEXT(2) 
PARAMETRIC_REPRESENTATION_CONTEXT() REPRESENTATION_CONTEXT('2D SPACE',''
  ) );
#3628 = ADVANCED_FACE('',(#3629),#2417,.F.);
#3629 = FACE_BOUND('',#3630,.T.);
#3630 = EDGE_LOOP('',(#3631,#3632,#3633,#3634,#3635,#3636));
#3631 = ORIENTED_EDGE('',*,*,#2575,.F.);
#3632 = ORIENTED_EDGE('',*,*,#2602,.T.);
#3633 = ORIENTED_EDGE('',*,*,#2656,.T.);
#3634 = ORIENTED_EDGE('',*,*,#2705,.T.);
#3635 = ORIENTED_EDGE('',*,*,#2759,.T.);
#3636 = ORIENTED_EDGE('',*,*,#2403,.T.);
#3637 = ADVANCED_FACE('',(#3638),#2801,.T.);
#3638 = FACE_BOUND('',#3639,.T.);
#3639 = EDGE_LOOP('',(#3640,#3662,#3663,#3664,#3691,#3725,#3750,#3779));
#3640 = ORIENTED_EDGE('',*,*,#3641,.F.);
#3641 = EDGE_CURVE('',#2787,#3642,#3644,.T.);
#3642 = VERTEX_POINT('',#3643);
#3643 = CARTESIAN_POINT('',(-98.,26.,276.));
#3644 = SURFACE_CURVE('',#3645,(#3648,#3655),.PCURVE_S1.);
#3645 = B_SPLINE_CURVE_WITH_KNOTS('',1,(#3646,#3647),.UNSPECIFIED.,.F.,
  .F.,(2,2),(0.,1.),.PIECEWISE_BEZIER_KNOTS.);
#3646 = CARTESIAN_POINT('',(-100.,38.,258.));
#3647 = CARTESIAN_POINT('',(-98.,26.,276.));
#3648 = PCURVE('',#2801,#3649);
#3649 = DEFINITIONAL_REPRESENTATION('',(#3650),#3654);
#3650 = LINE('',#3651,#3652);
#3651 = CARTESIAN_POINT('',(0.,0.));
#3652 = VECTOR('',#3653,1.);
#3653 = DIRECTION('',(0.,1.));
#3654 = ( GEOMETRIC_REPRESENTATION_CONTEXT(2) 
PARAMETRIC_REPRESENTATION_CONTEXT() REPRESENTATION_CONTEXT('2D SPACE',''
  ) );
#3655 = PCURVE('',#2907,#3656);
#3656 = DEFINITIONAL_REPRESENTATION('',(#3657),#3661);
#3657 = LINE('',#3658,#3659);
#3658 = CARTESIAN_POINT('',(1.570796318693,0.));
#3659 = VECTOR('',#3660,1.);
#3660 = DIRECTION('',(0.,1.));
#3661 = ( GEOMETRIC_REPRESENTATION_CONTEXT(2) 
PARAMETRIC_REPRESENTATION_CONTEXT() REPRESENTATION_CONTEXT('2D SPACE',''
  ) );
#3662 = ORIENTED_EDGE('',*,*,#2786,.T.);
#3663 = ORIENTED_EDGE('',*,*,#3536,.T.);
#3664 = ORIENTED_EDGE('',*,*,#3665,.F.);
#3665 = EDGE_CURVE('',#3666,#3492,#3668,.T.);
#3666 = VERTEX_POINT('',#3667);
#3667 = CARTESIAN_POINT('',(-98.,-5.12347538298,276.));
#3668 = SURFACE_CURVE('',#3669,(#3673,#3679),.PCURVE_S1.);
#3669 = LINE('',#3670,#3671);
#3670 = CARTESIAN_POINT('',(-98.,26.,276.));
#3671 = VECTOR('',#3672,1.);
#3672 = DIRECTION('',(0.,-1.,0.));
#3673 = PCURVE('',#2801,#3674);
#3674 = DEFINITIONAL_REPRESENTATION('',(#3675),#3678);
#3675 = B_SPLINE_CURVE_WITH_KNOTS('',1,(#3676,#3677),.UNSPECIFIED.,.F.,
  .F.,(2,2),(0.,52.),.PIECEWISE_BEZIER_KNOTS.);
#3676 = CARTESIAN_POINT('',(0.,1.));
#3677 = CARTESIAN_POINT('',(76.,1.));
#3678 = ( GEOMETRIC_REPRESENTATION_CONTEXT(2) 
PARAMETRIC_REPRESENTATION_CONTEXT() REPRESENTATION_CONTEXT('2D SPACE',''
  ) );
#3679 = PCURVE('',#3680,#3685);
#3680 = B_SPLINE_SURFACE_WITH_KNOTS('',1,1,(
    (#3681,#3682)
    ,(#3683,#3684
    )),.UNSPECIFIED.,.F.,.F.,.F.,(2,2),(2,2),(0.,52.),(0.,1.),
  .PIECEWISE_BEZIER_KNOTS.);
#3681 = CARTESIAN_POINT('',(-98.,26.,276.));
#3682 = CARTESIAN_POINT('',(-94.,15.,290.3));
#3683 = CARTESIAN_POINT('',(-98.,-26.,276.));
#3684 = CARTESIAN_POINT('',(-94.,-15.,290.3));
#3685 = DEFINITIONAL_REPRESENTATION('',(#3686),#3690);
#3686 = LINE('',#3687,#3688);
#3687 = CARTESIAN_POINT('',(0.,0.));
#3688 = VECTOR('',#3689,1.);
#3689 = DIRECTION('',(1.,0.));
#3690 = ( GEOMETRIC_REPRESENTATION_CONTEXT(2) 
PARAMETRIC_REPRESENTATION_CONTEXT() REPRESENTATION_CONTEXT('2D SPACE',''
  ) );
#3691 = ORIENTED_EDGE('',*,*,#3692,.T.);
#3692 = EDGE_CURVE('',#3666,#3693,#3695,.T.);
#3693 = VERTEX_POINT('',#3694);
#3694 = CARTESIAN_POINT('',(-98.03333333333,-4.951318567367,275.7));
#3695 = SURFACE_CURVE('',#3696,(#3702,#3711),.PCURVE_S1.);
#3696 = B_SPLINE_CURVE_WITH_KNOTS('',4,(#3697,#3698,#3699,#3700,#3701),
  .UNSPECIFIED.,.F.,.F.,(5,5),(0.,1.),.PIECEWISE_BEZIER_KNOTS.);
#3697 = CARTESIAN_POINT('',(-98.,-5.12347538298,276.));
#3698 = CARTESIAN_POINT('',(-98.00836447866,-5.081028327204,
    275.92471969199));
#3699 = CARTESIAN_POINT('',(-98.0167092072,-5.038194396296,
    275.84961713519));
#3700 = CARTESIAN_POINT('',(-98.02503273172,-4.994961960813,
    275.77470541444));
#3701 = CARTESIAN_POINT('',(-98.0333334,-4.951318216843,275.6999994));
#3702 = PCURVE('',#2801,#3703);
#3703 = DEFINITIONAL_REPRESENTATION('',(#3704),#3710);
#3704 = B_SPLINE_CURVE_WITH_KNOTS('',4,(#3705,#3706,#3707,#3708,#3709),
  .UNSPECIFIED.,.F.,.F.,(5,5),(0.,1.),.PIECEWISE_BEZIER_KNOTS.);
#3705 = CARTESIAN_POINT('',(45.48815632897,1.));
#3706 = CARTESIAN_POINT('',(45.411664203481,0.995817760666));
#3707 = CARTESIAN_POINT('',(45.335034506883,0.9916453964));
#3708 = CARTESIAN_POINT('',(45.258252259458,0.987483634136));
#3709 = CARTESIAN_POINT('',(45.181301120898,0.9833333));
#3710 = ( GEOMETRIC_REPRESENTATION_CONTEXT(2) 
PARAMETRIC_REPRESENTATION_CONTEXT() REPRESENTATION_CONTEXT('2D SPACE',''
  ) );
#3711 = PCURVE('',#3712,#3717);
#3712 = CYLINDRICAL_SURFACE('',#3713,26.5);
#3713 = AXIS2_PLACEMENT_3D('',#3714,#3715,#3716);
#3714 = CARTESIAN_POINT('',(-72.,0.,275.7));
#3715 = DIRECTION('',(-0.,-0.,-1.));
#3716 = DIRECTION('',(1.,0.,0.));
#3717 = DEFINITIONAL_REPRESENTATION('',(#3718),#3724);
#3718 = B_SPLINE_CURVE_WITH_KNOTS('',4,(#3719,#3720,#3721,#3722,#3723),
  .UNSPECIFIED.,.F.,.F.,(5,5),(0.,1.),.PIECEWISE_BEZIER_KNOTS.);
#3719 = CARTESIAN_POINT('',(-3.336156565857,-0.3));
#3720 = CARTESIAN_POINT('',(-3.334523986789,-0.224719691994));
#3721 = CARTESIAN_POINT('',(-3.3328772282,-0.149617135197));
#3722 = CARTESIAN_POINT('',(-3.331215858561,-7.470541444845E-02));
#3723 = CARTESIAN_POINT('',(-3.329539402331,6.000000000173E-07));
#3724 = ( GEOMETRIC_REPRESENTATION_CONTEXT(2) 
PARAMETRIC_REPRESENTATION_CONTEXT() REPRESENTATION_CONTEXT('2D SPACE',''
  ) );
#3725 = ORIENTED_EDGE('',*,*,#3726,.T.);
#3726 = EDGE_CURVE('',#3693,#3727,#3729,.T.);
#3727 = VERTEX_POINT('',#3728);
#3728 = CARTESIAN_POINT('',(-98.03333333333,4.951318567367,275.7));
#3729 = SURFACE_CURVE('',#3730,(#3733,#3739),.PCURVE_S1.);
#3730 = B_SPLINE_CURVE_WITH_KNOTS('',1,(#3731,#3732),.UNSPECIFIED.,.F.,
  .F.,(2,2),(0.,1.),.PIECEWISE_BEZIER_KNOTS.);
#3731 = CARTESIAN_POINT('',(-98.03333333333,-26.2,275.7));
#3732 = CARTESIAN_POINT('',(-98.03333333333,26.2,275.7));
#3733 = PCURVE('',#2801,#3734);
#3734 = DEFINITIONAL_REPRESENTATION('',(#3735),#3738);
#3735 = B_SPLINE_CURVE_WITH_KNOTS('',1,(#3736,#3737),.UNSPECIFIED.,.F.,
  .F.,(2,2),(0.,1.),.PIECEWISE_BEZIER_KNOTS.);
#3736 = CARTESIAN_POINT('',(76.,0.983333333333));
#3737 = CARTESIAN_POINT('',(0.,0.983333333333));
#3738 = ( GEOMETRIC_REPRESENTATION_CONTEXT(2) 
PARAMETRIC_REPRESENTATION_CONTEXT() REPRESENTATION_CONTEXT('2D SPACE',''
  ) );
#3739 = PCURVE('',#3740,#3745);
#3740 = PLANE('',#3741);
#3741 = AXIS2_PLACEMENT_3D('',#3742,#3743,#3744);
#3742 = CARTESIAN_POINT('',(-72.,2.220725584622E-15,275.7));
#3743 = DIRECTION('',(0.,0.,1.));
#3744 = DIRECTION('',(1.,0.,-0.));
#3745 = DEFINITIONAL_REPRESENTATION('',(#3746),#3749);
#3746 = B_SPLINE_CURVE_WITH_KNOTS('',1,(#3747,#3748),.UNSPECIFIED.,.F.,
  .F.,(2,2),(0.,1.),.PIECEWISE_BEZIER_KNOTS.);
#3747 = CARTESIAN_POINT('',(-26.03333333333,-26.2));
#3748 = CARTESIAN_POINT('',(-26.03333333333,26.2));
#3749 = ( GEOMETRIC_REPRESENTATION_CONTEXT(2) 
PARAMETRIC_REPRESENTATION_CONTEXT() REPRESENTATION_CONTEXT('2D SPACE',''
  ) );
#3750 = ORIENTED_EDGE('',*,*,#3751,.T.);
#3751 = EDGE_CURVE('',#3727,#3752,#3754,.T.);
#3752 = VERTEX_POINT('',#3753);
#3753 = CARTESIAN_POINT('',(-98.,5.12347538298,276.));
#3754 = SURFACE_CURVE('',#3755,(#3761,#3770),.PCURVE_S1.);
#3755 = B_SPLINE_CURVE_WITH_KNOTS('',4,(#3756,#3757,#3758,#3759,#3760),
  .UNSPECIFIED.,.F.,.F.,(5,5),(0.,1.),.PIECEWISE_BEZIER_KNOTS.);
#3756 = CARTESIAN_POINT('',(-98.0333334,4.951318216843,275.6999994));
#3757 = CARTESIAN_POINT('',(-98.02503273172,4.994961960811,
    275.77470541444));
#3758 = CARTESIAN_POINT('',(-98.0167092072,5.038194396292,
    275.84961713519));
#3759 = CARTESIAN_POINT('',(-98.00836447866,5.081028327223,
    275.92471969202));
#3760 = CARTESIAN_POINT('',(-98.,5.12347538298,276.));
#3761 = PCURVE('',#2801,#3762);
#3762 = DEFINITIONAL_REPRESENTATION('',(#3763),#3769);
#3763 = B_SPLINE_CURVE_WITH_KNOTS('',4,(#3764,#3765,#3766,#3767,#3768),
  .UNSPECIFIED.,.F.,.F.,(5,5),(0.,1.),.PIECEWISE_BEZIER_KNOTS.);
#3764 = CARTESIAN_POINT('',(30.818698879102,0.9833333));
#3765 = CARTESIAN_POINT('',(30.741747740546,0.987483634136));
#3766 = CARTESIAN_POINT('',(30.664965493124,0.991645396399));
#3767 = CARTESIAN_POINT('',(30.588335796484,0.995817760668));
#3768 = CARTESIAN_POINT('',(30.51184367103,1.));
#3769 = ( GEOMETRIC_REPRESENTATION_CONTEXT(2) 
PARAMETRIC_REPRESENTATION_CONTEXT() REPRESENTATION_CONTEXT('2D SPACE',''
  ) );
#3770 = PCURVE('',#3712,#3771);
#3771 = DEFINITIONAL_REPRESENTATION('',(#3772),#3778);
#3772 = B_SPLINE_CURVE_WITH_KNOTS('',4,(#3773,#3774,#3775,#3776,#3777),
  .UNSPECIFIED.,.F.,.F.,(5,5),(0.,1.),.PIECEWISE_BEZIER_KNOTS.);
#3773 = CARTESIAN_POINT('',(-2.953645904849,6.000000000173E-07));
#3774 = CARTESIAN_POINT('',(-2.951969448618,-7.470541444439E-02));
#3775 = CARTESIAN_POINT('',(-2.95030807898,-0.14961713519));
#3776 = CARTESIAN_POINT('',(-2.94866132039,-0.224719692029));
#3777 = CARTESIAN_POINT('',(-2.947028741323,-0.3));
#3778 = ( GEOMETRIC_REPRESENTATION_CONTEXT(2) 
PARAMETRIC_REPRESENTATION_CONTEXT() REPRESENTATION_CONTEXT('2D SPACE',''
  ) );
#3779 = ORIENTED_EDGE('',*,*,#3780,.F.);
#3780 = EDGE_CURVE('',#3642,#3752,#3781,.T.);
#3781 = SURFACE_CURVE('',#3782,(#3786,#3792),.PCURVE_S1.);
#3782 = LINE('',#3783,#3784);
#3783 = CARTESIAN_POINT('',(-98.,26.,276.));
#3784 = VECTOR('',#3785,1.);
#3785 = DIRECTION('',(0.,-1.,0.));
#3786 = PCURVE('',#2801,#3787);
#3787 = DEFINITIONAL_REPRESENTATION('',(#3788),#3791);
#3788 = B_SPLINE_CURVE_WITH_KNOTS('',1,(#3789,#3790),.UNSPECIFIED.,.F.,
  .F.,(2,2),(0.,52.),.PIECEWISE_BEZIER_KNOTS.);
#3789 = CARTESIAN_POINT('',(0.,1.));
#3790 = CARTESIAN_POINT('',(76.,1.));
#3791 = ( GEOMETRIC_REPRESENTATION_CONTEXT(2) 
PARAMETRIC_REPRESENTATION_CONTEXT() REPRESENTATION_CONTEXT('2D SPACE',''
  ) );
#3792 = PCURVE('',#3680,#3793);
#3793 = DEFINITIONAL_REPRESENTATION('',(#3794),#3798);
#3794 = LINE('',#3795,#3796);
#3795 = CARTESIAN_POINT('',(0.,0.));
#3796 = VECTOR('',#3797,1.);
#3797 = DIRECTION('',(1.,0.));
#3798 = ( GEOMETRIC_REPRESENTATION_CONTEXT(2) 
PARAMETRIC_REPRESENTATION_CONTEXT() REPRESENTATION_CONTEXT('2D SPACE',''
  ) );
#3799 = ADVANCED_FACE('',(#3800),#2872,.T.);
#3800 = FACE_BOUND('',#3801,.T.);
#3801 = EDGE_LOOP('',(#3802,#3803,#3825,#3850));
#3802 = ORIENTED_EDGE('',*,*,#2859,.T.);
#3803 = ORIENTED_EDGE('',*,*,#3804,.T.);
#3804 = EDGE_CURVE('',#2838,#3805,#3807,.T.);
#3805 = VERTEX_POINT('',#3806);
#3806 = CARTESIAN_POINT('',(98.,26.,276.));
#3807 = SURFACE_CURVE('',#3808,(#3811,#3818),.PCURVE_S1.);
#3808 = B_SPLINE_CURVE_WITH_KNOTS('',1,(#3809,#3810),.UNSPECIFIED.,.F.,
  .F.,(2,2),(0.,1.),.PIECEWISE_BEZIER_KNOTS.);
#3809 = CARTESIAN_POINT('',(100.,38.,258.));
#3810 = CARTESIAN_POINT('',(98.,26.,276.));
#3811 = PCURVE('',#2872,#3812);
#3812 = DEFINITIONAL_REPRESENTATION('',(#3813),#3817);
#3813 = LINE('',#3814,#3815);
#3814 = CARTESIAN_POINT('',(76.,0.));
#3815 = VECTOR('',#3816,1.);
#3816 = DIRECTION('',(0.,1.));
#3817 = ( GEOMETRIC_REPRESENTATION_CONTEXT(2) 
PARAMETRIC_REPRESENTATION_CONTEXT() REPRESENTATION_CONTEXT('2D SPACE',''
  ) );
#3818 = PCURVE('',#2996,#3819);
#3819 = DEFINITIONAL_REPRESENTATION('',(#3820),#3824);
#3820 = LINE('',#3821,#3822);
#3821 = CARTESIAN_POINT('',(0.,0.));
#3822 = VECTOR('',#3823,1.);
#3823 = DIRECTION('',(0.,1.));
#3824 = ( GEOMETRIC_REPRESENTATION_CONTEXT(2) 
PARAMETRIC_REPRESENTATION_CONTEXT() REPRESENTATION_CONTEXT('2D SPACE',''
  ) );
#3825 = ORIENTED_EDGE('',*,*,#3826,.F.);
#3826 = EDGE_CURVE('',#3421,#3805,#3827,.T.);
#3827 = SURFACE_CURVE('',#3828,(#3832,#3838),.PCURVE_S1.);
#3828 = LINE('',#3829,#3830);
#3829 = CARTESIAN_POINT('',(98.,-26.,276.));
#3830 = VECTOR('',#3831,1.);
#3831 = DIRECTION('',(0.,1.,0.));
#3832 = PCURVE('',#2872,#3833);
#3833 = DEFINITIONAL_REPRESENTATION('',(#3834),#3837);
#3834 = B_SPLINE_CURVE_WITH_KNOTS('',1,(#3835,#3836),.UNSPECIFIED.,.F.,
  .F.,(2,2),(0.,52.),.PIECEWISE_BEZIER_KNOTS.);
#3835 = CARTESIAN_POINT('',(0.,1.));
#3836 = CARTESIAN_POINT('',(76.,1.));
#3837 = ( GEOMETRIC_REPRESENTATION_CONTEXT(2) 
PARAMETRIC_REPRESENTATION_CONTEXT() REPRESENTATION_CONTEXT('2D SPACE',''
  ) );
#3838 = PCURVE('',#3839,#3844);
#3839 = B_SPLINE_SURFACE_WITH_KNOTS('',1,1,(
    (#3840,#3841)
    ,(#3842,#3843
    )),.UNSPECIFIED.,.F.,.F.,.F.,(2,2),(2,2),(0.,52.),(0.,1.),
  .PIECEWISE_BEZIER_KNOTS.);
#3840 = CARTESIAN_POINT('',(98.,-26.,276.));
#3841 = CARTESIAN_POINT('',(94.,-15.,290.3));
#3842 = CARTESIAN_POINT('',(98.,26.,276.));
#3843 = CARTESIAN_POINT('',(94.,15.,290.3));
#3844 = DEFINITIONAL_REPRESENTATION('',(#3845),#3849);
#3845 = LINE('',#3846,#3847);
#3846 = CARTESIAN_POINT('',(0.,0.));
#3847 = VECTOR('',#3848,1.);
#3848 = DIRECTION('',(1.,0.));
#3849 = ( GEOMETRIC_REPRESENTATION_CONTEXT(2) 
PARAMETRIC_REPRESENTATION_CONTEXT() REPRESENTATION_CONTEXT('2D SPACE',''
  ) );
#3850 = ORIENTED_EDGE('',*,*,#3420,.F.);
#3851 = ADVANCED_FACE('',(#3852),#2907,.T.);
#3852 = FACE_BOUND('',#3853,.T.);
#3853 = EDGE_LOOP('',(#3854,#3855,#3856,#3901));
#3854 = ORIENTED_EDGE('',*,*,#2890,.T.);
#3855 = ORIENTED_EDGE('',*,*,#3641,.T.);
#3856 = ORIENTED_EDGE('',*,*,#3857,.F.);
#3857 = EDGE_CURVE('',#3858,#3642,#3860,.T.);
#3858 = VERTEX_POINT('',#3859);
#3859 = CARTESIAN_POINT('',(-54.,70.,276.));
#3860 = SURFACE_CURVE('',#3861,(#3866,#3873),.PCURVE_S1.);
#3861 = CIRCLE('',#3862,44.00000017825);
#3862 = AXIS2_PLACEMENT_3D('',#3863,#3864,#3865);
#3863 = CARTESIAN_POINT('',(-53.99999982175,25.99999982175,276.));
#3864 = DIRECTION('',(0.,0.,1.));
#3865 = DIRECTION('',(-4.051126286693E-09,1.,0.));
#3866 = PCURVE('',#2907,#3867);
#3867 = DEFINITIONAL_REPRESENTATION('',(#3868),#3872);
#3868 = LINE('',#3869,#3870);
#3869 = CARTESIAN_POINT('',(0.,1.));
#3870 = VECTOR('',#3871,1.);
#3871 = DIRECTION('',(1.,0.));
#3872 = ( GEOMETRIC_REPRESENTATION_CONTEXT(2) 
PARAMETRIC_REPRESENTATION_CONTEXT() REPRESENTATION_CONTEXT('2D SPACE',''
  ) );
#3873 = PCURVE('',#3874,#3895);
#3874 = B_SPLINE_SURFACE_WITH_KNOTS('',9,1,(
    (#3875,#3876)
    ,(#3877,#3878)
    ,(#3879,#3880)
    ,(#3881,#3882)
    ,(#3883,#3884)
    ,(#3885,#3886)
    ,(#3887,#3888)
    ,(#3889,#3890)
    ,(#3891,#3892)
    ,(#3893,#3894
    )),.UNSPECIFIED.,.F.,.F.,.F.,(10,10),(2,2),(0.,1.570796318693),(0.,
    1.),.PIECEWISE_BEZIER_KNOTS.);
#3875 = CARTESIAN_POINT('',(-54.,70.,276.));
#3876 = CARTESIAN_POINT('',(-44.,65.,290.3));
#3877 = CARTESIAN_POINT('',(-61.67944870027,69.999999968891,276.));
#3878 = CARTESIAN_POINT('',(-52.72664625031,64.999999964646,
    290.29999999999));
#3879 = CARTESIAN_POINT('',(-69.35889750448,68.492143841177,
    275.99999999997));
#3880 = CARTESIAN_POINT('',(-61.45329261874,63.286527092256,290.3));
#3881 = CARTESIAN_POINT('',(-76.69998333912,65.476430563336,
    276.00000000005));
#3882 = CARTESIAN_POINT('',(-69.79543561262,59.85958018559,
    290.29999999998));
#3883 = CARTESIAN_POINT('',(-83.36434791991,61.041447670303,
    275.99999999993));
#3884 = CARTESIAN_POINT('',(-77.36857718175,54.819826898097,
    290.30000000001));
#3885 = CARTESIAN_POINT('',(-89.04144767033,55.364347919947,
    276.00000000006));
#3886 = CARTESIAN_POINT('',(-83.81982689808,48.368577181734,
    290.29999999998));
#3887 = CARTESIAN_POINT('',(-93.47643056331,48.699983339105,
    275.99999999995));
#3888 = CARTESIAN_POINT('',(-88.8595801856,40.795435612635,290.3));
#3889 = CARTESIAN_POINT('',(-96.49214384118,41.358897504493,
    276.00000000002));
#3890 = CARTESIAN_POINT('',(-92.28652709225,32.453292618734,290.3));
#3891 = CARTESIAN_POINT('',(-97.99999996888,33.679448700273,
    275.99999999999));
#3892 = CARTESIAN_POINT('',(-93.99999996464,23.726646250313,290.3));
#3893 = CARTESIAN_POINT('',(-98.,26.,276.));
#3894 = CARTESIAN_POINT('',(-94.,15.,290.3));
#3895 = DEFINITIONAL_REPRESENTATION('',(#3896),#3900);
#3896 = LINE('',#3897,#3898);
#3897 = CARTESIAN_POINT('',(0.,0.));
#3898 = VECTOR('',#3899,1.);
#3899 = DIRECTION('',(1.,0.));
#3900 = ( GEOMETRIC_REPRESENTATION_CONTEXT(2) 
PARAMETRIC_REPRESENTATION_CONTEXT() REPRESENTATION_CONTEXT('2D SPACE',''
  ) );
#3901 = ORIENTED_EDGE('',*,*,#3902,.F.);
#3902 = EDGE_CURVE('',#2891,#3858,#3903,.T.);
#3903 = SURFACE_CURVE('',#3904,(#3907,#3914),.PCURVE_S1.);
#3904 = B_SPLINE_CURVE_WITH_KNOTS('',1,(#3905,#3906),.UNSPECIFIED.,.F.,
  .F.,(2,2),(0.,1.),.PIECEWISE_BEZIER_KNOTS.);
#3905 = CARTESIAN_POINT('',(-64.,74.,258.));
#3906 = CARTESIAN_POINT('',(-54.,70.,276.));
#3907 = PCURVE('',#2907,#3908);
#3908 = DEFINITIONAL_REPRESENTATION('',(#3909),#3913);
#3909 = LINE('',#3910,#3911);
#3910 = CARTESIAN_POINT('',(0.,0.));
#3911 = VECTOR('',#3912,1.);
#3912 = DIRECTION('',(0.,1.));
#3913 = ( GEOMETRIC_REPRESENTATION_CONTEXT(2) 
PARAMETRIC_REPRESENTATION_CONTEXT() REPRESENTATION_CONTEXT('2D SPACE',''
  ) );
#3914 = PCURVE('',#3046,#3915);
#3915 = DEFINITIONAL_REPRESENTATION('',(#3916),#3920);
#3916 = LINE('',#3917,#3918);
#3917 = CARTESIAN_POINT('',(128.,0.));
#3918 = VECTOR('',#3919,1.);
#3919 = DIRECTION('',(0.,1.));
#3920 = ( GEOMETRIC_REPRESENTATION_CONTEXT(2) 
PARAMETRIC_REPRESENTATION_CONTEXT() REPRESENTATION_CONTEXT('2D SPACE',''
  ) );
#3921 = ADVANCED_FACE('',(#3922),#2996,.T.);
#3922 = FACE_BOUND('',#3923,.T.);
#3923 = EDGE_LOOP('',(#3924,#3925,#3947,#3990));
#3924 = ORIENTED_EDGE('',*,*,#2981,.T.);
#3925 = ORIENTED_EDGE('',*,*,#3926,.T.);
#3926 = EDGE_CURVE('',#2960,#3927,#3929,.T.);
#3927 = VERTEX_POINT('',#3928);
#3928 = CARTESIAN_POINT('',(54.,70.,276.));
#3929 = SURFACE_CURVE('',#3930,(#3933,#3940),.PCURVE_S1.);
#3930 = B_SPLINE_CURVE_WITH_KNOTS('',1,(#3931,#3932),.UNSPECIFIED.,.F.,
  .F.,(2,2),(0.,1.),.PIECEWISE_BEZIER_KNOTS.);
#3931 = CARTESIAN_POINT('',(64.,74.,258.));
#3932 = CARTESIAN_POINT('',(54.,70.,276.));
#3933 = PCURVE('',#2996,#3934);
#3934 = DEFINITIONAL_REPRESENTATION('',(#3935),#3939);
#3935 = LINE('',#3936,#3937);
#3936 = CARTESIAN_POINT('',(1.570796318693,0.));
#3937 = VECTOR('',#3938,1.);
#3938 = DIRECTION('',(0.,1.));
#3939 = ( GEOMETRIC_REPRESENTATION_CONTEXT(2) 
PARAMETRIC_REPRESENTATION_CONTEXT() REPRESENTATION_CONTEXT('2D SPACE',''
  ) );
#3940 = PCURVE('',#3046,#3941);
#3941 = DEFINITIONAL_REPRESENTATION('',(#3942),#3946);
#3942 = LINE('',#3943,#3944);
#3943 = CARTESIAN_POINT('',(0.,0.));
#3944 = VECTOR('',#3945,1.);
#3945 = DIRECTION('',(0.,1.));
#3946 = ( GEOMETRIC_REPRESENTATION_CONTEXT(2) 
PARAMETRIC_REPRESENTATION_CONTEXT() REPRESENTATION_CONTEXT('2D SPACE',''
  ) );
#3947 = ORIENTED_EDGE('',*,*,#3948,.F.);
#3948 = EDGE_CURVE('',#3805,#3927,#3949,.T.);
#3949 = SURFACE_CURVE('',#3950,(#3955,#3962),.PCURVE_S1.);
#3950 = CIRCLE('',#3951,44.00000017825);
#3951 = AXIS2_PLACEMENT_3D('',#3952,#3953,#3954);
#3952 = CARTESIAN_POINT('',(53.99999982175,25.99999982175,276.));
#3953 = DIRECTION('',(0.,0.,1.));
#3954 = DIRECTION('',(1.,4.051126125206E-09,-0.));
#3955 = PCURVE('',#2996,#3956);
#3956 = DEFINITIONAL_REPRESENTATION('',(#3957),#3961);
#3957 = LINE('',#3958,#3959);
#3958 = CARTESIAN_POINT('',(0.,1.));
#3959 = VECTOR('',#3960,1.);
#3960 = DIRECTION('',(1.,0.));
#3961 = ( GEOMETRIC_REPRESENTATION_CONTEXT(2) 
PARAMETRIC_REPRESENTATION_CONTEXT() REPRESENTATION_CONTEXT('2D SPACE',''
  ) );
#3962 = PCURVE('',#3963,#3984);
#3963 = B_SPLINE_SURFACE_WITH_KNOTS('',9,1,(
    (#3964,#3965)
    ,(#3966,#3967)
    ,(#3968,#3969)
    ,(#3970,#3971)
    ,(#3972,#3973)
    ,(#3974,#3975)
    ,(#3976,#3977)
    ,(#3978,#3979)
    ,(#3980,#3981)
    ,(#3982,#3983
    )),.UNSPECIFIED.,.F.,.F.,.F.,(10,10),(2,2),(0.,1.570796318693),(0.,
    1.),.PIECEWISE_BEZIER_KNOTS.);
#3964 = CARTESIAN_POINT('',(98.,26.,276.));
#3965 = CARTESIAN_POINT('',(94.,15.,290.3));
#3966 = CARTESIAN_POINT('',(97.999999968892,33.679448700276,276.));
#3967 = CARTESIAN_POINT('',(93.999999964647,23.726646250312,
    290.29999999999));
#3968 = CARTESIAN_POINT('',(96.492143841172,41.358897504484,
    275.99999999997));
#3969 = CARTESIAN_POINT('',(92.286527092255,32.453292618738,290.3));
#3970 = CARTESIAN_POINT('',(93.476430563344,48.699983339123,
    276.00000000005));
#3971 = CARTESIAN_POINT('',(88.85958018559,40.795435612627,
    290.29999999998));
#3972 = CARTESIAN_POINT('',(89.041447670292,55.364347919922,
    275.99999999993));
#3973 = CARTESIAN_POINT('',(83.819826898097,48.368577181746,
    290.30000000001));
#3974 = CARTESIAN_POINT('',(83.364347919958,61.041447670329,
    276.00000000006));
#3975 = CARTESIAN_POINT('',(77.368577181734,54.819826898086,
    290.29999999998));
#3976 = CARTESIAN_POINT('',(76.699983339097,65.476430563317,
    275.99999999995));
#3977 = CARTESIAN_POINT('',(69.795435612635,59.859580185597,290.3));
#3978 = CARTESIAN_POINT('',(69.358897504496,68.492143841186,
    276.00000000002));
#3979 = CARTESIAN_POINT('',(61.453292618734,63.286527092252,290.3));
#3980 = CARTESIAN_POINT('',(61.679448700272,69.999999968889,
    275.99999999999));
#3981 = CARTESIAN_POINT('',(52.726646250313,64.999999964647,290.3));
#3982 = CARTESIAN_POINT('',(54.,70.,276.));
#3983 = CARTESIAN_POINT('',(44.,65.,290.3));
#3984 = DEFINITIONAL_REPRESENTATION('',(#3985),#3989);
#3985 = LINE('',#3986,#3987);
#3986 = CARTESIAN_POINT('',(0.,0.));
#3987 = VECTOR('',#3988,1.);
#3988 = DIRECTION('',(1.,0.));
#3989 = ( GEOMETRIC_REPRESENTATION_CONTEXT(2) 
PARAMETRIC_REPRESENTATION_CONTEXT() REPRESENTATION_CONTEXT('2D SPACE',''
  ) );
#3990 = ORIENTED_EDGE('',*,*,#3804,.F.);
#3991 = ADVANCED_FACE('',(#3992),#3046,.T.);
#3992 = FACE_BOUND('',#3993,.T.);
#3993 = EDGE_LOOP('',(#3994,#3995,#3996,#4070,#4095,#4167,#4168,#4169));
#3994 = ORIENTED_EDGE('',*,*,#3926,.F.);
#3995 = ORIENTED_EDGE('',*,*,#3396,.T.);
#3996 = ORIENTED_EDGE('',*,*,#3997,.T.);
#3997 = EDGE_CURVE('',#3363,#3998,#4000,.T.);
#3998 = VERTEX_POINT('',#3999);
#3999 = CARTESIAN_POINT('',(38.,73.15,261.825));
#4000 = SURFACE_CURVE('',#4001,(#4022,#4046),.PCURVE_S1.);
#4001 = B_SPLINE_CURVE_WITH_KNOTS('',4,(#4002,#4003,#4004,#4005,#4006,
    #4007,#4008,#4009,#4010,#4011,#4012,#4013,#4014,#4015,#4016,#4017,
    #4018,#4019,#4020,#4021),.UNSPECIFIED.,.F.,.F.,(5,3,3,3,3,3,5),(0.,
    0.497911986069,0.747486148412,0.874793795428,0.936131017162,
    0.969165991651,1.),.UNSPECIFIED.);
#4002 = CARTESIAN_POINT('',(38.,74.,258.));
#4003 = CARTESIAN_POINT('',(38.,73.893847331378,258.47768700879));
#4004 = CARTESIAN_POINT('',(38.,73.787804644011,258.95487910195));
#4005 = CARTESIAN_POINT('',(38.,73.681875812655,259.43155884305));
#4006 = CARTESIAN_POINT('',(38.,73.523028235763,260.14637293906));
#4007 = CARTESIAN_POINT('',(38.,73.470021118714,260.38490496578));
#4008 = CARTESIAN_POINT('',(38.,73.417044179771,260.62330119103));
#4009 = CARTESIAN_POINT('',(38.,73.33709012684,260.98309442922));
#4010 = CARTESIAN_POINT('',(38.,73.310090284267,261.10459372079));
#4011 = CARTESIAN_POINT('',(38.,73.28309850807,261.22605671368));
#4012 = CARTESIAN_POINT('',(38.,73.243114071731,261.40598667721));
#4013 = CARTESIAN_POINT('',(38.,73.230115161158,261.46448177479));
#4014 = CARTESIAN_POINT('',(38.,73.217118148394,261.52296833222));
#4015 = CARTESIAN_POINT('',(38.,73.197124142804,261.61294135738));
#4016 = CARTESIAN_POINT('',(38.,73.190125244313,261.64443640059));
#4017 = CARTESIAN_POINT('',(38.,73.183126346278,261.67593144175));
#4018 = CARTESIAN_POINT('',(38.,73.169594854992,261.73682315253));
#4019 = CARTESIAN_POINT('',(38.,73.163062723968,261.76621774214));
#4020 = CARTESIAN_POINT('',(38.,73.156531138063,261.79560987871));
#4021 = CARTESIAN_POINT('',(38.,73.15,261.825));
#4022 = PCURVE('',#3046,#4023);
#4023 = DEFINITIONAL_REPRESENTATION('',(#4024),#4045);
#4024 = B_SPLINE_CURVE_WITH_KNOTS('',4,(#4025,#4026,#4027,#4028,#4029,
    #4030,#4031,#4032,#4033,#4034,#4035,#4036,#4037,#4038,#4039,#4040,
    #4041,#4042,#4043,#4044),.UNSPECIFIED.,.F.,.F.,(5,3,3,3,3,3,5),(0.,
    0.497911986069,0.747486148412,0.874793795428,0.936131017162,
    0.969165991651,1.),.UNSPECIFIED.);
#4025 = CARTESIAN_POINT('',(26.,0.));
#4026 = CARTESIAN_POINT('',(25.842429632514,2.653816715551E-02));
#4027 = CARTESIAN_POINT('',(25.683280173289,5.30488389972E-02));
#4028 = CARTESIAN_POINT('',(25.522522147662,7.953104683615E-02));
#4029 = CARTESIAN_POINT('',(25.278725093461,0.119242941059));
#4030 = CARTESIAN_POINT('',(25.196913225929,0.132494720322));
#4031 = CARTESIAN_POINT('',(25.114685765143,0.145738955057));
#4032 = CARTESIAN_POINT('',(24.989880677682,0.16572746829));
#4033 = CARTESIAN_POINT('',(24.947613374988,0.172477428933));
#4034 = CARTESIAN_POINT('',(24.905236410695,0.179225372983));
#4035 = CARTESIAN_POINT('',(24.842278827884,0.189221482067));
#4036 = CARTESIAN_POINT('',(24.821782812696,0.192471209711));
#4037 = CARTESIAN_POINT('',(24.801261163031,0.195720462902));
#4038 = CARTESIAN_POINT('',(24.769647441966,0.200718964299));
#4039 = CARTESIAN_POINT('',(24.758572737076,0.202468688922));
#4040 = CARTESIAN_POINT('',(24.747489691972,0.204218413431));
#4041 = CARTESIAN_POINT('',(24.726045861193,0.207601286252));
#4042 = CARTESIAN_POINT('',(24.715687203983,0.209234319008));
#4043 = CARTESIAN_POINT('',(24.705321227891,0.210867215484));
#4044 = CARTESIAN_POINT('',(24.694949239484,0.2125));
#4045 = ( GEOMETRIC_REPRESENTATION_CONTEXT(2) 
PARAMETRIC_REPRESENTATION_CONTEXT() REPRESENTATION_CONTEXT('2D SPACE',''
  ) );
#4046 = PCURVE('',#3382,#4047);
#4047 = DEFINITIONAL_REPRESENTATION('',(#4048),#4069);
#4048 = B_SPLINE_CURVE_WITH_KNOTS('',4,(#4049,#4050,#4051,#4052,#4053,
    #4054,#4055,#4056,#4057,#4058,#4059,#4060,#4061,#4062,#4063,#4064,
    #4065,#4066,#4067,#4068),.UNSPECIFIED.,.F.,.F.,(5,3,3,3,3,3,5),(0.,
    0.497911986069,0.747486148412,0.874793795428,0.936131017162,
    0.969165991651,1.),.UNSPECIFIED.);
#4049 = CARTESIAN_POINT('',(4.2,-1.65));
#4050 = CARTESIAN_POINT('',(4.677687008799,-1.756152668622));
#4051 = CARTESIAN_POINT('',(5.15487910195,-1.862195355989));
#4052 = CARTESIAN_POINT('',(5.631558843051,-1.968124187345));
#4053 = CARTESIAN_POINT('',(6.346372939064,-2.126971764237));
#4054 = CARTESIAN_POINT('',(6.584904965787,-2.179978881286));
#4055 = CARTESIAN_POINT('',(6.823301191032,-2.232955820229));
#4056 = CARTESIAN_POINT('',(7.183094429222,-2.31290987316));
#4057 = CARTESIAN_POINT('',(7.304593720799,-2.339909715733));
#4058 = CARTESIAN_POINT('',(7.426056713687,-2.366901491931));
#4059 = CARTESIAN_POINT('',(7.60598667721,-2.406885928269));
#4060 = CARTESIAN_POINT('',(7.664481774791,-2.419884838842));
#4061 = CARTESIAN_POINT('',(7.722968332227,-2.432881851606));
#4062 = CARTESIAN_POINT('',(7.812941357382,-2.452875857196));
#4063 = CARTESIAN_POINT('',(7.84443640059,-2.459874755687));
#4064 = CARTESIAN_POINT('',(7.87593144175,-2.466873653722));
#4065 = CARTESIAN_POINT('',(7.936823152538,-2.480405145008));
#4066 = CARTESIAN_POINT('',(7.966217742143,-2.486937276032));
#4067 = CARTESIAN_POINT('',(7.995609878717,-2.493468861937));
#4068 = CARTESIAN_POINT('',(8.025,-2.5));
#4069 = ( GEOMETRIC_REPRESENTATION_CONTEXT(2) 
PARAMETRIC_REPRESENTATION_CONTEXT() REPRESENTATION_CONTEXT('2D SPACE',''
  ) );
#4070 = ORIENTED_EDGE('',*,*,#4071,.F.);
#4071 = EDGE_CURVE('',#4072,#3998,#4074,.T.);
#4072 = VERTEX_POINT('',#4073);
#4073 = CARTESIAN_POINT('',(-38.,73.15,261.825));
#4074 = SURFACE_CURVE('',#4075,(#4078,#4084),.PCURVE_S1.);
#4075 = B_SPLINE_CURVE_WITH_KNOTS('',1,(#4076,#4077),.UNSPECIFIED.,.F.,
  .F.,(2,2),(0.,1.),.PIECEWISE_BEZIER_KNOTS.);
#4076 = CARTESIAN_POINT('',(-38.,73.15,261.825));
#4077 = CARTESIAN_POINT('',(38.,73.15,261.825));
#4078 = PCURVE('',#3046,#4079);
#4079 = DEFINITIONAL_REPRESENTATION('',(#4080),#4083);
#4080 = B_SPLINE_CURVE_WITH_KNOTS('',1,(#4081,#4082),.UNSPECIFIED.,.F.,
  .F.,(2,2),(0.,1.),.PIECEWISE_BEZIER_KNOTS.);
#4081 = CARTESIAN_POINT('',(103.30505050505,0.2125));
#4082 = CARTESIAN_POINT('',(24.69494949495,0.2125));
#4083 = ( GEOMETRIC_REPRESENTATION_CONTEXT(2) 
PARAMETRIC_REPRESENTATION_CONTEXT() REPRESENTATION_CONTEXT('2D SPACE',''
  ) );
#4084 = PCURVE('',#4085,#4090);
#4085 = PLANE('',#4086);
#4086 = AXIS2_PLACEMENT_3D('',#4087,#4088,#4089);
#4087 = CARTESIAN_POINT('',(0.,73.15,266.));
#4088 = DIRECTION('',(0.,-1.,0.));
#4089 = DIRECTION('',(1.,0.,0.));
#4090 = DEFINITIONAL_REPRESENTATION('',(#4091),#4094);
#4091 = B_SPLINE_CURVE_WITH_KNOTS('',1,(#4092,#4093),.UNSPECIFIED.,.F.,
  .F.,(2,2),(0.,1.),.PIECEWISE_BEZIER_KNOTS.);
#4092 = CARTESIAN_POINT('',(-38.,-4.175));
#4093 = CARTESIAN_POINT('',(38.,-4.175));
#4094 = ( GEOMETRIC_REPRESENTATION_CONTEXT(2) 
PARAMETRIC_REPRESENTATION_CONTEXT() REPRESENTATION_CONTEXT('2D SPACE',''
  ) );
#4095 = ORIENTED_EDGE('',*,*,#4096,.F.);
#4096 = EDGE_CURVE('',#3032,#4072,#4097,.T.);
#4097 = SURFACE_CURVE('',#4098,(#4119,#4143),.PCURVE_S1.);
#4098 = B_SPLINE_CURVE_WITH_KNOTS('',4,(#4099,#4100,#4101,#4102,#4103,
    #4104,#4105,#4106,#4107,#4108,#4109,#4110,#4111,#4112,#4113,#4114,
    #4115,#4116,#4117,#4118),.UNSPECIFIED.,.F.,.F.,(5,3,3,3,3,3,5),(0.,
    0.497911986069,0.747486148412,0.874793795428,0.936131017162,
    0.969165991651,1.),.UNSPECIFIED.);
#4099 = CARTESIAN_POINT('',(-38.,74.,258.));
#4100 = CARTESIAN_POINT('',(-38.,73.893847331378,258.47768700879));
#4101 = CARTESIAN_POINT('',(-38.,73.787804644011,258.95487910195));
#4102 = CARTESIAN_POINT('',(-38.,73.681875812655,259.43155884305));
#4103 = CARTESIAN_POINT('',(-38.,73.523028235764,260.14637293906));
#4104 = CARTESIAN_POINT('',(-38.,73.470021118714,260.38490496578));
#4105 = CARTESIAN_POINT('',(-38.,73.417044179771,260.62330119103));
#4106 = CARTESIAN_POINT('',(-38.,73.33709012684,260.98309442922));
#4107 = CARTESIAN_POINT('',(-38.,73.310090284267,261.10459372079));
#4108 = CARTESIAN_POINT('',(-38.,73.28309850807,261.22605671368));
#4109 = CARTESIAN_POINT('',(-38.,73.243114071731,261.40598667721));
#4110 = CARTESIAN_POINT('',(-38.,73.230115161158,261.46448177479));
#4111 = CARTESIAN_POINT('',(-38.,73.217118148394,261.52296833222));
#4112 = CARTESIAN_POINT('',(-38.,73.197124142804,261.61294135738));
#4113 = CARTESIAN_POINT('',(-38.,73.190125244313,261.64443640059));
#4114 = CARTESIAN_POINT('',(-38.,73.183126346278,261.67593144175));
#4115 = CARTESIAN_POINT('',(-38.,73.169594854992,261.73682315253));
#4116 = CARTESIAN_POINT('',(-38.,73.163062723968,261.76621774214));
#4117 = CARTESIAN_POINT('',(-38.,73.156531138063,261.79560987871));
#4118 = CARTESIAN_POINT('',(-38.,73.15,261.825));
#4119 = PCURVE('',#3046,#4120);
#4120 = DEFINITIONAL_REPRESENTATION('',(#4121),#4142);
#4121 = B_SPLINE_CURVE_WITH_KNOTS('',4,(#4122,#4123,#4124,#4125,#4126,
    #4127,#4128,#4129,#4130,#4131,#4132,#4133,#4134,#4135,#4136,#4137,
    #4138,#4139,#4140,#4141),.UNSPECIFIED.,.F.,.F.,(5,3,3,3,3,3,5),(0.,
    0.497911986069,0.747486148412,0.874793795428,0.936131017162,
    0.969165991651,1.),.UNSPECIFIED.);
#4122 = CARTESIAN_POINT('',(102.,0.));
#4123 = CARTESIAN_POINT('',(102.15757036748,2.653816715551E-02));
#4124 = CARTESIAN_POINT('',(102.31671982671,5.30488389972E-02));
#4125 = CARTESIAN_POINT('',(102.47747785233,7.953104683615E-02));
#4126 = CARTESIAN_POINT('',(102.72127490653,0.119242941059));
#4127 = CARTESIAN_POINT('',(102.80308677407,0.132494720322));
#4128 = CARTESIAN_POINT('',(102.88531423485,0.145738955057));
#4129 = CARTESIAN_POINT('',(103.01011932231,0.16572746829));
#4130 = CARTESIAN_POINT('',(103.05238662501,0.172477428933));
#4131 = CARTESIAN_POINT('',(103.0947635893,0.179225372983));
#4132 = CARTESIAN_POINT('',(103.15772117211,0.189221482067));
#4133 = CARTESIAN_POINT('',(103.1782171873,0.192471209711));
#4134 = CARTESIAN_POINT('',(103.19873883696,0.195720462901));
#4135 = CARTESIAN_POINT('',(103.23035255803,0.200718964299));
#4136 = CARTESIAN_POINT('',(103.24142726292,0.202468688922));
#4137 = CARTESIAN_POINT('',(103.25251030802,0.204218413431));
#4138 = CARTESIAN_POINT('',(103.2739541388,0.207601286252));
#4139 = CARTESIAN_POINT('',(103.28431279601,0.209234319008));
#4140 = CARTESIAN_POINT('',(103.2946787721,0.210867215484));
#4141 = CARTESIAN_POINT('',(103.30505076051,0.2125));
#4142 = ( GEOMETRIC_REPRESENTATION_CONTEXT(2) 
PARAMETRIC_REPRESENTATION_CONTEXT() REPRESENTATION_CONTEXT('2D SPACE',''
  ) );
#4143 = PCURVE('',#3078,#4144);
#4144 = DEFINITIONAL_REPRESENTATION('',(#4145),#4166);
#4145 = B_SPLINE_CURVE_WITH_KNOTS('',4,(#4146,#4147,#4148,#4149,#4150,
    #4151,#4152,#4153,#4154,#4155,#4156,#4157,#4158,#4159,#4160,#4161,
    #4162,#4163,#4164,#4165),.UNSPECIFIED.,.F.,.F.,(5,3,3,3,3,3,5),(0.,
    0.497911986069,0.747486148412,0.874793795428,0.936131017162,
    0.969165991651,1.),.UNSPECIFIED.);
#4146 = CARTESIAN_POINT('',(4.2,-1.65));
#4147 = CARTESIAN_POINT('',(4.677687008799,-1.756152668622));
#4148 = CARTESIAN_POINT('',(5.15487910195,-1.862195355989));
#4149 = CARTESIAN_POINT('',(5.631558843051,-1.968124187345));
#4150 = CARTESIAN_POINT('',(6.346372939064,-2.126971764236));
#4151 = CARTESIAN_POINT('',(6.584904965787,-2.179978881286));
#4152 = CARTESIAN_POINT('',(6.823301191031,-2.232955820229));
#4153 = CARTESIAN_POINT('',(7.183094429222,-2.31290987316));
#4154 = CARTESIAN_POINT('',(7.304593720799,-2.339909715733));
#4155 = CARTESIAN_POINT('',(7.426056713687,-2.36690149193));
#4156 = CARTESIAN_POINT('',(7.605986677209,-2.406885928269));
#4157 = CARTESIAN_POINT('',(7.664481774791,-2.419884838842));
#4158 = CARTESIAN_POINT('',(7.722968332227,-2.432881851606));
#4159 = CARTESIAN_POINT('',(7.812941357382,-2.452875857196));
#4160 = CARTESIAN_POINT('',(7.84443640059,-2.459874755687));
#4161 = CARTESIAN_POINT('',(7.87593144175,-2.466873653722));
#4162 = CARTESIAN_POINT('',(7.936823152538,-2.480405145008));
#4163 = CARTESIAN_POINT('',(7.966217742143,-2.486937276032));
#4164 = CARTESIAN_POINT('',(7.995609878717,-2.493468861937));
#4165 = CARTESIAN_POINT('',(8.025,-2.5));
#4166 = ( GEOMETRIC_REPRESENTATION_CONTEXT(2) 
PARAMETRIC_REPRESENTATION_CONTEXT() REPRESENTATION_CONTEXT('2D SPACE',''
  ) );
#4167 = ORIENTED_EDGE('',*,*,#3031,.T.);
#4168 = ORIENTED_EDGE('',*,*,#3902,.T.);
#4169 = ORIENTED_EDGE('',*,*,#4170,.F.);
#4170 = EDGE_CURVE('',#3927,#3858,#4171,.T.);
#4171 = SURFACE_CURVE('',#4172,(#4176,#4182),.PCURVE_S1.);
#4172 = LINE('',#4173,#4174);
#4173 = CARTESIAN_POINT('',(54.,70.,276.));
#4174 = VECTOR('',#4175,1.);
#4175 = DIRECTION('',(-1.,0.,0.));
#4176 = PCURVE('',#3046,#4177);
#4177 = DEFINITIONAL_REPRESENTATION('',(#4178),#4181);
#4178 = B_SPLINE_CURVE_WITH_KNOTS('',1,(#4179,#4180),.UNSPECIFIED.,.F.,
  .F.,(2,2),(0.,108.),.PIECEWISE_BEZIER_KNOTS.);
#4179 = CARTESIAN_POINT('',(0.,1.));
#4180 = CARTESIAN_POINT('',(128.,1.));
#4181 = ( GEOMETRIC_REPRESENTATION_CONTEXT(2) 
PARAMETRIC_REPRESENTATION_CONTEXT() REPRESENTATION_CONTEXT('2D SPACE',''
  ) );
#4182 = PCURVE('',#4183,#4188);
#4183 = B_SPLINE_SURFACE_WITH_KNOTS('',1,1,(
    (#4184,#4185)
    ,(#4186,#4187
    )),.UNSPECIFIED.,.F.,.F.,.F.,(2,2),(2,2),(0.,108.),(0.,1.),
  .PIECEWISE_BEZIER_KNOTS.);
#4184 = CARTESIAN_POINT('',(54.,70.,276.));
#4185 = CARTESIAN_POINT('',(44.,65.,290.3));
#4186 = CARTESIAN_POINT('',(-54.,70.,276.));
#4187 = CARTESIAN_POINT('',(-44.,65.,290.3));
#4188 = DEFINITIONAL_REPRESENTATION('',(#4189),#4193);
#4189 = LINE('',#4190,#4191);
#4190 = CARTESIAN_POINT('',(0.,0.));
#4191 = VECTOR('',#4192,1.);
#4192 = DIRECTION('',(1.,0.));
#4193 = ( GEOMETRIC_REPRESENTATION_CONTEXT(2) 
PARAMETRIC_REPRESENTATION_CONTEXT() REPRESENTATION_CONTEXT('2D SPACE',''
  ) );
#4194 = ADVANCED_FACE('',(#4195),#3382,.T.);
#4195 = FACE_BOUND('',#4196,.T.);
#4196 = EDGE_LOOP('',(#4197,#4198,#4221,#4242));
#4197 = ORIENTED_EDGE('',*,*,#3362,.F.);
#4198 = ORIENTED_EDGE('',*,*,#4199,.T.);
#4199 = EDGE_CURVE('',#3233,#4200,#4202,.T.);
#4200 = VERTEX_POINT('',#4201);
#4201 = CARTESIAN_POINT('',(38.,73.15,253.8));
#4202 = SURFACE_CURVE('',#4203,(#4207,#4214),.PCURVE_S1.);
#4203 = LINE('',#4204,#4205);
#4204 = CARTESIAN_POINT('',(38.,75.65,253.8));
#4205 = VECTOR('',#4206,1.);
#4206 = DIRECTION('',(0.,-1.,0.));
#4207 = PCURVE('',#3382,#4208);
#4208 = DEFINITIONAL_REPRESENTATION('',(#4209),#4213);
#4209 = LINE('',#4210,#4211);
#4210 = CARTESIAN_POINT('',(0.,0.));
#4211 = VECTOR('',#4212,1.);
#4212 = DIRECTION('',(0.,-1.));
#4213 = ( GEOMETRIC_REPRESENTATION_CONTEXT(2) 
PARAMETRIC_REPRESENTATION_CONTEXT() REPRESENTATION_CONTEXT('2D SPACE',''
  ) );
#4214 = PCURVE('',#3316,#4215);
#4215 = DEFINITIONAL_REPRESENTATION('',(#4216),#4220);
#4216 = LINE('',#4217,#4218);
#4217 = CARTESIAN_POINT('',(-6.28318530718,0.));
#4218 = VECTOR('',#4219,1.);
#4219 = DIRECTION('',(-0.,-1.));
#4220 = ( GEOMETRIC_REPRESENTATION_CONTEXT(2) 
PARAMETRIC_REPRESENTATION_CONTEXT() REPRESENTATION_CONTEXT('2D SPACE',''
  ) );
#4221 = ORIENTED_EDGE('',*,*,#4222,.T.);
#4222 = EDGE_CURVE('',#4200,#3998,#4223,.T.);
#4223 = SURFACE_CURVE('',#4224,(#4228,#4235),.PCURVE_S1.);
#4224 = LINE('',#4225,#4226);
#4225 = CARTESIAN_POINT('',(38.,73.15,266.));
#4226 = VECTOR('',#4227,1.);
#4227 = DIRECTION('',(0.,0.,1.));
#4228 = PCURVE('',#3382,#4229);
#4229 = DEFINITIONAL_REPRESENTATION('',(#4230),#4234);
#4230 = LINE('',#4231,#4232);
#4231 = CARTESIAN_POINT('',(12.2,-2.5));
#4232 = VECTOR('',#4233,1.);
#4233 = DIRECTION('',(1.,0.));
#4234 = ( GEOMETRIC_REPRESENTATION_CONTEXT(2) 
PARAMETRIC_REPRESENTATION_CONTEXT() REPRESENTATION_CONTEXT('2D SPACE',''
  ) );
#4235 = PCURVE('',#4085,#4236);
#4236 = DEFINITIONAL_REPRESENTATION('',(#4237),#4241);
#4237 = LINE('',#4238,#4239);
#4238 = CARTESIAN_POINT('',(38.,0.));
#4239 = VECTOR('',#4240,1.);
#4240 = DIRECTION('',(0.,1.));
#4241 = ( GEOMETRIC_REPRESENTATION_CONTEXT(2) 
PARAMETRIC_REPRESENTATION_CONTEXT() REPRESENTATION_CONTEXT('2D SPACE',''
  ) );
#4242 = ORIENTED_EDGE('',*,*,#3997,.F.);
#4243 = ADVANCED_FACE('',(#4244),#3316,.F.);
#4244 = FACE_BOUND('',#4245,.T.);
#4245 = EDGE_LOOP('',(#4246,#4247,#4270,#4292));
#4246 = ORIENTED_EDGE('',*,*,#3232,.F.);
#4247 = ORIENTED_EDGE('',*,*,#4248,.T.);
#4248 = EDGE_CURVE('',#3208,#4249,#4251,.T.);
#4249 = VERTEX_POINT('',#4250);
#4250 = CARTESIAN_POINT('',(31.7,73.15,247.5));
#4251 = SURFACE_CURVE('',#4252,(#4256,#4263),.PCURVE_S1.);
#4252 = LINE('',#4253,#4254);
#4253 = CARTESIAN_POINT('',(31.7,75.65,247.5));
#4254 = VECTOR('',#4255,1.);
#4255 = DIRECTION('',(0.,-1.,0.));
#4256 = PCURVE('',#3316,#4257);
#4257 = DEFINITIONAL_REPRESENTATION('',(#4258),#4262);
#4258 = LINE('',#4259,#4260);
#4259 = CARTESIAN_POINT('',(-4.712388980385,0.));
#4260 = VECTOR('',#4261,1.);
#4261 = DIRECTION('',(-0.,-1.));
#4262 = ( GEOMETRIC_REPRESENTATION_CONTEXT(2) 
PARAMETRIC_REPRESENTATION_CONTEXT() REPRESENTATION_CONTEXT('2D SPACE',''
  ) );
#4263 = PCURVE('',#3221,#4264);
#4264 = DEFINITIONAL_REPRESENTATION('',(#4265),#4269);
#4265 = LINE('',#4266,#4267);
#4266 = CARTESIAN_POINT('',(63.4,0.));
#4267 = VECTOR('',#4268,1.);
#4268 = DIRECTION('',(0.,-1.));
#4269 = ( GEOMETRIC_REPRESENTATION_CONTEXT(2) 
PARAMETRIC_REPRESENTATION_CONTEXT() REPRESENTATION_CONTEXT('2D SPACE',''
  ) );
#4270 = ORIENTED_EDGE('',*,*,#4271,.T.);
#4271 = EDGE_CURVE('',#4249,#4200,#4272,.T.);
#4272 = SURFACE_CURVE('',#4273,(#4278,#4285),.PCURVE_S1.);
#4273 = CIRCLE('',#4274,6.3);
#4274 = AXIS2_PLACEMENT_3D('',#4275,#4276,#4277);
#4275 = CARTESIAN_POINT('',(31.7,73.15,253.8));
#4276 = DIRECTION('',(0.,-1.,0.));
#4277 = DIRECTION('',(1.,0.,0.));
#4278 = PCURVE('',#3316,#4279);
#4279 = DEFINITIONAL_REPRESENTATION('',(#4280),#4284);
#4280 = LINE('',#4281,#4282);
#4281 = CARTESIAN_POINT('',(-0.,-2.5));
#4282 = VECTOR('',#4283,1.);
#4283 = DIRECTION('',(-1.,0.));
#4284 = ( GEOMETRIC_REPRESENTATION_CONTEXT(2) 
PARAMETRIC_REPRESENTATION_CONTEXT() REPRESENTATION_CONTEXT('2D SPACE',''
  ) );
#4285 = PCURVE('',#4085,#4286);
#4286 = DEFINITIONAL_REPRESENTATION('',(#4287),#4291);
#4287 = CIRCLE('',#4288,6.3);
#4288 = AXIS2_PLACEMENT_2D('',#4289,#4290);
#4289 = CARTESIAN_POINT('',(31.7,-12.2));
#4290 = DIRECTION('',(1.,0.));
#4291 = ( GEOMETRIC_REPRESENTATION_CONTEXT(2) 
PARAMETRIC_REPRESENTATION_CONTEXT() REPRESENTATION_CONTEXT('2D SPACE',''
  ) );
#4292 = ORIENTED_EDGE('',*,*,#4199,.F.);
#4293 = ADVANCED_FACE('',(#4294),#3221,.T.);
#4294 = FACE_BOUND('',#4295,.T.);
#4295 = EDGE_LOOP('',(#4296,#4297,#4320,#4341));
#4296 = ORIENTED_EDGE('',*,*,#3207,.F.);
#4297 = ORIENTED_EDGE('',*,*,#4298,.T.);
#4298 = EDGE_CURVE('',#3093,#4299,#4301,.T.);
#4299 = VERTEX_POINT('',#4300);
#4300 = CARTESIAN_POINT('',(-31.7,73.15,247.5));
#4301 = SURFACE_CURVE('',#4302,(#4306,#4313),.PCURVE_S1.);
#4302 = LINE('',#4303,#4304);
#4303 = CARTESIAN_POINT('',(-31.7,75.65,247.5));
#4304 = VECTOR('',#4305,1.);
#4305 = DIRECTION('',(0.,-1.,0.));
#4306 = PCURVE('',#3221,#4307);
#4307 = DEFINITIONAL_REPRESENTATION('',(#4308),#4312);
#4308 = LINE('',#4309,#4310);
#4309 = CARTESIAN_POINT('',(0.,0.));
#4310 = VECTOR('',#4311,1.);
#4311 = DIRECTION('',(0.,-1.));
#4312 = ( GEOMETRIC_REPRESENTATION_CONTEXT(2) 
PARAMETRIC_REPRESENTATION_CONTEXT() REPRESENTATION_CONTEXT('2D SPACE',''
  ) );
#4313 = PCURVE('',#3166,#4314);
#4314 = DEFINITIONAL_REPRESENTATION('',(#4315),#4319);
#4315 = LINE('',#4316,#4317);
#4316 = CARTESIAN_POINT('',(-4.712388980385,0.));
#4317 = VECTOR('',#4318,1.);
#4318 = DIRECTION('',(-0.,-1.));
#4319 = ( GEOMETRIC_REPRESENTATION_CONTEXT(2) 
PARAMETRIC_REPRESENTATION_CONTEXT() REPRESENTATION_CONTEXT('2D SPACE',''
  ) );
#4320 = ORIENTED_EDGE('',*,*,#4321,.T.);
#4321 = EDGE_CURVE('',#4299,#4249,#4322,.T.);
#4322 = SURFACE_CURVE('',#4323,(#4327,#4334),.PCURVE_S1.);
#4323 = LINE('',#4324,#4325);
#4324 = CARTESIAN_POINT('',(0.,73.15,247.5));
#4325 = VECTOR('',#4326,1.);
#4326 = DIRECTION('',(1.,0.,0.));
#4327 = PCURVE('',#3221,#4328);
#4328 = DEFINITIONAL_REPRESENTATION('',(#4329),#4333);
#4329 = LINE('',#4330,#4331);
#4330 = CARTESIAN_POINT('',(31.7,-2.5));
#4331 = VECTOR('',#4332,1.);
#4332 = DIRECTION('',(1.,0.));
#4333 = ( GEOMETRIC_REPRESENTATION_CONTEXT(2) 
PARAMETRIC_REPRESENTATION_CONTEXT() REPRESENTATION_CONTEXT('2D SPACE',''
  ) );
#4334 = PCURVE('',#4085,#4335);
#4335 = DEFINITIONAL_REPRESENTATION('',(#4336),#4340);
#4336 = LINE('',#4337,#4338);
#4337 = CARTESIAN_POINT('',(0.,-18.5));
#4338 = VECTOR('',#4339,1.);
#4339 = DIRECTION('',(1.,0.));
#4340 = ( GEOMETRIC_REPRESENTATION_CONTEXT(2) 
PARAMETRIC_REPRESENTATION_CONTEXT() REPRESENTATION_CONTEXT('2D SPACE',''
  ) );
#4341 = ORIENTED_EDGE('',*,*,#4248,.F.);
#4342 = ADVANCED_FACE('',(#4343),#3166,.F.);
#4343 = FACE_BOUND('',#4344,.T.);
#4344 = EDGE_LOOP('',(#4345,#4346,#4369,#4391));
#4345 = ORIENTED_EDGE('',*,*,#3092,.F.);
#4346 = ORIENTED_EDGE('',*,*,#4347,.T.);
#4347 = EDGE_CURVE('',#3059,#4348,#4350,.T.);
#4348 = VERTEX_POINT('',#4349);
#4349 = CARTESIAN_POINT('',(-38.,73.15,253.8));
#4350 = SURFACE_CURVE('',#4351,(#4355,#4362),.PCURVE_S1.);
#4351 = LINE('',#4352,#4353);
#4352 = CARTESIAN_POINT('',(-38.,75.65,253.8));
#4353 = VECTOR('',#4354,1.);
#4354 = DIRECTION('',(0.,-1.,0.));
#4355 = PCURVE('',#3166,#4356);
#4356 = DEFINITIONAL_REPRESENTATION('',(#4357),#4361);
#4357 = LINE('',#4358,#4359);
#4358 = CARTESIAN_POINT('',(-3.14159265359,0.));
#4359 = VECTOR('',#4360,1.);
#4360 = DIRECTION('',(-0.,-1.));
#4361 = ( GEOMETRIC_REPRESENTATION_CONTEXT(2) 
PARAMETRIC_REPRESENTATION_CONTEXT() REPRESENTATION_CONTEXT('2D SPACE',''
  ) );
#4362 = PCURVE('',#3078,#4363);
#4363 = DEFINITIONAL_REPRESENTATION('',(#4364),#4368);
#4364 = LINE('',#4365,#4366);
#4365 = CARTESIAN_POINT('',(0.,0.));
#4366 = VECTOR('',#4367,1.);
#4367 = DIRECTION('',(0.,-1.));
#4368 = ( GEOMETRIC_REPRESENTATION_CONTEXT(2) 
PARAMETRIC_REPRESENTATION_CONTEXT() REPRESENTATION_CONTEXT('2D SPACE',''
  ) );
#4369 = ORIENTED_EDGE('',*,*,#4370,.T.);
#4370 = EDGE_CURVE('',#4348,#4299,#4371,.T.);
#4371 = SURFACE_CURVE('',#4372,(#4377,#4384),.PCURVE_S1.);
#4372 = CIRCLE('',#4373,6.3);
#4373 = AXIS2_PLACEMENT_3D('',#4374,#4375,#4376);
#4374 = CARTESIAN_POINT('',(-31.7,73.15,253.8));
#4375 = DIRECTION('',(0.,-1.,0.));
#4376 = DIRECTION('',(1.,0.,0.));
#4377 = PCURVE('',#3166,#4378);
#4378 = DEFINITIONAL_REPRESENTATION('',(#4379),#4383);
#4379 = LINE('',#4380,#4381);
#4380 = CARTESIAN_POINT('',(-0.,-2.5));
#4381 = VECTOR('',#4382,1.);
#4382 = DIRECTION('',(-1.,0.));
#4383 = ( GEOMETRIC_REPRESENTATION_CONTEXT(2) 
PARAMETRIC_REPRESENTATION_CONTEXT() REPRESENTATION_CONTEXT('2D SPACE',''
  ) );
#4384 = PCURVE('',#4085,#4385);
#4385 = DEFINITIONAL_REPRESENTATION('',(#4386),#4390);
#4386 = CIRCLE('',#4387,6.3);
#4387 = AXIS2_PLACEMENT_2D('',#4388,#4389);
#4388 = CARTESIAN_POINT('',(-31.7,-12.2));
#4389 = DIRECTION('',(1.,0.));
#4390 = ( GEOMETRIC_REPRESENTATION_CONTEXT(2) 
PARAMETRIC_REPRESENTATION_CONTEXT() REPRESENTATION_CONTEXT('2D SPACE',''
  ) );
#4391 = ORIENTED_EDGE('',*,*,#4298,.F.);
#4392 = ADVANCED_FACE('',(#4393),#3078,.F.);
#4393 = FACE_BOUND('',#4394,.F.);
#4394 = EDGE_LOOP('',(#4395,#4396,#4397,#4418));
#4395 = ORIENTED_EDGE('',*,*,#3058,.F.);
#4396 = ORIENTED_EDGE('',*,*,#4347,.T.);
#4397 = ORIENTED_EDGE('',*,*,#4398,.T.);
#4398 = EDGE_CURVE('',#4348,#4072,#4399,.T.);
#4399 = SURFACE_CURVE('',#4400,(#4404,#4411),.PCURVE_S1.);
#4400 = LINE('',#4401,#4402);
#4401 = CARTESIAN_POINT('',(-38.,73.15,266.));
#4402 = VECTOR('',#4403,1.);
#4403 = DIRECTION('',(0.,0.,1.));
#4404 = PCURVE('',#3078,#4405);
#4405 = DEFINITIONAL_REPRESENTATION('',(#4406),#4410);
#4406 = LINE('',#4407,#4408);
#4407 = CARTESIAN_POINT('',(12.2,-2.5));
#4408 = VECTOR('',#4409,1.);
#4409 = DIRECTION('',(1.,0.));
#4410 = ( GEOMETRIC_REPRESENTATION_CONTEXT(2) 
PARAMETRIC_REPRESENTATION_CONTEXT() REPRESENTATION_CONTEXT('2D SPACE',''
  ) );
#4411 = PCURVE('',#4085,#4412);
#4412 = DEFINITIONAL_REPRESENTATION('',(#4413),#4417);
#4413 = LINE('',#4414,#4415);
#4414 = CARTESIAN_POINT('',(-38.,0.));
#4415 = VECTOR('',#4416,1.);
#4416 = DIRECTION('',(0.,1.));
#4417 = ( GEOMETRIC_REPRESENTATION_CONTEXT(2) 
PARAMETRIC_REPRESENTATION_CONTEXT() REPRESENTATION_CONTEXT('2D SPACE',''
  ) );
#4418 = ORIENTED_EDGE('',*,*,#4096,.F.);
#4419 = ADVANCED_FACE('',(#4420),#3457,.T.);
#4420 = FACE_BOUND('',#4421,.T.);
#4421 = EDGE_LOOP('',(#4422,#4423,#4445,#4467));
#4422 = ORIENTED_EDGE('',*,*,#3442,.T.);
#4423 = ORIENTED_EDGE('',*,*,#4424,.T.);
#4424 = EDGE_CURVE('',#3421,#4425,#4427,.T.);
#4425 = VERTEX_POINT('',#4426);
#4426 = CARTESIAN_POINT('',(94.,-15.,290.3));
#4427 = SURFACE_CURVE('',#4428,(#4431,#4438),.PCURVE_S1.);
#4428 = B_SPLINE_CURVE_WITH_KNOTS('',1,(#4429,#4430),.UNSPECIFIED.,.F.,
  .F.,(2,2),(0.,1.),.PIECEWISE_BEZIER_KNOTS.);
#4429 = CARTESIAN_POINT('',(98.,-26.,276.));
#4430 = CARTESIAN_POINT('',(94.,-15.,290.3));
#4431 = PCURVE('',#3457,#4432);
#4432 = DEFINITIONAL_REPRESENTATION('',(#4433),#4437);
#4433 = LINE('',#4434,#4435);
#4434 = CARTESIAN_POINT('',(1.570796318693,0.));
#4435 = VECTOR('',#4436,1.);
#4436 = DIRECTION('',(0.,1.));
#4437 = ( GEOMETRIC_REPRESENTATION_CONTEXT(2) 
PARAMETRIC_REPRESENTATION_CONTEXT() REPRESENTATION_CONTEXT('2D SPACE',''
  ) );
#4438 = PCURVE('',#3839,#4439);
#4439 = DEFINITIONAL_REPRESENTATION('',(#4440),#4444);
#4440 = LINE('',#4441,#4442);
#4441 = CARTESIAN_POINT('',(0.,0.));
#4442 = VECTOR('',#4443,1.);
#4443 = DIRECTION('',(0.,1.));
#4444 = ( GEOMETRIC_REPRESENTATION_CONTEXT(2) 
PARAMETRIC_REPRESENTATION_CONTEXT() REPRESENTATION_CONTEXT('2D SPACE',''
  ) );
#4445 = ORIENTED_EDGE('',*,*,#4446,.F.);
#4446 = EDGE_CURVE('',#3561,#4425,#4447,.T.);
#4447 = SURFACE_CURVE('',#4448,(#4453,#4460),.PCURVE_S1.);
#4448 = CIRCLE('',#4449,50.000000202556);
#4449 = AXIS2_PLACEMENT_3D('',#4450,#4451,#4452);
#4450 = CARTESIAN_POINT('',(43.999999797444,-14.99999979744,290.3));
#4451 = DIRECTION('',(0.,0.,1.));
#4452 = DIRECTION('',(4.051126706559E-09,-1.,0.));
#4453 = PCURVE('',#3457,#4454);
#4454 = DEFINITIONAL_REPRESENTATION('',(#4455),#4459);
#4455 = LINE('',#4456,#4457);
#4456 = CARTESIAN_POINT('',(0.,1.));
#4457 = VECTOR('',#4458,1.);
#4458 = DIRECTION('',(1.,0.));
#4459 = ( GEOMETRIC_REPRESENTATION_CONTEXT(2) 
PARAMETRIC_REPRESENTATION_CONTEXT() REPRESENTATION_CONTEXT('2D SPACE',''
  ) );
#4460 = PCURVE('',#3597,#4461);
#4461 = DEFINITIONAL_REPRESENTATION('',(#4462),#4466);
#4462 = CIRCLE('',#4463,50.000000202556);
#4463 = AXIS2_PLACEMENT_2D('',#4464,#4465);
#4464 = CARTESIAN_POINT('',(0.,0.));
#4465 = DIRECTION('',(1.,0.));
#4466 = ( GEOMETRIC_REPRESENTATION_CONTEXT(2) 
PARAMETRIC_REPRESENTATION_CONTEXT() REPRESENTATION_CONTEXT('2D SPACE',''
  ) );
#4467 = ORIENTED_EDGE('',*,*,#3560,.F.);
#4468 = ADVANCED_FACE('',(#4469),#3508,.T.);
#4469 = FACE_BOUND('',#4470,.T.);
#4470 = EDGE_LOOP('',(#4471,#4472,#4473,#4497));
#4471 = ORIENTED_EDGE('',*,*,#3491,.T.);
#4472 = ORIENTED_EDGE('',*,*,#3609,.T.);
#4473 = ORIENTED_EDGE('',*,*,#4474,.F.);
#4474 = EDGE_CURVE('',#4475,#3583,#4477,.T.);
#4475 = VERTEX_POINT('',#4476);
#4476 = CARTESIAN_POINT('',(-94.,-15.,290.3));
#4477 = SURFACE_CURVE('',#4478,(#4483,#4490),.PCURVE_S1.);
#4478 = CIRCLE('',#4479,50.000000202556);
#4479 = AXIS2_PLACEMENT_3D('',#4480,#4481,#4482);
#4480 = CARTESIAN_POINT('',(-43.99999979744,-14.99999979744,290.3));
#4481 = DIRECTION('',(0.,0.,1.));
#4482 = DIRECTION('',(-1.,-4.051126706559E-09,0.));
#4483 = PCURVE('',#3508,#4484);
#4484 = DEFINITIONAL_REPRESENTATION('',(#4485),#4489);
#4485 = LINE('',#4486,#4487);
#4486 = CARTESIAN_POINT('',(0.,1.));
#4487 = VECTOR('',#4488,1.);
#4488 = DIRECTION('',(1.,0.));
#4489 = ( GEOMETRIC_REPRESENTATION_CONTEXT(2) 
PARAMETRIC_REPRESENTATION_CONTEXT() REPRESENTATION_CONTEXT('2D SPACE',''
  ) );
#4490 = PCURVE('',#3597,#4491);
#4491 = DEFINITIONAL_REPRESENTATION('',(#4492),#4496);
#4492 = CIRCLE('',#4493,50.000000202556);
#4493 = AXIS2_PLACEMENT_2D('',#4494,#4495);
#4494 = CARTESIAN_POINT('',(-3.56499148536E-07,-87.99999959488));
#4495 = DIRECTION('',(0.,-1.));
#4496 = ( GEOMETRIC_REPRESENTATION_CONTEXT(2) 
PARAMETRIC_REPRESENTATION_CONTEXT() REPRESENTATION_CONTEXT('2D SPACE',''
  ) );
#4497 = ORIENTED_EDGE('',*,*,#4498,.F.);
#4498 = EDGE_CURVE('',#3492,#4475,#4499,.T.);
#4499 = SURFACE_CURVE('',#4500,(#4503,#4510),.PCURVE_S1.);
#4500 = B_SPLINE_CURVE_WITH_KNOTS('',1,(#4501,#4502),.UNSPECIFIED.,.F.,
  .F.,(2,2),(0.,1.),.PIECEWISE_BEZIER_KNOTS.);
#4501 = CARTESIAN_POINT('',(-98.,-26.,276.));
#4502 = CARTESIAN_POINT('',(-94.,-15.,290.3));
#4503 = PCURVE('',#3508,#4504);
#4504 = DEFINITIONAL_REPRESENTATION('',(#4505),#4509);
#4505 = LINE('',#4506,#4507);
#4506 = CARTESIAN_POINT('',(0.,0.));
#4507 = VECTOR('',#4508,1.);
#4508 = DIRECTION('',(0.,1.));
#4509 = ( GEOMETRIC_REPRESENTATION_CONTEXT(2) 
PARAMETRIC_REPRESENTATION_CONTEXT() REPRESENTATION_CONTEXT('2D SPACE',''
  ) );
#4510 = PCURVE('',#3680,#4511);
#4511 = DEFINITIONAL_REPRESENTATION('',(#4512),#4516);
#4512 = LINE('',#4513,#4514);
#4513 = CARTESIAN_POINT('',(52.,0.));
#4514 = VECTOR('',#4515,1.);
#4515 = DIRECTION('',(0.,1.));
#4516 = ( GEOMETRIC_REPRESENTATION_CONTEXT(2) 
PARAMETRIC_REPRESENTATION_CONTEXT() REPRESENTATION_CONTEXT('2D SPACE',''
  ) );
#4517 = ADVANCED_FACE('',(#4518,#4718),#3597,.T.);
#4518 = FACE_BOUND('',#4519,.T.);
#4519 = EDGE_LOOP('',(#4520,#4521,#4522,#4523,#4545,#4569,#4591,#4615,
    #4637,#4670,#4698));
#4520 = ORIENTED_EDGE('',*,*,#4474,.T.);
#4521 = ORIENTED_EDGE('',*,*,#3582,.T.);
#4522 = ORIENTED_EDGE('',*,*,#4446,.T.);
#4523 = ORIENTED_EDGE('',*,*,#4524,.T.);
#4524 = EDGE_CURVE('',#4425,#4525,#4527,.T.);
#4525 = VERTEX_POINT('',#4526);
#4526 = CARTESIAN_POINT('',(94.,15.,290.3));
#4527 = SURFACE_CURVE('',#4528,(#4532,#4539),.PCURVE_S1.);
#4528 = LINE('',#4529,#4530);
#4529 = CARTESIAN_POINT('',(94.,-15.,290.3));
#4530 = VECTOR('',#4531,1.);
#4531 = DIRECTION('',(0.,1.,0.));
#4532 = PCURVE('',#3597,#4533);
#4533 = DEFINITIONAL_REPRESENTATION('',(#4534),#4538);
#4534 = LINE('',#4535,#4536);
#4535 = CARTESIAN_POINT('',(4.051126705207E-07,50.000000202556));
#4536 = VECTOR('',#4537,1.);
#4537 = DIRECTION('',(-1.,4.051126706559E-09));
#4538 = ( GEOMETRIC_REPRESENTATION_CONTEXT(2) 
PARAMETRIC_REPRESENTATION_CONTEXT() REPRESENTATION_CONTEXT('2D SPACE',''
  ) );
#4539 = PCURVE('',#3839,#4540);
#4540 = DEFINITIONAL_REPRESENTATION('',(#4541),#4544);
#4541 = B_SPLINE_CURVE_WITH_KNOTS('',1,(#4542,#4543),.UNSPECIFIED.,.F.,
  .F.,(2,2),(0.,30.),.PIECEWISE_BEZIER_KNOTS.);
#4542 = CARTESIAN_POINT('',(0.,1.));
#4543 = CARTESIAN_POINT('',(52.,1.));
#4544 = ( GEOMETRIC_REPRESENTATION_CONTEXT(2) 
PARAMETRIC_REPRESENTATION_CONTEXT() REPRESENTATION_CONTEXT('2D SPACE',''
  ) );
#4545 = ORIENTED_EDGE('',*,*,#4546,.T.);
#4546 = EDGE_CURVE('',#4525,#4547,#4549,.T.);
#4547 = VERTEX_POINT('',#4548);
#4548 = CARTESIAN_POINT('',(44.,65.,290.3));
#4549 = SURFACE_CURVE('',#4550,(#4555,#4562),.PCURVE_S1.);
#4550 = CIRCLE('',#4551,50.000000202556);
#4551 = AXIS2_PLACEMENT_3D('',#4552,#4553,#4554);
#4552 = CARTESIAN_POINT('',(43.999999797444,14.999999797444,290.3));
#4553 = DIRECTION('',(0.,0.,1.));
#4554 = DIRECTION('',(1.,4.051126706559E-09,-0.));
#4555 = PCURVE('',#3597,#4556);
#4556 = DEFINITIONAL_REPRESENTATION('',(#4557),#4561);
#4557 = CIRCLE('',#4558,50.000000202556);
#4558 = AXIS2_PLACEMENT_2D('',#4559,#4560);
#4559 = CARTESIAN_POINT('',(-29.99999959488,1.215337995556E-07));
#4560 = DIRECTION('',(0.,1.));
#4561 = ( GEOMETRIC_REPRESENTATION_CONTEXT(2) 
PARAMETRIC_REPRESENTATION_CONTEXT() REPRESENTATION_CONTEXT('2D SPACE',''
  ) );
#4562 = PCURVE('',#3963,#4563);
#4563 = DEFINITIONAL_REPRESENTATION('',(#4564),#4568);
#4564 = LINE('',#4565,#4566);
#4565 = CARTESIAN_POINT('',(0.,1.));
#4566 = VECTOR('',#4567,1.);
#4567 = DIRECTION('',(1.,0.));
#4568 = ( GEOMETRIC_REPRESENTATION_CONTEXT(2) 
PARAMETRIC_REPRESENTATION_CONTEXT() REPRESENTATION_CONTEXT('2D SPACE',''
  ) );
#4569 = ORIENTED_EDGE('',*,*,#4570,.T.);
#4570 = EDGE_CURVE('',#4547,#4571,#4573,.T.);
#4571 = VERTEX_POINT('',#4572);
#4572 = CARTESIAN_POINT('',(-44.,65.,290.3));
#4573 = SURFACE_CURVE('',#4574,(#4578,#4585),.PCURVE_S1.);
#4574 = LINE('',#4575,#4576);
#4575 = CARTESIAN_POINT('',(44.,65.,290.3));
#4576 = VECTOR('',#4577,1.);
#4577 = DIRECTION('',(-1.,0.,0.));
#4578 = PCURVE('',#3597,#4579);
#4579 = DEFINITIONAL_REPRESENTATION('',(#4580),#4584);
#4580 = LINE('',#4581,#4582);
#4581 = CARTESIAN_POINT('',(-79.99999979744,5.266464718526E-07));
#4582 = VECTOR('',#4583,1.);
#4583 = DIRECTION('',(-4.051126706559E-09,-1.));
#4584 = ( GEOMETRIC_REPRESENTATION_CONTEXT(2) 
PARAMETRIC_REPRESENTATION_CONTEXT() REPRESENTATION_CONTEXT('2D SPACE',''
  ) );
#4585 = PCURVE('',#4183,#4586);
#4586 = DEFINITIONAL_REPRESENTATION('',(#4587),#4590);
#4587 = B_SPLINE_CURVE_WITH_KNOTS('',1,(#4588,#4589),.UNSPECIFIED.,.F.,
  .F.,(2,2),(0.,88.),.PIECEWISE_BEZIER_KNOTS.);
#4588 = CARTESIAN_POINT('',(0.,1.));
#4589 = CARTESIAN_POINT('',(108.,1.));
#4590 = ( GEOMETRIC_REPRESENTATION_CONTEXT(2) 
PARAMETRIC_REPRESENTATION_CONTEXT() REPRESENTATION_CONTEXT('2D SPACE',''
  ) );
#4591 = ORIENTED_EDGE('',*,*,#4592,.T.);
#4592 = EDGE_CURVE('',#4571,#4593,#4595,.T.);
#4593 = VERTEX_POINT('',#4594);
#4594 = CARTESIAN_POINT('',(-94.,15.,290.3));
#4595 = SURFACE_CURVE('',#4596,(#4601,#4608),.PCURVE_S1.);
#4596 = CIRCLE('',#4597,50.000000202556);
#4597 = AXIS2_PLACEMENT_3D('',#4598,#4599,#4600);
#4598 = CARTESIAN_POINT('',(-43.99999979744,14.999999797444,290.3));
#4599 = DIRECTION('',(0.,0.,1.));
#4600 = DIRECTION('',(-4.051126706559E-09,1.,0.));
#4601 = PCURVE('',#3597,#4602);
#4602 = DEFINITIONAL_REPRESENTATION('',(#4603),#4607);
#4603 = CIRCLE('',#4604,50.000000202556);
#4604 = AXIS2_PLACEMENT_2D('',#4605,#4606);
#4605 = CARTESIAN_POINT('',(-29.99999995138,-87.99999947335));
#4606 = DIRECTION('',(-1.,0.));
#4607 = ( GEOMETRIC_REPRESENTATION_CONTEXT(2) 
PARAMETRIC_REPRESENTATION_CONTEXT() REPRESENTATION_CONTEXT('2D SPACE',''
  ) );
#4608 = PCURVE('',#3874,#4609);
#4609 = DEFINITIONAL_REPRESENTATION('',(#4610),#4614);
#4610 = LINE('',#4611,#4612);
#4611 = CARTESIAN_POINT('',(0.,1.));
#4612 = VECTOR('',#4613,1.);
#4613 = DIRECTION('',(1.,0.));
#4614 = ( GEOMETRIC_REPRESENTATION_CONTEXT(2) 
PARAMETRIC_REPRESENTATION_CONTEXT() REPRESENTATION_CONTEXT('2D SPACE',''
  ) );
#4615 = ORIENTED_EDGE('',*,*,#4616,.T.);
#4616 = EDGE_CURVE('',#4593,#4617,#4619,.T.);
#4617 = VERTEX_POINT('',#4618);
#4618 = CARTESIAN_POINT('',(-94.,11.662332528272,290.3));
#4619 = SURFACE_CURVE('',#4620,(#4624,#4631),.PCURVE_S1.);
#4620 = LINE('',#4621,#4622);
#4621 = CARTESIAN_POINT('',(-94.,15.,290.3));
#4622 = VECTOR('',#4623,1.);
#4623 = DIRECTION('',(0.,-1.,0.));
#4624 = PCURVE('',#3597,#4625);
#4625 = DEFINITIONAL_REPRESENTATION('',(#4626),#4630);
#4626 = LINE('',#4627,#4628);
#4627 = CARTESIAN_POINT('',(-30.00000035649,-137.9999996759));
#4628 = VECTOR('',#4629,1.);
#4629 = DIRECTION('',(1.,-4.051126706559E-09));
#4630 = ( GEOMETRIC_REPRESENTATION_CONTEXT(2) 
PARAMETRIC_REPRESENTATION_CONTEXT() REPRESENTATION_CONTEXT('2D SPACE',''
  ) );
#4631 = PCURVE('',#3680,#4632);
#4632 = DEFINITIONAL_REPRESENTATION('',(#4633),#4636);
#4633 = B_SPLINE_CURVE_WITH_KNOTS('',1,(#4634,#4635),.UNSPECIFIED.,.F.,
  .F.,(2,2),(0.,30.),.PIECEWISE_BEZIER_KNOTS.);
#4634 = CARTESIAN_POINT('',(0.,1.));
#4635 = CARTESIAN_POINT('',(52.,1.));
#4636 = ( GEOMETRIC_REPRESENTATION_CONTEXT(2) 
PARAMETRIC_REPRESENTATION_CONTEXT() REPRESENTATION_CONTEXT('2D SPACE',''
  ) );
#4637 = ORIENTED_EDGE('',*,*,#4638,.T.);
#4638 = EDGE_CURVE('',#4617,#4639,#4641,.T.);
#4639 = VERTEX_POINT('',#4640);
#4640 = CARTESIAN_POINT('',(-47.1,0.,290.3));
#4641 = SURFACE_CURVE('',#4642,(#4647,#4658),.PCURVE_S1.);
#4642 = CIRCLE('',#4643,24.9);
#4643 = AXIS2_PLACEMENT_3D('',#4644,#4645,#4646);
#4644 = CARTESIAN_POINT('',(-72.,0.,290.3));
#4645 = DIRECTION('',(0.,0.,-1.));
#4646 = DIRECTION('',(1.,0.,0.));
#4647 = PCURVE('',#3597,#4648);
#4648 = DEFINITIONAL_REPRESENTATION('',(#4649),#4657);
#4649 = ( BOUNDED_CURVE() B_SPLINE_CURVE(2,(#4650,#4651,#4652,#4653,
#4654,#4655,#4656),.UNSPECIFIED.,.T.,.F.) B_SPLINE_CURVE_WITH_KNOTS((1,2
    ,2,2,2,1),(-2.094395102393,0.,2.094395102393,4.188790204786,
6.28318530718,8.377580409573),.UNSPECIFIED.) CURVE() 
GEOMETRIC_REPRESENTATION_ITEM() RATIONAL_B_SPLINE_CURVE((1.,0.5,1.,0.5,
1.,0.5,1.)) REPRESENTATION_ITEM('') );
#4650 = CARTESIAN_POINT('',(-15.0000001665,-91.09999973667));
#4651 = CARTESIAN_POINT('',(28.128064941964,-91.09999991139));
#4652 = CARTESIAN_POINT('',(6.564032236422,-128.449999824));
#4653 = CARTESIAN_POINT('',(-15.00000046912,-165.7999997366));
#4654 = CARTESIAN_POINT('',(-36.56403287204,-128.4499996493));
#4655 = CARTESIAN_POINT('',(-58.12806527496,-91.09999956196));
#4656 = CARTESIAN_POINT('',(-15.0000001665,-91.09999973667));
#4657 = ( GEOMETRIC_REPRESENTATION_CONTEXT(2) 
PARAMETRIC_REPRESENTATION_CONTEXT() REPRESENTATION_CONTEXT('2D SPACE',''
  ) );
#4658 = PCURVE('',#4659,#4664);
#4659 = CYLINDRICAL_SURFACE('',#4660,24.9);
#4660 = AXIS2_PLACEMENT_3D('',#4661,#4662,#4663);
#4661 = CARTESIAN_POINT('',(-72.,0.,278.7));
#4662 = DIRECTION('',(-0.,-0.,-1.));
#4663 = DIRECTION('',(1.,0.,0.));
#4664 = DEFINITIONAL_REPRESENTATION('',(#4665),#4669);
#4665 = LINE('',#4666,#4667);
#4666 = CARTESIAN_POINT('',(-6.28318530718,-11.6));
#4667 = VECTOR('',#4668,1.);
#4668 = DIRECTION('',(1.,-0.));
#4669 = ( GEOMETRIC_REPRESENTATION_CONTEXT(2) 
PARAMETRIC_REPRESENTATION_CONTEXT() REPRESENTATION_CONTEXT('2D SPACE',''
  ) );
#4670 = ORIENTED_EDGE('',*,*,#4671,.T.);
#4671 = EDGE_CURVE('',#4639,#4672,#4674,.T.);
#4672 = VERTEX_POINT('',#4673);
#4673 = CARTESIAN_POINT('',(-94.,-11.66233252827,290.3));
#4674 = SURFACE_CURVE('',#4675,(#4680,#4691),.PCURVE_S1.);
#4675 = CIRCLE('',#4676,24.9);
#4676 = AXIS2_PLACEMENT_3D('',#4677,#4678,#4679);
#4677 = CARTESIAN_POINT('',(-72.,0.,290.3));
#4678 = DIRECTION('',(0.,0.,-1.));
#4679 = DIRECTION('',(1.,0.,0.));
#4680 = PCURVE('',#3597,#4681);
#4681 = DEFINITIONAL_REPRESENTATION('',(#4682),#4690);
#4682 = ( BOUNDED_CURVE() B_SPLINE_CURVE(2,(#4683,#4684,#4685,#4686,
#4687,#4688,#4689),.UNSPECIFIED.,.T.,.F.) B_SPLINE_CURVE_WITH_KNOTS((1,2
    ,2,2,2,1),(-2.094395102393,0.,2.094395102393,4.188790204786,
6.28318530718,8.377580409573),.UNSPECIFIED.) CURVE() 
GEOMETRIC_REPRESENTATION_ITEM() RATIONAL_B_SPLINE_CURVE((1.,0.5,1.,0.5,
1.,0.5,1.)) REPRESENTATION_ITEM('') );
#4683 = CARTESIAN_POINT('',(-15.0000001665,-91.09999973667));
#4684 = CARTESIAN_POINT('',(28.128064941964,-91.09999991139));
#4685 = CARTESIAN_POINT('',(6.564032236422,-128.449999824));
#4686 = CARTESIAN_POINT('',(-15.00000046912,-165.7999997366));
#4687 = CARTESIAN_POINT('',(-36.56403287204,-128.4499996493));
#4688 = CARTESIAN_POINT('',(-58.12806527496,-91.09999956196));
#4689 = CARTESIAN_POINT('',(-15.0000001665,-91.09999973667));
#4690 = ( GEOMETRIC_REPRESENTATION_CONTEXT(2) 
PARAMETRIC_REPRESENTATION_CONTEXT() REPRESENTATION_CONTEXT('2D SPACE',''
  ) );
#4691 = PCURVE('',#4659,#4692);
#4692 = DEFINITIONAL_REPRESENTATION('',(#4693),#4697);
#4693 = LINE('',#4694,#4695);
#4694 = CARTESIAN_POINT('',(-6.28318530718,-11.6));
#4695 = VECTOR('',#4696,1.);
#4696 = DIRECTION('',(1.,-0.));
#4697 = ( GEOMETRIC_REPRESENTATION_CONTEXT(2) 
PARAMETRIC_REPRESENTATION_CONTEXT() REPRESENTATION_CONTEXT('2D SPACE',''
  ) );
#4698 = ORIENTED_EDGE('',*,*,#4699,.T.);
#4699 = EDGE_CURVE('',#4672,#4475,#4700,.T.);
#4700 = SURFACE_CURVE('',#4701,(#4705,#4712),.PCURVE_S1.);
#4701 = LINE('',#4702,#4703);
#4702 = CARTESIAN_POINT('',(-94.,15.,290.3));
#4703 = VECTOR('',#4704,1.);
#4704 = DIRECTION('',(0.,-1.,0.));
#4705 = PCURVE('',#3597,#4706);
#4706 = DEFINITIONAL_REPRESENTATION('',(#4707),#4711);
#4707 = LINE('',#4708,#4709);
#4708 = CARTESIAN_POINT('',(-30.00000035649,-137.9999996759));
#4709 = VECTOR('',#4710,1.);
#4710 = DIRECTION('',(1.,-4.051126706559E-09));
#4711 = ( GEOMETRIC_REPRESENTATION_CONTEXT(2) 
PARAMETRIC_REPRESENTATION_CONTEXT() REPRESENTATION_CONTEXT('2D SPACE',''
  ) );
#4712 = PCURVE('',#3680,#4713);
#4713 = DEFINITIONAL_REPRESENTATION('',(#4714),#4717);
#4714 = B_SPLINE_CURVE_WITH_KNOTS('',1,(#4715,#4716),.UNSPECIFIED.,.F.,
  .F.,(2,2),(0.,30.),.PIECEWISE_BEZIER_KNOTS.);
#4715 = CARTESIAN_POINT('',(0.,1.));
#4716 = CARTESIAN_POINT('',(52.,1.));
#4717 = ( GEOMETRIC_REPRESENTATION_CONTEXT(2) 
PARAMETRIC_REPRESENTATION_CONTEXT() REPRESENTATION_CONTEXT('2D SPACE',''
  ) );
#4718 = FACE_BOUND('',#4719,.T.);
#4719 = EDGE_LOOP('',(#4720,#4751,#4779,#4808,#4834,#4860,#4889,#4917,
    #4946,#4967,#4988,#5017,#5045,#5074,#5095,#5121,#5150,#5178,#5207,
    #5228));
#4720 = ORIENTED_EDGE('',*,*,#4721,.F.);
#4721 = EDGE_CURVE('',#4722,#4724,#4726,.T.);
#4722 = VERTEX_POINT('',#4723);
#4723 = CARTESIAN_POINT('',(-32.,-5.,290.3));
#4724 = VERTEX_POINT('',#4725);
#4725 = CARTESIAN_POINT('',(-31.88283267892,-6.932776783103,290.3));
#4726 = SURFACE_CURVE('',#4727,(#4732,#4739),.PCURVE_S1.);
#4727 = CIRCLE('',#4728,16.);
#4728 = AXIS2_PLACEMENT_3D('',#4729,#4730,#4731);
#4729 = CARTESIAN_POINT('',(-16.,-5.,290.3));
#4730 = DIRECTION('',(0.,0.,1.));
#4731 = DIRECTION('',(1.,0.,0.));
#4732 = PCURVE('',#3597,#4733);
#4733 = DEFINITIONAL_REPRESENTATION('',(#4734),#4738);
#4734 = CIRCLE('',#4735,16.);
#4735 = AXIS2_PLACEMENT_2D('',#4736,#4737);
#4736 = CARTESIAN_POINT('',(-10.00000004051,-59.99999975693));
#4737 = DIRECTION('',(4.051126706559E-09,1.));
#4738 = ( GEOMETRIC_REPRESENTATION_CONTEXT(2) 
PARAMETRIC_REPRESENTATION_CONTEXT() REPRESENTATION_CONTEXT('2D SPACE',''
  ) );
#4739 = PCURVE('',#4740,#4745);
#4740 = CYLINDRICAL_SURFACE('',#4741,16.);
#4741 = AXIS2_PLACEMENT_3D('',#4742,#4743,#4744);
#4742 = CARTESIAN_POINT('',(-16.,-5.,290.3));
#4743 = DIRECTION('',(0.,0.,1.));
#4744 = DIRECTION('',(1.,0.,0.));
#4745 = DEFINITIONAL_REPRESENTATION('',(#4746),#4750);
#4746 = LINE('',#4747,#4748);
#4747 = CARTESIAN_POINT('',(0.,0.));
#4748 = VECTOR('',#4749,1.);
#4749 = DIRECTION('',(1.,0.));
#4750 = ( GEOMETRIC_REPRESENTATION_CONTEXT(2) 
PARAMETRIC_REPRESENTATION_CONTEXT() REPRESENTATION_CONTEXT('2D SPACE',''
  ) );
#4751 = ORIENTED_EDGE('',*,*,#4752,.T.);
#4752 = EDGE_CURVE('',#4722,#4753,#4755,.T.);
#4753 = VERTEX_POINT('',#4754);
#4754 = CARTESIAN_POINT('',(-32.,5.,290.3));
#4755 = SURFACE_CURVE('',#4756,(#4760,#4767),.PCURVE_S1.);
#4756 = LINE('',#4757,#4758);
#4757 = CARTESIAN_POINT('',(-32.,0.,290.3));
#4758 = VECTOR('',#4759,1.);
#4759 = DIRECTION('',(0.,1.,0.));
#4760 = PCURVE('',#3597,#4761);
#4761 = DEFINITIONAL_REPRESENTATION('',(#4762),#4766);
#4762 = LINE('',#4763,#4764);
#4763 = CARTESIAN_POINT('',(-15.00000010532,-75.99999973667));
#4764 = VECTOR('',#4765,1.);
#4765 = DIRECTION('',(-1.,4.051126706559E-09));
#4766 = ( GEOMETRIC_REPRESENTATION_CONTEXT(2) 
PARAMETRIC_REPRESENTATION_CONTEXT() REPRESENTATION_CONTEXT('2D SPACE',''
  ) );
#4767 = PCURVE('',#4768,#4773);
#4768 = PLANE('',#4769);
#4769 = AXIS2_PLACEMENT_3D('',#4770,#4771,#4772);
#4770 = CARTESIAN_POINT('',(-32.,-5.,290.3));
#4771 = DIRECTION('',(1.,0.,0.));
#4772 = DIRECTION('',(-0.,1.,0.));
#4773 = DEFINITIONAL_REPRESENTATION('',(#4774),#4778);
#4774 = LINE('',#4775,#4776);
#4775 = CARTESIAN_POINT('',(5.,0.));
#4776 = VECTOR('',#4777,1.);
#4777 = DIRECTION('',(1.,0.));
#4778 = ( GEOMETRIC_REPRESENTATION_CONTEXT(2) 
PARAMETRIC_REPRESENTATION_CONTEXT() REPRESENTATION_CONTEXT('2D SPACE',''
  ) );
#4779 = ORIENTED_EDGE('',*,*,#4780,.F.);
#4780 = EDGE_CURVE('',#4781,#4753,#4783,.T.);
#4781 = VERTEX_POINT('',#4782);
#4782 = CARTESIAN_POINT('',(-31.88283267892,6.932776783103,290.3));
#4783 = SURFACE_CURVE('',#4784,(#4789,#4796),.PCURVE_S1.);
#4784 = CIRCLE('',#4785,16.);
#4785 = AXIS2_PLACEMENT_3D('',#4786,#4787,#4788);
#4786 = CARTESIAN_POINT('',(-16.,5.,290.3));
#4787 = DIRECTION('',(0.,0.,1.));
#4788 = DIRECTION('',(1.,0.,0.));
#4789 = PCURVE('',#3597,#4790);
#4790 = DEFINITIONAL_REPRESENTATION('',(#4791),#4795);
#4791 = CIRCLE('',#4792,16.);
#4792 = AXIS2_PLACEMENT_2D('',#4793,#4794);
#4793 = CARTESIAN_POINT('',(-20.00000004051,-59.99999971642));
#4794 = DIRECTION('',(4.051126706559E-09,1.));
#4795 = ( GEOMETRIC_REPRESENTATION_CONTEXT(2) 
PARAMETRIC_REPRESENTATION_CONTEXT() REPRESENTATION_CONTEXT('2D SPACE',''
  ) );
#4796 = PCURVE('',#4797,#4802);
#4797 = CYLINDRICAL_SURFACE('',#4798,16.);
#4798 = AXIS2_PLACEMENT_3D('',#4799,#4800,#4801);
#4799 = CARTESIAN_POINT('',(-16.,5.,290.3));
#4800 = DIRECTION('',(0.,0.,1.));
#4801 = DIRECTION('',(1.,0.,0.));
#4802 = DEFINITIONAL_REPRESENTATION('',(#4803),#4807);
#4803 = LINE('',#4804,#4805);
#4804 = CARTESIAN_POINT('',(0.,0.));
#4805 = VECTOR('',#4806,1.);
#4806 = DIRECTION('',(1.,0.));
#4807 = ( GEOMETRIC_REPRESENTATION_CONTEXT(2) 
PARAMETRIC_REPRESENTATION_CONTEXT() REPRESENTATION_CONTEXT('2D SPACE',''
  ) );
#4808 = ORIENTED_EDGE('',*,*,#4809,.T.);
#4809 = EDGE_CURVE('',#4781,#4810,#4812,.T.);
#4810 = VERTEX_POINT('',#4811);
#4811 = CARTESIAN_POINT('',(-31.88283267892,14.,290.3));
#4812 = SURFACE_CURVE('',#4813,(#4817,#4823),.PCURVE_S1.);
#4813 = LINE('',#4814,#4815);
#4814 = CARTESIAN_POINT('',(-31.88283267892,0.,290.3));
#4815 = VECTOR('',#4816,1.);
#4816 = DIRECTION('',(-0.,1.,0.));
#4817 = PCURVE('',#3597,#4818);
#4818 = DEFINITIONAL_REPRESENTATION('',(#4819),#4822);
#4819 = B_SPLINE_CURVE_WITH_KNOTS('',1,(#4820,#4821),.UNSPECIFIED.,.F.,
  .F.,(2,2),(-14.0000006,14.0000006),.PIECEWISE_BEZIER_KNOTS.);
#4820 = CARTESIAN_POINT('',(-0.999999504855,-75.88283247231));
#4821 = CARTESIAN_POINT('',(-29.00000070485,-75.88283235888));
#4822 = ( GEOMETRIC_REPRESENTATION_CONTEXT(2) 
PARAMETRIC_REPRESENTATION_CONTEXT() REPRESENTATION_CONTEXT('2D SPACE',''
  ) );
#4823 = PCURVE('',#4824,#4829);
#4824 = CYLINDRICAL_SURFACE('',#4825,141.375);
#4825 = AXIS2_PLACEMENT_3D('',#4826,#4827,#4828);
#4826 = CARTESIAN_POINT('',(15.,0.,156.925));
#4827 = DIRECTION('',(-0.,1.,0.));
#4828 = DIRECTION('',(-0.403183023873,-0.,0.915119363395));
#4829 = DEFINITIONAL_REPRESENTATION('',(#4830),#4833);
#4830 = B_SPLINE_CURVE_WITH_KNOTS('',1,(#4831,#4832),.UNSPECIFIED.,.F.,
  .F.,(2,2),(-14.0000006,14.0000006),.PIECEWISE_BEZIER_KNOTS.);
#4831 = CARTESIAN_POINT('',(7.69718117087E-02,-14.0000006));
#4832 = CARTESIAN_POINT('',(7.69718117087E-02,14.0000006));
#4833 = ( GEOMETRIC_REPRESENTATION_CONTEXT(2) 
PARAMETRIC_REPRESENTATION_CONTEXT() REPRESENTATION_CONTEXT('2D SPACE',''
  ) );
#4834 = ORIENTED_EDGE('',*,*,#4835,.F.);
#4835 = EDGE_CURVE('',#4836,#4810,#4838,.T.);
#4836 = VERTEX_POINT('',#4837);
#4837 = CARTESIAN_POINT('',(-29.22875655532,14.,290.3));
#4838 = SURFACE_CURVE('',#4839,(#4843,#4849),.PCURVE_S1.);
#4839 = LINE('',#4840,#4841);
#4840 = CARTESIAN_POINT('',(29.499999898722,14.,290.3));
#4841 = VECTOR('',#4842,1.);
#4842 = DIRECTION('',(-1.,0.,0.));
#4843 = PCURVE('',#3597,#4844);
#4844 = DEFINITIONAL_REPRESENTATION('',(#4845),#4848);
#4845 = B_SPLINE_CURVE_WITH_KNOTS('',1,(#4846,#4847),.UNSPECIFIED.,.F.,
  .F.,(2,2),(-42.50000010127,71.499999898722),.PIECEWISE_BEZIER_KNOTS.);
#4846 = CARTESIAN_POINT('',(-28.99999968401,28.000000320039));
#4847 = CARTESIAN_POINT('',(-29.00000014584,-85.99999967996));
#4848 = ( GEOMETRIC_REPRESENTATION_CONTEXT(2) 
PARAMETRIC_REPRESENTATION_CONTEXT() REPRESENTATION_CONTEXT('2D SPACE',''
  ) );
#4849 = PCURVE('',#4850,#4855);
#4850 = PLANE('',#4851);
#4851 = AXIS2_PLACEMENT_3D('',#4852,#4853,#4854);
#4852 = CARTESIAN_POINT('',(15.,14.,291.64386610114));
#4853 = DIRECTION('',(0.,1.,0.));
#4854 = DIRECTION('',(0.,-0.,1.));
#4855 = DEFINITIONAL_REPRESENTATION('',(#4856),#4859);
#4856 = B_SPLINE_CURVE_WITH_KNOTS('',1,(#4857,#4858),.UNSPECIFIED.,.F.,
  .F.,(2,2),(-42.50000010127,71.499999898722),.PIECEWISE_BEZIER_KNOTS.);
#4857 = CARTESIAN_POINT('',(-1.343866101147,57.));
#4858 = CARTESIAN_POINT('',(-1.343866101147,-57.));
#4859 = ( GEOMETRIC_REPRESENTATION_CONTEXT(2) 
PARAMETRIC_REPRESENTATION_CONTEXT() REPRESENTATION_CONTEXT('2D SPACE',''
  ) );
#4860 = ORIENTED_EDGE('',*,*,#4861,.F.);
#4861 = EDGE_CURVE('',#4862,#4836,#4864,.T.);
#4862 = VERTEX_POINT('',#4863);
#4863 = CARTESIAN_POINT('',(-16.,21.,290.3));
#4864 = SURFACE_CURVE('',#4865,(#4870,#4877),.PCURVE_S1.);
#4865 = CIRCLE('',#4866,16.);
#4866 = AXIS2_PLACEMENT_3D('',#4867,#4868,#4869);
#4867 = CARTESIAN_POINT('',(-16.,5.,290.3));
#4868 = DIRECTION('',(0.,0.,1.));
#4869 = DIRECTION('',(1.,0.,0.));
#4870 = PCURVE('',#3597,#4871);
#4871 = DEFINITIONAL_REPRESENTATION('',(#4872),#4876);
#4872 = CIRCLE('',#4873,16.);
#4873 = AXIS2_PLACEMENT_2D('',#4874,#4875);
#4874 = CARTESIAN_POINT('',(-20.00000004051,-59.99999971642));
#4875 = DIRECTION('',(4.051126706559E-09,1.));
#4876 = ( GEOMETRIC_REPRESENTATION_CONTEXT(2) 
PARAMETRIC_REPRESENTATION_CONTEXT() REPRESENTATION_CONTEXT('2D SPACE',''
  ) );
#4877 = PCURVE('',#4878,#4883);
#4878 = CYLINDRICAL_SURFACE('',#4879,16.);
#4879 = AXIS2_PLACEMENT_3D('',#4880,#4881,#4882);
#4880 = CARTESIAN_POINT('',(-16.,5.,290.3));
#4881 = DIRECTION('',(0.,0.,1.));
#4882 = DIRECTION('',(1.,0.,0.));
#4883 = DEFINITIONAL_REPRESENTATION('',(#4884),#4888);
#4884 = LINE('',#4885,#4886);
#4885 = CARTESIAN_POINT('',(0.,0.));
#4886 = VECTOR('',#4887,1.);
#4887 = DIRECTION('',(1.,0.));
#4888 = ( GEOMETRIC_REPRESENTATION_CONTEXT(2) 
PARAMETRIC_REPRESENTATION_CONTEXT() REPRESENTATION_CONTEXT('2D SPACE',''
  ) );
#4889 = ORIENTED_EDGE('',*,*,#4890,.T.);
#4890 = EDGE_CURVE('',#4862,#4891,#4893,.T.);
#4891 = VERTEX_POINT('',#4892);
#4892 = CARTESIAN_POINT('',(46.,21.,290.3));
#4893 = SURFACE_CURVE('',#4894,(#4898,#4905),.PCURVE_S1.);
#4894 = LINE('',#4895,#4896);
#4895 = CARTESIAN_POINT('',(15.,21.,290.3));
#4896 = VECTOR('',#4897,1.);
#4897 = DIRECTION('',(1.,0.,0.));
#4898 = PCURVE('',#3597,#4899);
#4899 = DEFINITIONAL_REPRESENTATION('',(#4900),#4904);
#4900 = LINE('',#4901,#4902);
#4901 = CARTESIAN_POINT('',(-35.99999991492,-28.9999996516));
#4902 = VECTOR('',#4903,1.);
#4903 = DIRECTION('',(4.051126706559E-09,1.));
#4904 = ( GEOMETRIC_REPRESENTATION_CONTEXT(2) 
PARAMETRIC_REPRESENTATION_CONTEXT() REPRESENTATION_CONTEXT('2D SPACE',''
  ) );
#4905 = PCURVE('',#4906,#4911);
#4906 = PLANE('',#4907);
#4907 = AXIS2_PLACEMENT_3D('',#4908,#4909,#4910);
#4908 = CARTESIAN_POINT('',(-16.,21.,290.3));
#4909 = DIRECTION('',(0.,-1.,0.));
#4910 = DIRECTION('',(1.,0.,0.));
#4911 = DEFINITIONAL_REPRESENTATION('',(#4912),#4916);
#4912 = LINE('',#4913,#4914);
#4913 = CARTESIAN_POINT('',(31.,0.));
#4914 = VECTOR('',#4915,1.);
#4915 = DIRECTION('',(1.,0.));
#4916 = ( GEOMETRIC_REPRESENTATION_CONTEXT(2) 
PARAMETRIC_REPRESENTATION_CONTEXT() REPRESENTATION_CONTEXT('2D SPACE',''
  ) );
#4917 = ORIENTED_EDGE('',*,*,#4918,.F.);
#4918 = EDGE_CURVE('',#4919,#4891,#4921,.T.);
#4919 = VERTEX_POINT('',#4920);
#4920 = CARTESIAN_POINT('',(59.228756555323,14.,290.3));
#4921 = SURFACE_CURVE('',#4922,(#4927,#4934),.PCURVE_S1.);
#4922 = CIRCLE('',#4923,16.);
#4923 = AXIS2_PLACEMENT_3D('',#4924,#4925,#4926);
#4924 = CARTESIAN_POINT('',(46.,5.,290.3));
#4925 = DIRECTION('',(0.,0.,1.));
#4926 = DIRECTION('',(1.,0.,0.));
#4927 = PCURVE('',#3597,#4928);
#4928 = DEFINITIONAL_REPRESENTATION('',(#4929),#4933);
#4929 = CIRCLE('',#4930,16.);
#4930 = AXIS2_PLACEMENT_2D('',#4931,#4932);
#4931 = CARTESIAN_POINT('',(-19.99999978934,2.000000283579));
#4932 = DIRECTION('',(4.051126706559E-09,1.));
#4933 = ( GEOMETRIC_REPRESENTATION_CONTEXT(2) 
PARAMETRIC_REPRESENTATION_CONTEXT() REPRESENTATION_CONTEXT('2D SPACE',''
  ) );
#4934 = PCURVE('',#4935,#4940);
#4935 = CYLINDRICAL_SURFACE('',#4936,16.);
#4936 = AXIS2_PLACEMENT_3D('',#4937,#4938,#4939);
#4937 = CARTESIAN_POINT('',(46.,5.,290.3));
#4938 = DIRECTION('',(0.,0.,1.));
#4939 = DIRECTION('',(1.,0.,0.));
#4940 = DEFINITIONAL_REPRESENTATION('',(#4941),#4945);
#4941 = LINE('',#4942,#4943);
#4942 = CARTESIAN_POINT('',(0.,0.));
#4943 = VECTOR('',#4944,1.);
#4944 = DIRECTION('',(1.,0.));
#4945 = ( GEOMETRIC_REPRESENTATION_CONTEXT(2) 
PARAMETRIC_REPRESENTATION_CONTEXT() REPRESENTATION_CONTEXT('2D SPACE',''
  ) );
#4946 = ORIENTED_EDGE('',*,*,#4947,.F.);
#4947 = EDGE_CURVE('',#4948,#4919,#4950,.T.);
#4948 = VERTEX_POINT('',#4949);
#4949 = CARTESIAN_POINT('',(61.882832678924,14.,290.3));
#4950 = SURFACE_CURVE('',#4951,(#4955,#4961),.PCURVE_S1.);
#4951 = LINE('',#4952,#4953);
#4952 = CARTESIAN_POINT('',(29.499999898722,14.,290.3));
#4953 = VECTOR('',#4954,1.);
#4954 = DIRECTION('',(-1.,0.,0.));
#4955 = PCURVE('',#3597,#4956);
#4956 = DEFINITIONAL_REPRESENTATION('',(#4957),#4960);
#4957 = B_SPLINE_CURVE_WITH_KNOTS('',1,(#4958,#4959),.UNSPECIFIED.,.F.,
  .F.,(2,2),(-42.50000010127,71.499999898722),.PIECEWISE_BEZIER_KNOTS.);
#4958 = CARTESIAN_POINT('',(-28.99999968401,28.000000320039));
#4959 = CARTESIAN_POINT('',(-29.00000014584,-85.99999967996));
#4960 = ( GEOMETRIC_REPRESENTATION_CONTEXT(2) 
PARAMETRIC_REPRESENTATION_CONTEXT() REPRESENTATION_CONTEXT('2D SPACE',''
  ) );
#4961 = PCURVE('',#4850,#4962);
#4962 = DEFINITIONAL_REPRESENTATION('',(#4963),#4966);
#4963 = B_SPLINE_CURVE_WITH_KNOTS('',1,(#4964,#4965),.UNSPECIFIED.,.F.,
  .F.,(2,2),(-42.50000010127,71.499999898722),.PIECEWISE_BEZIER_KNOTS.);
#4964 = CARTESIAN_POINT('',(-1.343866101147,57.));
#4965 = CARTESIAN_POINT('',(-1.343866101147,-57.));
#4966 = ( GEOMETRIC_REPRESENTATION_CONTEXT(2) 
PARAMETRIC_REPRESENTATION_CONTEXT() REPRESENTATION_CONTEXT('2D SPACE',''
  ) );
#4967 = ORIENTED_EDGE('',*,*,#4968,.F.);
#4968 = EDGE_CURVE('',#4969,#4948,#4971,.T.);
#4969 = VERTEX_POINT('',#4970);
#4970 = CARTESIAN_POINT('',(61.882832678924,6.932776783103,290.3));
#4971 = SURFACE_CURVE('',#4972,(#4976,#4982),.PCURVE_S1.);
#4972 = LINE('',#4973,#4974);
#4973 = CARTESIAN_POINT('',(61.882832678924,0.,290.3));
#4974 = VECTOR('',#4975,1.);
#4975 = DIRECTION('',(-0.,1.,0.));
#4976 = PCURVE('',#3597,#4977);
#4977 = DEFINITIONAL_REPRESENTATION('',(#4978),#4981);
#4978 = B_SPLINE_CURVE_WITH_KNOTS('',1,(#4979,#4980),.UNSPECIFIED.,.F.,
  .F.,(2,2),(-14.0000006,14.0000006),.PIECEWISE_BEZIER_KNOTS.);
#4979 = CARTESIAN_POINT('',(-0.999999124998,17.882832885532));
#4980 = CARTESIAN_POINT('',(-29.00000032499,17.882832998963));
#4981 = ( GEOMETRIC_REPRESENTATION_CONTEXT(2) 
PARAMETRIC_REPRESENTATION_CONTEXT() REPRESENTATION_CONTEXT('2D SPACE',''
  ) );
#4982 = PCURVE('',#4824,#4983);
#4983 = DEFINITIONAL_REPRESENTATION('',(#4984),#4987);
#4984 = B_SPLINE_CURVE_WITH_KNOTS('',1,(#4985,#4986),.UNSPECIFIED.,.F.,
  .F.,(2,2),(-14.0000006,14.0000006),.PIECEWISE_BEZIER_KNOTS.);
#4985 = CARTESIAN_POINT('',(0.753013094032,-14.0000006));
#4986 = CARTESIAN_POINT('',(0.753013094032,14.0000006));
#4987 = ( GEOMETRIC_REPRESENTATION_CONTEXT(2) 
PARAMETRIC_REPRESENTATION_CONTEXT() REPRESENTATION_CONTEXT('2D SPACE',''
  ) );
#4988 = ORIENTED_EDGE('',*,*,#4989,.F.);
#4989 = EDGE_CURVE('',#4990,#4969,#4992,.T.);
#4990 = VERTEX_POINT('',#4991);
#4991 = CARTESIAN_POINT('',(62.,5.,290.3));
#4992 = SURFACE_CURVE('',#4993,(#4998,#5005),.PCURVE_S1.);
#4993 = CIRCLE('',#4994,16.);
#4994 = AXIS2_PLACEMENT_3D('',#4995,#4996,#4997);
#4995 = CARTESIAN_POINT('',(46.,5.,290.3));
#4996 = DIRECTION('',(0.,0.,1.));
#4997 = DIRECTION('',(1.,0.,0.));
#4998 = PCURVE('',#3597,#4999);
#4999 = DEFINITIONAL_REPRESENTATION('',(#5000),#5004);
#5000 = CIRCLE('',#5001,16.);
#5001 = AXIS2_PLACEMENT_2D('',#5002,#5003);
#5002 = CARTESIAN_POINT('',(-19.99999978934,2.000000283579));
#5003 = DIRECTION('',(4.051126706559E-09,1.));
#5004 = ( GEOMETRIC_REPRESENTATION_CONTEXT(2) 
PARAMETRIC_REPRESENTATION_CONTEXT() REPRESENTATION_CONTEXT('2D SPACE',''
  ) );
#5005 = PCURVE('',#5006,#5011);
#5006 = CYLINDRICAL_SURFACE('',#5007,16.);
#5007 = AXIS2_PLACEMENT_3D('',#5008,#5009,#5010);
#5008 = CARTESIAN_POINT('',(46.,5.,290.3));
#5009 = DIRECTION('',(0.,0.,1.));
#5010 = DIRECTION('',(1.,0.,0.));
#5011 = DEFINITIONAL_REPRESENTATION('',(#5012),#5016);
#5012 = LINE('',#5013,#5014);
#5013 = CARTESIAN_POINT('',(0.,0.));
#5014 = VECTOR('',#5015,1.);
#5015 = DIRECTION('',(1.,0.));
#5016 = ( GEOMETRIC_REPRESENTATION_CONTEXT(2) 
PARAMETRIC_REPRESENTATION_CONTEXT() REPRESENTATION_CONTEXT('2D SPACE',''
  ) );
#5017 = ORIENTED_EDGE('',*,*,#5018,.F.);
#5018 = EDGE_CURVE('',#5019,#4990,#5021,.T.);
#5019 = VERTEX_POINT('',#5020);
#5020 = CARTESIAN_POINT('',(62.,-5.,290.3));
#5021 = SURFACE_CURVE('',#5022,(#5026,#5033),.PCURVE_S1.);
#5022 = LINE('',#5023,#5024);
#5023 = CARTESIAN_POINT('',(62.,0.,290.3));
#5024 = VECTOR('',#5025,1.);
#5025 = DIRECTION('',(0.,1.,0.));
#5026 = PCURVE('',#3597,#5027);
#5027 = DEFINITIONAL_REPRESENTATION('',(#5028),#5032);
#5028 = LINE('',#5029,#5030);
#5029 = CARTESIAN_POINT('',(-14.99999972452,18.000000263323));
#5030 = VECTOR('',#5031,1.);
#5031 = DIRECTION('',(-1.,4.051126706559E-09));
#5032 = ( GEOMETRIC_REPRESENTATION_CONTEXT(2) 
PARAMETRIC_REPRESENTATION_CONTEXT() REPRESENTATION_CONTEXT('2D SPACE',''
  ) );
#5033 = PCURVE('',#5034,#5039);
#5034 = PLANE('',#5035);
#5035 = AXIS2_PLACEMENT_3D('',#5036,#5037,#5038);
#5036 = CARTESIAN_POINT('',(62.,-5.,290.3));
#5037 = DIRECTION('',(1.,0.,0.));
#5038 = DIRECTION('',(-0.,1.,0.));
#5039 = DEFINITIONAL_REPRESENTATION('',(#5040),#5044);
#5040 = LINE('',#5041,#5042);
#5041 = CARTESIAN_POINT('',(5.,0.));
#5042 = VECTOR('',#5043,1.);
#5043 = DIRECTION('',(1.,0.));
#5044 = ( GEOMETRIC_REPRESENTATION_CONTEXT(2) 
PARAMETRIC_REPRESENTATION_CONTEXT() REPRESENTATION_CONTEXT('2D SPACE',''
  ) );
#5045 = ORIENTED_EDGE('',*,*,#5046,.F.);
#5046 = EDGE_CURVE('',#5047,#5019,#5049,.T.);
#5047 = VERTEX_POINT('',#5048);
#5048 = CARTESIAN_POINT('',(61.882832678924,-6.932776783103,290.3));
#5049 = SURFACE_CURVE('',#5050,(#5055,#5062),.PCURVE_S1.);
#5050 = CIRCLE('',#5051,16.);
#5051 = AXIS2_PLACEMENT_3D('',#5052,#5053,#5054);
#5052 = CARTESIAN_POINT('',(46.,-5.,290.3));
#5053 = DIRECTION('',(0.,0.,1.));
#5054 = DIRECTION('',(1.,0.,0.));
#5055 = PCURVE('',#3597,#5056);
#5056 = DEFINITIONAL_REPRESENTATION('',(#5057),#5061);
#5057 = CIRCLE('',#5058,16.);
#5058 = AXIS2_PLACEMENT_2D('',#5059,#5060);
#5059 = CARTESIAN_POINT('',(-9.999999789341,2.000000243068));
#5060 = DIRECTION('',(4.051126706559E-09,1.));
#5061 = ( GEOMETRIC_REPRESENTATION_CONTEXT(2) 
PARAMETRIC_REPRESENTATION_CONTEXT() REPRESENTATION_CONTEXT('2D SPACE',''
  ) );
#5062 = PCURVE('',#5063,#5068);
#5063 = CYLINDRICAL_SURFACE('',#5064,16.);
#5064 = AXIS2_PLACEMENT_3D('',#5065,#5066,#5067);
#5065 = CARTESIAN_POINT('',(46.,-5.,290.3));
#5066 = DIRECTION('',(0.,0.,1.));
#5067 = DIRECTION('',(1.,0.,0.));
#5068 = DEFINITIONAL_REPRESENTATION('',(#5069),#5073);
#5069 = LINE('',#5070,#5071);
#5070 = CARTESIAN_POINT('',(0.,0.));
#5071 = VECTOR('',#5072,1.);
#5072 = DIRECTION('',(1.,0.));
#5073 = ( GEOMETRIC_REPRESENTATION_CONTEXT(2) 
PARAMETRIC_REPRESENTATION_CONTEXT() REPRESENTATION_CONTEXT('2D SPACE',''
  ) );
#5074 = ORIENTED_EDGE('',*,*,#5075,.F.);
#5075 = EDGE_CURVE('',#5076,#5047,#5078,.T.);
#5076 = VERTEX_POINT('',#5077);
#5077 = CARTESIAN_POINT('',(61.882832678924,-14.,290.3));
#5078 = SURFACE_CURVE('',#5079,(#5083,#5089),.PCURVE_S1.);
#5079 = LINE('',#5080,#5081);
#5080 = CARTESIAN_POINT('',(61.882832678924,0.,290.3));
#5081 = VECTOR('',#5082,1.);
#5082 = DIRECTION('',(-0.,1.,0.));
#5083 = PCURVE('',#3597,#5084);
#5084 = DEFINITIONAL_REPRESENTATION('',(#5085),#5088);
#5085 = B_SPLINE_CURVE_WITH_KNOTS('',1,(#5086,#5087),.UNSPECIFIED.,.F.,
  .F.,(2,2),(-14.0000006,14.0000006),.PIECEWISE_BEZIER_KNOTS.);
#5086 = CARTESIAN_POINT('',(-0.999999124998,17.882832885532));
#5087 = CARTESIAN_POINT('',(-29.00000032499,17.882832998963));
#5088 = ( GEOMETRIC_REPRESENTATION_CONTEXT(2) 
PARAMETRIC_REPRESENTATION_CONTEXT() REPRESENTATION_CONTEXT('2D SPACE',''
  ) );
#5089 = PCURVE('',#4824,#5090);
#5090 = DEFINITIONAL_REPRESENTATION('',(#5091),#5094);
#5091 = B_SPLINE_CURVE_WITH_KNOTS('',1,(#5092,#5093),.UNSPECIFIED.,.F.,
  .F.,(2,2),(-14.0000006,14.0000006),.PIECEWISE_BEZIER_KNOTS.);
#5092 = CARTESIAN_POINT('',(0.753013094032,-14.0000006));
#5093 = CARTESIAN_POINT('',(0.753013094032,14.0000006));
#5094 = ( GEOMETRIC_REPRESENTATION_CONTEXT(2) 
PARAMETRIC_REPRESENTATION_CONTEXT() REPRESENTATION_CONTEXT('2D SPACE',''
  ) );
#5095 = ORIENTED_EDGE('',*,*,#5096,.T.);
#5096 = EDGE_CURVE('',#5076,#5097,#5099,.T.);
#5097 = VERTEX_POINT('',#5098);
#5098 = CARTESIAN_POINT('',(59.228756555323,-14.,290.3));
#5099 = SURFACE_CURVE('',#5100,(#5104,#5110),.PCURVE_S1.);
#5100 = LINE('',#5101,#5102);
#5101 = CARTESIAN_POINT('',(29.499999898722,-14.,290.3));
#5102 = VECTOR('',#5103,1.);
#5103 = DIRECTION('',(-1.,0.,0.));
#5104 = PCURVE('',#3597,#5105);
#5105 = DEFINITIONAL_REPRESENTATION('',(#5106),#5109);
#5106 = B_SPLINE_CURVE_WITH_KNOTS('',1,(#5107,#5108),.UNSPECIFIED.,.F.,
  .F.,(2,2),(-42.50000010127,71.499999898722),.PIECEWISE_BEZIER_KNOTS.);
#5107 = CARTESIAN_POINT('',(-0.999999684012,28.000000206607));
#5108 = CARTESIAN_POINT('',(-1.000000145841,-85.99999979339));
#5109 = ( GEOMETRIC_REPRESENTATION_CONTEXT(2) 
PARAMETRIC_REPRESENTATION_CONTEXT() REPRESENTATION_CONTEXT('2D SPACE',''
  ) );
#5110 = PCURVE('',#5111,#5116);
#5111 = PLANE('',#5112);
#5112 = AXIS2_PLACEMENT_3D('',#5113,#5114,#5115);
#5113 = CARTESIAN_POINT('',(15.,-14.,291.64386610114));
#5114 = DIRECTION('',(0.,1.,0.));
#5115 = DIRECTION('',(0.,-0.,1.));
#5116 = DEFINITIONAL_REPRESENTATION('',(#5117),#5120);
#5117 = B_SPLINE_CURVE_WITH_KNOTS('',1,(#5118,#5119),.UNSPECIFIED.,.F.,
  .F.,(2,2),(-42.50000010127,71.499999898722),.PIECEWISE_BEZIER_KNOTS.);
#5118 = CARTESIAN_POINT('',(-1.343866101147,57.));
#5119 = CARTESIAN_POINT('',(-1.343866101147,-57.));
#5120 = ( GEOMETRIC_REPRESENTATION_CONTEXT(2) 
PARAMETRIC_REPRESENTATION_CONTEXT() REPRESENTATION_CONTEXT('2D SPACE',''
  ) );
#5121 = ORIENTED_EDGE('',*,*,#5122,.F.);
#5122 = EDGE_CURVE('',#5123,#5097,#5125,.T.);
#5123 = VERTEX_POINT('',#5124);
#5124 = CARTESIAN_POINT('',(46.,-21.,290.3));
#5125 = SURFACE_CURVE('',#5126,(#5131,#5138),.PCURVE_S1.);
#5126 = CIRCLE('',#5127,16.);
#5127 = AXIS2_PLACEMENT_3D('',#5128,#5129,#5130);
#5128 = CARTESIAN_POINT('',(46.,-5.,290.3));
#5129 = DIRECTION('',(0.,0.,1.));
#5130 = DIRECTION('',(1.,0.,0.));
#5131 = PCURVE('',#3597,#5132);
#5132 = DEFINITIONAL_REPRESENTATION('',(#5133),#5137);
#5133 = CIRCLE('',#5134,16.);
#5134 = AXIS2_PLACEMENT_2D('',#5135,#5136);
#5135 = CARTESIAN_POINT('',(-9.999999789341,2.000000243068));
#5136 = DIRECTION('',(4.051126706559E-09,1.));
#5137 = ( GEOMETRIC_REPRESENTATION_CONTEXT(2) 
PARAMETRIC_REPRESENTATION_CONTEXT() REPRESENTATION_CONTEXT('2D SPACE',''
  ) );
#5138 = PCURVE('',#5139,#5144);
#5139 = CYLINDRICAL_SURFACE('',#5140,16.);
#5140 = AXIS2_PLACEMENT_3D('',#5141,#5142,#5143);
#5141 = CARTESIAN_POINT('',(46.,-5.,290.3));
#5142 = DIRECTION('',(0.,0.,1.));
#5143 = DIRECTION('',(1.,0.,0.));
#5144 = DEFINITIONAL_REPRESENTATION('',(#5145),#5149);
#5145 = LINE('',#5146,#5147);
#5146 = CARTESIAN_POINT('',(0.,0.));
#5147 = VECTOR('',#5148,1.);
#5148 = DIRECTION('',(1.,0.));
#5149 = ( GEOMETRIC_REPRESENTATION_CONTEXT(2) 
PARAMETRIC_REPRESENTATION_CONTEXT() REPRESENTATION_CONTEXT('2D SPACE',''
  ) );
#5150 = ORIENTED_EDGE('',*,*,#5151,.F.);
#5151 = EDGE_CURVE('',#5152,#5123,#5154,.T.);
#5152 = VERTEX_POINT('',#5153);
#5153 = CARTESIAN_POINT('',(-16.,-21.,290.3));
#5154 = SURFACE_CURVE('',#5155,(#5159,#5166),.PCURVE_S1.);
#5155 = LINE('',#5156,#5157);
#5156 = CARTESIAN_POINT('',(15.,-21.,290.3));
#5157 = VECTOR('',#5158,1.);
#5158 = DIRECTION('',(1.,0.,0.));
#5159 = PCURVE('',#3597,#5160);
#5160 = DEFINITIONAL_REPRESENTATION('',(#5161),#5165);
#5161 = LINE('',#5162,#5163);
#5162 = CARTESIAN_POINT('',(6.000000085074,-28.99999982175));
#5163 = VECTOR('',#5164,1.);
#5164 = DIRECTION('',(4.051126706559E-09,1.));
#5165 = ( GEOMETRIC_REPRESENTATION_CONTEXT(2) 
PARAMETRIC_REPRESENTATION_CONTEXT() REPRESENTATION_CONTEXT('2D SPACE',''
  ) );
#5166 = PCURVE('',#5167,#5172);
#5167 = PLANE('',#5168);
#5168 = AXIS2_PLACEMENT_3D('',#5169,#5170,#5171);
#5169 = CARTESIAN_POINT('',(-16.,-21.,290.3));
#5170 = DIRECTION('',(0.,-1.,0.));
#5171 = DIRECTION('',(1.,0.,0.));
#5172 = DEFINITIONAL_REPRESENTATION('',(#5173),#5177);
#5173 = LINE('',#5174,#5175);
#5174 = CARTESIAN_POINT('',(31.,0.));
#5175 = VECTOR('',#5176,1.);
#5176 = DIRECTION('',(1.,0.));
#5177 = ( GEOMETRIC_REPRESENTATION_CONTEXT(2) 
PARAMETRIC_REPRESENTATION_CONTEXT() REPRESENTATION_CONTEXT('2D SPACE',''
  ) );
#5178 = ORIENTED_EDGE('',*,*,#5179,.F.);
#5179 = EDGE_CURVE('',#5180,#5152,#5182,.T.);
#5180 = VERTEX_POINT('',#5181);
#5181 = CARTESIAN_POINT('',(-29.22875655532,-14.,290.3));
#5182 = SURFACE_CURVE('',#5183,(#5188,#5195),.PCURVE_S1.);
#5183 = CIRCLE('',#5184,16.);
#5184 = AXIS2_PLACEMENT_3D('',#5185,#5186,#5187);
#5185 = CARTESIAN_POINT('',(-16.,-5.,290.3));
#5186 = DIRECTION('',(0.,0.,1.));
#5187 = DIRECTION('',(1.,0.,0.));
#5188 = PCURVE('',#3597,#5189);
#5189 = DEFINITIONAL_REPRESENTATION('',(#5190),#5194);
#5190 = CIRCLE('',#5191,16.);
#5191 = AXIS2_PLACEMENT_2D('',#5192,#5193);
#5192 = CARTESIAN_POINT('',(-10.00000004051,-59.99999975693));
#5193 = DIRECTION('',(4.051126706559E-09,1.));
#5194 = ( GEOMETRIC_REPRESENTATION_CONTEXT(2) 
PARAMETRIC_REPRESENTATION_CONTEXT() REPRESENTATION_CONTEXT('2D SPACE',''
  ) );
#5195 = PCURVE('',#5196,#5201);
#5196 = CYLINDRICAL_SURFACE('',#5197,16.);
#5197 = AXIS2_PLACEMENT_3D('',#5198,#5199,#5200);
#5198 = CARTESIAN_POINT('',(-16.,-5.,290.3));
#5199 = DIRECTION('',(0.,0.,1.));
#5200 = DIRECTION('',(1.,0.,0.));
#5201 = DEFINITIONAL_REPRESENTATION('',(#5202),#5206);
#5202 = LINE('',#5203,#5204);
#5203 = CARTESIAN_POINT('',(0.,0.));
#5204 = VECTOR('',#5205,1.);
#5205 = DIRECTION('',(1.,0.));
#5206 = ( GEOMETRIC_REPRESENTATION_CONTEXT(2) 
PARAMETRIC_REPRESENTATION_CONTEXT() REPRESENTATION_CONTEXT('2D SPACE',''
  ) );
#5207 = ORIENTED_EDGE('',*,*,#5208,.T.);
#5208 = EDGE_CURVE('',#5180,#5209,#5211,.T.);
#5209 = VERTEX_POINT('',#5210);
#5210 = CARTESIAN_POINT('',(-31.88283267892,-14.,290.3));
#5211 = SURFACE_CURVE('',#5212,(#5216,#5222),.PCURVE_S1.);
#5212 = LINE('',#5213,#5214);
#5213 = CARTESIAN_POINT('',(29.499999898722,-14.,290.3));
#5214 = VECTOR('',#5215,1.);
#5215 = DIRECTION('',(-1.,0.,0.));
#5216 = PCURVE('',#3597,#5217);
#5217 = DEFINITIONAL_REPRESENTATION('',(#5218),#5221);
#5218 = B_SPLINE_CURVE_WITH_KNOTS('',1,(#5219,#5220),.UNSPECIFIED.,.F.,
  .F.,(2,2),(-42.50000010127,71.499999898722),.PIECEWISE_BEZIER_KNOTS.);
#5219 = CARTESIAN_POINT('',(-0.999999684012,28.000000206607));
#5220 = CARTESIAN_POINT('',(-1.000000145841,-85.99999979339));
#5221 = ( GEOMETRIC_REPRESENTATION_CONTEXT(2) 
PARAMETRIC_REPRESENTATION_CONTEXT() REPRESENTATION_CONTEXT('2D SPACE',''
  ) );
#5222 = PCURVE('',#5111,#5223);
#5223 = DEFINITIONAL_REPRESENTATION('',(#5224),#5227);
#5224 = B_SPLINE_CURVE_WITH_KNOTS('',1,(#5225,#5226),.UNSPECIFIED.,.F.,
  .F.,(2,2),(-42.50000010127,71.499999898722),.PIECEWISE_BEZIER_KNOTS.);
#5225 = CARTESIAN_POINT('',(-1.343866101147,57.));
#5226 = CARTESIAN_POINT('',(-1.343866101147,-57.));
#5227 = ( GEOMETRIC_REPRESENTATION_CONTEXT(2) 
PARAMETRIC_REPRESENTATION_CONTEXT() REPRESENTATION_CONTEXT('2D SPACE',''
  ) );
#5228 = ORIENTED_EDGE('',*,*,#5229,.T.);
#5229 = EDGE_CURVE('',#5209,#4724,#5230,.T.);
#5230 = SURFACE_CURVE('',#5231,(#5235,#5241),.PCURVE_S1.);
#5231 = LINE('',#5232,#5233);
#5232 = CARTESIAN_POINT('',(-31.88283267892,0.,290.3));
#5233 = VECTOR('',#5234,1.);
#5234 = DIRECTION('',(-0.,1.,0.));
#5235 = PCURVE('',#3597,#5236);
#5236 = DEFINITIONAL_REPRESENTATION('',(#5237),#5240);
#5237 = B_SPLINE_CURVE_WITH_KNOTS('',1,(#5238,#5239),.UNSPECIFIED.,.F.,
  .F.,(2,2),(-14.0000006,14.0000006),.PIECEWISE_BEZIER_KNOTS.);
#5238 = CARTESIAN_POINT('',(-0.999999504855,-75.88283247231));
#5239 = CARTESIAN_POINT('',(-29.00000070485,-75.88283235888));
#5240 = ( GEOMETRIC_REPRESENTATION_CONTEXT(2) 
PARAMETRIC_REPRESENTATION_CONTEXT() REPRESENTATION_CONTEXT('2D SPACE',''
  ) );
#5241 = PCURVE('',#4824,#5242);
#5242 = DEFINITIONAL_REPRESENTATION('',(#5243),#5246);
#5243 = B_SPLINE_CURVE_WITH_KNOTS('',1,(#5244,#5245),.UNSPECIFIED.,.F.,
  .F.,(2,2),(-14.0000006,14.0000006),.PIECEWISE_BEZIER_KNOTS.);
#5244 = CARTESIAN_POINT('',(7.69718117087E-02,-14.0000006));
#5245 = CARTESIAN_POINT('',(7.69718117087E-02,14.0000006));
#5246 = ( GEOMETRIC_REPRESENTATION_CONTEXT(2) 
PARAMETRIC_REPRESENTATION_CONTEXT() REPRESENTATION_CONTEXT('2D SPACE',''
  ) );
#5247 = ADVANCED_FACE('',(#5248),#3680,.T.);
#5248 = FACE_BOUND('',#5249,.T.);
#5249 = EDGE_LOOP('',(#5250,#5270,#5271,#5309,#5334,#5370,#5371,#5372,
    #5373,#5601));
#5250 = ORIENTED_EDGE('',*,*,#5251,.F.);
#5251 = EDGE_CURVE('',#3642,#4593,#5252,.T.);
#5252 = SURFACE_CURVE('',#5253,(#5256,#5263),.PCURVE_S1.);
#5253 = B_SPLINE_CURVE_WITH_KNOTS('',1,(#5254,#5255),.UNSPECIFIED.,.F.,
  .F.,(2,2),(0.,1.),.PIECEWISE_BEZIER_KNOTS.);
#5254 = CARTESIAN_POINT('',(-98.,26.,276.));
#5255 = CARTESIAN_POINT('',(-94.,15.,290.3));
#5256 = PCURVE('',#3680,#5257);
#5257 = DEFINITIONAL_REPRESENTATION('',(#5258),#5262);
#5258 = LINE('',#5259,#5260);
#5259 = CARTESIAN_POINT('',(0.,0.));
#5260 = VECTOR('',#5261,1.);
#5261 = DIRECTION('',(0.,1.));
#5262 = ( GEOMETRIC_REPRESENTATION_CONTEXT(2) 
PARAMETRIC_REPRESENTATION_CONTEXT() REPRESENTATION_CONTEXT('2D SPACE',''
  ) );
#5263 = PCURVE('',#3874,#5264);
#5264 = DEFINITIONAL_REPRESENTATION('',(#5265),#5269);
#5265 = LINE('',#5266,#5267);
#5266 = CARTESIAN_POINT('',(1.570796318693,0.));
#5267 = VECTOR('',#5268,1.);
#5268 = DIRECTION('',(0.,1.));
#5269 = ( GEOMETRIC_REPRESENTATION_CONTEXT(2) 
PARAMETRIC_REPRESENTATION_CONTEXT() REPRESENTATION_CONTEXT('2D SPACE',''
  ) );
#5270 = ORIENTED_EDGE('',*,*,#3780,.T.);
#5271 = ORIENTED_EDGE('',*,*,#5272,.T.);
#5272 = EDGE_CURVE('',#3752,#5273,#5275,.T.);
#5273 = VERTEX_POINT('',#5274);
#5274 = CARTESIAN_POINT('',(-97.24475524475,8.059301001477,278.7));
#5275 = SURFACE_CURVE('',#5276,(#5285,#5297),.PCURVE_S1.);
#5276 = B_SPLINE_CURVE_WITH_KNOTS('',7,(#5277,#5278,#5279,#5280,#5281,
    #5282,#5283,#5284),.UNSPECIFIED.,.F.,.F.,(8,8),(0.,1.),
  .PIECEWISE_BEZIER_KNOTS.);
#5277 = CARTESIAN_POINT('',(-98.,5.12347538298,276.));
#5278 = CARTESIAN_POINT('',(-97.90497150354,5.605714629396,
    276.33972687481));
#5279 = CARTESIAN_POINT('',(-97.80381079729,6.064061751267,
    276.70137639967));
#5280 = CARTESIAN_POINT('',(-97.69790194846,6.500458694041,
    277.08000053424));
#5281 = CARTESIAN_POINT('',(-97.5883129682,6.916611298718,
    277.47178113868));
#5282 = CARTESIAN_POINT('',(-97.4758743906,7.314124452483,
    277.87374905358));
#5283 = CARTESIAN_POINT('',(-97.36120759543,7.694528562941,
    278.28368284633));
#5284 = CARTESIAN_POINT('',(-97.24475507692,8.05930152719,278.7000006));
#5285 = PCURVE('',#3680,#5286);
#5286 = DEFINITIONAL_REPRESENTATION('',(#5287),#5296);
#5287 = B_SPLINE_CURVE_WITH_KNOTS('',7,(#5288,#5289,#5290,#5291,#5292,
    #5293,#5294,#5295),.UNSPECIFIED.,.F.,.F.,(8,8),(0.,1.),
  .PIECEWISE_BEZIER_KNOTS.);
#5288 = CARTESIAN_POINT('',(20.87652461702,0.));
#5289 = CARTESIAN_POINT('',(20.342788853443,2.37571241127E-02));
#5290 = CARTESIAN_POINT('',(19.817104601442,4.90473006768E-02));
#5291 = CARTESIAN_POINT('',(19.297166409876,7.552451288405E-02));
#5292 = CARTESIAN_POINT('',(18.781181620181,0.10292175795));
#5293 = CARTESIAN_POINT('',(18.267546803556,0.131031402349));
#5294 = CARTESIAN_POINT('',(17.754709006262,0.159698101142));
#5295 = CARTESIAN_POINT('',(17.241016177672,0.188811230769));
#5296 = ( GEOMETRIC_REPRESENTATION_CONTEXT(2) 
PARAMETRIC_REPRESENTATION_CONTEXT() REPRESENTATION_CONTEXT('2D SPACE',''
  ) );
#5297 = PCURVE('',#3712,#5298);
#5298 = DEFINITIONAL_REPRESENTATION('',(#5299),#5308);
#5299 = B_SPLINE_CURVE_WITH_KNOTS('',7,(#5300,#5301,#5302,#5303,#5304,
    #5305,#5306,#5307),.UNSPECIFIED.,.F.,.F.,(8,8),(0.,1.),
  .PIECEWISE_BEZIER_KNOTS.);
#5300 = CARTESIAN_POINT('',(-2.947028741323,-0.3));
#5301 = CARTESIAN_POINT('',(-2.928481077999,-0.639726874812));
#5302 = CARTESIAN_POINT('',(-2.910773253281,-1.001376399678));
#5303 = CARTESIAN_POINT('',(-2.893833048782,-1.380000534242));
#5304 = CARTESIAN_POINT('',(-2.877598910012,-1.771781138685));
#5305 = CARTESIAN_POINT('',(-2.862013632782,-2.173749053585));
#5306 = CARTESIAN_POINT('',(-2.847022757023,-2.58368284633));
#5307 = CARTESIAN_POINT('',(-2.832573301556,-3.0000006));
#5308 = ( GEOMETRIC_REPRESENTATION_CONTEXT(2) 
PARAMETRIC_REPRESENTATION_CONTEXT() REPRESENTATION_CONTEXT('2D SPACE',''
  ) );
#5309 = ORIENTED_EDGE('',*,*,#5310,.F.);
#5310 = EDGE_CURVE('',#5311,#5273,#5313,.T.);
#5311 = VERTEX_POINT('',#5312);
#5312 = CARTESIAN_POINT('',(-97.24475524475,-8.059301001477,278.7));
#5313 = SURFACE_CURVE('',#5314,(#5317,#5323),.PCURVE_S1.);
#5314 = B_SPLINE_CURVE_WITH_KNOTS('',1,(#5315,#5316),.UNSPECIFIED.,.F.,
  .F.,(2,2),(0.,1.),.PIECEWISE_BEZIER_KNOTS.);
#5315 = CARTESIAN_POINT('',(-97.24475524475,-23.92307692307,278.7));
#5316 = CARTESIAN_POINT('',(-97.24475524475,23.923076923077,278.7));
#5317 = PCURVE('',#3680,#5318);
#5318 = DEFINITIONAL_REPRESENTATION('',(#5319),#5322);
#5319 = B_SPLINE_CURVE_WITH_KNOTS('',1,(#5320,#5321),.UNSPECIFIED.,.F.,
  .F.,(2,2),(0.,1.),.PIECEWISE_BEZIER_KNOTS.);
#5320 = CARTESIAN_POINT('',(52.,0.188811188811));
#5321 = CARTESIAN_POINT('',(0.,0.188811188811));
#5322 = ( GEOMETRIC_REPRESENTATION_CONTEXT(2) 
PARAMETRIC_REPRESENTATION_CONTEXT() REPRESENTATION_CONTEXT('2D SPACE',''
  ) );
#5323 = PCURVE('',#5324,#5329);
#5324 = PLANE('',#5325);
#5325 = AXIS2_PLACEMENT_3D('',#5326,#5327,#5328);
#5326 = CARTESIAN_POINT('',(-72.,2.220725584622E-15,278.7));
#5327 = DIRECTION('',(0.,0.,1.));
#5328 = DIRECTION('',(1.,0.,-0.));
#5329 = DEFINITIONAL_REPRESENTATION('',(#5330),#5333);
#5330 = B_SPLINE_CURVE_WITH_KNOTS('',1,(#5331,#5332),.UNSPECIFIED.,.F.,
  .F.,(2,2),(0.,1.),.PIECEWISE_BEZIER_KNOTS.);
#5331 = CARTESIAN_POINT('',(-25.24475524475,-23.92307692307));
#5332 = CARTESIAN_POINT('',(-25.24475524475,23.923076923077));
#5333 = ( GEOMETRIC_REPRESENTATION_CONTEXT(2) 
PARAMETRIC_REPRESENTATION_CONTEXT() REPRESENTATION_CONTEXT('2D SPACE',''
  ) );
#5334 = ORIENTED_EDGE('',*,*,#5335,.F.);
#5335 = EDGE_CURVE('',#3666,#5311,#5336,.T.);
#5336 = SURFACE_CURVE('',#5337,(#5346,#5358),.PCURVE_S1.);
#5337 = B_SPLINE_CURVE_WITH_KNOTS('',7,(#5338,#5339,#5340,#5341,#5342,
    #5343,#5344,#5345),.UNSPECIFIED.,.F.,.F.,(8,8),(0.,1.),
  .PIECEWISE_BEZIER_KNOTS.);
#5338 = CARTESIAN_POINT('',(-98.,-5.12347538298,276.));
#5339 = CARTESIAN_POINT('',(-97.90497150354,-5.605714629396,
    276.33972687481));
#5340 = CARTESIAN_POINT('',(-97.80381079729,-6.064061751267,
    276.70137639967));
#5341 = CARTESIAN_POINT('',(-97.69790194846,-6.50045869404,
    277.08000053424));
#5342 = CARTESIAN_POINT('',(-97.5883129682,-6.916611298719,
    277.47178113868));
#5343 = CARTESIAN_POINT('',(-97.4758743906,-7.314124452483,
    277.87374905358));
#5344 = CARTESIAN_POINT('',(-97.36120759543,-7.694528562941,
    278.28368284633));
#5345 = CARTESIAN_POINT('',(-97.24475507692,-8.05930152719,278.7000006)
  );
#5346 = PCURVE('',#3680,#5347);
#5347 = DEFINITIONAL_REPRESENTATION('',(#5348),#5357);
#5348 = B_SPLINE_CURVE_WITH_KNOTS('',7,(#5349,#5350,#5351,#5352,#5353,
    #5354,#5355,#5356),.UNSPECIFIED.,.F.,.F.,(8,8),(0.,1.),
  .PIECEWISE_BEZIER_KNOTS.);
#5349 = CARTESIAN_POINT('',(31.12347538298,0.));
#5350 = CARTESIAN_POINT('',(31.657211146557,2.375712411269E-02));
#5351 = CARTESIAN_POINT('',(32.182895398559,4.904730067682E-02));
#5352 = CARTESIAN_POINT('',(32.702833590123,7.552451288401E-02));
#5353 = CARTESIAN_POINT('',(33.218818379821,0.10292175795));
#5354 = CARTESIAN_POINT('',(33.732453196443,0.131031402349));
#5355 = CARTESIAN_POINT('',(34.245290993738,0.159698101142));
#5356 = CARTESIAN_POINT('',(34.758983822328,0.188811230769));
#5357 = ( GEOMETRIC_REPRESENTATION_CONTEXT(2) 
PARAMETRIC_REPRESENTATION_CONTEXT() REPRESENTATION_CONTEXT('2D SPACE',''
  ) );
#5358 = PCURVE('',#3712,#5359);
#5359 = DEFINITIONAL_REPRESENTATION('',(#5360),#5369);
#5360 = B_SPLINE_CURVE_WITH_KNOTS('',7,(#5361,#5362,#5363,#5364,#5365,
    #5366,#5367,#5368),.UNSPECIFIED.,.F.,.F.,(8,8),(0.,1.),
  .PIECEWISE_BEZIER_KNOTS.);
#5361 = CARTESIAN_POINT('',(-3.336156565857,-0.3));
#5362 = CARTESIAN_POINT('',(-3.354704229181,-0.639726874811));
#5363 = CARTESIAN_POINT('',(-3.372412053898,-1.001376399678));
#5364 = CARTESIAN_POINT('',(-3.389352258397,-1.380000534242));
#5365 = CARTESIAN_POINT('',(-3.405586397167,-1.771781138686));
#5366 = CARTESIAN_POINT('',(-3.421171674398,-2.173749053585));
#5367 = CARTESIAN_POINT('',(-3.436162550157,-2.583682846331));
#5368 = CARTESIAN_POINT('',(-3.450612005624,-3.0000006));
#5369 = ( GEOMETRIC_REPRESENTATION_CONTEXT(2) 
PARAMETRIC_REPRESENTATION_CONTEXT() REPRESENTATION_CONTEXT('2D SPACE',''
  ) );
#5370 = ORIENTED_EDGE('',*,*,#3665,.T.);
#5371 = ORIENTED_EDGE('',*,*,#4498,.T.);
#5372 = ORIENTED_EDGE('',*,*,#4699,.F.);
#5373 = ORIENTED_EDGE('',*,*,#5374,.T.);
#5374 = EDGE_CURVE('',#4672,#4617,#5375,.T.);
#5375 = SURFACE_CURVE('',#5376,(#5449,#5525),.PCURVE_S1.);
#5376 = B_SPLINE_CURVE_WITH_KNOTS('',8,(#5377,#5378,#5379,#5380,#5381,
    #5382,#5383,#5384,#5385,#5386,#5387,#5388,#5389,#5390,#5391,#5392,
    #5393,#5394,#5395,#5396,#5397,#5398,#5399,#5400,#5401,#5402,#5403,
    #5404,#5405,#5406,#5407,#5408,#5409,#5410,#5411,#5412,#5413,#5414,
    #5415,#5416,#5417,#5418,#5419,#5420,#5421,#5422,#5423,#5424,#5425,
    #5426,#5427,#5428,#5429,#5430,#5431,#5432,#5433,#5434,#5435,#5436,
    #5437,#5438,#5439,#5440,#5441,#5442,#5443,#5444,#5445,#5446,#5447,
    #5448),.UNSPECIFIED.,.F.,.F.,(9,7,7,7,7,7,7,7,7,7,9),(0.,
    0.156483961736,0.370260220521,0.424366070784,0.450344218544,
    0.500740884345,0.5670281597,0.609535863375,0.761902089455,
    0.843395689093,1.),.UNSPECIFIED.);
#5377 = CARTESIAN_POINT('',(-94.,-11.66233252827,290.3));
#5378 = CARTESIAN_POINT('',(-94.12522842813,-11.42609973245,
    289.85230836943));
#5379 = CARTESIAN_POINT('',(-94.25327270856,-11.17754962047,
    289.39455006689));
#5380 = CARTESIAN_POINT('',(-94.38390960572,-10.91598395068,
    288.92752315953));
#5381 = CARTESIAN_POINT('',(-94.51686730472,-10.64064578524,
    288.45219938562));
#5382 = CARTESIAN_POINT('',(-94.65181939276,-10.35070084988,
    287.96974567085));
#5383 = CARTESIAN_POINT('',(-94.78838018766,-10.04521489814,
    287.48154082909));
#5384 = CARTESIAN_POINT('',(-94.92609517246,-9.723111838022,
    286.98920975843));
#5385 = CARTESIAN_POINT('',(-95.25338935641,-8.918595982166,
    285.81913305082));
#5386 = CARTESIAN_POINT('',(-95.44312651405,-8.421576479446,
    285.14082271226));
#5387 = CARTESIAN_POINT('',(-95.63267721436,-7.887892235261,
    284.46317895864));
#5388 = CARTESIAN_POINT('',(-95.82049307945,-7.312995838543,
    283.79173724096));
#5389 = CARTESIAN_POINT('',(-96.00430418687,-6.691919124356,
    283.13461253194));
#5390 = CARTESIAN_POINT('',(-96.18081705746,-6.01902155053,
    282.50357901956));
#5391 = CARTESIAN_POINT('',(-96.34559437076,-5.287812959775,
    281.91450012451));
#5392 = CARTESIAN_POINT('',(-96.5289905534,-4.287287238749,
    281.25885877157));
#5393 = CARTESIAN_POINT('',(-96.56482407776,-4.081050762422,
    281.13075392199));
#5394 = CARTESIAN_POINT('',(-96.59933354706,-3.870584100888,
    281.00738256923));
#5395 = CARTESIAN_POINT('',(-96.6323900426,-3.655844026017,
    280.8892055977));
#5396 = CARTESIAN_POINT('',(-96.66385258192,-3.436825954412,
    280.7767270196));
#5397 = CARTESIAN_POINT('',(-96.6935703941,-3.213571214714,
    280.67048584108));
#5398 = CARTESIAN_POINT('',(-96.72138650311,-2.986175950134,
    280.57104325137));
#5399 = CARTESIAN_POINT('',(-96.75950904941,-2.643710608453,
    280.43475514832));
#5400 = CARTESIAN_POINT('',(-96.7714002627,-2.531705185886,
    280.39224406084));
#5401 = CARTESIAN_POINT('',(-96.78279860458,-2.418805195674,
    280.35149498859));
#5402 = CARTESIAN_POINT('',(-96.79368629842,-2.305034698136,
    280.31257148312));
#5403 = CARTESIAN_POINT('',(-96.80404565899,-2.190422261449,
    280.27553676907));
#5404 = CARTESIAN_POINT('',(-96.81385930578,-2.075001216358,
    280.24045298182));
#5405 = CARTESIAN_POINT('',(-96.82311037619,-1.958809910883,
    280.20738040508));
#5406 = CARTESIAN_POINT('',(-96.84860680828,-1.615075384503,
    280.11623066037));
#5407 = CARTESIAN_POINT('',(-96.86325503858,-1.385495760947,
    280.06386323704));
#5408 = CARTESIAN_POINT('',(-96.87560641962,-1.153504376431,
    280.01970704986));
#5409 = CARTESIAN_POINT('',(-96.88555428273,-0.919501841255,
    279.98414343922));
#5410 = CARTESIAN_POINT('',(-96.89301198314,-0.683938720595,
    279.95748216026));
#5411 = CARTESIAN_POINT('',(-96.89791815816,-0.44731432405,
    279.93994258454));
#5412 = CARTESIAN_POINT('',(-96.90024156134,-0.210173658069,
    279.93163641818));
#5413 = CARTESIAN_POINT('',(-96.8996486359,0.338719642758,
    279.93375612664));
#5414 = CARTESIAN_POINT('',(-96.894849167,0.650521665251,279.95091422794
    ));
#5415 = CARTESIAN_POINT('',(-96.88558863281,0.960936289091,
    279.98402063767));
#5416 = CARTESIAN_POINT('',(-96.87197539291,1.268754567522,
    280.03268797032));
#5417 = CARTESIAN_POINT('',(-96.85420099143,1.572938050971,
    280.09623145562));
#5418 = CARTESIAN_POINT('',(-96.8325171292,1.872622143959,
    280.17375126308));
#5419 = CARTESIAN_POINT('',(-96.80721321612,2.167110612092,
    280.26421275235));
#5420 = CARTESIAN_POINT('',(-96.76024232749,2.641026884058,
    280.43213367921));
#5421 = CARTESIAN_POINT('',(-96.74052375669,2.823866658759,
    280.50262756983));
#5422 = CARTESIAN_POINT('',(-96.71951564843,3.004265862326,
    280.57773155684));
#5423 = CARTESIAN_POINT('',(-96.69729599688,3.182140381503,
    280.65716681112));
#5424 = CARTESIAN_POINT('',(-96.67394189368,3.357433163558,
    280.74065773008));
#5425 = CARTESIAN_POINT('',(-96.64952791022,3.530111055227,
    280.82793772093));
#5426 = CARTESIAN_POINT('',(-96.62412490174,3.70016200774,
    280.91875347627));
#5427 = CARTESIAN_POINT('',(-96.50343650724,4.467737388059,
    281.3502144866));
#5428 = CARTESIAN_POINT('',(-96.39736716527,5.033273605919,
    281.72941238414));
#5429 = CARTESIAN_POINT('',(-96.282497898,5.566062003762,282.14007001464
    ));
#5430 = CARTESIAN_POINT('',(-96.16115845211,6.068273205547,
    282.5738585337));
#5431 = CARTESIAN_POINT('',(-96.03516356613,6.542183802141,
    283.02429025105));
#5432 = CARTESIAN_POINT('',(-95.90587953235,6.990112086354,
    283.48648067184));
#5433 = CARTESIAN_POINT('',(-95.77428806642,7.414402342222,
    283.95692016252));
#5434 = CARTESIAN_POINT('',(-95.56977207003,8.032893345905,
    284.68806484962));
#5435 = CARTESIAN_POINT('',(-95.49807242282,8.242191718809,
    284.9443910884));
#5436 = CARTESIAN_POINT('',(-95.42606852182,8.445547627851,
    285.20180503447));
#5437 = CARTESIAN_POINT('',(-95.35387407403,8.64321777191,
    285.45990018531));
#5438 = CARTESIAN_POINT('',(-95.28159132201,8.83543534807,285.7183110238
    ));
#5439 = CARTESIAN_POINT('',(-95.20931270336,9.022414558443,
    285.97670708545));
#5440 = CARTESIAN_POINT('',(-95.13712204478,9.204353868317,
    286.23478868988));
#5441 = CARTESIAN_POINT('',(-94.92668319093,9.721736406979,
    286.98710759239));
#5442 = CARTESIAN_POINT('',(-94.78887998099,10.044096794754,
    287.47975406794));
#5443 = CARTESIAN_POINT('',(-94.6522309818,10.34981651186,
    287.96827424004));
#5444 = CARTESIAN_POINT('',(-94.51719170925,10.639973965775,
    288.4510396394));
#5445 = CARTESIAN_POINT('',(-94.38414866071,10.915505297303,
    288.92666853793));
#5446 = CARTESIAN_POINT('',(-94.25342891431,11.177246403205,
    289.39399163133));
#5447 = CARTESIAN_POINT('',(-94.12530481227,11.425955640254,
    289.85203529611));
#5448 = CARTESIAN_POINT('',(-94.,11.662332528272,290.3));
#5449 = PCURVE('',#3680,#5450);
#5450 = DEFINITIONAL_REPRESENTATION('',(#5451),#5524);
#5451 = B_SPLINE_CURVE_WITH_KNOTS('',8,(#5452,#5453,#5454,#5455,#5456,
    #5457,#5458,#5459,#5460,#5461,#5462,#5463,#5464,#5465,#5466,#5467,
    #5468,#5469,#5470,#5471,#5472,#5473,#5474,#5475,#5476,#5477,#5478,
    #5479,#5480,#5481,#5482,#5483,#5484,#5485,#5486,#5487,#5488,#5489,
    #5490,#5491,#5492,#5493,#5494,#5495,#5496,#5497,#5498,#5499,#5500,
    #5501,#5502,#5503,#5504,#5505,#5506,#5507,#5508,#5509,#5510,#5511,
    #5512,#5513,#5514,#5515,#5516,#5517,#5518,#5519,#5520,#5521,#5522,
    #5523),.UNSPECIFIED.,.F.,.F.,(9,7,7,7,7,7,7,7,7,7,9),(0.,
    0.156483961736,0.370260220521,0.424366070784,0.450344218544,
    0.500740884345,0.5670281597,0.609535863375,0.761902089455,
    0.843395689093,1.),.UNSPECIFIED.);
#5452 = CARTESIAN_POINT('',(46.214709715672,1.));
#5453 = CARTESIAN_POINT('',(45.341139210408,0.968692892967));
#5454 = CARTESIAN_POINT('',(44.48162518563,0.93668182286));
#5455 = CARTESIAN_POINT('',(43.636297365783,0.904022598569));
#5456 = CARTESIAN_POINT('',(42.805035857209,0.87078317382));
#5457 = CARTESIAN_POINT('',(41.987451284424,0.837045151808));
#5458 = CARTESIAN_POINT('',(41.182872273511,0.802904953083));
#5459 = CARTESIAN_POINT('',(40.390318166044,0.768476206883));
#5460 = CARTESIAN_POINT('',(38.540286463389,0.686652660897));
#5461 = CARTESIAN_POINT('',(37.494144505636,0.639218371487));
#5462 = CARTESIAN_POINT('',(36.463950117694,0.591830696408));
#5463 = CARTESIAN_POINT('',(35.444345927556,0.544876730137));
#5464 = CARTESIAN_POINT('',(34.430039859001,0.498923953282));
#5465 = CARTESIAN_POINT('',(33.414550465383,0.454795735634));
#5466 = CARTESIAN_POINT('',(32.389685246748,0.413601407309));
#5467 = CARTESIAN_POINT('',(31.076011898496,0.367752361649));
#5468 = CARTESIAN_POINT('',(30.809377806211,0.358793980559));
#5469 = CARTESIAN_POINT('',(30.541290530699,0.350166613233));
#5470 = CARTESIAN_POINT('',(30.271625989349,0.34190248935));
#5471 = CARTESIAN_POINT('',(30.000284559122,0.334036854518));
#5472 = CARTESIAN_POINT('',(29.727192297299,0.326607401475));
#5473 = CARTESIAN_POINT('',(29.452304878,0.319653374222));
#5474 = CARTESIAN_POINT('',(29.042765206381,0.310122737645));
#5475 = CARTESIAN_POINT('',(28.909503949391,0.307149934325));
#5476 = CARTESIAN_POINT('',(28.77583188709,0.304300348853));
#5477 = CARTESIAN_POINT('',(28.641753186052,0.301578425393));
#5478 = CARTESIAN_POINT('',(28.507274990741,0.29898858525));
#5479 = CARTESIAN_POINT('',(28.372407648427,0.296535173554));
#5480 = CARTESIAN_POINT('',(28.237164934109,0.29422240595));
#5481 = CARTESIAN_POINT('',(27.838503908661,0.287848297928));
#5482 = CARTESIAN_POINT('',(27.574063594127,0.284186240353));
#5483 = CARTESIAN_POINT('',(27.308409756971,0.281098395095));
#5484 = CARTESIAN_POINT('',(27.041730608722,0.278611429317));
#5485 = CARTESIAN_POINT('',(26.774240280886,0.276747004214));
#5486 = CARTESIAN_POINT('',(26.506184454908,0.275520460458));
#5487 = CARTESIAN_POINT('',(26.237847488509,0.274939609663));
#5488 = CARTESIAN_POINT('',(25.616680991459,0.275087841024));
#5489 = CARTESIAN_POINT('',(25.26377507181,0.276287708248));
#5490 = CARTESIAN_POINT('',(24.911636163281,0.278602841796));
#5491 = CARTESIAN_POINT('',(24.560879914746,0.282006151771));
#5492 = CARTESIAN_POINT('',(24.211985854626,0.286449752142));
#5493 = CARTESIAN_POINT('',(23.865328231718,0.291870717698));
#5494 = CARTESIAN_POINT('',(23.521196582333,0.298196695969));
#5495 = CARTESIAN_POINT('',(22.960884237883,0.309939418127));
#5496 = CARTESIAN_POINT('',(22.743049928376,0.314869060827));
#5497 = CARTESIAN_POINT('',(22.526325452696,0.320121087891));
#5498 = CARTESIAN_POINT('',(22.310713990893,0.325676000778));
#5499 = CARTESIAN_POINT('',(22.096202313897,0.331514526579));
#5500 = CARTESIAN_POINT('',(21.882762682466,0.337618022443));
#5501 = CARTESIAN_POINT('',(21.670353876778,0.343968774565));
#5502 = CARTESIAN_POINT('',(20.701054608481,0.374140873189));
#5503 = CARTESIAN_POINT('',(19.956920744817,0.400658208682));
#5504 = CARTESIAN_POINT('',(19.222213819427,0.4293755255));
#5505 = CARTESIAN_POINT('',(18.493578318042,0.459710386972));
#5506 = CARTESIAN_POINT('',(17.768174650403,0.491209108465));
#5507 = CARTESIAN_POINT('',(17.043332738985,0.523530116912));
#5508 = CARTESIAN_POINT('',(16.316253029502,0.556427983393));
#5509 = CARTESIAN_POINT('',(15.191913363644,0.607556982491));
#5510 = CARTESIAN_POINT('',(14.798783178474,0.625481894294));
#5511 = CARTESIAN_POINT('',(14.403980893883,0.643482869544));
#5512 = CARTESIAN_POINT('',(14.007204577476,0.661531481491));
#5513 = CARTESIAN_POINT('',(13.608185737473,0.679602169497));
#5514 = CARTESIAN_POINT('',(13.206683525205,0.697671824158));
#5515 = CARTESIAN_POINT('',(12.802480565926,0.715719488803));
#5516 = CARTESIAN_POINT('',(11.613065752392,0.768329202265));
#5517 = CARTESIAN_POINT('',(10.820072248905,0.802780004752));
#5518 = CARTESIAN_POINT('',(10.015042161182,0.836942254549));
#5519 = CARTESIAN_POINT('',(9.196992279931,0.870702072686));
#5520 = CARTESIAN_POINT('',(8.365249483286,0.90396283482));
#5521 = CARTESIAN_POINT('',(7.519423353335,0.936642771422));
#5522 = CARTESIAN_POINT('',(6.659393631351,0.968673796931));
#5523 = CARTESIAN_POINT('',(5.785290284328,1.));
#5524 = ( GEOMETRIC_REPRESENTATION_CONTEXT(2) 
PARAMETRIC_REPRESENTATION_CONTEXT() REPRESENTATION_CONTEXT('2D SPACE',''
  ) );
#5525 = PCURVE('',#4659,#5526);
#5526 = DEFINITIONAL_REPRESENTATION('',(#5527),#5600);
#5527 = B_SPLINE_CURVE_WITH_KNOTS('',8,(#5528,#5529,#5530,#5531,#5532,
    #5533,#5534,#5535,#5536,#5537,#5538,#5539,#5540,#5541,#5542,#5543,
    #5544,#5545,#5546,#5547,#5548,#5549,#5550,#5551,#5552,#5553,#5554,
    #5555,#5556,#5557,#5558,#5559,#5560,#5561,#5562,#5563,#5564,#5565,
    #5566,#5567,#5568,#5569,#5570,#5571,#5572,#5573,#5574,#5575,#5576,
    #5577,#5578,#5579,#5580,#5581,#5582,#5583,#5584,#5585,#5586,#5587,
    #5588,#5589,#5590,#5591,#5592,#5593,#5594,#5595,#5596,#5597,#5598,
    #5599),.UNSPECIFIED.,.F.,.F.,(9,7,7,7,7,7,7,7,7,7,9),(0.,
    0.156483961736,0.370260220521,0.424366070784,0.450344218544,
    0.500740884345,0.5670281597,0.609535863375,0.761902089455,
    0.843395689093,1.),.UNSPECIFIED.);
#5528 = CARTESIAN_POINT('',(-3.629034002524,-11.6));
#5529 = CARTESIAN_POINT('',(-3.618296148168,-11.15230836943));
#5530 = CARTESIAN_POINT('',(-3.607068269387,-10.69455006689));
#5531 = CARTESIAN_POINT('',(-3.595327899613,-10.22752315953));
#5532 = CARTESIAN_POINT('',(-3.583050691197,-9.752199385623));
#5533 = CARTESIAN_POINT('',(-3.570209610293,-9.269745670855));
#5534 = CARTESIAN_POINT('',(-3.55677394763,-8.781540829091));
#5535 = CARTESIAN_POINT('',(-3.54270753941,-8.289209758431));
#5536 = CARTESIAN_POINT('',(-3.507826287441,-7.119133050821));
#5537 = CARTESIAN_POINT('',(-3.48646567368,-6.440822712263));
#5538 = CARTESIAN_POINT('',(-3.463731560202,-5.763178958643));
#5539 = CARTESIAN_POINT('',(-3.439459184727,-5.091737240956));
#5540 = CARTESIAN_POINT('',(-3.413469912541,-4.434612531944));
#5541 = CARTESIAN_POINT('',(-3.385557933203,-3.803579019565));
#5542 = CARTESIAN_POINT('',(-3.355480233333,-3.214500124515));
#5543 = CARTESIAN_POINT('',(-3.314629024364,-2.558858771576));
#5544 = CARTESIAN_POINT('',(-3.306222703494,-2.430753921998));
#5545 = CARTESIAN_POINT('',(-3.297658010003,-2.307382569231));
#5546 = CARTESIAN_POINT('',(-3.288933180489,-2.189205597703));
#5547 = CARTESIAN_POINT('',(-3.280047909596,-2.076727019609));
#5548 = CARTESIAN_POINT('',(-3.271003610056,-1.970485841087));
#5549 = CARTESIAN_POINT('',(-3.261803741124,-1.871043251373));
#5550 = CARTESIAN_POINT('',(-3.247965159962,-1.734755148329));
#5551 = CARTESIAN_POINT('',(-3.243441729446,-1.692244060849));
#5552 = CARTESIAN_POINT('',(-3.238884645314,-1.651494988595));
#5553 = CARTESIAN_POINT('',(-3.234294799976,-1.612571483125));
#5554 = CARTESIAN_POINT('',(-3.229673256732,-1.575536769077));
#5555 = CARTESIAN_POINT('',(-3.22502125971,-1.54045298182));
#5556 = CARTESIAN_POINT('',(-3.220340243802,-1.507380405088));
#5557 = CARTESIAN_POINT('',(-3.206497720694,-1.416230660371));
#5558 = CARTESIAN_POINT('',(-3.197259398954,-1.363863237044));
#5559 = CARTESIAN_POINT('',(-3.187930147169,-1.31970704986));
#5560 = CARTESIAN_POINT('',(-3.17852505367,-1.284143439228));
#5561 = CARTESIAN_POINT('',(-3.169061067653,-1.257482160261));
#5562 = CARTESIAN_POINT('',(-3.159556983356,-1.239942584545));
#5563 = CARTESIAN_POINT('',(-3.150033368094,-1.231636418183));
#5564 = CARTESIAN_POINT('',(-3.127989447569,-1.23375612664));
#5565 = CARTESIAN_POINT('',(-3.115467077213,-1.250914227941));
#5566 = CARTESIAN_POINT('',(-3.102997239296,-1.284020637677));
#5567 = CARTESIAN_POINT('',(-3.090625498486,-1.33268797032));
#5568 = CARTESIAN_POINT('',(-3.078390843566,-1.396231455624));
#5569 = CARTESIAN_POINT('',(-3.066325718329,-1.473751263085));
#5570 = CARTESIAN_POINT('',(-3.054456307691,-1.564212752353));
#5571 = CARTESIAN_POINT('',(-3.035330272439,-1.732133679218));
#5572 = CARTESIAN_POINT('',(-3.02794500661,-1.802627569832));
#5573 = CARTESIAN_POINT('',(-3.02065153379,-1.877731556845));
#5574 = CARTESIAN_POINT('',(-3.01345295172,-1.957166811129));
#5575 = CARTESIAN_POINT('',(-3.006351339299,-2.040657730085));
#5576 = CARTESIAN_POINT('',(-2.999347875622,-2.127937720938));
#5577 = CARTESIAN_POINT('',(-2.992442942417,-2.218753476273));
#5578 = CARTESIAN_POINT('',(-2.961237899517,-2.650214486608));
#5579 = CARTESIAN_POINT('',(-2.938139596182,-3.029412384149));
#5580 = CARTESIAN_POINT('',(-2.916263476585,-3.44007001465));
#5581 = CARTESIAN_POINT('',(-2.895525745031,-3.873858533707));
#5582 = CARTESIAN_POINT('',(-2.875841297631,-4.324290251052));
#5583 = CARTESIAN_POINT('',(-2.857124135977,-4.786480671849));
#5584 = CARTESIAN_POINT('',(-2.839286742406,-5.25692016252));
#5585 = CARTESIAN_POINT('',(-2.813124991513,-5.988064849622));
#5586 = CARTESIAN_POINT('',(-2.804240402912,-6.244391088404));
#5587 = CARTESIAN_POINT('',(-2.795577410928,-6.501805034476));
#5588 = CARTESIAN_POINT('',(-2.787126751968,-6.759900185316));
#5589 = CARTESIAN_POINT('',(-2.778880108584,-7.018311023804));
#5590 = CARTESIAN_POINT('',(-2.770829919152,-7.276707085455));
#5591 = CARTESIAN_POINT('',(-2.762969239762,-7.534788689887));
#5592 = CARTESIAN_POINT('',(-2.740537832818,-8.287107592394));
#5593 = CARTESIAN_POINT('',(-2.726460534667,-8.77975406795));
#5594 = CARTESIAN_POINT('',(-2.71301486214,-9.268274240047));
#5595 = CARTESIAN_POINT('',(-2.700164571947,-9.751039639407));
#5596 = CARTESIAN_POINT('',(-2.687878891833,-10.22666853793));
#5597 = CARTESIAN_POINT('',(-2.676130735154,-10.69399163133));
#5598 = CARTESIAN_POINT('',(-2.664895708657,-11.15203529611));
#5599 = CARTESIAN_POINT('',(-2.654151304656,-11.6));
#5600 = ( GEOMETRIC_REPRESENTATION_CONTEXT(2) 
PARAMETRIC_REPRESENTATION_CONTEXT() REPRESENTATION_CONTEXT('2D SPACE',''
  ) );
#5601 = ORIENTED_EDGE('',*,*,#4616,.F.);
#5602 = ADVANCED_FACE('',(#5603),#3712,.T.);
#5603 = FACE_BOUND('',#5604,.F.);
#5604 = EDGE_LOOP('',(#5605,#5627,#5628,#5629,#5651,#5652));
#5605 = ORIENTED_EDGE('',*,*,#5606,.F.);
#5606 = EDGE_CURVE('',#3727,#3693,#5607,.T.);
#5607 = SURFACE_CURVE('',#5608,(#5613,#5620),.PCURVE_S1.);
#5608 = CIRCLE('',#5609,26.5);
#5609 = AXIS2_PLACEMENT_3D('',#5610,#5611,#5612);
#5610 = CARTESIAN_POINT('',(-72.,0.,275.7));
#5611 = DIRECTION('',(0.,0.,1.));
#5612 = DIRECTION('',(1.,0.,0.));
#5613 = PCURVE('',#3712,#5614);
#5614 = DEFINITIONAL_REPRESENTATION('',(#5615),#5619);
#5615 = LINE('',#5616,#5617);
#5616 = CARTESIAN_POINT('',(-0.,0.));
#5617 = VECTOR('',#5618,1.);
#5618 = DIRECTION('',(-1.,0.));
#5619 = ( GEOMETRIC_REPRESENTATION_CONTEXT(2) 
PARAMETRIC_REPRESENTATION_CONTEXT() REPRESENTATION_CONTEXT('2D SPACE',''
  ) );
#5620 = PCURVE('',#3740,#5621);
#5621 = DEFINITIONAL_REPRESENTATION('',(#5622),#5626);
#5622 = CIRCLE('',#5623,26.5);
#5623 = AXIS2_PLACEMENT_2D('',#5624,#5625);
#5624 = CARTESIAN_POINT('',(0.,-2.220725584622E-15));
#5625 = DIRECTION('',(1.,0.));
#5626 = ( GEOMETRIC_REPRESENTATION_CONTEXT(2) 
PARAMETRIC_REPRESENTATION_CONTEXT() REPRESENTATION_CONTEXT('2D SPACE',''
  ) );
#5627 = ORIENTED_EDGE('',*,*,#3751,.T.);
#5628 = ORIENTED_EDGE('',*,*,#5272,.T.);
#5629 = ORIENTED_EDGE('',*,*,#5630,.T.);
#5630 = EDGE_CURVE('',#5273,#5311,#5631,.T.);
#5631 = SURFACE_CURVE('',#5632,(#5637,#5644),.PCURVE_S1.);
#5632 = CIRCLE('',#5633,26.5);
#5633 = AXIS2_PLACEMENT_3D('',#5634,#5635,#5636);
#5634 = CARTESIAN_POINT('',(-72.,0.,278.7));
#5635 = DIRECTION('',(0.,0.,1.));
#5636 = DIRECTION('',(1.,0.,0.));
#5637 = PCURVE('',#3712,#5638);
#5638 = DEFINITIONAL_REPRESENTATION('',(#5639),#5643);
#5639 = LINE('',#5640,#5641);
#5640 = CARTESIAN_POINT('',(-0.,-3.));
#5641 = VECTOR('',#5642,1.);
#5642 = DIRECTION('',(-1.,0.));
#5643 = ( GEOMETRIC_REPRESENTATION_CONTEXT(2) 
PARAMETRIC_REPRESENTATION_CONTEXT() REPRESENTATION_CONTEXT('2D SPACE',''
  ) );
#5644 = PCURVE('',#5324,#5645);
#5645 = DEFINITIONAL_REPRESENTATION('',(#5646),#5650);
#5646 = CIRCLE('',#5647,26.5);
#5647 = AXIS2_PLACEMENT_2D('',#5648,#5649);
#5648 = CARTESIAN_POINT('',(0.,-2.220725584622E-15));
#5649 = DIRECTION('',(1.,0.));
#5650 = ( GEOMETRIC_REPRESENTATION_CONTEXT(2) 
PARAMETRIC_REPRESENTATION_CONTEXT() REPRESENTATION_CONTEXT('2D SPACE',''
  ) );
#5651 = ORIENTED_EDGE('',*,*,#5335,.F.);
#5652 = ORIENTED_EDGE('',*,*,#3692,.T.);
#5653 = ADVANCED_FACE('',(#5654),#3740,.F.);
#5654 = FACE_BOUND('',#5655,.F.);
#5655 = EDGE_LOOP('',(#5656,#5657));
#5656 = ORIENTED_EDGE('',*,*,#3726,.T.);
#5657 = ORIENTED_EDGE('',*,*,#5606,.T.);
#5658 = ADVANCED_FACE('',(#5659),#3839,.T.);
#5659 = FACE_BOUND('',#5660,.T.);
#5660 = EDGE_LOOP('',(#5661,#5662,#5682,#5683));
#5661 = ORIENTED_EDGE('',*,*,#3826,.T.);
#5662 = ORIENTED_EDGE('',*,*,#5663,.T.);
#5663 = EDGE_CURVE('',#3805,#4525,#5664,.T.);
#5664 = SURFACE_CURVE('',#5665,(#5668,#5675),.PCURVE_S1.);
#5665 = B_SPLINE_CURVE_WITH_KNOTS('',1,(#5666,#5667),.UNSPECIFIED.,.F.,
  .F.,(2,2),(0.,1.),.PIECEWISE_BEZIER_KNOTS.);
#5666 = CARTESIAN_POINT('',(98.,26.,276.));
#5667 = CARTESIAN_POINT('',(94.,15.,290.3));
#5668 = PCURVE('',#3839,#5669);
#5669 = DEFINITIONAL_REPRESENTATION('',(#5670),#5674);
#5670 = LINE('',#5671,#5672);
#5671 = CARTESIAN_POINT('',(52.,0.));
#5672 = VECTOR('',#5673,1.);
#5673 = DIRECTION('',(0.,1.));
#5674 = ( GEOMETRIC_REPRESENTATION_CONTEXT(2) 
PARAMETRIC_REPRESENTATION_CONTEXT() REPRESENTATION_CONTEXT('2D SPACE',''
  ) );
#5675 = PCURVE('',#3963,#5676);
#5676 = DEFINITIONAL_REPRESENTATION('',(#5677),#5681);
#5677 = LINE('',#5678,#5679);
#5678 = CARTESIAN_POINT('',(0.,0.));
#5679 = VECTOR('',#5680,1.);
#5680 = DIRECTION('',(0.,1.));
#5681 = ( GEOMETRIC_REPRESENTATION_CONTEXT(2) 
PARAMETRIC_REPRESENTATION_CONTEXT() REPRESENTATION_CONTEXT('2D SPACE',''
  ) );
#5682 = ORIENTED_EDGE('',*,*,#4524,.F.);
#5683 = ORIENTED_EDGE('',*,*,#4424,.F.);
#5684 = ADVANCED_FACE('',(#5685),#3874,.T.);
#5685 = FACE_BOUND('',#5686,.T.);
#5686 = EDGE_LOOP('',(#5687,#5688,#5689,#5690));
#5687 = ORIENTED_EDGE('',*,*,#3857,.T.);
#5688 = ORIENTED_EDGE('',*,*,#5251,.T.);
#5689 = ORIENTED_EDGE('',*,*,#4592,.F.);
#5690 = ORIENTED_EDGE('',*,*,#5691,.F.);
#5691 = EDGE_CURVE('',#3858,#4571,#5692,.T.);
#5692 = SURFACE_CURVE('',#5693,(#5696,#5703),.PCURVE_S1.);
#5693 = B_SPLINE_CURVE_WITH_KNOTS('',1,(#5694,#5695),.UNSPECIFIED.,.F.,
  .F.,(2,2),(0.,1.),.PIECEWISE_BEZIER_KNOTS.);
#5694 = CARTESIAN_POINT('',(-54.,70.,276.));
#5695 = CARTESIAN_POINT('',(-44.,65.,290.3));
#5696 = PCURVE('',#3874,#5697);
#5697 = DEFINITIONAL_REPRESENTATION('',(#5698),#5702);
#5698 = LINE('',#5699,#5700);
#5699 = CARTESIAN_POINT('',(0.,0.));
#5700 = VECTOR('',#5701,1.);
#5701 = DIRECTION('',(0.,1.));
#5702 = ( GEOMETRIC_REPRESENTATION_CONTEXT(2) 
PARAMETRIC_REPRESENTATION_CONTEXT() REPRESENTATION_CONTEXT('2D SPACE',''
  ) );
#5703 = PCURVE('',#4183,#5704);
#5704 = DEFINITIONAL_REPRESENTATION('',(#5705),#5709);
#5705 = LINE('',#5706,#5707);
#5706 = CARTESIAN_POINT('',(108.,0.));
#5707 = VECTOR('',#5708,1.);
#5708 = DIRECTION('',(0.,1.));
#5709 = ( GEOMETRIC_REPRESENTATION_CONTEXT(2) 
PARAMETRIC_REPRESENTATION_CONTEXT() REPRESENTATION_CONTEXT('2D SPACE',''
  ) );
#5710 = ADVANCED_FACE('',(#5711),#3963,.T.);
#5711 = FACE_BOUND('',#5712,.T.);
#5712 = EDGE_LOOP('',(#5713,#5714,#5734,#5735));
#5713 = ORIENTED_EDGE('',*,*,#3948,.T.);
#5714 = ORIENTED_EDGE('',*,*,#5715,.T.);
#5715 = EDGE_CURVE('',#3927,#4547,#5716,.T.);
#5716 = SURFACE_CURVE('',#5717,(#5720,#5727),.PCURVE_S1.);
#5717 = B_SPLINE_CURVE_WITH_KNOTS('',1,(#5718,#5719),.UNSPECIFIED.,.F.,
  .F.,(2,2),(0.,1.),.PIECEWISE_BEZIER_KNOTS.);
#5718 = CARTESIAN_POINT('',(54.,70.,276.));
#5719 = CARTESIAN_POINT('',(44.,65.,290.3));
#5720 = PCURVE('',#3963,#5721);
#5721 = DEFINITIONAL_REPRESENTATION('',(#5722),#5726);
#5722 = LINE('',#5723,#5724);
#5723 = CARTESIAN_POINT('',(1.570796318693,0.));
#5724 = VECTOR('',#5725,1.);
#5725 = DIRECTION('',(0.,1.));
#5726 = ( GEOMETRIC_REPRESENTATION_CONTEXT(2) 
PARAMETRIC_REPRESENTATION_CONTEXT() REPRESENTATION_CONTEXT('2D SPACE',''
  ) );
#5727 = PCURVE('',#4183,#5728);
#5728 = DEFINITIONAL_REPRESENTATION('',(#5729),#5733);
#5729 = LINE('',#5730,#5731);
#5730 = CARTESIAN_POINT('',(0.,0.));
#5731 = VECTOR('',#5732,1.);
#5732 = DIRECTION('',(0.,1.));
#5733 = ( GEOMETRIC_REPRESENTATION_CONTEXT(2) 
PARAMETRIC_REPRESENTATION_CONTEXT() REPRESENTATION_CONTEXT('2D SPACE',''
  ) );
#5734 = ORIENTED_EDGE('',*,*,#4546,.F.);
#5735 = ORIENTED_EDGE('',*,*,#5663,.F.);
#5736 = ADVANCED_FACE('',(#5737),#4183,.T.);
#5737 = FACE_BOUND('',#5738,.T.);
#5738 = EDGE_LOOP('',(#5739,#5740,#5741,#5742));
#5739 = ORIENTED_EDGE('',*,*,#4170,.T.);
#5740 = ORIENTED_EDGE('',*,*,#5691,.T.);
#5741 = ORIENTED_EDGE('',*,*,#4570,.F.);
#5742 = ORIENTED_EDGE('',*,*,#5715,.F.);
#5743 = ADVANCED_FACE('',(#5744),#4085,.F.);
#5744 = FACE_BOUND('',#5745,.F.);
#5745 = EDGE_LOOP('',(#5746,#5747,#5748,#5749,#5750,#5751));
#5746 = ORIENTED_EDGE('',*,*,#4398,.F.);
#5747 = ORIENTED_EDGE('',*,*,#4370,.T.);
#5748 = ORIENTED_EDGE('',*,*,#4321,.T.);
#5749 = ORIENTED_EDGE('',*,*,#4271,.T.);
#5750 = ORIENTED_EDGE('',*,*,#4222,.T.);
#5751 = ORIENTED_EDGE('',*,*,#4071,.F.);
#5752 = ADVANCED_FACE('',(#5753),#4659,.T.);
#5753 = FACE_BOUND('',#5754,.F.);
#5754 = EDGE_LOOP('',(#5755,#5756,#5779,#5806,#5807,#5808));
#5755 = ORIENTED_EDGE('',*,*,#4638,.T.);
#5756 = ORIENTED_EDGE('',*,*,#5757,.T.);
#5757 = EDGE_CURVE('',#4639,#5758,#5760,.T.);
#5758 = VERTEX_POINT('',#5759);
#5759 = CARTESIAN_POINT('',(-47.1,0.,302.7));
#5760 = SEAM_CURVE('',#5761,(#5765,#5772),.PCURVE_S1.);
#5761 = LINE('',#5762,#5763);
#5762 = CARTESIAN_POINT('',(-47.1,0.,278.7));
#5763 = VECTOR('',#5764,1.);
#5764 = DIRECTION('',(0.,0.,1.));
#5765 = PCURVE('',#4659,#5766);
#5766 = DEFINITIONAL_REPRESENTATION('',(#5767),#5771);
#5767 = LINE('',#5768,#5769);
#5768 = CARTESIAN_POINT('',(-6.28318530718,0.));
#5769 = VECTOR('',#5770,1.);
#5770 = DIRECTION('',(-0.,-1.));
#5771 = ( GEOMETRIC_REPRESENTATION_CONTEXT(2) 
PARAMETRIC_REPRESENTATION_CONTEXT() REPRESENTATION_CONTEXT('2D SPACE',''
  ) );
#5772 = PCURVE('',#4659,#5773);
#5773 = DEFINITIONAL_REPRESENTATION('',(#5774),#5778);
#5774 = LINE('',#5775,#5776);
#5775 = CARTESIAN_POINT('',(-0.,0.));
#5776 = VECTOR('',#5777,1.);
#5777 = DIRECTION('',(-0.,-1.));
#5778 = ( GEOMETRIC_REPRESENTATION_CONTEXT(2) 
PARAMETRIC_REPRESENTATION_CONTEXT() REPRESENTATION_CONTEXT('2D SPACE',''
  ) );
#5779 = ORIENTED_EDGE('',*,*,#5780,.T.);
#5780 = EDGE_CURVE('',#5758,#5758,#5781,.T.);
#5781 = SURFACE_CURVE('',#5782,(#5787,#5794),.PCURVE_S1.);
#5782 = CIRCLE('',#5783,24.9);
#5783 = AXIS2_PLACEMENT_3D('',#5784,#5785,#5786);
#5784 = CARTESIAN_POINT('',(-72.,0.,302.7));
#5785 = DIRECTION('',(0.,0.,1.));
#5786 = DIRECTION('',(1.,0.,0.));
#5787 = PCURVE('',#4659,#5788);
#5788 = DEFINITIONAL_REPRESENTATION('',(#5789),#5793);
#5789 = LINE('',#5790,#5791);
#5790 = CARTESIAN_POINT('',(-0.,-24.));
#5791 = VECTOR('',#5792,1.);
#5792 = DIRECTION('',(-1.,0.));
#5793 = ( GEOMETRIC_REPRESENTATION_CONTEXT(2) 
PARAMETRIC_REPRESENTATION_CONTEXT() REPRESENTATION_CONTEXT('2D SPACE',''
  ) );
#5794 = PCURVE('',#5795,#5800);
#5795 = PLANE('',#5796);
#5796 = AXIS2_PLACEMENT_3D('',#5797,#5798,#5799);
#5797 = CARTESIAN_POINT('',(-72.,1.619572327868E-15,302.7));
#5798 = DIRECTION('',(0.,0.,1.));
#5799 = DIRECTION('',(1.,0.,-0.));
#5800 = DEFINITIONAL_REPRESENTATION('',(#5801),#5805);
#5801 = CIRCLE('',#5802,24.9);
#5802 = AXIS2_PLACEMENT_2D('',#5803,#5804);
#5803 = CARTESIAN_POINT('',(0.,-1.619572327868E-15));
#5804 = DIRECTION('',(1.,0.));
#5805 = ( GEOMETRIC_REPRESENTATION_CONTEXT(2) 
PARAMETRIC_REPRESENTATION_CONTEXT() REPRESENTATION_CONTEXT('2D SPACE',''
  ) );
#5806 = ORIENTED_EDGE('',*,*,#5757,.F.);
#5807 = ORIENTED_EDGE('',*,*,#4671,.T.);
#5808 = ORIENTED_EDGE('',*,*,#5374,.T.);
#5809 = ADVANCED_FACE('',(#5810),#4740,.F.);
#5810 = FACE_BOUND('',#5811,.F.);
#5811 = EDGE_LOOP('',(#5812,#5813,#5836));
#5812 = ORIENTED_EDGE('',*,*,#4721,.F.);
#5813 = ORIENTED_EDGE('',*,*,#5814,.T.);
#5814 = EDGE_CURVE('',#4722,#5815,#5817,.T.);
#5815 = VERTEX_POINT('',#5816);
#5816 = CARTESIAN_POINT('',(-32.,-5.,290.25875650974));
#5817 = SURFACE_CURVE('',#5818,(#5822,#5829),.PCURVE_S1.);
#5818 = LINE('',#5819,#5820);
#5819 = CARTESIAN_POINT('',(-32.,-5.,290.3));
#5820 = VECTOR('',#5821,1.);
#5821 = DIRECTION('',(-0.,-0.,-1.));
#5822 = PCURVE('',#4740,#5823);
#5823 = DEFINITIONAL_REPRESENTATION('',(#5824),#5828);
#5824 = LINE('',#5825,#5826);
#5825 = CARTESIAN_POINT('',(3.14159265359,0.));
#5826 = VECTOR('',#5827,1.);
#5827 = DIRECTION('',(0.,-1.));
#5828 = ( GEOMETRIC_REPRESENTATION_CONTEXT(2) 
PARAMETRIC_REPRESENTATION_CONTEXT() REPRESENTATION_CONTEXT('2D SPACE',''
  ) );
#5829 = PCURVE('',#4768,#5830);
#5830 = DEFINITIONAL_REPRESENTATION('',(#5831),#5835);
#5831 = LINE('',#5832,#5833);
#5832 = CARTESIAN_POINT('',(0.,0.));
#5833 = VECTOR('',#5834,1.);
#5834 = DIRECTION('',(0.,-1.));
#5835 = ( GEOMETRIC_REPRESENTATION_CONTEXT(2) 
PARAMETRIC_REPRESENTATION_CONTEXT() REPRESENTATION_CONTEXT('2D SPACE',''
  ) );
#5836 = ORIENTED_EDGE('',*,*,#5837,.T.);
#5837 = EDGE_CURVE('',#5815,#4724,#5838,.T.);
#5838 = SURFACE_CURVE('',#5839,(#5845,#5854),.PCURVE_S1.);
#5839 = B_SPLINE_CURVE_WITH_KNOTS('',4,(#5840,#5841,#5842,#5843,#5844),
  .UNSPECIFIED.,.F.,.F.,(5,5),(0.,1.),.PIECEWISE_BEZIER_KNOTS.);
#5840 = CARTESIAN_POINT('',(-32.,-5.,290.25875650974));
#5841 = CARTESIAN_POINT('',(-32.,-5.483937333082,290.25875650974));
#5842 = CARTESIAN_POINT('',(-31.98048371619,-5.967873832902,
    290.26563596672));
#5843 = CARTESIAN_POINT('',(-31.94145122155,-6.451075194117,
    290.27939491498));
#5844 = CARTESIAN_POINT('',(-31.882830972,-6.932790809835,290.3000006));
#5845 = PCURVE('',#4740,#5846);
#5846 = DEFINITIONAL_REPRESENTATION('',(#5847),#5853);
#5847 = B_SPLINE_CURVE_WITH_KNOTS('',4,(#5848,#5849,#5850,#5851,#5852),
  .UNSPECIFIED.,.F.,.F.,(5,5),(0.,1.),.PIECEWISE_BEZIER_KNOTS.);
#5848 = CARTESIAN_POINT('',(3.14159265359,-4.124349025489E-02));
#5849 = CARTESIAN_POINT('',(3.171838736907,-4.124349025489E-02));
#5850 = CARTESIAN_POINT('',(3.202084818319,-3.436403327971E-02));
#5851 = CARTESIAN_POINT('',(3.23235849005,-2.06050850118E-02));
#5852 = CARTESIAN_POINT('',(3.262687819662,6.000000000034E-07));
#5853 = ( GEOMETRIC_REPRESENTATION_CONTEXT(2) 
PARAMETRIC_REPRESENTATION_CONTEXT() REPRESENTATION_CONTEXT('2D SPACE',''
  ) );
#5854 = PCURVE('',#4824,#5855);
#5855 = DEFINITIONAL_REPRESENTATION('',(#5856),#5862);
#5856 = B_SPLINE_CURVE_WITH_KNOTS('',4,(#5857,#5858,#5859,#5860,#5861),
  .UNSPECIFIED.,.F.,.F.,(5,5),(0.,1.),.PIECEWISE_BEZIER_KNOTS.);
#5857 = CARTESIAN_POINT('',(7.609319553523E-02,-5.));
#5858 = CARTESIAN_POINT('',(7.609319553523E-02,-5.483937333082));
#5859 = CARTESIAN_POINT('',(7.623956719695E-02,-5.967873832902));
#5860 = CARTESIAN_POINT('',(7.653230998526E-02,-6.451075194117));
#5861 = CARTESIAN_POINT('',(7.697182450656E-02,-6.932790809835));
#5862 = ( GEOMETRIC_REPRESENTATION_CONTEXT(2) 
PARAMETRIC_REPRESENTATION_CONTEXT() REPRESENTATION_CONTEXT('2D SPACE',''
  ) );
#5863 = ADVANCED_FACE('',(#5864),#4768,.T.);
#5864 = FACE_BOUND('',#5865,.T.);
#5865 = EDGE_LOOP('',(#5866,#5867,#5868,#5889));
#5866 = ORIENTED_EDGE('',*,*,#4752,.F.);
#5867 = ORIENTED_EDGE('',*,*,#5814,.T.);
#5868 = ORIENTED_EDGE('',*,*,#5869,.T.);
#5869 = EDGE_CURVE('',#5815,#5870,#5872,.T.);
#5870 = VERTEX_POINT('',#5871);
#5871 = CARTESIAN_POINT('',(-32.,5.,290.25875650974));
#5872 = SURFACE_CURVE('',#5873,(#5877,#5883),.PCURVE_S1.);
#5873 = LINE('',#5874,#5875);
#5874 = CARTESIAN_POINT('',(-32.,0.,290.25875650974));
#5875 = VECTOR('',#5876,1.);
#5876 = DIRECTION('',(-0.,1.,0.));
#5877 = PCURVE('',#4768,#5878);
#5878 = DEFINITIONAL_REPRESENTATION('',(#5879),#5882);
#5879 = B_SPLINE_CURVE_WITH_KNOTS('',1,(#5880,#5881),.UNSPECIFIED.,.F.,
  .F.,(2,2),(-6.,6.),.PIECEWISE_BEZIER_KNOTS.);
#5880 = CARTESIAN_POINT('',(-1.,-4.124349025489E-02));
#5881 = CARTESIAN_POINT('',(11.,-4.124349025489E-02));
#5882 = ( GEOMETRIC_REPRESENTATION_CONTEXT(2) 
PARAMETRIC_REPRESENTATION_CONTEXT() REPRESENTATION_CONTEXT('2D SPACE',''
  ) );
#5883 = PCURVE('',#4824,#5884);
#5884 = DEFINITIONAL_REPRESENTATION('',(#5885),#5888);
#5885 = B_SPLINE_CURVE_WITH_KNOTS('',1,(#5886,#5887),.UNSPECIFIED.,.F.,
  .F.,(2,2),(-6.,6.),.PIECEWISE_BEZIER_KNOTS.);
#5886 = CARTESIAN_POINT('',(7.609319553523E-02,-6.));
#5887 = CARTESIAN_POINT('',(7.609319553523E-02,6.));
#5888 = ( GEOMETRIC_REPRESENTATION_CONTEXT(2) 
PARAMETRIC_REPRESENTATION_CONTEXT() REPRESENTATION_CONTEXT('2D SPACE',''
  ) );
#5889 = ORIENTED_EDGE('',*,*,#5890,.F.);
#5890 = EDGE_CURVE('',#4753,#5870,#5891,.T.);
#5891 = SURFACE_CURVE('',#5892,(#5896,#5903),.PCURVE_S1.);
#5892 = LINE('',#5893,#5894);
#5893 = CARTESIAN_POINT('',(-32.,5.,290.3));
#5894 = VECTOR('',#5895,1.);
#5895 = DIRECTION('',(-0.,-0.,-1.));
#5896 = PCURVE('',#4768,#5897);
#5897 = DEFINITIONAL_REPRESENTATION('',(#5898),#5902);
#5898 = LINE('',#5899,#5900);
#5899 = CARTESIAN_POINT('',(10.,0.));
#5900 = VECTOR('',#5901,1.);
#5901 = DIRECTION('',(0.,-1.));
#5902 = ( GEOMETRIC_REPRESENTATION_CONTEXT(2) 
PARAMETRIC_REPRESENTATION_CONTEXT() REPRESENTATION_CONTEXT('2D SPACE',''
  ) );
#5903 = PCURVE('',#4797,#5904);
#5904 = DEFINITIONAL_REPRESENTATION('',(#5905),#5909);
#5905 = LINE('',#5906,#5907);
#5906 = CARTESIAN_POINT('',(3.14159265359,0.));
#5907 = VECTOR('',#5908,1.);
#5908 = DIRECTION('',(0.,-1.));
#5909 = ( GEOMETRIC_REPRESENTATION_CONTEXT(2) 
PARAMETRIC_REPRESENTATION_CONTEXT() REPRESENTATION_CONTEXT('2D SPACE',''
  ) );
#5910 = ADVANCED_FACE('',(#5911),#4824,.T.);
#5911 = FACE_BOUND('',#5912,.T.);
#5912 = EDGE_LOOP('',(#5913,#5914,#5936,#5937,#5966,#5987,#6014,#6015,
    #6037,#6038,#6065,#6066));
#5913 = ORIENTED_EDGE('',*,*,#5229,.F.);
#5914 = ORIENTED_EDGE('',*,*,#5915,.T.);
#5915 = EDGE_CURVE('',#5209,#5076,#5916,.T.);
#5916 = SURFACE_CURVE('',#5917,(#5922,#5929),.PCURVE_S1.);
#5917 = CIRCLE('',#5918,141.375);
#5918 = AXIS2_PLACEMENT_3D('',#5919,#5920,#5921);
#5919 = CARTESIAN_POINT('',(15.,-14.,156.925));
#5920 = DIRECTION('',(-0.,1.,0.));
#5921 = DIRECTION('',(-0.403183023873,-0.,0.915119363395));
#5922 = PCURVE('',#4824,#5923);
#5923 = DEFINITIONAL_REPRESENTATION('',(#5924),#5928);
#5924 = LINE('',#5925,#5926);
#5925 = CARTESIAN_POINT('',(0.,-14.));
#5926 = VECTOR('',#5927,1.);
#5927 = DIRECTION('',(1.,0.));
#5928 = ( GEOMETRIC_REPRESENTATION_CONTEXT(2) 
PARAMETRIC_REPRESENTATION_CONTEXT() REPRESENTATION_CONTEXT('2D SPACE',''
  ) );
#5929 = PCURVE('',#5111,#5930);
#5930 = DEFINITIONAL_REPRESENTATION('',(#5931),#5935);
#5931 = CIRCLE('',#5932,141.375);
#5932 = AXIS2_PLACEMENT_2D('',#5933,#5934);
#5933 = CARTESIAN_POINT('',(-134.7188661011,7.105427357601E-15));
#5934 = DIRECTION('',(0.915119363395,-0.403183023873));
#5935 = ( GEOMETRIC_REPRESENTATION_CONTEXT(2) 
PARAMETRIC_REPRESENTATION_CONTEXT() REPRESENTATION_CONTEXT('2D SPACE',''
  ) );
#5936 = ORIENTED_EDGE('',*,*,#5075,.T.);
#5937 = ORIENTED_EDGE('',*,*,#5938,.T.);
#5938 = EDGE_CURVE('',#5047,#5939,#5941,.T.);
#5939 = VERTEX_POINT('',#5940);
#5940 = CARTESIAN_POINT('',(62.,-5.,290.25875650974));
#5941 = SURFACE_CURVE('',#5942,(#5948,#5957),.PCURVE_S1.);
#5942 = B_SPLINE_CURVE_WITH_KNOTS('',4,(#5943,#5944,#5945,#5946,#5947),
  .UNSPECIFIED.,.F.,.F.,(5,5),(0.,1.),.PIECEWISE_BEZIER_KNOTS.);
#5943 = CARTESIAN_POINT('',(61.882830972009,-6.932790809835,290.3000006)
  );
#5944 = CARTESIAN_POINT('',(61.941451221551,-6.451075194117,
    290.27939491498));
#5945 = CARTESIAN_POINT('',(61.980483716192,-5.967873832902,
    290.26563596672));
#5946 = CARTESIAN_POINT('',(62.,-5.483937333082,290.25875650974));
#5947 = CARTESIAN_POINT('',(62.,-5.,290.25875650974));
#5948 = PCURVE('',#4824,#5949);
#5949 = DEFINITIONAL_REPRESENTATION('',(#5950),#5956);
#5950 = B_SPLINE_CURVE_WITH_KNOTS('',4,(#5951,#5952,#5953,#5954,#5955),
  .UNSPECIFIED.,.F.,.F.,(5,5),(0.,1.),.PIECEWISE_BEZIER_KNOTS.);
#5951 = CARTESIAN_POINT('',(0.753013081234,-6.932790809835));
#5952 = CARTESIAN_POINT('',(0.753452595756,-6.451075194117));
#5953 = CARTESIAN_POINT('',(0.753745338544,-5.967873832902));
#5954 = CARTESIAN_POINT('',(0.753891710206,-5.483937333082));
#5955 = CARTESIAN_POINT('',(0.753891710206,-5.));
#5956 = ( GEOMETRIC_REPRESENTATION_CONTEXT(2) 
PARAMETRIC_REPRESENTATION_CONTEXT() REPRESENTATION_CONTEXT('2D SPACE',''
  ) );
#5957 = PCURVE('',#5063,#5958);
#5958 = DEFINITIONAL_REPRESENTATION('',(#5959),#5965);
#5959 = B_SPLINE_CURVE_WITH_KNOTS('',4,(#5960,#5961,#5962,#5963,#5964),
  .UNSPECIFIED.,.F.,.F.,(5,5),(0.,1.),.PIECEWISE_BEZIER_KNOTS.);
#5960 = CARTESIAN_POINT('',(6.162090141108,6.000000000034E-07));
#5961 = CARTESIAN_POINT('',(6.192419470719,-2.06050850118E-02));
#5962 = CARTESIAN_POINT('',(6.222693142451,-3.436403327957E-02));
#5963 = CARTESIAN_POINT('',(6.252939223862,-4.124349025489E-02));
#5964 = CARTESIAN_POINT('',(6.28318530718,-4.124349025489E-02));
#5965 = ( GEOMETRIC_REPRESENTATION_CONTEXT(2) 
PARAMETRIC_REPRESENTATION_CONTEXT() REPRESENTATION_CONTEXT('2D SPACE',''
  ) );
#5966 = ORIENTED_EDGE('',*,*,#5967,.T.);
#5967 = EDGE_CURVE('',#5939,#5968,#5970,.T.);
#5968 = VERTEX_POINT('',#5969);
#5969 = CARTESIAN_POINT('',(62.,5.,290.25875650974));
#5970 = SURFACE_CURVE('',#5971,(#5975,#5981),.PCURVE_S1.);
#5971 = LINE('',#5972,#5973);
#5972 = CARTESIAN_POINT('',(62.,0.,290.25875650974));
#5973 = VECTOR('',#5974,1.);
#5974 = DIRECTION('',(-0.,1.,0.));
#5975 = PCURVE('',#4824,#5976);
#5976 = DEFINITIONAL_REPRESENTATION('',(#5977),#5980);
#5977 = B_SPLINE_CURVE_WITH_KNOTS('',1,(#5978,#5979),.UNSPECIFIED.,.F.,
  .F.,(2,2),(-6.,6.),.PIECEWISE_BEZIER_KNOTS.);
#5978 = CARTESIAN_POINT('',(0.753891710206,-6.));
#5979 = CARTESIAN_POINT('',(0.753891710206,6.));
#5980 = ( GEOMETRIC_REPRESENTATION_CONTEXT(2) 
PARAMETRIC_REPRESENTATION_CONTEXT() REPRESENTATION_CONTEXT('2D SPACE',''
  ) );
#5981 = PCURVE('',#5034,#5982);
#5982 = DEFINITIONAL_REPRESENTATION('',(#5983),#5986);
#5983 = B_SPLINE_CURVE_WITH_KNOTS('',1,(#5984,#5985),.UNSPECIFIED.,.F.,
  .F.,(2,2),(-6.,6.),.PIECEWISE_BEZIER_KNOTS.);
#5984 = CARTESIAN_POINT('',(-1.,-4.124349025489E-02));
#5985 = CARTESIAN_POINT('',(11.,-4.124349025489E-02));
#5986 = ( GEOMETRIC_REPRESENTATION_CONTEXT(2) 
PARAMETRIC_REPRESENTATION_CONTEXT() REPRESENTATION_CONTEXT('2D SPACE',''
  ) );
#5987 = ORIENTED_EDGE('',*,*,#5988,.T.);
#5988 = EDGE_CURVE('',#5968,#4969,#5989,.T.);
#5989 = SURFACE_CURVE('',#5990,(#5996,#6005),.PCURVE_S1.);
#5990 = B_SPLINE_CURVE_WITH_KNOTS('',4,(#5991,#5992,#5993,#5994,#5995),
  .UNSPECIFIED.,.F.,.F.,(5,5),(0.,1.),.PIECEWISE_BEZIER_KNOTS.);
#5991 = CARTESIAN_POINT('',(62.,5.,290.25875650974));
#5992 = CARTESIAN_POINT('',(62.,5.483937333082,290.25875650974));
#5993 = CARTESIAN_POINT('',(61.980483716192,5.967873832903,
    290.26563596672));
#5994 = CARTESIAN_POINT('',(61.941451221551,6.451075194118,
    290.27939491498));
#5995 = CARTESIAN_POINT('',(61.882830972009,6.932790809835,290.3000006)
  );
#5996 = PCURVE('',#4824,#5997);
#5997 = DEFINITIONAL_REPRESENTATION('',(#5998),#6004);
#5998 = B_SPLINE_CURVE_WITH_KNOTS('',4,(#5999,#6000,#6001,#6002,#6003),
  .UNSPECIFIED.,.F.,.F.,(5,5),(0.,1.),.PIECEWISE_BEZIER_KNOTS.);
#5999 = CARTESIAN_POINT('',(0.753891710206,5.));
#6000 = CARTESIAN_POINT('',(0.753891710206,5.483937333082));
#6001 = CARTESIAN_POINT('',(0.753745338544,5.967873832903));
#6002 = CARTESIAN_POINT('',(0.753452595756,6.451075194118));
#6003 = CARTESIAN_POINT('',(0.753013081234,6.932790809835));
#6004 = ( GEOMETRIC_REPRESENTATION_CONTEXT(2) 
PARAMETRIC_REPRESENTATION_CONTEXT() REPRESENTATION_CONTEXT('2D SPACE',''
  ) );
#6005 = PCURVE('',#5006,#6006);
#6006 = DEFINITIONAL_REPRESENTATION('',(#6007),#6013);
#6007 = B_SPLINE_CURVE_WITH_KNOTS('',4,(#6008,#6009,#6010,#6011,#6012),
  .UNSPECIFIED.,.F.,.F.,(5,5),(0.,1.),.PIECEWISE_BEZIER_KNOTS.);
#6008 = CARTESIAN_POINT('',(0.,-4.124349025489E-02));
#6009 = CARTESIAN_POINT('',(3.02460833176E-02,-4.124349025489E-02));
#6010 = CARTESIAN_POINT('',(6.049216472874E-02,-3.436403327956E-02));
#6011 = CARTESIAN_POINT('',(9.076583646014E-02,-2.06050850118E-02));
#6012 = CARTESIAN_POINT('',(0.121095166072,6.000000000034E-07));
#6013 = ( GEOMETRIC_REPRESENTATION_CONTEXT(2) 
PARAMETRIC_REPRESENTATION_CONTEXT() REPRESENTATION_CONTEXT('2D SPACE',''
  ) );
#6014 = ORIENTED_EDGE('',*,*,#4968,.T.);
#6015 = ORIENTED_EDGE('',*,*,#6016,.F.);
#6016 = EDGE_CURVE('',#4810,#4948,#6017,.T.);
#6017 = SURFACE_CURVE('',#6018,(#6023,#6030),.PCURVE_S1.);
#6018 = CIRCLE('',#6019,141.375);
#6019 = AXIS2_PLACEMENT_3D('',#6020,#6021,#6022);
#6020 = CARTESIAN_POINT('',(15.,14.,156.925));
#6021 = DIRECTION('',(-0.,1.,0.));
#6022 = DIRECTION('',(-0.403183023873,-0.,0.915119363395));
#6023 = PCURVE('',#4824,#6024);
#6024 = DEFINITIONAL_REPRESENTATION('',(#6025),#6029);
#6025 = LINE('',#6026,#6027);
#6026 = CARTESIAN_POINT('',(-0.,14.));
#6027 = VECTOR('',#6028,1.);
#6028 = DIRECTION('',(1.,-0.));
#6029 = ( GEOMETRIC_REPRESENTATION_CONTEXT(2) 
PARAMETRIC_REPRESENTATION_CONTEXT() REPRESENTATION_CONTEXT('2D SPACE',''
  ) );
#6030 = PCURVE('',#4850,#6031);
#6031 = DEFINITIONAL_REPRESENTATION('',(#6032),#6036);
#6032 = CIRCLE('',#6033,141.375);
#6033 = AXIS2_PLACEMENT_2D('',#6034,#6035);
#6034 = CARTESIAN_POINT('',(-134.7188661011,7.105427357601E-15));
#6035 = DIRECTION('',(0.915119363395,-0.403183023873));
#6036 = ( GEOMETRIC_REPRESENTATION_CONTEXT(2) 
PARAMETRIC_REPRESENTATION_CONTEXT() REPRESENTATION_CONTEXT('2D SPACE',''
  ) );
#6037 = ORIENTED_EDGE('',*,*,#4809,.F.);
#6038 = ORIENTED_EDGE('',*,*,#6039,.T.);
#6039 = EDGE_CURVE('',#4781,#5870,#6040,.T.);
#6040 = SURFACE_CURVE('',#6041,(#6047,#6056),.PCURVE_S1.);
#6041 = B_SPLINE_CURVE_WITH_KNOTS('',4,(#6042,#6043,#6044,#6045,#6046),
  .UNSPECIFIED.,.F.,.F.,(5,5),(0.,1.),.PIECEWISE_BEZIER_KNOTS.);
#6042 = CARTESIAN_POINT('',(-31.882830972,6.932790809834,290.3000006));
#6043 = CARTESIAN_POINT('',(-31.94145122155,6.451075194117,
    290.27939491498));
#6044 = CARTESIAN_POINT('',(-31.98048371619,5.967873832902,
    290.26563596672));
#6045 = CARTESIAN_POINT('',(-32.,5.483937333082,290.25875650974));
#6046 = CARTESIAN_POINT('',(-32.,5.,290.25875650974));
#6047 = PCURVE('',#4824,#6048);
#6048 = DEFINITIONAL_REPRESENTATION('',(#6049),#6055);
#6049 = B_SPLINE_CURVE_WITH_KNOTS('',4,(#6050,#6051,#6052,#6053,#6054),
  .UNSPECIFIED.,.F.,.F.,(5,5),(0.,1.),.PIECEWISE_BEZIER_KNOTS.);
#6050 = CARTESIAN_POINT('',(7.697182450656E-02,6.932790809834));
#6051 = CARTESIAN_POINT('',(7.653230998526E-02,6.451075194117));
#6052 = CARTESIAN_POINT('',(7.623956719695E-02,5.967873832902));
#6053 = CARTESIAN_POINT('',(7.609319553523E-02,5.483937333082));
#6054 = CARTESIAN_POINT('',(7.609319553523E-02,5.));
#6055 = ( GEOMETRIC_REPRESENTATION_CONTEXT(2) 
PARAMETRIC_REPRESENTATION_CONTEXT() REPRESENTATION_CONTEXT('2D SPACE',''
  ) );
#6056 = PCURVE('',#4797,#6057);
#6057 = DEFINITIONAL_REPRESENTATION('',(#6058),#6064);
#6058 = B_SPLINE_CURVE_WITH_KNOTS('',4,(#6059,#6060,#6061,#6062,#6063),
  .UNSPECIFIED.,.F.,.F.,(5,5),(0.,1.),.PIECEWISE_BEZIER_KNOTS.);
#6059 = CARTESIAN_POINT('',(3.020497487518,6.000000000034E-07));
#6060 = CARTESIAN_POINT('',(3.05082681713,-2.06050850118E-02));
#6061 = CARTESIAN_POINT('',(3.081100488861,-3.436403327972E-02));
#6062 = CARTESIAN_POINT('',(3.111346570272,-4.124349025489E-02));
#6063 = CARTESIAN_POINT('',(3.14159265359,-4.124349025489E-02));
#6064 = ( GEOMETRIC_REPRESENTATION_CONTEXT(2) 
PARAMETRIC_REPRESENTATION_CONTEXT() REPRESENTATION_CONTEXT('2D SPACE',''
  ) );
#6065 = ORIENTED_EDGE('',*,*,#5869,.F.);
#6066 = ORIENTED_EDGE('',*,*,#5837,.T.);
#6067 = ADVANCED_FACE('',(#6068),#4797,.F.);
#6068 = FACE_BOUND('',#6069,.F.);
#6069 = EDGE_LOOP('',(#6070,#6071,#6072));
#6070 = ORIENTED_EDGE('',*,*,#4780,.F.);
#6071 = ORIENTED_EDGE('',*,*,#6039,.T.);
#6072 = ORIENTED_EDGE('',*,*,#5890,.F.);
#6073 = ADVANCED_FACE('',(#6074),#5111,.F.);
#6074 = FACE_BOUND('',#6075,.F.);
#6075 = EDGE_LOOP('',(#6076,#6077,#6078,#6079,#6100,#6133));
#6076 = ORIENTED_EDGE('',*,*,#5208,.T.);
#6077 = ORIENTED_EDGE('',*,*,#5915,.T.);
#6078 = ORIENTED_EDGE('',*,*,#5096,.T.);
#6079 = ORIENTED_EDGE('',*,*,#6080,.F.);
#6080 = EDGE_CURVE('',#6081,#5097,#6083,.T.);
#6081 = VERTEX_POINT('',#6082);
#6082 = CARTESIAN_POINT('',(59.228756555323,-14.,288.70343713077));
#6083 = SURFACE_CURVE('',#6084,(#6088,#6094),.PCURVE_S1.);
#6084 = LINE('',#6085,#6086);
#6085 = CARTESIAN_POINT('',(59.228756555323,-14.,290.3));
#6086 = VECTOR('',#6087,1.);
#6087 = DIRECTION('',(0.,0.,1.));
#6088 = PCURVE('',#5111,#6089);
#6089 = DEFINITIONAL_REPRESENTATION('',(#6090),#6093);
#6090 = B_SPLINE_CURVE_WITH_KNOTS('',1,(#6091,#6092),.UNSPECIFIED.,.F.,
  .F.,(2,2),(-5.2,6.000000212225E-07),.PIECEWISE_BEZIER_KNOTS.);
#6091 = CARTESIAN_POINT('',(-6.543866101147,44.228756555323));
#6092 = CARTESIAN_POINT('',(-1.343865501147,44.228756555323));
#6093 = ( GEOMETRIC_REPRESENTATION_CONTEXT(2) 
PARAMETRIC_REPRESENTATION_CONTEXT() REPRESENTATION_CONTEXT('2D SPACE',''
  ) );
#6094 = PCURVE('',#5139,#6095);
#6095 = DEFINITIONAL_REPRESENTATION('',(#6096),#6099);
#6096 = B_SPLINE_CURVE_WITH_KNOTS('',1,(#6097,#6098),.UNSPECIFIED.,.F.,
  .F.,(2,2),(-5.2,6.000000212225E-07),.PIECEWISE_BEZIER_KNOTS.);
#6097 = CARTESIAN_POINT('',(5.685778890534,-5.2));
#6098 = CARTESIAN_POINT('',(5.685778890534,6.000000212225E-07));
#6099 = ( GEOMETRIC_REPRESENTATION_CONTEXT(2) 
PARAMETRIC_REPRESENTATION_CONTEXT() REPRESENTATION_CONTEXT('2D SPACE',''
  ) );
#6100 = ORIENTED_EDGE('',*,*,#6101,.T.);
#6101 = EDGE_CURVE('',#6081,#6102,#6104,.T.);
#6102 = VERTEX_POINT('',#6103);
#6103 = CARTESIAN_POINT('',(-29.22875655532,-14.,288.70343713077));
#6104 = SURFACE_CURVE('',#6105,(#6110,#6121),.PCURVE_S1.);
#6105 = CIRCLE('',#6106,273.75);
#6106 = AXIS2_PLACEMENT_3D('',#6107,#6108,#6109);
#6107 = CARTESIAN_POINT('',(15.,-14.,18.549999999998));
#6108 = DIRECTION('',(0.,-1.,0.));
#6109 = DIRECTION('',(0.208219178082,0.,0.978082191781));
#6110 = PCURVE('',#5111,#6111);
#6111 = DEFINITIONAL_REPRESENTATION('',(#6112),#6120);
#6112 = ( BOUNDED_CURVE() B_SPLINE_CURVE(2,(#6113,#6114,#6115,#6116,
#6117,#6118,#6119),.UNSPECIFIED.,.T.,.F.) B_SPLINE_CURVE_WITH_KNOTS((1,2
    ,2,2,2,1),(-2.094395102393,0.,2.094395102393,4.188790204786,
6.28318530718,8.377580409573),.UNSPECIFIED.) CURVE() 
GEOMETRIC_REPRESENTATION_ITEM() RATIONAL_B_SPLINE_CURVE((1.,0.5,1.,0.5,
1.,0.5,1.)) REPRESENTATION_ITEM('') );
#6113 = CARTESIAN_POINT('',(-5.343866101147,57.));
#6114 = CARTESIAN_POINT('',(93.383029930279,-406.7566037265));
#6115 = CARTESIAN_POINT('',(-357.6054180854,-260.3783018632));
#6116 = CARTESIAN_POINT('',(-808.5938661011,-114.));
#6117 = CARTESIAN_POINT('',(-456.3323141168,203.37830186328));
#6118 = CARTESIAN_POINT('',(-104.0707621325,520.75660372657));
#6119 = CARTESIAN_POINT('',(-5.343866101147,57.));
#6120 = ( GEOMETRIC_REPRESENTATION_CONTEXT(2) 
PARAMETRIC_REPRESENTATION_CONTEXT() REPRESENTATION_CONTEXT('2D SPACE',''
  ) );
#6121 = PCURVE('',#6122,#6127);
#6122 = CYLINDRICAL_SURFACE('',#6123,273.75);
#6123 = AXIS2_PLACEMENT_3D('',#6124,#6125,#6126);
#6124 = CARTESIAN_POINT('',(15.,0.,18.549999999998));
#6125 = DIRECTION('',(-0.,1.,-0.));
#6126 = DIRECTION('',(0.208219178082,0.,0.978082191781));
#6127 = DEFINITIONAL_REPRESENTATION('',(#6128),#6132);
#6128 = LINE('',#6129,#6130);
#6129 = CARTESIAN_POINT('',(-0.,-14.));
#6130 = VECTOR('',#6131,1.);
#6131 = DIRECTION('',(-1.,0.));
#6132 = ( GEOMETRIC_REPRESENTATION_CONTEXT(2) 
PARAMETRIC_REPRESENTATION_CONTEXT() REPRESENTATION_CONTEXT('2D SPACE',''
  ) );
#6133 = ORIENTED_EDGE('',*,*,#6134,.T.);
#6134 = EDGE_CURVE('',#6102,#5180,#6135,.T.);
#6135 = SURFACE_CURVE('',#6136,(#6140,#6146),.PCURVE_S1.);
#6136 = LINE('',#6137,#6138);
#6137 = CARTESIAN_POINT('',(-29.22875655532,-14.,290.3));
#6138 = VECTOR('',#6139,1.);
#6139 = DIRECTION('',(0.,0.,1.));
#6140 = PCURVE('',#5111,#6141);
#6141 = DEFINITIONAL_REPRESENTATION('',(#6142),#6145);
#6142 = B_SPLINE_CURVE_WITH_KNOTS('',1,(#6143,#6144),.UNSPECIFIED.,.F.,
  .F.,(2,2),(-5.2,6.000000212225E-07),.PIECEWISE_BEZIER_KNOTS.);
#6143 = CARTESIAN_POINT('',(-6.543866101147,-44.22875655532));
#6144 = CARTESIAN_POINT('',(-1.343865501147,-44.22875655532));
#6145 = ( GEOMETRIC_REPRESENTATION_CONTEXT(2) 
PARAMETRIC_REPRESENTATION_CONTEXT() REPRESENTATION_CONTEXT('2D SPACE',''
  ) );
#6146 = PCURVE('',#5196,#6147);
#6147 = DEFINITIONAL_REPRESENTATION('',(#6148),#6151);
#6148 = B_SPLINE_CURVE_WITH_KNOTS('',1,(#6149,#6150),.UNSPECIFIED.,.F.,
  .F.,(2,2),(-5.2,6.000000212225E-07),.PIECEWISE_BEZIER_KNOTS.);
#6149 = CARTESIAN_POINT('',(3.738999070235,-5.2));
#6150 = CARTESIAN_POINT('',(3.738999070235,6.000000212225E-07));
#6151 = ( GEOMETRIC_REPRESENTATION_CONTEXT(2) 
PARAMETRIC_REPRESENTATION_CONTEXT() REPRESENTATION_CONTEXT('2D SPACE',''
  ) );
#6152 = ADVANCED_FACE('',(#6153),#5196,.F.);
#6153 = FACE_BOUND('',#6154,.F.);
#6154 = EDGE_LOOP('',(#6155,#6193,#6221,#6250,#6271,#6272));
#6155 = ORIENTED_EDGE('',*,*,#6156,.F.);
#6156 = EDGE_CURVE('',#6157,#6102,#6159,.T.);
#6157 = VERTEX_POINT('',#6158);
#6158 = CARTESIAN_POINT('',(-32.,-5.,288.23511731276));
#6159 = SURFACE_CURVE('',#6160,(#6169,#6181),.PCURVE_S1.);
#6160 = B_SPLINE_CURVE_WITH_KNOTS('',7,(#6161,#6162,#6163,#6164,#6165,
    #6166,#6167,#6168),.UNSPECIFIED.,.F.,.F.,(8,8),(0.,1.),
  .PIECEWISE_BEZIER_KNOTS.);
#6161 = CARTESIAN_POINT('',(-32.,-5.,288.23511731276));
#6162 = CARTESIAN_POINT('',(-32.,-6.329403640158,288.23511731276));
#6163 = CARTESIAN_POINT('',(-31.87113461478,-7.65806693301,
    288.25757561962));
#6164 = CARTESIAN_POINT('',(-31.61365301136,-8.978823933877,
    288.30244886201));
#6165 = CARTESIAN_POINT('',(-31.22547512098,-10.28405216175,
    288.36969965769));
#6166 = CARTESIAN_POINT('',(-30.70253709002,-11.56465787073,
    288.45924145305));
#6167 = CARTESIAN_POINT('',(-30.03919470105,-12.80876801249,
    288.57075449126));
#6168 = CARTESIAN_POINT('',(-29.22875614712,-14.0000006,288.7034371976)
  );
#6169 = PCURVE('',#5196,#6170);
#6170 = DEFINITIONAL_REPRESENTATION('',(#6171),#6180);
#6171 = B_SPLINE_CURVE_WITH_KNOTS('',7,(#6172,#6173,#6174,#6175,#6176,
    #6177,#6178,#6179),.UNSPECIFIED.,.F.,.F.,(8,8),(0.,1.),
  .PIECEWISE_BEZIER_KNOTS.);
#6172 = CARTESIAN_POINT('',(3.14159265359,-2.064882687235));
#6173 = CARTESIAN_POINT('',(3.2246803811,-2.064882687235));
#6174 = CARTESIAN_POINT('',(3.307721791245,-2.042424380377));
#6175 = CARTESIAN_POINT('',(3.391206199978,-1.997551137986));
#6176 = CARTESIAN_POINT('',(3.4755884904,-1.930300342304));
#6177 = CARTESIAN_POINT('',(3.561340554006,-1.840758546947));
#6178 = CARTESIAN_POINT('',(3.648950393379,-1.729245508738));
#6179 = CARTESIAN_POINT('',(3.738999115591,-1.596562802398));
#6180 = ( GEOMETRIC_REPRESENTATION_CONTEXT(2) 
PARAMETRIC_REPRESENTATION_CONTEXT() REPRESENTATION_CONTEXT('2D SPACE',''
  ) );
#6181 = PCURVE('',#6122,#6182);
#6182 = DEFINITIONAL_REPRESENTATION('',(#6183),#6192);
#6183 = B_SPLINE_CURVE_WITH_KNOTS('',7,(#6184,#6185,#6186,#6187,#6188,
    #6189,#6190,#6191),.UNSPECIFIED.,.F.,.F.,(8,8),(0.,1.),
  .PIECEWISE_BEZIER_KNOTS.);
#6184 = CARTESIAN_POINT('',(-0.382298254231,-5.));
#6185 = CARTESIAN_POINT('',(-0.382298254231,-6.329403640158));
#6186 = CARTESIAN_POINT('',(-0.381820417782,-7.65806693301));
#6187 = CARTESIAN_POINT('',(-0.380865668623,-8.978823933877));
#6188 = CARTESIAN_POINT('',(-0.379426545154,-10.28405216175));
#6189 = CARTESIAN_POINT('',(-0.37748847546,-11.56465787073));
#6190 = CARTESIAN_POINT('',(-0.375031328218,-12.80876801249));
#6191 = CARTESIAN_POINT('',(-0.372031408756,-14.0000006));
#6192 = ( GEOMETRIC_REPRESENTATION_CONTEXT(2) 
PARAMETRIC_REPRESENTATION_CONTEXT() REPRESENTATION_CONTEXT('2D SPACE',''
  ) );
#6193 = ORIENTED_EDGE('',*,*,#6194,.T.);
#6194 = EDGE_CURVE('',#6157,#6195,#6197,.T.);
#6195 = VERTEX_POINT('',#6196);
#6196 = CARTESIAN_POINT('',(-32.,-5.,256.3));
#6197 = SURFACE_CURVE('',#6198,(#6202,#6209),.PCURVE_S1.);
#6198 = LINE('',#6199,#6200);
#6199 = CARTESIAN_POINT('',(-32.,-5.,290.3));
#6200 = VECTOR('',#6201,1.);
#6201 = DIRECTION('',(-0.,-0.,-1.));
#6202 = PCURVE('',#5196,#6203);
#6203 = DEFINITIONAL_REPRESENTATION('',(#6204),#6208);
#6204 = LINE('',#6205,#6206);
#6205 = CARTESIAN_POINT('',(3.14159265359,0.));
#6206 = VECTOR('',#6207,1.);
#6207 = DIRECTION('',(0.,-1.));
#6208 = ( GEOMETRIC_REPRESENTATION_CONTEXT(2) 
PARAMETRIC_REPRESENTATION_CONTEXT() REPRESENTATION_CONTEXT('2D SPACE',''
  ) );
#6209 = PCURVE('',#6210,#6215);
#6210 = PLANE('',#6211);
#6211 = AXIS2_PLACEMENT_3D('',#6212,#6213,#6214);
#6212 = CARTESIAN_POINT('',(-32.,-5.,290.3));
#6213 = DIRECTION('',(1.,0.,0.));
#6214 = DIRECTION('',(-0.,1.,0.));
#6215 = DEFINITIONAL_REPRESENTATION('',(#6216),#6220);
#6216 = LINE('',#6217,#6218);
#6217 = CARTESIAN_POINT('',(0.,0.));
#6218 = VECTOR('',#6219,1.);
#6219 = DIRECTION('',(0.,-1.));
#6220 = ( GEOMETRIC_REPRESENTATION_CONTEXT(2) 
PARAMETRIC_REPRESENTATION_CONTEXT() REPRESENTATION_CONTEXT('2D SPACE',''
  ) );
#6221 = ORIENTED_EDGE('',*,*,#6222,.T.);
#6222 = EDGE_CURVE('',#6195,#6223,#6225,.T.);
#6223 = VERTEX_POINT('',#6224);
#6224 = CARTESIAN_POINT('',(-16.,-21.,256.3));
#6225 = SURFACE_CURVE('',#6226,(#6231,#6238),.PCURVE_S1.);
#6226 = CIRCLE('',#6227,16.);
#6227 = AXIS2_PLACEMENT_3D('',#6228,#6229,#6230);
#6228 = CARTESIAN_POINT('',(-16.,-5.,256.3));
#6229 = DIRECTION('',(0.,0.,1.));
#6230 = DIRECTION('',(1.,0.,0.));
#6231 = PCURVE('',#5196,#6232);
#6232 = DEFINITIONAL_REPRESENTATION('',(#6233),#6237);
#6233 = LINE('',#6234,#6235);
#6234 = CARTESIAN_POINT('',(0.,-34.));
#6235 = VECTOR('',#6236,1.);
#6236 = DIRECTION('',(1.,0.));
#6237 = ( GEOMETRIC_REPRESENTATION_CONTEXT(2) 
PARAMETRIC_REPRESENTATION_CONTEXT() REPRESENTATION_CONTEXT('2D SPACE',''
  ) );
#6238 = PCURVE('',#6239,#6244);
#6239 = PLANE('',#6240);
#6240 = AXIS2_PLACEMENT_3D('',#6241,#6242,#6243);
#6241 = CARTESIAN_POINT('',(15.,0.,256.3));
#6242 = DIRECTION('',(0.,0.,1.));
#6243 = DIRECTION('',(1.,0.,0.));
#6244 = DEFINITIONAL_REPRESENTATION('',(#6245),#6249);
#6245 = CIRCLE('',#6246,16.);
#6246 = AXIS2_PLACEMENT_2D('',#6247,#6248);
#6247 = CARTESIAN_POINT('',(-31.,-5.));
#6248 = DIRECTION('',(1.,0.));
#6249 = ( GEOMETRIC_REPRESENTATION_CONTEXT(2) 
PARAMETRIC_REPRESENTATION_CONTEXT() REPRESENTATION_CONTEXT('2D SPACE',''
  ) );
#6250 = ORIENTED_EDGE('',*,*,#6251,.F.);
#6251 = EDGE_CURVE('',#5152,#6223,#6252,.T.);
#6252 = SURFACE_CURVE('',#6253,(#6257,#6264),.PCURVE_S1.);
#6253 = LINE('',#6254,#6255);
#6254 = CARTESIAN_POINT('',(-16.,-21.,290.3));
#6255 = VECTOR('',#6256,1.);
#6256 = DIRECTION('',(-0.,-0.,-1.));
#6257 = PCURVE('',#5196,#6258);
#6258 = DEFINITIONAL_REPRESENTATION('',(#6259),#6263);
#6259 = LINE('',#6260,#6261);
#6260 = CARTESIAN_POINT('',(4.712388980385,0.));
#6261 = VECTOR('',#6262,1.);
#6262 = DIRECTION('',(0.,-1.));
#6263 = ( GEOMETRIC_REPRESENTATION_CONTEXT(2) 
PARAMETRIC_REPRESENTATION_CONTEXT() REPRESENTATION_CONTEXT('2D SPACE',''
  ) );
#6264 = PCURVE('',#5167,#6265);
#6265 = DEFINITIONAL_REPRESENTATION('',(#6266),#6270);
#6266 = LINE('',#6267,#6268);
#6267 = CARTESIAN_POINT('',(0.,0.));
#6268 = VECTOR('',#6269,1.);
#6269 = DIRECTION('',(0.,-1.));
#6270 = ( GEOMETRIC_REPRESENTATION_CONTEXT(2) 
PARAMETRIC_REPRESENTATION_CONTEXT() REPRESENTATION_CONTEXT('2D SPACE',''
  ) );
#6271 = ORIENTED_EDGE('',*,*,#5179,.F.);
#6272 = ORIENTED_EDGE('',*,*,#6134,.F.);
#6273 = ADVANCED_FACE('',(#6274),#4850,.T.);
#6274 = FACE_BOUND('',#6275,.T.);
#6275 = EDGE_LOOP('',(#6276,#6277,#6278,#6279,#6300,#6328));
#6276 = ORIENTED_EDGE('',*,*,#4835,.T.);
#6277 = ORIENTED_EDGE('',*,*,#6016,.T.);
#6278 = ORIENTED_EDGE('',*,*,#4947,.T.);
#6279 = ORIENTED_EDGE('',*,*,#6280,.F.);
#6280 = EDGE_CURVE('',#6281,#4919,#6283,.T.);
#6281 = VERTEX_POINT('',#6282);
#6282 = CARTESIAN_POINT('',(59.228756555323,14.,288.70343713077));
#6283 = SURFACE_CURVE('',#6284,(#6288,#6294),.PCURVE_S1.);
#6284 = LINE('',#6285,#6286);
#6285 = CARTESIAN_POINT('',(59.228756555323,14.,290.3));
#6286 = VECTOR('',#6287,1.);
#6287 = DIRECTION('',(0.,0.,1.));
#6288 = PCURVE('',#4850,#6289);
#6289 = DEFINITIONAL_REPRESENTATION('',(#6290),#6293);
#6290 = B_SPLINE_CURVE_WITH_KNOTS('',1,(#6291,#6292),.UNSPECIFIED.,.F.,
  .F.,(2,2),(-5.2,6.000000212225E-07),.PIECEWISE_BEZIER_KNOTS.);
#6291 = CARTESIAN_POINT('',(-6.543866101147,44.228756555323));
#6292 = CARTESIAN_POINT('',(-1.343865501147,44.228756555323));
#6293 = ( GEOMETRIC_REPRESENTATION_CONTEXT(2) 
PARAMETRIC_REPRESENTATION_CONTEXT() REPRESENTATION_CONTEXT('2D SPACE',''
  ) );
#6294 = PCURVE('',#4935,#6295);
#6295 = DEFINITIONAL_REPRESENTATION('',(#6296),#6299);
#6296 = B_SPLINE_CURVE_WITH_KNOTS('',1,(#6297,#6298),.UNSPECIFIED.,.F.,
  .F.,(2,2),(-5.2,6.000000212225E-07),.PIECEWISE_BEZIER_KNOTS.);
#6297 = CARTESIAN_POINT('',(0.597406416645,-5.2));
#6298 = CARTESIAN_POINT('',(0.597406416645,6.000000212225E-07));
#6299 = ( GEOMETRIC_REPRESENTATION_CONTEXT(2) 
PARAMETRIC_REPRESENTATION_CONTEXT() REPRESENTATION_CONTEXT('2D SPACE',''
  ) );
#6300 = ORIENTED_EDGE('',*,*,#6301,.T.);
#6301 = EDGE_CURVE('',#6281,#6302,#6304,.T.);
#6302 = VERTEX_POINT('',#6303);
#6303 = CARTESIAN_POINT('',(-29.22875655532,14.,288.70343713077));
#6304 = SURFACE_CURVE('',#6305,(#6310,#6321),.PCURVE_S1.);
#6305 = CIRCLE('',#6306,273.75);
#6306 = AXIS2_PLACEMENT_3D('',#6307,#6308,#6309);
#6307 = CARTESIAN_POINT('',(15.,14.,18.549999999998));
#6308 = DIRECTION('',(0.,-1.,0.));
#6309 = DIRECTION('',(0.208219178082,0.,0.978082191781));
#6310 = PCURVE('',#4850,#6311);
#6311 = DEFINITIONAL_REPRESENTATION('',(#6312),#6320);
#6312 = ( BOUNDED_CURVE() B_SPLINE_CURVE(2,(#6313,#6314,#6315,#6316,
#6317,#6318,#6319),.UNSPECIFIED.,.T.,.F.) B_SPLINE_CURVE_WITH_KNOTS((1,2
    ,2,2,2,1),(-2.094395102393,0.,2.094395102393,4.188790204786,
6.28318530718,8.377580409573),.UNSPECIFIED.) CURVE() 
GEOMETRIC_REPRESENTATION_ITEM() RATIONAL_B_SPLINE_CURVE((1.,0.5,1.,0.5,
1.,0.5,1.)) REPRESENTATION_ITEM('') );
#6313 = CARTESIAN_POINT('',(-5.343866101147,57.));
#6314 = CARTESIAN_POINT('',(93.383029930279,-406.7566037265));
#6315 = CARTESIAN_POINT('',(-357.6054180854,-260.3783018632));
#6316 = CARTESIAN_POINT('',(-808.5938661011,-114.));
#6317 = CARTESIAN_POINT('',(-456.3323141168,203.37830186328));
#6318 = CARTESIAN_POINT('',(-104.0707621325,520.75660372657));
#6319 = CARTESIAN_POINT('',(-5.343866101147,57.));
#6320 = ( GEOMETRIC_REPRESENTATION_CONTEXT(2) 
PARAMETRIC_REPRESENTATION_CONTEXT() REPRESENTATION_CONTEXT('2D SPACE',''
  ) );
#6321 = PCURVE('',#6122,#6322);
#6322 = DEFINITIONAL_REPRESENTATION('',(#6323),#6327);
#6323 = LINE('',#6324,#6325);
#6324 = CARTESIAN_POINT('',(0.,14.));
#6325 = VECTOR('',#6326,1.);
#6326 = DIRECTION('',(-1.,-0.));
#6327 = ( GEOMETRIC_REPRESENTATION_CONTEXT(2) 
PARAMETRIC_REPRESENTATION_CONTEXT() REPRESENTATION_CONTEXT('2D SPACE',''
  ) );
#6328 = ORIENTED_EDGE('',*,*,#6329,.T.);
#6329 = EDGE_CURVE('',#6302,#4836,#6330,.T.);
#6330 = SURFACE_CURVE('',#6331,(#6335,#6341),.PCURVE_S1.);
#6331 = LINE('',#6332,#6333);
#6332 = CARTESIAN_POINT('',(-29.22875655532,14.,290.3));
#6333 = VECTOR('',#6334,1.);
#6334 = DIRECTION('',(0.,0.,1.));
#6335 = PCURVE('',#4850,#6336);
#6336 = DEFINITIONAL_REPRESENTATION('',(#6337),#6340);
#6337 = B_SPLINE_CURVE_WITH_KNOTS('',1,(#6338,#6339),.UNSPECIFIED.,.F.,
  .F.,(2,2),(-5.2,6.000000212225E-07),.PIECEWISE_BEZIER_KNOTS.);
#6338 = CARTESIAN_POINT('',(-6.543866101147,-44.22875655532));
#6339 = CARTESIAN_POINT('',(-1.343865501147,-44.22875655532));
#6340 = ( GEOMETRIC_REPRESENTATION_CONTEXT(2) 
PARAMETRIC_REPRESENTATION_CONTEXT() REPRESENTATION_CONTEXT('2D SPACE',''
  ) );
#6341 = PCURVE('',#4878,#6342);
#6342 = DEFINITIONAL_REPRESENTATION('',(#6343),#6346);
#6343 = B_SPLINE_CURVE_WITH_KNOTS('',1,(#6344,#6345),.UNSPECIFIED.,.F.,
  .F.,(2,2),(-5.2,6.000000212225E-07),.PIECEWISE_BEZIER_KNOTS.);
#6344 = CARTESIAN_POINT('',(2.544186236944,-5.2));
#6345 = CARTESIAN_POINT('',(2.544186236944,6.000000212225E-07));
#6346 = ( GEOMETRIC_REPRESENTATION_CONTEXT(2) 
PARAMETRIC_REPRESENTATION_CONTEXT() REPRESENTATION_CONTEXT('2D SPACE',''
  ) );
#6347 = ADVANCED_FACE('',(#6348),#5167,.F.);
#6348 = FACE_BOUND('',#6349,.F.);
#6349 = EDGE_LOOP('',(#6350,#6351,#6374,#6395));
#6350 = ORIENTED_EDGE('',*,*,#6251,.T.);
#6351 = ORIENTED_EDGE('',*,*,#6352,.T.);
#6352 = EDGE_CURVE('',#6223,#6353,#6355,.T.);
#6353 = VERTEX_POINT('',#6354);
#6354 = CARTESIAN_POINT('',(46.,-21.,256.3));
#6355 = SURFACE_CURVE('',#6356,(#6360,#6367),.PCURVE_S1.);
#6356 = LINE('',#6357,#6358);
#6357 = CARTESIAN_POINT('',(15.,-21.,256.3));
#6358 = VECTOR('',#6359,1.);
#6359 = DIRECTION('',(1.,0.,0.));
#6360 = PCURVE('',#5167,#6361);
#6361 = DEFINITIONAL_REPRESENTATION('',(#6362),#6366);
#6362 = LINE('',#6363,#6364);
#6363 = CARTESIAN_POINT('',(31.,-34.));
#6364 = VECTOR('',#6365,1.);
#6365 = DIRECTION('',(1.,0.));
#6366 = ( GEOMETRIC_REPRESENTATION_CONTEXT(2) 
PARAMETRIC_REPRESENTATION_CONTEXT() REPRESENTATION_CONTEXT('2D SPACE',''
  ) );
#6367 = PCURVE('',#6239,#6368);
#6368 = DEFINITIONAL_REPRESENTATION('',(#6369),#6373);
#6369 = LINE('',#6370,#6371);
#6370 = CARTESIAN_POINT('',(0.,-21.));
#6371 = VECTOR('',#6372,1.);
#6372 = DIRECTION('',(1.,0.));
#6373 = ( GEOMETRIC_REPRESENTATION_CONTEXT(2) 
PARAMETRIC_REPRESENTATION_CONTEXT() REPRESENTATION_CONTEXT('2D SPACE',''
  ) );
#6374 = ORIENTED_EDGE('',*,*,#6375,.F.);
#6375 = EDGE_CURVE('',#5123,#6353,#6376,.T.);
#6376 = SURFACE_CURVE('',#6377,(#6381,#6388),.PCURVE_S1.);
#6377 = LINE('',#6378,#6379);
#6378 = CARTESIAN_POINT('',(46.,-21.,290.3));
#6379 = VECTOR('',#6380,1.);
#6380 = DIRECTION('',(-0.,-0.,-1.));
#6381 = PCURVE('',#5167,#6382);
#6382 = DEFINITIONAL_REPRESENTATION('',(#6383),#6387);
#6383 = LINE('',#6384,#6385);
#6384 = CARTESIAN_POINT('',(62.,0.));
#6385 = VECTOR('',#6386,1.);
#6386 = DIRECTION('',(0.,-1.));
#6387 = ( GEOMETRIC_REPRESENTATION_CONTEXT(2) 
PARAMETRIC_REPRESENTATION_CONTEXT() REPRESENTATION_CONTEXT('2D SPACE',''
  ) );
#6388 = PCURVE('',#5139,#6389);
#6389 = DEFINITIONAL_REPRESENTATION('',(#6390),#6394);
#6390 = LINE('',#6391,#6392);
#6391 = CARTESIAN_POINT('',(4.712388980385,0.));
#6392 = VECTOR('',#6393,1.);
#6393 = DIRECTION('',(0.,-1.));
#6394 = ( GEOMETRIC_REPRESENTATION_CONTEXT(2) 
PARAMETRIC_REPRESENTATION_CONTEXT() REPRESENTATION_CONTEXT('2D SPACE',''
  ) );
#6395 = ORIENTED_EDGE('',*,*,#5151,.F.);
#6396 = ADVANCED_FACE('',(#6397),#4878,.F.);
#6397 = FACE_BOUND('',#6398,.F.);
#6398 = EDGE_LOOP('',(#6399,#6400,#6423,#6447,#6470,#6506));
#6399 = ORIENTED_EDGE('',*,*,#4861,.F.);
#6400 = ORIENTED_EDGE('',*,*,#6401,.T.);
#6401 = EDGE_CURVE('',#4862,#6402,#6404,.T.);
#6402 = VERTEX_POINT('',#6403);
#6403 = CARTESIAN_POINT('',(-16.,21.,256.3));
#6404 = SURFACE_CURVE('',#6405,(#6409,#6416),.PCURVE_S1.);
#6405 = LINE('',#6406,#6407);
#6406 = CARTESIAN_POINT('',(-16.,21.,290.3));
#6407 = VECTOR('',#6408,1.);
#6408 = DIRECTION('',(-0.,-0.,-1.));
#6409 = PCURVE('',#4878,#6410);
#6410 = DEFINITIONAL_REPRESENTATION('',(#6411),#6415);
#6411 = LINE('',#6412,#6413);
#6412 = CARTESIAN_POINT('',(1.570796326795,0.));
#6413 = VECTOR('',#6414,1.);
#6414 = DIRECTION('',(0.,-1.));
#6415 = ( GEOMETRIC_REPRESENTATION_CONTEXT(2) 
PARAMETRIC_REPRESENTATION_CONTEXT() REPRESENTATION_CONTEXT('2D SPACE',''
  ) );
#6416 = PCURVE('',#4906,#6417);
#6417 = DEFINITIONAL_REPRESENTATION('',(#6418),#6422);
#6418 = LINE('',#6419,#6420);
#6419 = CARTESIAN_POINT('',(0.,0.));
#6420 = VECTOR('',#6421,1.);
#6421 = DIRECTION('',(0.,-1.));
#6422 = ( GEOMETRIC_REPRESENTATION_CONTEXT(2) 
PARAMETRIC_REPRESENTATION_CONTEXT() REPRESENTATION_CONTEXT('2D SPACE',''
  ) );
#6423 = ORIENTED_EDGE('',*,*,#6424,.T.);
#6424 = EDGE_CURVE('',#6402,#6425,#6427,.T.);
#6425 = VERTEX_POINT('',#6426);
#6426 = CARTESIAN_POINT('',(-32.,5.,256.3));
#6427 = SURFACE_CURVE('',#6428,(#6433,#6440),.PCURVE_S1.);
#6428 = CIRCLE('',#6429,16.);
#6429 = AXIS2_PLACEMENT_3D('',#6430,#6431,#6432);
#6430 = CARTESIAN_POINT('',(-16.,5.,256.3));
#6431 = DIRECTION('',(0.,0.,1.));
#6432 = DIRECTION('',(1.,0.,0.));
#6433 = PCURVE('',#4878,#6434);
#6434 = DEFINITIONAL_REPRESENTATION('',(#6435),#6439);
#6435 = LINE('',#6436,#6437);
#6436 = CARTESIAN_POINT('',(0.,-34.));
#6437 = VECTOR('',#6438,1.);
#6438 = DIRECTION('',(1.,0.));
#6439 = ( GEOMETRIC_REPRESENTATION_CONTEXT(2) 
PARAMETRIC_REPRESENTATION_CONTEXT() REPRESENTATION_CONTEXT('2D SPACE',''
  ) );
#6440 = PCURVE('',#6239,#6441);
#6441 = DEFINITIONAL_REPRESENTATION('',(#6442),#6446);
#6442 = CIRCLE('',#6443,16.);
#6443 = AXIS2_PLACEMENT_2D('',#6444,#6445);
#6444 = CARTESIAN_POINT('',(-31.,5.));
#6445 = DIRECTION('',(1.,0.));
#6446 = ( GEOMETRIC_REPRESENTATION_CONTEXT(2) 
PARAMETRIC_REPRESENTATION_CONTEXT() REPRESENTATION_CONTEXT('2D SPACE',''
  ) );
#6447 = ORIENTED_EDGE('',*,*,#6448,.F.);
#6448 = EDGE_CURVE('',#6449,#6425,#6451,.T.);
#6449 = VERTEX_POINT('',#6450);
#6450 = CARTESIAN_POINT('',(-32.,5.,288.23511731276));
#6451 = SURFACE_CURVE('',#6452,(#6456,#6463),.PCURVE_S1.);
#6452 = LINE('',#6453,#6454);
#6453 = CARTESIAN_POINT('',(-32.,5.,290.3));
#6454 = VECTOR('',#6455,1.);
#6455 = DIRECTION('',(-0.,-0.,-1.));
#6456 = PCURVE('',#4878,#6457);
#6457 = DEFINITIONAL_REPRESENTATION('',(#6458),#6462);
#6458 = LINE('',#6459,#6460);
#6459 = CARTESIAN_POINT('',(3.14159265359,0.));
#6460 = VECTOR('',#6461,1.);
#6461 = DIRECTION('',(0.,-1.));
#6462 = ( GEOMETRIC_REPRESENTATION_CONTEXT(2) 
PARAMETRIC_REPRESENTATION_CONTEXT() REPRESENTATION_CONTEXT('2D SPACE',''
  ) );
#6463 = PCURVE('',#6210,#6464);
#6464 = DEFINITIONAL_REPRESENTATION('',(#6465),#6469);
#6465 = LINE('',#6466,#6467);
#6466 = CARTESIAN_POINT('',(10.,0.));
#6467 = VECTOR('',#6468,1.);
#6468 = DIRECTION('',(0.,-1.));
#6469 = ( GEOMETRIC_REPRESENTATION_CONTEXT(2) 
PARAMETRIC_REPRESENTATION_CONTEXT() REPRESENTATION_CONTEXT('2D SPACE',''
  ) );
#6470 = ORIENTED_EDGE('',*,*,#6471,.F.);
#6471 = EDGE_CURVE('',#6302,#6449,#6472,.T.);
#6472 = SURFACE_CURVE('',#6473,(#6482,#6494),.PCURVE_S1.);
#6473 = B_SPLINE_CURVE_WITH_KNOTS('',7,(#6474,#6475,#6476,#6477,#6478,
    #6479,#6480,#6481),.UNSPECIFIED.,.F.,.F.,(8,8),(0.,1.),
  .PIECEWISE_BEZIER_KNOTS.);
#6474 = CARTESIAN_POINT('',(-29.22875614712,14.0000006,288.7034371976));
#6475 = CARTESIAN_POINT('',(-30.0391967534,12.808764995838,
    288.57075415525));
#6476 = CARTESIAN_POINT('',(-30.70254338891,11.564647221425,
    288.45924040652));
#6477 = CARTESIAN_POINT('',(-31.2254802727,10.284037325565,
    288.36969874898));
#6478 = CARTESIAN_POINT('',(-31.6136542787,8.978812518065,
    288.30244864289));
#6479 = CARTESIAN_POINT('',(-31.87113343727,7.658065567438,
    288.25757582439));
#6480 = CARTESIAN_POINT('',(-32.,6.329409588965,288.23511731276));
#6481 = CARTESIAN_POINT('',(-32.,5.,288.23511731276));
#6482 = PCURVE('',#4878,#6483);
#6483 = DEFINITIONAL_REPRESENTATION('',(#6484),#6493);
#6484 = B_SPLINE_CURVE_WITH_KNOTS('',7,(#6485,#6486,#6487,#6488,#6489,
    #6490,#6491,#6492),.UNSPECIFIED.,.F.,.F.,(8,8),(0.,1.),
  .PIECEWISE_BEZIER_KNOTS.);
#6485 = CARTESIAN_POINT('',(2.544186191589,-1.596562802398));
#6486 = CARTESIAN_POINT('',(2.634235141839,-1.729245844742));
#6487 = CARTESIAN_POINT('',(2.721845524932,-1.840759593479));
#6488 = CARTESIAN_POINT('',(2.807597774127,-1.930301251019));
#6489 = CARTESIAN_POINT('',(2.891979810555,-1.997551357106));
#6490 = CARTESIAN_POINT('',(2.975463600584,-2.042424175602));
#6491 = CARTESIAN_POINT('',(3.058504554279,-2.064882687235));
#6492 = CARTESIAN_POINT('',(3.14159265359,-2.064882687235));
#6493 = ( GEOMETRIC_REPRESENTATION_CONTEXT(2) 
PARAMETRIC_REPRESENTATION_CONTEXT() REPRESENTATION_CONTEXT('2D SPACE',''
  ) );
#6494 = PCURVE('',#6122,#6495);
#6495 = DEFINITIONAL_REPRESENTATION('',(#6496),#6505);
#6496 = B_SPLINE_CURVE_WITH_KNOTS('',7,(#6497,#6498,#6499,#6500,#6501,
    #6502,#6503,#6504),.UNSPECIFIED.,.F.,.F.,(8,8),(0.,1.),
  .PIECEWISE_BEZIER_KNOTS.);
#6497 = CARTESIAN_POINT('',(-0.372031408756,14.0000006));
#6498 = CARTESIAN_POINT('',(-0.375031335815,12.808764995838));
#6499 = CARTESIAN_POINT('',(-0.377488498785,11.564647221425));
#6500 = CARTESIAN_POINT('',(-0.379426564263,10.284037325565));
#6501 = CARTESIAN_POINT('',(-0.380865673322,8.978812518065));
#6502 = CARTESIAN_POINT('',(-0.381820413416,7.658065567438));
#6503 = CARTESIAN_POINT('',(-0.382298254231,6.329409588965));
#6504 = CARTESIAN_POINT('',(-0.382298254231,5.));
#6505 = ( GEOMETRIC_REPRESENTATION_CONTEXT(2) 
PARAMETRIC_REPRESENTATION_CONTEXT() REPRESENTATION_CONTEXT('2D SPACE',''
  ) );
#6506 = ORIENTED_EDGE('',*,*,#6329,.T.);
#6507 = ADVANCED_FACE('',(#6508),#5139,.F.);
#6508 = FACE_BOUND('',#6509,.F.);
#6509 = EDGE_LOOP('',(#6510,#6511,#6512,#6536,#6564,#6600));
#6510 = ORIENTED_EDGE('',*,*,#5122,.F.);
#6511 = ORIENTED_EDGE('',*,*,#6375,.T.);
#6512 = ORIENTED_EDGE('',*,*,#6513,.T.);
#6513 = EDGE_CURVE('',#6353,#6514,#6516,.T.);
#6514 = VERTEX_POINT('',#6515);
#6515 = CARTESIAN_POINT('',(62.,-5.,256.3));
#6516 = SURFACE_CURVE('',#6517,(#6522,#6529),.PCURVE_S1.);
#6517 = CIRCLE('',#6518,16.);
#6518 = AXIS2_PLACEMENT_3D('',#6519,#6520,#6521);
#6519 = CARTESIAN_POINT('',(46.,-5.,256.3));
#6520 = DIRECTION('',(0.,0.,1.));
#6521 = DIRECTION('',(1.,0.,0.));
#6522 = PCURVE('',#5139,#6523);
#6523 = DEFINITIONAL_REPRESENTATION('',(#6524),#6528);
#6524 = LINE('',#6525,#6526);
#6525 = CARTESIAN_POINT('',(0.,-34.));
#6526 = VECTOR('',#6527,1.);
#6527 = DIRECTION('',(1.,0.));
#6528 = ( GEOMETRIC_REPRESENTATION_CONTEXT(2) 
PARAMETRIC_REPRESENTATION_CONTEXT() REPRESENTATION_CONTEXT('2D SPACE',''
  ) );
#6529 = PCURVE('',#6239,#6530);
#6530 = DEFINITIONAL_REPRESENTATION('',(#6531),#6535);
#6531 = CIRCLE('',#6532,16.);
#6532 = AXIS2_PLACEMENT_2D('',#6533,#6534);
#6533 = CARTESIAN_POINT('',(31.,-5.));
#6534 = DIRECTION('',(1.,0.));
#6535 = ( GEOMETRIC_REPRESENTATION_CONTEXT(2) 
PARAMETRIC_REPRESENTATION_CONTEXT() REPRESENTATION_CONTEXT('2D SPACE',''
  ) );
#6536 = ORIENTED_EDGE('',*,*,#6537,.F.);
#6537 = EDGE_CURVE('',#6538,#6514,#6540,.T.);
#6538 = VERTEX_POINT('',#6539);
#6539 = CARTESIAN_POINT('',(62.,-5.,288.23511731276));
#6540 = SURFACE_CURVE('',#6541,(#6545,#6552),.PCURVE_S1.);
#6541 = LINE('',#6542,#6543);
#6542 = CARTESIAN_POINT('',(62.,-5.,290.3));
#6543 = VECTOR('',#6544,1.);
#6544 = DIRECTION('',(-0.,-0.,-1.));
#6545 = PCURVE('',#5139,#6546);
#6546 = DEFINITIONAL_REPRESENTATION('',(#6547),#6551);
#6547 = LINE('',#6548,#6549);
#6548 = CARTESIAN_POINT('',(6.28318530718,0.));
#6549 = VECTOR('',#6550,1.);
#6550 = DIRECTION('',(0.,-1.));
#6551 = ( GEOMETRIC_REPRESENTATION_CONTEXT(2) 
PARAMETRIC_REPRESENTATION_CONTEXT() REPRESENTATION_CONTEXT('2D SPACE',''
  ) );
#6552 = PCURVE('',#6553,#6558);
#6553 = PLANE('',#6554);
#6554 = AXIS2_PLACEMENT_3D('',#6555,#6556,#6557);
#6555 = CARTESIAN_POINT('',(62.,-5.,290.3));
#6556 = DIRECTION('',(1.,0.,0.));
#6557 = DIRECTION('',(-0.,1.,0.));
#6558 = DEFINITIONAL_REPRESENTATION('',(#6559),#6563);
#6559 = LINE('',#6560,#6561);
#6560 = CARTESIAN_POINT('',(0.,0.));
#6561 = VECTOR('',#6562,1.);
#6562 = DIRECTION('',(0.,-1.));
#6563 = ( GEOMETRIC_REPRESENTATION_CONTEXT(2) 
PARAMETRIC_REPRESENTATION_CONTEXT() REPRESENTATION_CONTEXT('2D SPACE',''
  ) );
#6564 = ORIENTED_EDGE('',*,*,#6565,.F.);
#6565 = EDGE_CURVE('',#6081,#6538,#6566,.T.);
#6566 = SURFACE_CURVE('',#6567,(#6576,#6588),.PCURVE_S1.);
#6567 = B_SPLINE_CURVE_WITH_KNOTS('',7,(#6568,#6569,#6570,#6571,#6572,
    #6573,#6574,#6575),.UNSPECIFIED.,.F.,.F.,(8,8),(0.,1.),
  .PIECEWISE_BEZIER_KNOTS.);
#6568 = CARTESIAN_POINT('',(59.228756147121,-14.0000006,288.7034371976)
  );
#6569 = CARTESIAN_POINT('',(60.039196753401,-12.80876499583,
    288.57075415525));
#6570 = CARTESIAN_POINT('',(60.70254338891,-11.56464722142,
    288.45924040652));
#6571 = CARTESIAN_POINT('',(61.225480272705,-10.28403732556,
    288.36969874898));
#6572 = CARTESIAN_POINT('',(61.613654278702,-8.978812518066,
    288.30244864289));
#6573 = CARTESIAN_POINT('',(61.871133437276,-7.658065567437,
    288.25757582439));
#6574 = CARTESIAN_POINT('',(62.,-6.329409588965,288.23511731276));
#6575 = CARTESIAN_POINT('',(62.,-5.,288.23511731276));
#6576 = PCURVE('',#5139,#6577);
#6577 = DEFINITIONAL_REPRESENTATION('',(#6578),#6587);
#6578 = B_SPLINE_CURVE_WITH_KNOTS('',7,(#6579,#6580,#6581,#6582,#6583,
    #6584,#6585,#6586),.UNSPECIFIED.,.F.,.F.,(8,8),(0.,1.),
  .PIECEWISE_BEZIER_KNOTS.);
#6579 = CARTESIAN_POINT('',(5.685778845178,-1.596562802398));
#6580 = CARTESIAN_POINT('',(5.775827795429,-1.729245844742));
#6581 = CARTESIAN_POINT('',(5.863438178521,-1.840759593479));
#6582 = CARTESIAN_POINT('',(5.949190427717,-1.930301251018));
#6583 = CARTESIAN_POINT('',(6.033572464145,-1.997551357107));
#6584 = CARTESIAN_POINT('',(6.117056254174,-2.042424175602));
#6585 = CARTESIAN_POINT('',(6.200097207869,-2.064882687235));
#6586 = CARTESIAN_POINT('',(6.28318530718,-2.064882687235));
#6587 = ( GEOMETRIC_REPRESENTATION_CONTEXT(2) 
PARAMETRIC_REPRESENTATION_CONTEXT() REPRESENTATION_CONTEXT('2D SPACE',''
  ) );
#6588 = PCURVE('',#6122,#6589);
#6589 = DEFINITIONAL_REPRESENTATION('',(#6590),#6599);
#6590 = B_SPLINE_CURVE_WITH_KNOTS('',7,(#6591,#6592,#6593,#6594,#6595,
    #6596,#6597,#6598),.UNSPECIFIED.,.F.,.F.,(8,8),(0.,1.),
  .PIECEWISE_BEZIER_KNOTS.);
#6591 = CARTESIAN_POINT('',(-4.747634616469E-02,-14.0000006));
#6592 = CARTESIAN_POINT('',(-4.447641910588E-02,-12.80876499583));
#6593 = CARTESIAN_POINT('',(-4.201925613551E-02,-11.56464722142));
#6594 = CARTESIAN_POINT('',(-4.008119065813E-02,-10.28403732556));
#6595 = CARTESIAN_POINT('',(-3.864208159901E-02,-8.978812518066));
#6596 = CARTESIAN_POINT('',(-3.768734150465E-02,-7.658065567437));
#6597 = CARTESIAN_POINT('',(-3.720950069006E-02,-6.329409588965));
#6598 = CARTESIAN_POINT('',(-3.720950069006E-02,-5.));
#6599 = ( GEOMETRIC_REPRESENTATION_CONTEXT(2) 
PARAMETRIC_REPRESENTATION_CONTEXT() REPRESENTATION_CONTEXT('2D SPACE',''
  ) );
#6600 = ORIENTED_EDGE('',*,*,#6080,.T.);
#6601 = ADVANCED_FACE('',(#6602),#4906,.T.);
#6602 = FACE_BOUND('',#6603,.T.);
#6603 = EDGE_LOOP('',(#6604,#6605,#6628,#6649));
#6604 = ORIENTED_EDGE('',*,*,#6401,.T.);
#6605 = ORIENTED_EDGE('',*,*,#6606,.T.);
#6606 = EDGE_CURVE('',#6402,#6607,#6609,.T.);
#6607 = VERTEX_POINT('',#6608);
#6608 = CARTESIAN_POINT('',(46.,21.,256.3));
#6609 = SURFACE_CURVE('',#6610,(#6614,#6621),.PCURVE_S1.);
#6610 = LINE('',#6611,#6612);
#6611 = CARTESIAN_POINT('',(15.,21.,256.3));
#6612 = VECTOR('',#6613,1.);
#6613 = DIRECTION('',(1.,0.,0.));
#6614 = PCURVE('',#4906,#6615);
#6615 = DEFINITIONAL_REPRESENTATION('',(#6616),#6620);
#6616 = LINE('',#6617,#6618);
#6617 = CARTESIAN_POINT('',(31.,-34.));
#6618 = VECTOR('',#6619,1.);
#6619 = DIRECTION('',(1.,0.));
#6620 = ( GEOMETRIC_REPRESENTATION_CONTEXT(2) 
PARAMETRIC_REPRESENTATION_CONTEXT() REPRESENTATION_CONTEXT('2D SPACE',''
  ) );
#6621 = PCURVE('',#6239,#6622);
#6622 = DEFINITIONAL_REPRESENTATION('',(#6623),#6627);
#6623 = LINE('',#6624,#6625);
#6624 = CARTESIAN_POINT('',(0.,21.));
#6625 = VECTOR('',#6626,1.);
#6626 = DIRECTION('',(1.,0.));
#6627 = ( GEOMETRIC_REPRESENTATION_CONTEXT(2) 
PARAMETRIC_REPRESENTATION_CONTEXT() REPRESENTATION_CONTEXT('2D SPACE',''
  ) );
#6628 = ORIENTED_EDGE('',*,*,#6629,.F.);
#6629 = EDGE_CURVE('',#4891,#6607,#6630,.T.);
#6630 = SURFACE_CURVE('',#6631,(#6635,#6642),.PCURVE_S1.);
#6631 = LINE('',#6632,#6633);
#6632 = CARTESIAN_POINT('',(46.,21.,290.3));
#6633 = VECTOR('',#6634,1.);
#6634 = DIRECTION('',(-0.,-0.,-1.));
#6635 = PCURVE('',#4906,#6636);
#6636 = DEFINITIONAL_REPRESENTATION('',(#6637),#6641);
#6637 = LINE('',#6638,#6639);
#6638 = CARTESIAN_POINT('',(62.,0.));
#6639 = VECTOR('',#6640,1.);
#6640 = DIRECTION('',(0.,-1.));
#6641 = ( GEOMETRIC_REPRESENTATION_CONTEXT(2) 
PARAMETRIC_REPRESENTATION_CONTEXT() REPRESENTATION_CONTEXT('2D SPACE',''
  ) );
#6642 = PCURVE('',#4935,#6643);
#6643 = DEFINITIONAL_REPRESENTATION('',(#6644),#6648);
#6644 = LINE('',#6645,#6646);
#6645 = CARTESIAN_POINT('',(1.570796326795,0.));
#6646 = VECTOR('',#6647,1.);
#6647 = DIRECTION('',(0.,-1.));
#6648 = ( GEOMETRIC_REPRESENTATION_CONTEXT(2) 
PARAMETRIC_REPRESENTATION_CONTEXT() REPRESENTATION_CONTEXT('2D SPACE',''
  ) );
#6649 = ORIENTED_EDGE('',*,*,#4890,.F.);
#6650 = ADVANCED_FACE('',(#6651),#4935,.F.);
#6651 = FACE_BOUND('',#6652,.F.);
#6652 = EDGE_LOOP('',(#6653,#6691,#6714,#6736,#6737,#6738));
#6653 = ORIENTED_EDGE('',*,*,#6654,.F.);
#6654 = EDGE_CURVE('',#6655,#6281,#6657,.T.);
#6655 = VERTEX_POINT('',#6656);
#6656 = CARTESIAN_POINT('',(62.,5.,288.23511731276));
#6657 = SURFACE_CURVE('',#6658,(#6667,#6679),.PCURVE_S1.);
#6658 = B_SPLINE_CURVE_WITH_KNOTS('',7,(#6659,#6660,#6661,#6662,#6663,
    #6664,#6665,#6666),.UNSPECIFIED.,.F.,.F.,(8,8),(0.,1.),
  .PIECEWISE_BEZIER_KNOTS.);
#6659 = CARTESIAN_POINT('',(62.,5.,288.23511731276));
#6660 = CARTESIAN_POINT('',(62.,6.329403640156,288.23511731276));
#6661 = CARTESIAN_POINT('',(61.871134614785,7.658066933012,
    288.25757561962));
#6662 = CARTESIAN_POINT('',(61.613653011366,8.978823933873,
    288.30244886201));
#6663 = CARTESIAN_POINT('',(61.225475120987,10.284052161756,
    288.36969965769));
#6664 = CARTESIAN_POINT('',(60.702537090021,11.564657870731,
    288.45924145305));
#6665 = CARTESIAN_POINT('',(60.039194701059,12.808768012497,
    288.57075449126));
#6666 = CARTESIAN_POINT('',(59.228756147121,14.0000006,288.7034371976));
#6667 = PCURVE('',#4935,#6668);
#6668 = DEFINITIONAL_REPRESENTATION('',(#6669),#6678);
#6669 = B_SPLINE_CURVE_WITH_KNOTS('',7,(#6670,#6671,#6672,#6673,#6674,
    #6675,#6676,#6677),.UNSPECIFIED.,.F.,.F.,(8,8),(0.,1.),
  .PIECEWISE_BEZIER_KNOTS.);
#6670 = CARTESIAN_POINT('',(0.,-2.064882687235));
#6671 = CARTESIAN_POINT('',(8.308772750978E-02,-2.064882687235));
#6672 = CARTESIAN_POINT('',(0.166129137655,-2.042424380377));
#6673 = CARTESIAN_POINT('',(0.249613546388,-1.997551137986));
#6674 = CARTESIAN_POINT('',(0.333995836811,-1.930300342303));
#6675 = CARTESIAN_POINT('',(0.419747900416,-1.840758546948));
#6676 = CARTESIAN_POINT('',(0.507357739789,-1.729245508738));
#6677 = CARTESIAN_POINT('',(0.597406462001,-1.596562802398));
#6678 = ( GEOMETRIC_REPRESENTATION_CONTEXT(2) 
PARAMETRIC_REPRESENTATION_CONTEXT() REPRESENTATION_CONTEXT('2D SPACE',''
  ) );
#6679 = PCURVE('',#6122,#6680);
#6680 = DEFINITIONAL_REPRESENTATION('',(#6681),#6690);
#6681 = B_SPLINE_CURVE_WITH_KNOTS('',7,(#6682,#6683,#6684,#6685,#6686,
    #6687,#6688,#6689),.UNSPECIFIED.,.F.,.F.,(8,8),(0.,1.),
  .PIECEWISE_BEZIER_KNOTS.);
#6682 = CARTESIAN_POINT('',(-3.720950069006E-02,5.));
#6683 = CARTESIAN_POINT('',(-3.720950069006E-02,6.329403640156));
#6684 = CARTESIAN_POINT('',(-3.768733713858E-02,7.658066933012));
#6685 = CARTESIAN_POINT('',(-3.864208629764E-02,8.978823933873));
#6686 = CARTESIAN_POINT('',(-4.008120976698E-02,10.284052161755));
#6687 = CARTESIAN_POINT('',(-4.201927946046E-02,11.564657870731));
#6688 = CARTESIAN_POINT('',(-4.447642670283E-02,12.808768012497));
#6689 = CARTESIAN_POINT('',(-4.747634616469E-02,14.0000006));
#6690 = ( GEOMETRIC_REPRESENTATION_CONTEXT(2) 
PARAMETRIC_REPRESENTATION_CONTEXT() REPRESENTATION_CONTEXT('2D SPACE',''
  ) );
#6691 = ORIENTED_EDGE('',*,*,#6692,.T.);
#6692 = EDGE_CURVE('',#6655,#6693,#6695,.T.);
#6693 = VERTEX_POINT('',#6694);
#6694 = CARTESIAN_POINT('',(62.,5.,256.3));
#6695 = SURFACE_CURVE('',#6696,(#6700,#6707),.PCURVE_S1.);
#6696 = LINE('',#6697,#6698);
#6697 = CARTESIAN_POINT('',(62.,5.,290.3));
#6698 = VECTOR('',#6699,1.);
#6699 = DIRECTION('',(-0.,-0.,-1.));
#6700 = PCURVE('',#4935,#6701);
#6701 = DEFINITIONAL_REPRESENTATION('',(#6702),#6706);
#6702 = LINE('',#6703,#6704);
#6703 = CARTESIAN_POINT('',(0.,0.));
#6704 = VECTOR('',#6705,1.);
#6705 = DIRECTION('',(0.,-1.));
#6706 = ( GEOMETRIC_REPRESENTATION_CONTEXT(2) 
PARAMETRIC_REPRESENTATION_CONTEXT() REPRESENTATION_CONTEXT('2D SPACE',''
  ) );
#6707 = PCURVE('',#6553,#6708);
#6708 = DEFINITIONAL_REPRESENTATION('',(#6709),#6713);
#6709 = LINE('',#6710,#6711);
#6710 = CARTESIAN_POINT('',(10.,0.));
#6711 = VECTOR('',#6712,1.);
#6712 = DIRECTION('',(0.,-1.));
#6713 = ( GEOMETRIC_REPRESENTATION_CONTEXT(2) 
PARAMETRIC_REPRESENTATION_CONTEXT() REPRESENTATION_CONTEXT('2D SPACE',''
  ) );
#6714 = ORIENTED_EDGE('',*,*,#6715,.T.);
#6715 = EDGE_CURVE('',#6693,#6607,#6716,.T.);
#6716 = SURFACE_CURVE('',#6717,(#6722,#6729),.PCURVE_S1.);
#6717 = CIRCLE('',#6718,16.);
#6718 = AXIS2_PLACEMENT_3D('',#6719,#6720,#6721);
#6719 = CARTESIAN_POINT('',(46.,5.,256.3));
#6720 = DIRECTION('',(0.,0.,1.));
#6721 = DIRECTION('',(1.,0.,0.));
#6722 = PCURVE('',#4935,#6723);
#6723 = DEFINITIONAL_REPRESENTATION('',(#6724),#6728);
#6724 = LINE('',#6725,#6726);
#6725 = CARTESIAN_POINT('',(0.,-34.));
#6726 = VECTOR('',#6727,1.);
#6727 = DIRECTION('',(1.,0.));
#6728 = ( GEOMETRIC_REPRESENTATION_CONTEXT(2) 
PARAMETRIC_REPRESENTATION_CONTEXT() REPRESENTATION_CONTEXT('2D SPACE',''
  ) );
#6729 = PCURVE('',#6239,#6730);
#6730 = DEFINITIONAL_REPRESENTATION('',(#6731),#6735);
#6731 = CIRCLE('',#6732,16.);
#6732 = AXIS2_PLACEMENT_2D('',#6733,#6734);
#6733 = CARTESIAN_POINT('',(31.,5.));
#6734 = DIRECTION('',(1.,0.));
#6735 = ( GEOMETRIC_REPRESENTATION_CONTEXT(2) 
PARAMETRIC_REPRESENTATION_CONTEXT() REPRESENTATION_CONTEXT('2D SPACE',''
  ) );
#6736 = ORIENTED_EDGE('',*,*,#6629,.F.);
#6737 = ORIENTED_EDGE('',*,*,#4918,.F.);
#6738 = ORIENTED_EDGE('',*,*,#6280,.F.);
#6739 = ADVANCED_FACE('',(#6740),#5063,.F.);
#6740 = FACE_BOUND('',#6741,.F.);
#6741 = EDGE_LOOP('',(#6742,#6743,#6744));
#6742 = ORIENTED_EDGE('',*,*,#5046,.F.);
#6743 = ORIENTED_EDGE('',*,*,#5938,.T.);
#6744 = ORIENTED_EDGE('',*,*,#6745,.F.);
#6745 = EDGE_CURVE('',#5019,#5939,#6746,.T.);
#6746 = SURFACE_CURVE('',#6747,(#6751,#6758),.PCURVE_S1.);
#6747 = LINE('',#6748,#6749);
#6748 = CARTESIAN_POINT('',(62.,-5.,290.3));
#6749 = VECTOR('',#6750,1.);
#6750 = DIRECTION('',(-0.,-0.,-1.));
#6751 = PCURVE('',#5063,#6752);
#6752 = DEFINITIONAL_REPRESENTATION('',(#6753),#6757);
#6753 = LINE('',#6754,#6755);
#6754 = CARTESIAN_POINT('',(6.28318530718,0.));
#6755 = VECTOR('',#6756,1.);
#6756 = DIRECTION('',(0.,-1.));
#6757 = ( GEOMETRIC_REPRESENTATION_CONTEXT(2) 
PARAMETRIC_REPRESENTATION_CONTEXT() REPRESENTATION_CONTEXT('2D SPACE',''
  ) );
#6758 = PCURVE('',#5034,#6759);
#6759 = DEFINITIONAL_REPRESENTATION('',(#6760),#6764);
#6760 = LINE('',#6761,#6762);
#6761 = CARTESIAN_POINT('',(0.,0.));
#6762 = VECTOR('',#6763,1.);
#6763 = DIRECTION('',(0.,-1.));
#6764 = ( GEOMETRIC_REPRESENTATION_CONTEXT(2) 
PARAMETRIC_REPRESENTATION_CONTEXT() REPRESENTATION_CONTEXT('2D SPACE',''
  ) );
#6765 = ADVANCED_FACE('',(#6766),#5034,.F.);
#6766 = FACE_BOUND('',#6767,.F.);
#6767 = EDGE_LOOP('',(#6768,#6769,#6770,#6771));
#6768 = ORIENTED_EDGE('',*,*,#5018,.F.);
#6769 = ORIENTED_EDGE('',*,*,#6745,.T.);
#6770 = ORIENTED_EDGE('',*,*,#5967,.T.);
#6771 = ORIENTED_EDGE('',*,*,#6772,.F.);
#6772 = EDGE_CURVE('',#4990,#5968,#6773,.T.);
#6773 = SURFACE_CURVE('',#6774,(#6778,#6785),.PCURVE_S1.);
#6774 = LINE('',#6775,#6776);
#6775 = CARTESIAN_POINT('',(62.,5.,290.3));
#6776 = VECTOR('',#6777,1.);
#6777 = DIRECTION('',(-0.,-0.,-1.));
#6778 = PCURVE('',#5034,#6779);
#6779 = DEFINITIONAL_REPRESENTATION('',(#6780),#6784);
#6780 = LINE('',#6781,#6782);
#6781 = CARTESIAN_POINT('',(10.,0.));
#6782 = VECTOR('',#6783,1.);
#6783 = DIRECTION('',(0.,-1.));
#6784 = ( GEOMETRIC_REPRESENTATION_CONTEXT(2) 
PARAMETRIC_REPRESENTATION_CONTEXT() REPRESENTATION_CONTEXT('2D SPACE',''
  ) );
#6785 = PCURVE('',#5006,#6786);
#6786 = DEFINITIONAL_REPRESENTATION('',(#6787),#6791);
#6787 = LINE('',#6788,#6789);
#6788 = CARTESIAN_POINT('',(0.,0.));
#6789 = VECTOR('',#6790,1.);
#6790 = DIRECTION('',(0.,-1.));
#6791 = ( GEOMETRIC_REPRESENTATION_CONTEXT(2) 
PARAMETRIC_REPRESENTATION_CONTEXT() REPRESENTATION_CONTEXT('2D SPACE',''
  ) );
#6792 = ADVANCED_FACE('',(#6793),#5006,.F.);
#6793 = FACE_BOUND('',#6794,.F.);
#6794 = EDGE_LOOP('',(#6795,#6796,#6797));
#6795 = ORIENTED_EDGE('',*,*,#4989,.F.);
#6796 = ORIENTED_EDGE('',*,*,#6772,.T.);
#6797 = ORIENTED_EDGE('',*,*,#5988,.T.);
#6798 = ADVANCED_FACE('',(#6799),#5324,.T.);
#6799 = FACE_BOUND('',#6800,.T.);
#6800 = EDGE_LOOP('',(#6801,#6802));
#6801 = ORIENTED_EDGE('',*,*,#5310,.T.);
#6802 = ORIENTED_EDGE('',*,*,#5630,.T.);
#6803 = ADVANCED_FACE('',(#6804,#6807),#5795,.T.);
#6804 = FACE_BOUND('',#6805,.T.);
#6805 = EDGE_LOOP('',(#6806));
#6806 = ORIENTED_EDGE('',*,*,#5780,.T.);
#6807 = FACE_BOUND('',#6808,.T.);
#6808 = EDGE_LOOP('',(#6809));
#6809 = ORIENTED_EDGE('',*,*,#6810,.F.);
#6810 = EDGE_CURVE('',#6811,#6811,#6813,.T.);
#6811 = VERTEX_POINT('',#6812);
#6812 = CARTESIAN_POINT('',(-51.6,0.,302.7));
#6813 = SURFACE_CURVE('',#6814,(#6819,#6826),.PCURVE_S1.);
#6814 = CIRCLE('',#6815,20.4);
#6815 = AXIS2_PLACEMENT_3D('',#6816,#6817,#6818);
#6816 = CARTESIAN_POINT('',(-72.,0.,302.7));
#6817 = DIRECTION('',(0.,0.,1.));
#6818 = DIRECTION('',(1.,0.,-0.));
#6819 = PCURVE('',#5795,#6820);
#6820 = DEFINITIONAL_REPRESENTATION('',(#6821),#6825);
#6821 = CIRCLE('',#6822,20.4);
#6822 = AXIS2_PLACEMENT_2D('',#6823,#6824);
#6823 = CARTESIAN_POINT('',(0.,-1.619572327868E-15));
#6824 = DIRECTION('',(1.,0.));
#6825 = ( GEOMETRIC_REPRESENTATION_CONTEXT(2) 
PARAMETRIC_REPRESENTATION_CONTEXT() REPRESENTATION_CONTEXT('2D SPACE',''
  ) );
#6826 = PCURVE('',#6827,#6832);
#6827 = CYLINDRICAL_SURFACE('',#6828,20.4);
#6828 = AXIS2_PLACEMENT_3D('',#6829,#6830,#6831);
#6829 = CARTESIAN_POINT('',(-72.,0.,303.7));
#6830 = DIRECTION('',(0.,0.,1.));
#6831 = DIRECTION('',(1.,0.,0.));
#6832 = DEFINITIONAL_REPRESENTATION('',(#6833),#6837);
#6833 = LINE('',#6834,#6835);
#6834 = CARTESIAN_POINT('',(0.,-1.));
#6835 = VECTOR('',#6836,1.);
#6836 = DIRECTION('',(1.,0.));
#6837 = ( GEOMETRIC_REPRESENTATION_CONTEXT(2) 
PARAMETRIC_REPRESENTATION_CONTEXT() REPRESENTATION_CONTEXT('2D SPACE',''
  ) );
#6838 = ADVANCED_FACE('',(#6839),#6122,.F.);
#6839 = FACE_BOUND('',#6840,.T.);
#6840 = EDGE_LOOP('',(#6841,#6842,#6843,#6844,#6863,#6864,#6865,#6866));
#6841 = ORIENTED_EDGE('',*,*,#6565,.F.);
#6842 = ORIENTED_EDGE('',*,*,#6101,.T.);
#6843 = ORIENTED_EDGE('',*,*,#6156,.F.);
#6844 = ORIENTED_EDGE('',*,*,#6845,.T.);
#6845 = EDGE_CURVE('',#6157,#6449,#6846,.T.);
#6846 = SURFACE_CURVE('',#6847,(#6851,#6857),.PCURVE_S1.);
#6847 = LINE('',#6848,#6849);
#6848 = CARTESIAN_POINT('',(-32.,0.,288.23511731276));
#6849 = VECTOR('',#6850,1.);
#6850 = DIRECTION('',(-0.,1.,-0.));
#6851 = PCURVE('',#6122,#6852);
#6852 = DEFINITIONAL_REPRESENTATION('',(#6853),#6856);
#6853 = B_SPLINE_CURVE_WITH_KNOTS('',1,(#6854,#6855),.UNSPECIFIED.,.F.,
  .F.,(2,2),(-6.,6.),.PIECEWISE_BEZIER_KNOTS.);
#6854 = CARTESIAN_POINT('',(-0.382298254231,-6.));
#6855 = CARTESIAN_POINT('',(-0.382298254231,6.));
#6856 = ( GEOMETRIC_REPRESENTATION_CONTEXT(2) 
PARAMETRIC_REPRESENTATION_CONTEXT() REPRESENTATION_CONTEXT('2D SPACE',''
  ) );
#6857 = PCURVE('',#6210,#6858);
#6858 = DEFINITIONAL_REPRESENTATION('',(#6859),#6862);
#6859 = B_SPLINE_CURVE_WITH_KNOTS('',1,(#6860,#6861),.UNSPECIFIED.,.F.,
  .F.,(2,2),(-6.,6.),.PIECEWISE_BEZIER_KNOTS.);
#6860 = CARTESIAN_POINT('',(-1.,-2.064882687235));
#6861 = CARTESIAN_POINT('',(11.,-2.064882687235));
#6862 = ( GEOMETRIC_REPRESENTATION_CONTEXT(2) 
PARAMETRIC_REPRESENTATION_CONTEXT() REPRESENTATION_CONTEXT('2D SPACE',''
  ) );
#6863 = ORIENTED_EDGE('',*,*,#6471,.F.);
#6864 = ORIENTED_EDGE('',*,*,#6301,.F.);
#6865 = ORIENTED_EDGE('',*,*,#6654,.F.);
#6866 = ORIENTED_EDGE('',*,*,#6867,.F.);
#6867 = EDGE_CURVE('',#6538,#6655,#6868,.T.);
#6868 = SURFACE_CURVE('',#6869,(#6873,#6879),.PCURVE_S1.);
#6869 = LINE('',#6870,#6871);
#6870 = CARTESIAN_POINT('',(62.,0.,288.23511731276));
#6871 = VECTOR('',#6872,1.);
#6872 = DIRECTION('',(-0.,1.,-0.));
#6873 = PCURVE('',#6122,#6874);
#6874 = DEFINITIONAL_REPRESENTATION('',(#6875),#6878);
#6875 = B_SPLINE_CURVE_WITH_KNOTS('',1,(#6876,#6877),.UNSPECIFIED.,.F.,
  .F.,(2,2),(-6.,6.),.PIECEWISE_BEZIER_KNOTS.);
#6876 = CARTESIAN_POINT('',(-3.720950069006E-02,-6.));
#6877 = CARTESIAN_POINT('',(-3.720950069006E-02,6.));
#6878 = ( GEOMETRIC_REPRESENTATION_CONTEXT(2) 
PARAMETRIC_REPRESENTATION_CONTEXT() REPRESENTATION_CONTEXT('2D SPACE',''
  ) );
#6879 = PCURVE('',#6553,#6880);
#6880 = DEFINITIONAL_REPRESENTATION('',(#6881),#6884);
#6881 = B_SPLINE_CURVE_WITH_KNOTS('',1,(#6882,#6883),.UNSPECIFIED.,.F.,
  .F.,(2,2),(-6.,6.),.PIECEWISE_BEZIER_KNOTS.);
#6882 = CARTESIAN_POINT('',(-1.,-2.064882687235));
#6883 = CARTESIAN_POINT('',(11.,-2.064882687235));
#6884 = ( GEOMETRIC_REPRESENTATION_CONTEXT(2) 
PARAMETRIC_REPRESENTATION_CONTEXT() REPRESENTATION_CONTEXT('2D SPACE',''
  ) );
#6885 = ADVANCED_FACE('',(#6886),#6239,.T.);
#6886 = FACE_BOUND('',#6887,.T.);
#6887 = EDGE_LOOP('',(#6888,#6909,#6910,#6911,#6912,#6933,#6934,#6935));
#6888 = ORIENTED_EDGE('',*,*,#6889,.F.);
#6889 = EDGE_CURVE('',#6195,#6425,#6890,.T.);
#6890 = SURFACE_CURVE('',#6891,(#6895,#6902),.PCURVE_S1.);
#6891 = LINE('',#6892,#6893);
#6892 = CARTESIAN_POINT('',(-32.,0.,256.3));
#6893 = VECTOR('',#6894,1.);
#6894 = DIRECTION('',(0.,1.,0.));
#6895 = PCURVE('',#6239,#6896);
#6896 = DEFINITIONAL_REPRESENTATION('',(#6897),#6901);
#6897 = LINE('',#6898,#6899);
#6898 = CARTESIAN_POINT('',(-47.,0.));
#6899 = VECTOR('',#6900,1.);
#6900 = DIRECTION('',(0.,1.));
#6901 = ( GEOMETRIC_REPRESENTATION_CONTEXT(2) 
PARAMETRIC_REPRESENTATION_CONTEXT() REPRESENTATION_CONTEXT('2D SPACE',''
  ) );
#6902 = PCURVE('',#6210,#6903);
#6903 = DEFINITIONAL_REPRESENTATION('',(#6904),#6908);
#6904 = LINE('',#6905,#6906);
#6905 = CARTESIAN_POINT('',(5.,-34.));
#6906 = VECTOR('',#6907,1.);
#6907 = DIRECTION('',(1.,0.));
#6908 = ( GEOMETRIC_REPRESENTATION_CONTEXT(2) 
PARAMETRIC_REPRESENTATION_CONTEXT() REPRESENTATION_CONTEXT('2D SPACE',''
  ) );
#6909 = ORIENTED_EDGE('',*,*,#6222,.T.);
#6910 = ORIENTED_EDGE('',*,*,#6352,.T.);
#6911 = ORIENTED_EDGE('',*,*,#6513,.T.);
#6912 = ORIENTED_EDGE('',*,*,#6913,.T.);
#6913 = EDGE_CURVE('',#6514,#6693,#6914,.T.);
#6914 = SURFACE_CURVE('',#6915,(#6919,#6926),.PCURVE_S1.);
#6915 = LINE('',#6916,#6917);
#6916 = CARTESIAN_POINT('',(62.,0.,256.3));
#6917 = VECTOR('',#6918,1.);
#6918 = DIRECTION('',(0.,1.,0.));
#6919 = PCURVE('',#6239,#6920);
#6920 = DEFINITIONAL_REPRESENTATION('',(#6921),#6925);
#6921 = LINE('',#6922,#6923);
#6922 = CARTESIAN_POINT('',(47.,0.));
#6923 = VECTOR('',#6924,1.);
#6924 = DIRECTION('',(0.,1.));
#6925 = ( GEOMETRIC_REPRESENTATION_CONTEXT(2) 
PARAMETRIC_REPRESENTATION_CONTEXT() REPRESENTATION_CONTEXT('2D SPACE',''
  ) );
#6926 = PCURVE('',#6553,#6927);
#6927 = DEFINITIONAL_REPRESENTATION('',(#6928),#6932);
#6928 = LINE('',#6929,#6930);
#6929 = CARTESIAN_POINT('',(5.,-34.));
#6930 = VECTOR('',#6931,1.);
#6931 = DIRECTION('',(1.,0.));
#6932 = ( GEOMETRIC_REPRESENTATION_CONTEXT(2) 
PARAMETRIC_REPRESENTATION_CONTEXT() REPRESENTATION_CONTEXT('2D SPACE',''
  ) );
#6933 = ORIENTED_EDGE('',*,*,#6715,.T.);
#6934 = ORIENTED_EDGE('',*,*,#6606,.F.);
#6935 = ORIENTED_EDGE('',*,*,#6424,.T.);
#6936 = ADVANCED_FACE('',(#6937),#6210,.T.);
#6937 = FACE_BOUND('',#6938,.T.);
#6938 = EDGE_LOOP('',(#6939,#6940,#6941,#6942));
#6939 = ORIENTED_EDGE('',*,*,#6845,.F.);
#6940 = ORIENTED_EDGE('',*,*,#6194,.T.);
#6941 = ORIENTED_EDGE('',*,*,#6889,.T.);
#6942 = ORIENTED_EDGE('',*,*,#6448,.F.);
#6943 = ADVANCED_FACE('',(#6944),#6553,.F.);
#6944 = FACE_BOUND('',#6945,.F.);
#6945 = EDGE_LOOP('',(#6946,#6947,#6948,#6949));
#6946 = ORIENTED_EDGE('',*,*,#6867,.F.);
#6947 = ORIENTED_EDGE('',*,*,#6537,.T.);
#6948 = ORIENTED_EDGE('',*,*,#6913,.T.);
#6949 = ORIENTED_EDGE('',*,*,#6692,.F.);
#6950 = ADVANCED_FACE('',(#6951),#6827,.F.);
#6951 = FACE_BOUND('',#6952,.F.);
#6952 = EDGE_LOOP('',(#6953,#6954,#6977,#7004));
#6953 = ORIENTED_EDGE('',*,*,#6810,.F.);
#6954 = ORIENTED_EDGE('',*,*,#6955,.T.);
#6955 = EDGE_CURVE('',#6811,#6956,#6958,.T.);
#6956 = VERTEX_POINT('',#6957);
#6957 = CARTESIAN_POINT('',(-51.6,0.,209.));
#6958 = SEAM_CURVE('',#6959,(#6963,#6970),.PCURVE_S1.);
#6959 = LINE('',#6960,#6961);
#6960 = CARTESIAN_POINT('',(-51.6,0.,303.7));
#6961 = VECTOR('',#6962,1.);
#6962 = DIRECTION('',(-0.,-0.,-1.));
#6963 = PCURVE('',#6827,#6964);
#6964 = DEFINITIONAL_REPRESENTATION('',(#6965),#6969);
#6965 = LINE('',#6966,#6967);
#6966 = CARTESIAN_POINT('',(6.28318530718,0.));
#6967 = VECTOR('',#6968,1.);
#6968 = DIRECTION('',(0.,-1.));
#6969 = ( GEOMETRIC_REPRESENTATION_CONTEXT(2) 
PARAMETRIC_REPRESENTATION_CONTEXT() REPRESENTATION_CONTEXT('2D SPACE',''
  ) );
#6970 = PCURVE('',#6827,#6971);
#6971 = DEFINITIONAL_REPRESENTATION('',(#6972),#6976);
#6972 = LINE('',#6973,#6974);
#6973 = CARTESIAN_POINT('',(0.,0.));
#6974 = VECTOR('',#6975,1.);
#6975 = DIRECTION('',(0.,-1.));
#6976 = ( GEOMETRIC_REPRESENTATION_CONTEXT(2) 
PARAMETRIC_REPRESENTATION_CONTEXT() REPRESENTATION_CONTEXT('2D SPACE',''
  ) );
#6977 = ORIENTED_EDGE('',*,*,#6978,.T.);
#6978 = EDGE_CURVE('',#6956,#6956,#6979,.T.);
#6979 = SURFACE_CURVE('',#6980,(#6985,#6992),.PCURVE_S1.);
#6980 = CIRCLE('',#6981,20.4);
#6981 = AXIS2_PLACEMENT_3D('',#6982,#6983,#6984);
#6982 = CARTESIAN_POINT('',(-72.,0.,209.));
#6983 = DIRECTION('',(0.,0.,1.));
#6984 = DIRECTION('',(1.,0.,0.));
#6985 = PCURVE('',#6827,#6986);
#6986 = DEFINITIONAL_REPRESENTATION('',(#6987),#6991);
#6987 = LINE('',#6988,#6989);
#6988 = CARTESIAN_POINT('',(0.,-94.7));
#6989 = VECTOR('',#6990,1.);
#6990 = DIRECTION('',(1.,0.));
#6991 = ( GEOMETRIC_REPRESENTATION_CONTEXT(2) 
PARAMETRIC_REPRESENTATION_CONTEXT() REPRESENTATION_CONTEXT('2D SPACE',''
  ) );
#6992 = PCURVE('',#6993,#6998);
#6993 = PLANE('',#6994);
#6994 = AXIS2_PLACEMENT_3D('',#6995,#6996,#6997);
#6995 = CARTESIAN_POINT('',(-72.,2.38474637079E-15,209.));
#6996 = DIRECTION('',(0.,0.,1.));
#6997 = DIRECTION('',(1.,0.,-0.));
#6998 = DEFINITIONAL_REPRESENTATION('',(#6999),#7003);
#6999 = CIRCLE('',#7000,20.4);
#7000 = AXIS2_PLACEMENT_2D('',#7001,#7002);
#7001 = CARTESIAN_POINT('',(0.,-2.38474637079E-15));
#7002 = DIRECTION('',(1.,0.));
#7003 = ( GEOMETRIC_REPRESENTATION_CONTEXT(2) 
PARAMETRIC_REPRESENTATION_CONTEXT() REPRESENTATION_CONTEXT('2D SPACE',''
  ) );
#7004 = ORIENTED_EDGE('',*,*,#6955,.F.);
#7005 = ADVANCED_FACE('',(#7006),#6993,.T.);
#7006 = FACE_BOUND('',#7007,.T.);
#7007 = EDGE_LOOP('',(#7008));
#7008 = ORIENTED_EDGE('',*,*,#6978,.T.);
#7009 = ( GEOMETRIC_REPRESENTATION_CONTEXT(3) 
GLOBAL_UNCERTAINTY_ASSIGNED_CONTEXT((#7013)) 
GLOBAL_UNIT_ASSIGNED_CONTEXT((#7010,#7011,#7012)) REPRESENTATION_CONTEXT
('Context #1','3D Context with UNIT and UNCERTAINTY') );
#7010 = ( LENGTH_UNIT() NAMED_UNIT(*) SI_UNIT(.MILLI.,.METRE.) );
#7011 = ( NAMED_UNIT(*) PLANE_ANGLE_UNIT() SI_UNIT($,.RADIAN.) );
#7012 = ( NAMED_UNIT(*) SI_UNIT($,.STERADIAN.) SOLID_ANGLE_UNIT() );
#7013 = UNCERTAINTY_MEASURE_WITH_UNIT(LENGTH_MEASURE(1.E-06),#7010,
  'distance_accuracy_value','confusion accuracy');
#7014 = PRODUCT_RELATED_PRODUCT_CATEGORY('part',$,(#7));
ENDSEC;
END-ISO-10303-21;
