ISO-10303-21;
HEADER;
FILE_DESCRIPTION(('Open CASCADE Model'),'2;1');
FILE_NAME('Open CASCADE Shape Model','2026-07-21T20:35:10',('Author'),(
    'Open CASCADE'),'Open CASCADE STEP processor 7.9','Open CASCADE 7.9'
  ,'Unknown');
FILE_SCHEMA(('AUTOMOTIVE_DESIGN { 1 0 10303 214 1 1 1 1 }'));
ENDSEC;
DATA;
#1 = APPLICATION_PROTOCOL_DEFINITION('international standard',
  'automotive_design',2000,#2);
#2 = APPLICATION_CONTEXT(
  'core data for automotive mechanical design processes');
#3 = SHAPE_DEFINITION_REPRESENTATION(#4,#10);
#4 = PRODUCT_DEFINITION_SHAPE('','',#5);
#5 = PRODUCT_DEFINITION('design','',#6,#9);
#6 = PRODUCT_DEFINITION_FORMATION('','',#7);
#7 = PRODUCT('Open CASCADE STEP translator 7.9 2',
  'Open CASCADE STEP translator 7.9 2','',(#8));
#8 = PRODUCT_CONTEXT('',#2,'mechanical');
#9 = PRODUCT_DEFINITION_CONTEXT('part definition',#2,'design');
#10 = ADVANCED_BREP_SHAPE_REPRESENTATION('',(#11,#15),#13094);
#11 = AXIS2_PLACEMENT_3D('',#12,#13,#14);
#12 = CARTESIAN_POINT('',(0.,0.,0.));
#13 = DIRECTION('',(0.,0.,1.));
#14 = DIRECTION('',(1.,0.,-0.));
#15 = MANIFOLD_SOLID_BREP('',#16);
#16 = CLOSED_SHELL('',(#17,#165,#241,#420,#515,#673,#751,#810,#899,#947,
    #1038,#1119,#1173,#1262,#1368,#1396,#1423,#1497,#1568,#1687,#1748,
    #2202,#2257,#2326,#2401,#2460,#2514,#2584,#2629,#2636,#2711,#2956,
    #3005,#3059,#3108,#3162,#3189,#3243,#3292,#3324,#3395,#3447,#3517,
    #3592,#3660,#3733,#3742,#3792,#3824,#3894,#3946,#3995,#4083,#4151,
    #4200,#5669,#6060,#6109,#6135,#6263,#6369,#6418,#6467,#6516,#6565,
    #6614,#6663,#6712,#6761,#6810,#6859,#6908,#6957,#7006,#7055,#7104,
    #7153,#7202,#7251,#7300,#7349,#7398,#7447,#7496,#7545,#7594,#7643,
    #7692,#7741,#7790,#7868,#7894,#7939,#7946,#8000,#8047,#8204,#8210,
    #8289,#8410,#8484,#8533,#8644,#8738,#8787,#8876,#8902,#8929,#8935,
    #9114,#9163,#9213,#9262,#9312,#9339,#9501,#10251,#10278,#10305,
    #10352,#10403,#10410,#10417,#10426,#10453,#10480,#10507,#10514,
    #11793,#12779,#12806,#12832,#12911,#12938,#12945,#13000,#13035,
    #13090));
#17 = ADVANCED_FACE('',(#18),#32,.T.);
#18 = FACE_BOUND('',#19,.T.);
#19 = EDGE_LOOP('',(#20,#54,#97,#124));
#20 = ORIENTED_EDGE('',*,*,#21,.T.);
#21 = EDGE_CURVE('',#22,#24,#26,.T.);
#22 = VERTEX_POINT('',#23);
#23 = CARTESIAN_POINT('',(-63.,-62.,0.));
#24 = VERTEX_POINT('',#25);
#25 = CARTESIAN_POINT('',(63.,-62.,0.));
#26 = SURFACE_CURVE('',#27,(#31,#42),.PCURVE_S1.);
#27 = LINE('',#28,#29);
#28 = CARTESIAN_POINT('',(-63.,-62.,0.));
#29 = VECTOR('',#30,1.);
#30 = DIRECTION('',(1.,0.,0.));
#31 = PCURVE('',#32,#37);
#32 = B_SPLINE_SURFACE_WITH_KNOTS('',1,1,(
    (#33,#34)
    ,(#35,#36)),.UNSPECIFIED.,.F.,.F.,.F.,(2,2),(2,2),(0.,130.),(0.,1.),
  .PIECEWISE_BEZIER_KNOTS.);
#33 = CARTESIAN_POINT('',(-63.,-62.,0.));
#34 = CARTESIAN_POINT('',(-65.,-72.,10.));
#35 = CARTESIAN_POINT('',(63.,-62.,0.));
#36 = CARTESIAN_POINT('',(65.,-72.,10.));
#37 = DEFINITIONAL_REPRESENTATION('',(#38),#41);
#38 = B_SPLINE_CURVE_WITH_KNOTS('',1,(#39,#40),.UNSPECIFIED.,.F.,.F.,(2,
    2),(0.,126.),.PIECEWISE_BEZIER_KNOTS.);
#39 = CARTESIAN_POINT('',(0.,0.));
#40 = CARTESIAN_POINT('',(130.,0.));
#41 = ( GEOMETRIC_REPRESENTATION_CONTEXT(2) 
PARAMETRIC_REPRESENTATION_CONTEXT() REPRESENTATION_CONTEXT('2D SPACE',''
  ) );
#42 = PCURVE('',#43,#48);
#43 = PLANE('',#44);
#44 = AXIS2_PLACEMENT_3D('',#45,#46,#47);
#45 = CARTESIAN_POINT('',(-62.99999990277,-37.99999990277,0.));
#46 = DIRECTION('',(0.,0.,1.));
#47 = DIRECTION('',(-1.,-4.051126232864E-09,0.));
#48 = DEFINITIONAL_REPRESENTATION('',(#49),#53);
#49 = LINE('',#50,#51);
#50 = CARTESIAN_POINT('',(1.944540599652E-07,24.000000097227));
#51 = VECTOR('',#52,1.);
#52 = DIRECTION('',(-1.,4.051126232864E-09));
#53 = ( GEOMETRIC_REPRESENTATION_CONTEXT(2) 
PARAMETRIC_REPRESENTATION_CONTEXT() REPRESENTATION_CONTEXT('2D SPACE',''
  ) );
#54 = ORIENTED_EDGE('',*,*,#55,.T.);
#55 = EDGE_CURVE('',#24,#56,#58,.T.);
#56 = VERTEX_POINT('',#57);
#57 = CARTESIAN_POINT('',(65.,-72.,10.));
#58 = SURFACE_CURVE('',#59,(#62,#69),.PCURVE_S1.);
#59 = B_SPLINE_CURVE_WITH_KNOTS('',1,(#60,#61),.UNSPECIFIED.,.F.,.F.,(2,
    2),(0.,1.),.PIECEWISE_BEZIER_KNOTS.);
#60 = CARTESIAN_POINT('',(63.,-62.,0.));
#61 = CARTESIAN_POINT('',(65.,-72.,10.));
#62 = PCURVE('',#32,#63);
#63 = DEFINITIONAL_REPRESENTATION('',(#64),#68);
#64 = LINE('',#65,#66);
#65 = CARTESIAN_POINT('',(130.,0.));
#66 = VECTOR('',#67,1.);
#67 = DIRECTION('',(0.,1.));
#68 = ( GEOMETRIC_REPRESENTATION_CONTEXT(2) 
PARAMETRIC_REPRESENTATION_CONTEXT() REPRESENTATION_CONTEXT('2D SPACE',''
  ) );
#69 = PCURVE('',#70,#91);
#70 = B_SPLINE_SURFACE_WITH_KNOTS('',9,1,(
    (#71,#72)
    ,(#73,#74)
    ,(#75,#76)
    ,(#77,#78)
    ,(#79,#80)
    ,(#81,#82)
    ,(#83,#84)
    ,(#85,#86)
    ,(#87,#88)
    ,(#89,#90
    )),.UNSPECIFIED.,.F.,.F.,.F.,(10,10),(2,2),(0.,1.570796318693),(0.,
    1.),.PIECEWISE_BEZIER_KNOTS.);
#71 = CARTESIAN_POINT('',(63.,-62.,0.));
#72 = CARTESIAN_POINT('',(65.,-72.,10.));
#73 = CARTESIAN_POINT('',(67.18879020015,-61.99999998303,0.));
#74 = CARTESIAN_POINT('',(70.585053600196,-71.99999997737,10.));
#75 = CARTESIAN_POINT('',(71.37758155067,-61.1775319106,0.));
#76 = CARTESIAN_POINT('',(76.170107276004,-70.90337733905,
    10.000000000001));
#77 = CARTESIAN_POINT('',(75.381804875597,-59.53260270755,0.));
#78 = CARTESIAN_POINT('',(81.509078792057,-68.71013131876,9.999999999997
    ));
#79 = CARTESIAN_POINT('',(79.01692454673,-57.11350941158,0.));
#80 = CARTESIAN_POINT('',(86.35588939635,-65.48468921479,10.000000000003
    ));
#81 = CARTESIAN_POINT('',(82.11350941159,-54.01692454672,0.));
#82 = CARTESIAN_POINT('',(90.484689214744,-61.35588939629,9.999999999997
    ));
#83 = CARTESIAN_POINT('',(84.53260270755,-50.38180487559,0.));
#84 = CARTESIAN_POINT('',(93.710131318804,-56.50907879209,
    10.000000000002));
#85 = CARTESIAN_POINT('',(86.177531910606,-46.37758155067,0.));
#86 = CARTESIAN_POINT('',(95.903377339031,-51.17010727598,9.999999999999
    ));
#87 = CARTESIAN_POINT('',(86.999999983031,-42.18879020015,0.));
#88 = CARTESIAN_POINT('',(96.999999977377,-45.5850536002,10.));
#89 = CARTESIAN_POINT('',(87.,-38.,0.));
#90 = CARTESIAN_POINT('',(97.,-40.,10.));
#91 = DEFINITIONAL_REPRESENTATION('',(#92),#96);
#92 = LINE('',#93,#94);
#93 = CARTESIAN_POINT('',(0.,0.));
#94 = VECTOR('',#95,1.);
#95 = DIRECTION('',(0.,1.));
#96 = ( GEOMETRIC_REPRESENTATION_CONTEXT(2) 
PARAMETRIC_REPRESENTATION_CONTEXT() REPRESENTATION_CONTEXT('2D SPACE',''
  ) );
#97 = ORIENTED_EDGE('',*,*,#98,.F.);
#98 = EDGE_CURVE('',#99,#56,#101,.T.);
#99 = VERTEX_POINT('',#100);
#100 = CARTESIAN_POINT('',(-65.,-72.,10.));
#101 = SURFACE_CURVE('',#102,(#106,#113),.PCURVE_S1.);
#102 = LINE('',#103,#104);
#103 = CARTESIAN_POINT('',(-65.,-72.,10.));
#104 = VECTOR('',#105,1.);
#105 = DIRECTION('',(1.,0.,0.));
#106 = PCURVE('',#32,#107);
#107 = DEFINITIONAL_REPRESENTATION('',(#108),#112);
#108 = LINE('',#109,#110);
#109 = CARTESIAN_POINT('',(0.,1.));
#110 = VECTOR('',#111,1.);
#111 = DIRECTION('',(1.,0.));
#112 = ( GEOMETRIC_REPRESENTATION_CONTEXT(2) 
PARAMETRIC_REPRESENTATION_CONTEXT() REPRESENTATION_CONTEXT('2D SPACE',''
  ) );
#113 = PCURVE('',#114,#119);
#114 = B_SPLINE_SURFACE_WITH_KNOTS('',1,1,(
    (#115,#116)
    ,(#117,#118
    )),.UNSPECIFIED.,.F.,.F.,.F.,(2,2),(2,2),(0.,134.8),(0.,1.),
  .PIECEWISE_BEZIER_KNOTS.);
#115 = CARTESIAN_POINT('',(-65.,-72.,10.));
#116 = CARTESIAN_POINT('',(-67.4,-75.65,22.));
#117 = CARTESIAN_POINT('',(65.,-72.,10.));
#118 = CARTESIAN_POINT('',(67.4,-75.65,22.));
#119 = DEFINITIONAL_REPRESENTATION('',(#120),#123);
#120 = B_SPLINE_CURVE_WITH_KNOTS('',1,(#121,#122),.UNSPECIFIED.,.F.,.F.,
  (2,2),(0.,130.),.PIECEWISE_BEZIER_KNOTS.);
#121 = CARTESIAN_POINT('',(0.,0.));
#122 = CARTESIAN_POINT('',(134.8,0.));
#123 = ( GEOMETRIC_REPRESENTATION_CONTEXT(2) 
PARAMETRIC_REPRESENTATION_CONTEXT() REPRESENTATION_CONTEXT('2D SPACE',''
  ) );
#124 = ORIENTED_EDGE('',*,*,#125,.F.);
#125 = EDGE_CURVE('',#22,#99,#126,.T.);
#126 = SURFACE_CURVE('',#127,(#130,#137),.PCURVE_S1.);
#127 = B_SPLINE_CURVE_WITH_KNOTS('',1,(#128,#129),.UNSPECIFIED.,.F.,.F.,
  (2,2),(0.,1.),.PIECEWISE_BEZIER_KNOTS.);
#128 = CARTESIAN_POINT('',(-63.,-62.,0.));
#129 = CARTESIAN_POINT('',(-65.,-72.,10.));
#130 = PCURVE('',#32,#131);
#131 = DEFINITIONAL_REPRESENTATION('',(#132),#136);
#132 = LINE('',#133,#134);
#133 = CARTESIAN_POINT('',(0.,0.));
#134 = VECTOR('',#135,1.);
#135 = DIRECTION('',(0.,1.));
#136 = ( GEOMETRIC_REPRESENTATION_CONTEXT(2) 
PARAMETRIC_REPRESENTATION_CONTEXT() REPRESENTATION_CONTEXT('2D SPACE',''
  ) );
#137 = PCURVE('',#138,#159);
#138 = B_SPLINE_SURFACE_WITH_KNOTS('',9,1,(
    (#139,#140)
    ,(#141,#142)
    ,(#143,#144)
    ,(#145,#146)
    ,(#147,#148)
    ,(#149,#150)
    ,(#151,#152)
    ,(#153,#154)
    ,(#155,#156)
    ,(#157,#158
    )),.UNSPECIFIED.,.F.,.F.,.F.,(10,10),(2,2),(0.,1.570796318693),(0.,
    1.),.PIECEWISE_BEZIER_KNOTS.);
#139 = CARTESIAN_POINT('',(-87.,-38.,0.));
#140 = CARTESIAN_POINT('',(-97.,-40.,10.));
#141 = CARTESIAN_POINT('',(-86.99999998303,-42.18879020015,0.));
#142 = CARTESIAN_POINT('',(-96.99999997737,-45.58505360019,10.));
#143 = CARTESIAN_POINT('',(-86.1775319106,-46.37758155066,0.));
#144 = CARTESIAN_POINT('',(-95.90337733905,-51.170107276,10.000000000001
    ));
#145 = CARTESIAN_POINT('',(-84.53260270755,-50.38180487559,0.));
#146 = CARTESIAN_POINT('',(-93.71013131875,-56.50907879206,
    9.999999999997));
#147 = CARTESIAN_POINT('',(-82.11350941158,-54.01692454672,0.));
#148 = CARTESIAN_POINT('',(-90.4846892148,-61.35588939633,
    10.000000000003));
#149 = CARTESIAN_POINT('',(-79.01692454672,-57.11350941158,0.));
#150 = CARTESIAN_POINT('',(-86.35588939628,-65.48468921475,
    9.999999999997));
#151 = CARTESIAN_POINT('',(-75.38180487559,-59.53260270755,0.));
#152 = CARTESIAN_POINT('',(-81.50907879209,-68.71013131879,
    10.000000000002));
#153 = CARTESIAN_POINT('',(-71.37758155067,-61.1775319106,0.));
#154 = CARTESIAN_POINT('',(-76.17010727598,-70.90337733903,
    9.999999999999));
#155 = CARTESIAN_POINT('',(-67.18879020015,-61.99999998303,0.));
#156 = CARTESIAN_POINT('',(-70.5850536002,-71.99999997737,10.));
#157 = CARTESIAN_POINT('',(-63.,-62.,0.));
#158 = CARTESIAN_POINT('',(-65.,-72.,10.));
#159 = DEFINITIONAL_REPRESENTATION('',(#160),#164);
#160 = LINE('',#161,#162);
#161 = CARTESIAN_POINT('',(1.570796318693,0.));
#162 = VECTOR('',#163,1.);
#163 = DIRECTION('',(0.,1.));
#164 = ( GEOMETRIC_REPRESENTATION_CONTEXT(2) 
PARAMETRIC_REPRESENTATION_CONTEXT() REPRESENTATION_CONTEXT('2D SPACE',''
  ) );
#165 = ADVANCED_FACE('',(#166),#43,.F.);
#166 = FACE_BOUND('',#167,.F.);
#167 = EDGE_LOOP('',(#168,#192,#193,#217));
#168 = ORIENTED_EDGE('',*,*,#169,.T.);
#169 = EDGE_CURVE('',#170,#22,#172,.T.);
#170 = VERTEX_POINT('',#171);
#171 = CARTESIAN_POINT('',(-79.94107428904,-55.,0.));
#172 = SURFACE_CURVE('',#173,(#178,#185),.PCURVE_S1.);
#173 = CIRCLE('',#174,24.000000097227);
#174 = AXIS2_PLACEMENT_3D('',#175,#176,#177);
#175 = CARTESIAN_POINT('',(-62.99999990277,-37.99999990277,0.));
#176 = DIRECTION('',(0.,0.,1.));
#177 = DIRECTION('',(-1.,-4.051126232864E-09,0.));
#178 = PCURVE('',#43,#179);
#179 = DEFINITIONAL_REPRESENTATION('',(#180),#184);
#180 = CIRCLE('',#181,24.000000097227);
#181 = AXIS2_PLACEMENT_2D('',#182,#183);
#182 = CARTESIAN_POINT('',(0.,0.));
#183 = DIRECTION('',(1.,0.));
#184 = ( GEOMETRIC_REPRESENTATION_CONTEXT(2) 
PARAMETRIC_REPRESENTATION_CONTEXT() REPRESENTATION_CONTEXT('2D SPACE',''
  ) );
#185 = PCURVE('',#138,#186);
#186 = DEFINITIONAL_REPRESENTATION('',(#187),#191);
#187 = LINE('',#188,#189);
#188 = CARTESIAN_POINT('',(0.,0.));
#189 = VECTOR('',#190,1.);
#190 = DIRECTION('',(1.,0.));
#191 = ( GEOMETRIC_REPRESENTATION_CONTEXT(2) 
PARAMETRIC_REPRESENTATION_CONTEXT() REPRESENTATION_CONTEXT('2D SPACE',''
  ) );
#192 = ORIENTED_EDGE('',*,*,#21,.T.);
#193 = ORIENTED_EDGE('',*,*,#194,.T.);
#194 = EDGE_CURVE('',#24,#195,#197,.T.);
#195 = VERTEX_POINT('',#196);
#196 = CARTESIAN_POINT('',(79.941074289044,-55.,0.));
#197 = SURFACE_CURVE('',#198,(#203,#210),.PCURVE_S1.);
#198 = CIRCLE('',#199,24.000000097227);
#199 = AXIS2_PLACEMENT_3D('',#200,#201,#202);
#200 = CARTESIAN_POINT('',(62.999999902773,-37.99999990277,0.));
#201 = DIRECTION('',(0.,0.,1.));
#202 = DIRECTION('',(4.051126232864E-09,-1.,0.));
#203 = PCURVE('',#43,#204);
#204 = DEFINITIONAL_REPRESENTATION('',(#205),#209);
#205 = CIRCLE('',#206,24.000000097227);
#206 = AXIS2_PLACEMENT_2D('',#207,#208);
#207 = CARTESIAN_POINT('',(-125.9999998055,5.104419045531E-07));
#208 = DIRECTION('',(0.,1.));
#209 = ( GEOMETRIC_REPRESENTATION_CONTEXT(2) 
PARAMETRIC_REPRESENTATION_CONTEXT() REPRESENTATION_CONTEXT('2D SPACE',''
  ) );
#210 = PCURVE('',#70,#211);
#211 = DEFINITIONAL_REPRESENTATION('',(#212),#216);
#212 = LINE('',#213,#214);
#213 = CARTESIAN_POINT('',(0.,0.));
#214 = VECTOR('',#215,1.);
#215 = DIRECTION('',(1.,0.));
#216 = ( GEOMETRIC_REPRESENTATION_CONTEXT(2) 
PARAMETRIC_REPRESENTATION_CONTEXT() REPRESENTATION_CONTEXT('2D SPACE',''
  ) );
#217 = ORIENTED_EDGE('',*,*,#218,.T.);
#218 = EDGE_CURVE('',#195,#170,#219,.T.);
#219 = SURFACE_CURVE('',#220,(#224,#230),.PCURVE_S1.);
#220 = LINE('',#221,#222);
#221 = CARTESIAN_POINT('',(-31.49999995138,-55.,0.));
#222 = VECTOR('',#223,1.);
#223 = DIRECTION('',(-1.,-0.,0.));
#224 = PCURVE('',#43,#225);
#225 = DEFINITIONAL_REPRESENTATION('',(#226),#229);
#226 = B_SPLINE_CURVE_WITH_KNOTS('',1,(#227,#228),.UNSPECIFIED.,.F.,.F.,
  (2,2),(-111.4999999513,48.500000048614),.PIECEWISE_BEZIER_KNOTS.);
#227 = CARTESIAN_POINT('',(-142.9999998339,17.000000676538));
#228 = CARTESIAN_POINT('',(17.000000166096,17.000000028358));
#229 = ( GEOMETRIC_REPRESENTATION_CONTEXT(2) 
PARAMETRIC_REPRESENTATION_CONTEXT() REPRESENTATION_CONTEXT('2D SPACE',''
  ) );
#230 = PCURVE('',#231,#236);
#231 = PLANE('',#232);
#232 = AXIS2_PLACEMENT_3D('',#233,#234,#235);
#233 = CARTESIAN_POINT('',(0.,-55.,0.5));
#234 = DIRECTION('',(-0.,1.,0.));
#235 = DIRECTION('',(0.,0.,-1.));
#236 = DEFINITIONAL_REPRESENTATION('',(#237),#240);
#237 = B_SPLINE_CURVE_WITH_KNOTS('',1,(#238,#239),.UNSPECIFIED.,.F.,.F.,
  (2,2),(-111.4999999513,48.500000048614),.PIECEWISE_BEZIER_KNOTS.);
#238 = CARTESIAN_POINT('',(0.5,-80.));
#239 = CARTESIAN_POINT('',(0.5,80.));
#240 = ( GEOMETRIC_REPRESENTATION_CONTEXT(2) 
PARAMETRIC_REPRESENTATION_CONTEXT() REPRESENTATION_CONTEXT('2D SPACE',''
  ) );
#241 = ADVANCED_FACE('',(#242),#70,.T.);
#242 = FACE_BOUND('',#243,.T.);
#243 = EDGE_LOOP('',(#244,#245,#246,#281,#321,#350,#377));
#244 = ORIENTED_EDGE('',*,*,#55,.F.);
#245 = ORIENTED_EDGE('',*,*,#194,.T.);
#246 = ORIENTED_EDGE('',*,*,#247,.T.);
#247 = EDGE_CURVE('',#195,#248,#250,.T.);
#248 = VERTEX_POINT('',#249);
#249 = CARTESIAN_POINT('',(80.,-55.,3.844565973703E-02));
#250 = SURFACE_CURVE('',#251,(#259,#270),.PCURVE_S1.);
#251 = B_SPLINE_CURVE_WITH_KNOTS('',3,(#252,#253,#254,#255,#256,#257,
    #258),.UNSPECIFIED.,.F.,.F.,(4,1,1,1,4),(0.,0.26024940949,
    0.520416149678,0.780500426689,1.),.UNSPECIFIED.);
#252 = CARTESIAN_POINT('',(79.941074286488,-55.,0.));
#253 = CARTESIAN_POINT('',(79.946187412867,-55.,3.333120590373E-03));
#254 = CARTESIAN_POINT('',(79.956411347085,-55.,9.999362997928E-03));
#255 = CARTESIAN_POINT('',(79.971742736249,-55.,2.000031493774E-02));
#256 = CARTESIAN_POINT('',(79.986271706672,-55.,2.948212114197E-02));
#257 = CARTESIAN_POINT('',(79.995689732495,-55.,3.563101329741E-02));
#258 = CARTESIAN_POINT('',(80.,-55.,3.844565973702E-02));
#259 = PCURVE('',#70,#260);
#260 = DEFINITIONAL_REPRESENTATION('',(#261),#269);
#261 = B_SPLINE_CURVE_WITH_KNOTS('',3,(#262,#263,#264,#265,#266,#267,
    #268),.UNSPECIFIED.,.F.,.F.,(4,1,1,1,4),(0.,0.26024940949,
    0.520416149678,0.780500426689,1.),.UNSPECIFIED.);
#262 = CARTESIAN_POINT('',(0.783662042957,0.));
#263 = CARTESIAN_POINT('',(0.783812883008,3.333120590373E-04));
#264 = CARTESIAN_POINT('',(0.784114394141,9.999362997927E-04));
#265 = CARTESIAN_POINT('',(0.784566226456,2.000031493774E-03));
#266 = CARTESIAN_POINT('',(0.784994125399,2.948212114197E-03));
#267 = CARTESIAN_POINT('',(0.785271329405,3.563101329741E-03));
#268 = CARTESIAN_POINT('',(0.785398159346,3.844565973702E-03));
#269 = ( GEOMETRIC_REPRESENTATION_CONTEXT(2) 
PARAMETRIC_REPRESENTATION_CONTEXT() REPRESENTATION_CONTEXT('2D SPACE',''
  ) );
#270 = PCURVE('',#231,#271);
#271 = DEFINITIONAL_REPRESENTATION('',(#272),#280);
#272 = B_SPLINE_CURVE_WITH_KNOTS('',3,(#273,#274,#275,#276,#277,#278,
    #279),.UNSPECIFIED.,.F.,.F.,(4,1,1,1,4),(0.,0.26024940949,
    0.520416149678,0.780500426689,1.),.UNSPECIFIED.);
#273 = CARTESIAN_POINT('',(0.5,-79.94107428648));
#274 = CARTESIAN_POINT('',(0.49666687941,-79.94618741286));
#275 = CARTESIAN_POINT('',(0.490000637002,-79.95641134708));
#276 = CARTESIAN_POINT('',(0.479999685062,-79.97174273624));
#277 = CARTESIAN_POINT('',(0.470517878858,-79.98627170667));
#278 = CARTESIAN_POINT('',(0.464368986703,-79.99568973249));
#279 = CARTESIAN_POINT('',(0.461554340263,-80.));
#280 = ( GEOMETRIC_REPRESENTATION_CONTEXT(2) 
PARAMETRIC_REPRESENTATION_CONTEXT() REPRESENTATION_CONTEXT('2D SPACE',''
  ) );
#281 = ORIENTED_EDGE('',*,*,#282,.F.);
#282 = EDGE_CURVE('',#283,#248,#285,.T.);
#283 = VERTEX_POINT('',#284);
#284 = CARTESIAN_POINT('',(80.,-54.94107428904,0.));
#285 = SURFACE_CURVE('',#286,(#294,#305),.PCURVE_S1.);
#286 = B_SPLINE_CURVE_WITH_KNOTS('',3,(#287,#288,#289,#290,#291,#292,
    #293),.UNSPECIFIED.,.F.,.F.,(4,1,1,1,4),(0.,0.26024940949,
    0.520416149678,0.780500426689,1.),.UNSPECIFIED.);
#287 = CARTESIAN_POINT('',(80.,-54.94107428648,0.));
#288 = CARTESIAN_POINT('',(80.,-54.94618741286,3.33312059037E-03));
#289 = CARTESIAN_POINT('',(80.,-54.95641134708,9.999362997946E-03));
#290 = CARTESIAN_POINT('',(80.,-54.97174273624,2.000031493773E-02));
#291 = CARTESIAN_POINT('',(80.,-54.98627170667,2.948212114197E-02));
#292 = CARTESIAN_POINT('',(80.,-54.99568973249,3.563101329742E-02));
#293 = CARTESIAN_POINT('',(80.,-55.,3.844565973703E-02));
#294 = PCURVE('',#70,#295);
#295 = DEFINITIONAL_REPRESENTATION('',(#296),#304);
#296 = B_SPLINE_CURVE_WITH_KNOTS('',3,(#297,#298,#299,#300,#301,#302,
    #303),.UNSPECIFIED.,.F.,.F.,(4,1,1,1,4),(0.,0.26024940949,
    0.520416149678,0.780500426689,1.),.UNSPECIFIED.);
#297 = CARTESIAN_POINT('',(0.787134275735,0.));
#298 = CARTESIAN_POINT('',(0.786983435685,3.33312059037E-04));
#299 = CARTESIAN_POINT('',(0.786681924551,9.999362997946E-04));
#300 = CARTESIAN_POINT('',(0.786230092236,2.000031493773E-03));
#301 = CARTESIAN_POINT('',(0.785802193293,2.948212114197E-03));
#302 = CARTESIAN_POINT('',(0.785524989288,3.563101329742E-03));
#303 = CARTESIAN_POINT('',(0.785398159346,3.844565973703E-03));
#304 = ( GEOMETRIC_REPRESENTATION_CONTEXT(2) 
PARAMETRIC_REPRESENTATION_CONTEXT() REPRESENTATION_CONTEXT('2D SPACE',''
  ) );
#305 = PCURVE('',#306,#311);
#306 = PLANE('',#307);
#307 = AXIS2_PLACEMENT_3D('',#308,#309,#310);
#308 = CARTESIAN_POINT('',(80.,-7.206173855396E-16,5.228886353835));
#309 = DIRECTION('',(1.,0.,0.));
#310 = DIRECTION('',(-0.,0.,1.));
#311 = DEFINITIONAL_REPRESENTATION('',(#312),#320);
#312 = B_SPLINE_CURVE_WITH_KNOTS('',3,(#313,#314,#315,#316,#317,#318,
    #319),.UNSPECIFIED.,.F.,.F.,(4,1,1,1,4),(0.,0.26024940949,
    0.520416149678,0.780500426689,1.),.UNSPECIFIED.);
#313 = CARTESIAN_POINT('',(-5.228886353835,54.941074286488));
#314 = CARTESIAN_POINT('',(-5.225553233244,54.946187412867));
#315 = CARTESIAN_POINT('',(-5.218886990837,54.956411347085));
#316 = CARTESIAN_POINT('',(-5.208886038897,54.971742736249));
#317 = CARTESIAN_POINT('',(-5.199404232693,54.986271706672));
#318 = CARTESIAN_POINT('',(-5.193255340537,54.995689732495));
#319 = CARTESIAN_POINT('',(-5.190440694098,55.));
#320 = ( GEOMETRIC_REPRESENTATION_CONTEXT(2) 
PARAMETRIC_REPRESENTATION_CONTEXT() REPRESENTATION_CONTEXT('2D SPACE',''
  ) );
#321 = ORIENTED_EDGE('',*,*,#322,.T.);
#322 = EDGE_CURVE('',#283,#323,#325,.T.);
#323 = VERTEX_POINT('',#324);
#324 = CARTESIAN_POINT('',(87.,-38.,0.));
#325 = SURFACE_CURVE('',#326,(#331,#338),.PCURVE_S1.);
#326 = CIRCLE('',#327,24.000000097227);
#327 = AXIS2_PLACEMENT_3D('',#328,#329,#330);
#328 = CARTESIAN_POINT('',(62.999999902773,-37.99999990277,0.));
#329 = DIRECTION('',(0.,0.,1.));
#330 = DIRECTION('',(4.051126232864E-09,-1.,0.));
#331 = PCURVE('',#70,#332);
#332 = DEFINITIONAL_REPRESENTATION('',(#333),#337);
#333 = LINE('',#334,#335);
#334 = CARTESIAN_POINT('',(0.,0.));
#335 = VECTOR('',#336,1.);
#336 = DIRECTION('',(1.,0.));
#337 = ( GEOMETRIC_REPRESENTATION_CONTEXT(2) 
PARAMETRIC_REPRESENTATION_CONTEXT() REPRESENTATION_CONTEXT('2D SPACE',''
  ) );
#338 = PCURVE('',#339,#344);
#339 = PLANE('',#340);
#340 = AXIS2_PLACEMENT_3D('',#341,#342,#343);
#341 = CARTESIAN_POINT('',(-62.99999990277,-37.99999990277,0.));
#342 = DIRECTION('',(0.,0.,1.));
#343 = DIRECTION('',(-1.,-4.051126232864E-09,0.));
#344 = DEFINITIONAL_REPRESENTATION('',(#345),#349);
#345 = CIRCLE('',#346,24.000000097227);
#346 = AXIS2_PLACEMENT_2D('',#347,#348);
#347 = CARTESIAN_POINT('',(-125.9999998055,5.104419045531E-07));
#348 = DIRECTION('',(0.,1.));
#349 = ( GEOMETRIC_REPRESENTATION_CONTEXT(2) 
PARAMETRIC_REPRESENTATION_CONTEXT() REPRESENTATION_CONTEXT('2D SPACE',''
  ) );
#350 = ORIENTED_EDGE('',*,*,#351,.T.);
#351 = EDGE_CURVE('',#323,#352,#354,.T.);
#352 = VERTEX_POINT('',#353);
#353 = CARTESIAN_POINT('',(97.,-40.,10.));
#354 = SURFACE_CURVE('',#355,(#358,#365),.PCURVE_S1.);
#355 = B_SPLINE_CURVE_WITH_KNOTS('',1,(#356,#357),.UNSPECIFIED.,.F.,.F.,
  (2,2),(0.,1.),.PIECEWISE_BEZIER_KNOTS.);
#356 = CARTESIAN_POINT('',(87.,-38.,0.));
#357 = CARTESIAN_POINT('',(97.,-40.,10.));
#358 = PCURVE('',#70,#359);
#359 = DEFINITIONAL_REPRESENTATION('',(#360),#364);
#360 = LINE('',#361,#362);
#361 = CARTESIAN_POINT('',(1.570796318693,0.));
#362 = VECTOR('',#363,1.);
#363 = DIRECTION('',(0.,1.));
#364 = ( GEOMETRIC_REPRESENTATION_CONTEXT(2) 
PARAMETRIC_REPRESENTATION_CONTEXT() REPRESENTATION_CONTEXT('2D SPACE',''
  ) );
#365 = PCURVE('',#366,#371);
#366 = B_SPLINE_SURFACE_WITH_KNOTS('',1,1,(
    (#367,#368)
    ,(#369,#370
  )),.UNSPECIFIED.,.F.,.F.,.F.,(2,2),(2,2),(0.,80.),(0.,1.),
  .PIECEWISE_BEZIER_KNOTS.);
#367 = CARTESIAN_POINT('',(87.,-38.,0.));
#368 = CARTESIAN_POINT('',(97.,-40.,10.));
#369 = CARTESIAN_POINT('',(87.,38.,0.));
#370 = CARTESIAN_POINT('',(97.,40.,10.));
#371 = DEFINITIONAL_REPRESENTATION('',(#372),#376);
#372 = LINE('',#373,#374);
#373 = CARTESIAN_POINT('',(0.,0.));
#374 = VECTOR('',#375,1.);
#375 = DIRECTION('',(0.,1.));
#376 = ( GEOMETRIC_REPRESENTATION_CONTEXT(2) 
PARAMETRIC_REPRESENTATION_CONTEXT() REPRESENTATION_CONTEXT('2D SPACE',''
  ) );
#377 = ORIENTED_EDGE('',*,*,#378,.F.);
#378 = EDGE_CURVE('',#56,#352,#379,.T.);
#379 = SURFACE_CURVE('',#380,(#385,#392),.PCURVE_S1.);
#380 = CIRCLE('',#381,32.000000129636);
#381 = AXIS2_PLACEMENT_3D('',#382,#383,#384);
#382 = CARTESIAN_POINT('',(64.999999870364,-39.99999987036,10.));
#383 = DIRECTION('',(0.,0.,1.));
#384 = DIRECTION('',(4.051126084834E-09,-1.,0.));
#385 = PCURVE('',#70,#386);
#386 = DEFINITIONAL_REPRESENTATION('',(#387),#391);
#387 = LINE('',#388,#389);
#388 = CARTESIAN_POINT('',(0.,1.));
#389 = VECTOR('',#390,1.);
#390 = DIRECTION('',(1.,0.));
#391 = ( GEOMETRIC_REPRESENTATION_CONTEXT(2) 
PARAMETRIC_REPRESENTATION_CONTEXT() REPRESENTATION_CONTEXT('2D SPACE',''
  ) );
#392 = PCURVE('',#393,#414);
#393 = B_SPLINE_SURFACE_WITH_KNOTS('',9,1,(
    (#394,#395)
    ,(#396,#397)
    ,(#398,#399)
    ,(#400,#401)
    ,(#402,#403)
    ,(#404,#405)
    ,(#406,#407)
    ,(#408,#409)
    ,(#410,#411)
    ,(#412,#413
    )),.UNSPECIFIED.,.F.,.F.,.F.,(10,10),(2,2),(0.,1.570796318693),(0.,
    1.),.PIECEWISE_BEZIER_KNOTS.);
#394 = CARTESIAN_POINT('',(65.,-72.,10.));
#395 = CARTESIAN_POINT('',(67.4,-75.65,22.));
#396 = CARTESIAN_POINT('',(70.585053600196,-71.99999997737,10.));
#397 = CARTESIAN_POINT('',(73.334119450212,-75.64999997596,22.));
#398 = CARTESIAN_POINT('',(76.170107276004,-70.90337733905,
    10.000000000001));
#399 = CARTESIAN_POINT('',(79.268238980743,-74.48483842273,22.));
#400 = CARTESIAN_POINT('',(81.509078792057,-68.71013131876,
    9.999999999997));
#401 = CARTESIAN_POINT('',(84.940896216583,-72.1545145262,22.));
#402 = CARTESIAN_POINT('',(86.35588939635,-65.48468921479,
    10.000000000003));
#403 = CARTESIAN_POINT('',(90.090632483593,-68.7274822907,22.));
#404 = CARTESIAN_POINT('',(90.484689214744,-61.35588939629,
    9.999999999997));
#405 = CARTESIAN_POINT('',(94.477482290691,-64.34063248358,22.));
#406 = CARTESIAN_POINT('',(93.710131318804,-56.50907879209,
    10.000000000002));
#407 = CARTESIAN_POINT('',(97.904514526213,-59.19089621659,22.));
#408 = CARTESIAN_POINT('',(95.903377339031,-51.17010727598,
    9.999999999999));
#409 = CARTESIAN_POINT('',(100.23483842272,-53.51823898073,22.));
#410 = CARTESIAN_POINT('',(96.999999977377,-45.5850536002,10.));
#411 = CARTESIAN_POINT('',(101.39999997596,-47.58411945021,22.));
#412 = CARTESIAN_POINT('',(97.,-40.,10.));
#413 = CARTESIAN_POINT('',(101.4,-41.65,22.));
#414 = DEFINITIONAL_REPRESENTATION('',(#415),#419);
#415 = LINE('',#416,#417);
#416 = CARTESIAN_POINT('',(0.,0.));
#417 = VECTOR('',#418,1.);
#418 = DIRECTION('',(1.,0.));
#419 = ( GEOMETRIC_REPRESENTATION_CONTEXT(2) 
PARAMETRIC_REPRESENTATION_CONTEXT() REPRESENTATION_CONTEXT('2D SPACE',''
  ) );
#420 = ADVANCED_FACE('',(#421),#114,.T.);
#421 = FACE_BOUND('',#422,.T.);
#422 = EDGE_LOOP('',(#423,#424,#446,#474));
#423 = ORIENTED_EDGE('',*,*,#98,.T.);
#424 = ORIENTED_EDGE('',*,*,#425,.T.);
#425 = EDGE_CURVE('',#56,#426,#428,.T.);
#426 = VERTEX_POINT('',#427);
#427 = CARTESIAN_POINT('',(67.4,-75.65,22.));
#428 = SURFACE_CURVE('',#429,(#432,#439),.PCURVE_S1.);
#429 = B_SPLINE_CURVE_WITH_KNOTS('',1,(#430,#431),.UNSPECIFIED.,.F.,.F.,
  (2,2),(0.,1.),.PIECEWISE_BEZIER_KNOTS.);
#430 = CARTESIAN_POINT('',(65.,-72.,10.));
#431 = CARTESIAN_POINT('',(67.4,-75.65,22.));
#432 = PCURVE('',#114,#433);
#433 = DEFINITIONAL_REPRESENTATION('',(#434),#438);
#434 = LINE('',#435,#436);
#435 = CARTESIAN_POINT('',(134.8,0.));
#436 = VECTOR('',#437,1.);
#437 = DIRECTION('',(0.,1.));
#438 = ( GEOMETRIC_REPRESENTATION_CONTEXT(2) 
PARAMETRIC_REPRESENTATION_CONTEXT() REPRESENTATION_CONTEXT('2D SPACE',''
  ) );
#439 = PCURVE('',#393,#440);
#440 = DEFINITIONAL_REPRESENTATION('',(#441),#445);
#441 = LINE('',#442,#443);
#442 = CARTESIAN_POINT('',(0.,0.));
#443 = VECTOR('',#444,1.);
#444 = DIRECTION('',(0.,1.));
#445 = ( GEOMETRIC_REPRESENTATION_CONTEXT(2) 
PARAMETRIC_REPRESENTATION_CONTEXT() REPRESENTATION_CONTEXT('2D SPACE',''
  ) );
#446 = ORIENTED_EDGE('',*,*,#447,.F.);
#447 = EDGE_CURVE('',#448,#426,#450,.T.);
#448 = VERTEX_POINT('',#449);
#449 = CARTESIAN_POINT('',(-67.4,-75.65,22.));
#450 = SURFACE_CURVE('',#451,(#455,#462),.PCURVE_S1.);
#451 = LINE('',#452,#453);
#452 = CARTESIAN_POINT('',(-67.4,-75.65,22.));
#453 = VECTOR('',#454,1.);
#454 = DIRECTION('',(1.,0.,0.));
#455 = PCURVE('',#114,#456);
#456 = DEFINITIONAL_REPRESENTATION('',(#457),#461);
#457 = LINE('',#458,#459);
#458 = CARTESIAN_POINT('',(0.,1.));
#459 = VECTOR('',#460,1.);
#460 = DIRECTION('',(1.,0.));
#461 = ( GEOMETRIC_REPRESENTATION_CONTEXT(2) 
PARAMETRIC_REPRESENTATION_CONTEXT() REPRESENTATION_CONTEXT('2D SPACE',''
  ) );
#462 = PCURVE('',#463,#468);
#463 = PLANE('',#464);
#464 = AXIS2_PLACEMENT_3D('',#465,#466,#467);
#465 = CARTESIAN_POINT('',(-67.4,-75.65,30.));
#466 = DIRECTION('',(0.,-1.,0.));
#467 = DIRECTION('',(1.,0.,0.));
#468 = DEFINITIONAL_REPRESENTATION('',(#469),#473);
#469 = LINE('',#470,#471);
#470 = CARTESIAN_POINT('',(0.,-8.));
#471 = VECTOR('',#472,1.);
#472 = DIRECTION('',(1.,0.));
#473 = ( GEOMETRIC_REPRESENTATION_CONTEXT(2) 
PARAMETRIC_REPRESENTATION_CONTEXT() REPRESENTATION_CONTEXT('2D SPACE',''
  ) );
#474 = ORIENTED_EDGE('',*,*,#475,.F.);
#475 = EDGE_CURVE('',#99,#448,#476,.T.);
#476 = SURFACE_CURVE('',#477,(#480,#487),.PCURVE_S1.);
#477 = B_SPLINE_CURVE_WITH_KNOTS('',1,(#478,#479),.UNSPECIFIED.,.F.,.F.,
  (2,2),(0.,1.),.PIECEWISE_BEZIER_KNOTS.);
#478 = CARTESIAN_POINT('',(-65.,-72.,10.));
#479 = CARTESIAN_POINT('',(-67.4,-75.65,22.));
#480 = PCURVE('',#114,#481);
#481 = DEFINITIONAL_REPRESENTATION('',(#482),#486);
#482 = LINE('',#483,#484);
#483 = CARTESIAN_POINT('',(0.,0.));
#484 = VECTOR('',#485,1.);
#485 = DIRECTION('',(0.,1.));
#486 = ( GEOMETRIC_REPRESENTATION_CONTEXT(2) 
PARAMETRIC_REPRESENTATION_CONTEXT() REPRESENTATION_CONTEXT('2D SPACE',''
  ) );
#487 = PCURVE('',#488,#509);
#488 = B_SPLINE_SURFACE_WITH_KNOTS('',9,1,(
    (#489,#490)
    ,(#491,#492)
    ,(#493,#494)
    ,(#495,#496)
    ,(#497,#498)
    ,(#499,#500)
    ,(#501,#502)
    ,(#503,#504)
    ,(#505,#506)
    ,(#507,#508
    )),.UNSPECIFIED.,.F.,.F.,.F.,(10,10),(2,2),(0.,1.570796318693),(0.,
    1.),.PIECEWISE_BEZIER_KNOTS.);
#489 = CARTESIAN_POINT('',(-97.,-40.,10.));
#490 = CARTESIAN_POINT('',(-101.4,-41.65,22.));
#491 = CARTESIAN_POINT('',(-96.99999997737,-45.58505360019,10.));
#492 = CARTESIAN_POINT('',(-101.3999999759,-47.58411945021,22.));
#493 = CARTESIAN_POINT('',(-95.90337733905,-51.170107276,10.000000000001
    ));
#494 = CARTESIAN_POINT('',(-100.2348384227,-53.51823898074,22.));
#495 = CARTESIAN_POINT('',(-93.71013131875,-56.50907879206,
    9.999999999997));
#496 = CARTESIAN_POINT('',(-97.9045145262,-59.19089621658,22.));
#497 = CARTESIAN_POINT('',(-90.4846892148,-61.35588939633,
    10.000000000003));
#498 = CARTESIAN_POINT('',(-94.4774822907,-64.34063248358,22.));
#499 = CARTESIAN_POINT('',(-86.35588939628,-65.48468921475,
    9.999999999997));
#500 = CARTESIAN_POINT('',(-90.09063248358,-68.72748229069,22.));
#501 = CARTESIAN_POINT('',(-81.50907879209,-68.71013131879,
    10.000000000002));
#502 = CARTESIAN_POINT('',(-84.94089621658,-72.1545145262,22.));
#503 = CARTESIAN_POINT('',(-76.17010727598,-70.90337733903,
    9.999999999999));
#504 = CARTESIAN_POINT('',(-79.26823898074,-74.48483842273,22.));
#505 = CARTESIAN_POINT('',(-70.5850536002,-71.99999997737,10.));
#506 = CARTESIAN_POINT('',(-73.33411945021,-75.64999997596,22.));
#507 = CARTESIAN_POINT('',(-65.,-72.,10.));
#508 = CARTESIAN_POINT('',(-67.4,-75.65,22.));
#509 = DEFINITIONAL_REPRESENTATION('',(#510),#514);
#510 = LINE('',#511,#512);
#511 = CARTESIAN_POINT('',(1.570796318693,0.));
#512 = VECTOR('',#513,1.);
#513 = DIRECTION('',(0.,1.));
#514 = ( GEOMETRIC_REPRESENTATION_CONTEXT(2) 
PARAMETRIC_REPRESENTATION_CONTEXT() REPRESENTATION_CONTEXT('2D SPACE',''
  ) );
#515 = ADVANCED_FACE('',(#516),#138,.T.);
#516 = FACE_BOUND('',#517,.T.);
#517 = EDGE_LOOP('',(#518,#547,#576,#616,#649,#650,#651));
#518 = ORIENTED_EDGE('',*,*,#519,.F.);
#519 = EDGE_CURVE('',#520,#522,#524,.T.);
#520 = VERTEX_POINT('',#521);
#521 = CARTESIAN_POINT('',(-87.,-38.,0.));
#522 = VERTEX_POINT('',#523);
#523 = CARTESIAN_POINT('',(-97.,-40.,10.));
#524 = SURFACE_CURVE('',#525,(#528,#535),.PCURVE_S1.);
#525 = B_SPLINE_CURVE_WITH_KNOTS('',1,(#526,#527),.UNSPECIFIED.,.F.,.F.,
  (2,2),(0.,1.),.PIECEWISE_BEZIER_KNOTS.);
#526 = CARTESIAN_POINT('',(-87.,-38.,0.));
#527 = CARTESIAN_POINT('',(-97.,-40.,10.));
#528 = PCURVE('',#138,#529);
#529 = DEFINITIONAL_REPRESENTATION('',(#530),#534);
#530 = LINE('',#531,#532);
#531 = CARTESIAN_POINT('',(0.,0.));
#532 = VECTOR('',#533,1.);
#533 = DIRECTION('',(0.,1.));
#534 = ( GEOMETRIC_REPRESENTATION_CONTEXT(2) 
PARAMETRIC_REPRESENTATION_CONTEXT() REPRESENTATION_CONTEXT('2D SPACE',''
  ) );
#535 = PCURVE('',#536,#541);
#536 = B_SPLINE_SURFACE_WITH_KNOTS('',1,1,(
    (#537,#538)
    ,(#539,#540
  )),.UNSPECIFIED.,.F.,.F.,.F.,(2,2),(2,2),(0.,80.),(0.,1.),
  .PIECEWISE_BEZIER_KNOTS.);
#537 = CARTESIAN_POINT('',(-87.,38.,0.));
#538 = CARTESIAN_POINT('',(-97.,40.,10.));
#539 = CARTESIAN_POINT('',(-87.,-38.,0.));
#540 = CARTESIAN_POINT('',(-97.,-40.,10.));
#541 = DEFINITIONAL_REPRESENTATION('',(#542),#546);
#542 = LINE('',#543,#544);
#543 = CARTESIAN_POINT('',(80.,0.));
#544 = VECTOR('',#545,1.);
#545 = DIRECTION('',(0.,1.));
#546 = ( GEOMETRIC_REPRESENTATION_CONTEXT(2) 
PARAMETRIC_REPRESENTATION_CONTEXT() REPRESENTATION_CONTEXT('2D SPACE',''
  ) );
#547 = ORIENTED_EDGE('',*,*,#548,.T.);
#548 = EDGE_CURVE('',#520,#549,#551,.T.);
#549 = VERTEX_POINT('',#550);
#550 = CARTESIAN_POINT('',(-80.,-54.94107428904,0.));
#551 = SURFACE_CURVE('',#552,(#557,#564),.PCURVE_S1.);
#552 = CIRCLE('',#553,24.000000097227);
#553 = AXIS2_PLACEMENT_3D('',#554,#555,#556);
#554 = CARTESIAN_POINT('',(-62.99999990277,-37.99999990277,0.));
#555 = DIRECTION('',(0.,0.,1.));
#556 = DIRECTION('',(-1.,-4.051126232864E-09,0.));
#557 = PCURVE('',#138,#558);
#558 = DEFINITIONAL_REPRESENTATION('',(#559),#563);
#559 = LINE('',#560,#561);
#560 = CARTESIAN_POINT('',(0.,0.));
#561 = VECTOR('',#562,1.);
#562 = DIRECTION('',(1.,0.));
#563 = ( GEOMETRIC_REPRESENTATION_CONTEXT(2) 
PARAMETRIC_REPRESENTATION_CONTEXT() REPRESENTATION_CONTEXT('2D SPACE',''
  ) );
#564 = PCURVE('',#565,#570);
#565 = PLANE('',#566);
#566 = AXIS2_PLACEMENT_3D('',#567,#568,#569);
#567 = CARTESIAN_POINT('',(-62.99999990277,-37.99999990277,0.));
#568 = DIRECTION('',(0.,0.,1.));
#569 = DIRECTION('',(-1.,-4.051126232864E-09,0.));
#570 = DEFINITIONAL_REPRESENTATION('',(#571),#575);
#571 = CIRCLE('',#572,24.000000097227);
#572 = AXIS2_PLACEMENT_2D('',#573,#574);
#573 = CARTESIAN_POINT('',(0.,0.));
#574 = DIRECTION('',(1.,0.));
#575 = ( GEOMETRIC_REPRESENTATION_CONTEXT(2) 
PARAMETRIC_REPRESENTATION_CONTEXT() REPRESENTATION_CONTEXT('2D SPACE',''
  ) );
#576 = ORIENTED_EDGE('',*,*,#577,.T.);
#577 = EDGE_CURVE('',#549,#578,#580,.T.);
#578 = VERTEX_POINT('',#579);
#579 = CARTESIAN_POINT('',(-80.,-55.,3.844565973705E-02));
#580 = SURFACE_CURVE('',#581,(#589,#600),.PCURVE_S1.);
#581 = B_SPLINE_CURVE_WITH_KNOTS('',3,(#582,#583,#584,#585,#586,#587,
    #588),.UNSPECIFIED.,.F.,.F.,(4,1,1,1,4),(0.,0.26024940949,
    0.520416149677,0.780500426688,1.),.UNSPECIFIED.);
#582 = CARTESIAN_POINT('',(-80.,-54.94107428648,0.));
#583 = CARTESIAN_POINT('',(-80.,-54.94618741286,3.333120590371E-03));
#584 = CARTESIAN_POINT('',(-80.,-54.95641134708,9.999362997934E-03));
#585 = CARTESIAN_POINT('',(-80.,-54.97174273624,2.000031493775E-02));
#586 = CARTESIAN_POINT('',(-80.,-54.98627170667,2.948212114196E-02));
#587 = CARTESIAN_POINT('',(-80.,-54.99568973249,3.563101329744E-02));
#588 = CARTESIAN_POINT('',(-80.,-55.,3.844565973706E-02));
#589 = PCURVE('',#138,#590);
#590 = DEFINITIONAL_REPRESENTATION('',(#591),#599);
#591 = B_SPLINE_CURVE_WITH_KNOTS('',3,(#592,#593,#594,#595,#596,#597,
    #598),.UNSPECIFIED.,.F.,.F.,(4,1,1,1,4),(0.,0.26024940949,
    0.520416149677,0.780500426688,1.),.UNSPECIFIED.);
#592 = CARTESIAN_POINT('',(0.783662042957,0.));
#593 = CARTESIAN_POINT('',(0.783812883008,3.333120590371E-04));
#594 = CARTESIAN_POINT('',(0.784114394141,9.999362997932E-04));
#595 = CARTESIAN_POINT('',(0.784566226456,2.000031493775E-03));
#596 = CARTESIAN_POINT('',(0.784994125399,2.948212114196E-03));
#597 = CARTESIAN_POINT('',(0.785271329405,3.563101329744E-03));
#598 = CARTESIAN_POINT('',(0.785398159346,3.844565973706E-03));
#599 = ( GEOMETRIC_REPRESENTATION_CONTEXT(2) 
PARAMETRIC_REPRESENTATION_CONTEXT() REPRESENTATION_CONTEXT('2D SPACE',''
  ) );
#600 = PCURVE('',#601,#606);
#601 = PLANE('',#602);
#602 = AXIS2_PLACEMENT_3D('',#603,#604,#605);
#603 = CARTESIAN_POINT('',(-80.,-7.206173855396E-16,5.228886353835));
#604 = DIRECTION('',(1.,0.,0.));
#605 = DIRECTION('',(-0.,0.,1.));
#606 = DEFINITIONAL_REPRESENTATION('',(#607),#615);
#607 = B_SPLINE_CURVE_WITH_KNOTS('',3,(#608,#609,#610,#611,#612,#613,
    #614),.UNSPECIFIED.,.F.,.F.,(4,1,1,1,4),(0.,0.26024940949,
    0.520416149677,0.780500426688,1.),.UNSPECIFIED.);
#608 = CARTESIAN_POINT('',(-5.228886353835,54.941074286488));
#609 = CARTESIAN_POINT('',(-5.225553233244,54.946187412867));
#610 = CARTESIAN_POINT('',(-5.218886990837,54.956411347085));
#611 = CARTESIAN_POINT('',(-5.208886038897,54.971742736249));
#612 = CARTESIAN_POINT('',(-5.199404232693,54.986271706672));
#613 = CARTESIAN_POINT('',(-5.193255340537,54.995689732495));
#614 = CARTESIAN_POINT('',(-5.190440694098,55.));
#615 = ( GEOMETRIC_REPRESENTATION_CONTEXT(2) 
PARAMETRIC_REPRESENTATION_CONTEXT() REPRESENTATION_CONTEXT('2D SPACE',''
  ) );
#616 = ORIENTED_EDGE('',*,*,#617,.F.);
#617 = EDGE_CURVE('',#170,#578,#618,.T.);
#618 = SURFACE_CURVE('',#619,(#627,#638),.PCURVE_S1.);
#619 = B_SPLINE_CURVE_WITH_KNOTS('',3,(#620,#621,#622,#623,#624,#625,
    #626),.UNSPECIFIED.,.F.,.F.,(4,1,1,1,4),(0.,0.26024940949,
    0.520416149678,0.780500426688,1.),.UNSPECIFIED.);
#620 = CARTESIAN_POINT('',(-79.94107428648,-55.,0.));
#621 = CARTESIAN_POINT('',(-79.94618741286,-55.,3.333120590371E-03));
#622 = CARTESIAN_POINT('',(-79.95641134708,-55.,9.999362997943E-03));
#623 = CARTESIAN_POINT('',(-79.97174273624,-55.,2.000031493773E-02));
#624 = CARTESIAN_POINT('',(-79.98627170667,-55.,2.948212114197E-02));
#625 = CARTESIAN_POINT('',(-79.99568973249,-55.,3.563101329744E-02));
#626 = CARTESIAN_POINT('',(-80.,-55.,3.844565973705E-02));
#627 = PCURVE('',#138,#628);
#628 = DEFINITIONAL_REPRESENTATION('',(#629),#637);
#629 = B_SPLINE_CURVE_WITH_KNOTS('',3,(#630,#631,#632,#633,#634,#635,
    #636),.UNSPECIFIED.,.F.,.F.,(4,1,1,1,4),(0.,0.26024940949,
    0.520416149678,0.780500426688,1.),.UNSPECIFIED.);
#630 = CARTESIAN_POINT('',(0.787134275735,0.));
#631 = CARTESIAN_POINT('',(0.786983435685,3.333120590371E-04));
#632 = CARTESIAN_POINT('',(0.786681924551,9.999362997943E-04));
#633 = CARTESIAN_POINT('',(0.786230092236,2.000031493773E-03));
#634 = CARTESIAN_POINT('',(0.785802193293,2.948212114197E-03));
#635 = CARTESIAN_POINT('',(0.785524989288,3.563101329744E-03));
#636 = CARTESIAN_POINT('',(0.785398159346,3.844565973705E-03));
#637 = ( GEOMETRIC_REPRESENTATION_CONTEXT(2) 
PARAMETRIC_REPRESENTATION_CONTEXT() REPRESENTATION_CONTEXT('2D SPACE',''
  ) );
#638 = PCURVE('',#231,#639);
#639 = DEFINITIONAL_REPRESENTATION('',(#640),#648);
#640 = B_SPLINE_CURVE_WITH_KNOTS('',3,(#641,#642,#643,#644,#645,#646,
    #647),.UNSPECIFIED.,.F.,.F.,(4,1,1,1,4),(0.,0.26024940949,
    0.520416149678,0.780500426688,1.),.UNSPECIFIED.);
#641 = CARTESIAN_POINT('',(0.5,79.941074286488));
#642 = CARTESIAN_POINT('',(0.49666687941,79.946187412867));
#643 = CARTESIAN_POINT('',(0.490000637002,79.956411347085));
#644 = CARTESIAN_POINT('',(0.479999685062,79.971742736249));
#645 = CARTESIAN_POINT('',(0.470517878858,79.986271706672));
#646 = CARTESIAN_POINT('',(0.464368986703,79.995689732495));
#647 = CARTESIAN_POINT('',(0.461554340263,80.));
#648 = ( GEOMETRIC_REPRESENTATION_CONTEXT(2) 
PARAMETRIC_REPRESENTATION_CONTEXT() REPRESENTATION_CONTEXT('2D SPACE',''
  ) );
#649 = ORIENTED_EDGE('',*,*,#169,.T.);
#650 = ORIENTED_EDGE('',*,*,#125,.T.);
#651 = ORIENTED_EDGE('',*,*,#652,.F.);
#652 = EDGE_CURVE('',#522,#99,#653,.T.);
#653 = SURFACE_CURVE('',#654,(#659,#666),.PCURVE_S1.);
#654 = CIRCLE('',#655,32.000000129636);
#655 = AXIS2_PLACEMENT_3D('',#656,#657,#658);
#656 = CARTESIAN_POINT('',(-64.99999987036,-39.99999987036,10.));
#657 = DIRECTION('',(0.,0.,1.));
#658 = DIRECTION('',(-1.,-4.051126084834E-09,0.));
#659 = PCURVE('',#138,#660);
#660 = DEFINITIONAL_REPRESENTATION('',(#661),#665);
#661 = LINE('',#662,#663);
#662 = CARTESIAN_POINT('',(0.,1.));
#663 = VECTOR('',#664,1.);
#664 = DIRECTION('',(1.,0.));
#665 = ( GEOMETRIC_REPRESENTATION_CONTEXT(2) 
PARAMETRIC_REPRESENTATION_CONTEXT() REPRESENTATION_CONTEXT('2D SPACE',''
  ) );
#666 = PCURVE('',#488,#667);
#667 = DEFINITIONAL_REPRESENTATION('',(#668),#672);
#668 = LINE('',#669,#670);
#669 = CARTESIAN_POINT('',(0.,0.));
#670 = VECTOR('',#671,1.);
#671 = DIRECTION('',(1.,0.));
#672 = ( GEOMETRIC_REPRESENTATION_CONTEXT(2) 
PARAMETRIC_REPRESENTATION_CONTEXT() REPRESENTATION_CONTEXT('2D SPACE',''
  ) );
#673 = ADVANCED_FACE('',(#674),#231,.T.);
#674 = FACE_BOUND('',#675,.T.);
#675 = EDGE_LOOP('',(#676,#706,#727,#728,#729,#730));
#676 = ORIENTED_EDGE('',*,*,#677,.F.);
#677 = EDGE_CURVE('',#678,#680,#682,.T.);
#678 = VERTEX_POINT('',#679);
#679 = CARTESIAN_POINT('',(80.,-55.,0.5));
#680 = VERTEX_POINT('',#681);
#681 = CARTESIAN_POINT('',(-80.,-55.,0.5));
#682 = SURFACE_CURVE('',#683,(#687,#694),.PCURVE_S1.);
#683 = LINE('',#684,#685);
#684 = CARTESIAN_POINT('',(80.,-55.,0.5));
#685 = VECTOR('',#686,1.);
#686 = DIRECTION('',(-1.,0.,0.));
#687 = PCURVE('',#231,#688);
#688 = DEFINITIONAL_REPRESENTATION('',(#689),#693);
#689 = LINE('',#690,#691);
#690 = CARTESIAN_POINT('',(0.,-80.));
#691 = VECTOR('',#692,1.);
#692 = DIRECTION('',(0.,1.));
#693 = ( GEOMETRIC_REPRESENTATION_CONTEXT(2) 
PARAMETRIC_REPRESENTATION_CONTEXT() REPRESENTATION_CONTEXT('2D SPACE',''
  ) );
#694 = PCURVE('',#695,#700);
#695 = CYLINDRICAL_SURFACE('',#696,81.098837209302);
#696 = AXIS2_PLACEMENT_3D('',#697,#698,#699);
#697 = CARTESIAN_POINT('',(0.,-1.7763568394E-15,-59.0988372093));
#698 = DIRECTION('',(-1.,-0.,-0.));
#699 = DIRECTION('',(-0.,0.678184816116,0.734891390064));
#700 = DEFINITIONAL_REPRESENTATION('',(#701),#705);
#701 = LINE('',#702,#703);
#702 = CARTESIAN_POINT('',(-1.490579615399,-80.));
#703 = VECTOR('',#704,1.);
#704 = DIRECTION('',(0.,1.));
#705 = ( GEOMETRIC_REPRESENTATION_CONTEXT(2) 
PARAMETRIC_REPRESENTATION_CONTEXT() REPRESENTATION_CONTEXT('2D SPACE',''
  ) );
#706 = ORIENTED_EDGE('',*,*,#707,.T.);
#707 = EDGE_CURVE('',#678,#248,#708,.T.);
#708 = SURFACE_CURVE('',#709,(#713,#720),.PCURVE_S1.);
#709 = LINE('',#710,#711);
#710 = CARTESIAN_POINT('',(80.,-55.,0.5));
#711 = VECTOR('',#712,1.);
#712 = DIRECTION('',(0.,0.,-1.));
#713 = PCURVE('',#231,#714);
#714 = DEFINITIONAL_REPRESENTATION('',(#715),#719);
#715 = LINE('',#716,#717);
#716 = CARTESIAN_POINT('',(0.,-80.));
#717 = VECTOR('',#718,1.);
#718 = DIRECTION('',(1.,0.));
#719 = ( GEOMETRIC_REPRESENTATION_CONTEXT(2) 
PARAMETRIC_REPRESENTATION_CONTEXT() REPRESENTATION_CONTEXT('2D SPACE',''
  ) );
#720 = PCURVE('',#306,#721);
#721 = DEFINITIONAL_REPRESENTATION('',(#722),#726);
#722 = LINE('',#723,#724);
#723 = CARTESIAN_POINT('',(-4.728886353835,55.));
#724 = VECTOR('',#725,1.);
#725 = DIRECTION('',(-1.,0.));
#726 = ( GEOMETRIC_REPRESENTATION_CONTEXT(2) 
PARAMETRIC_REPRESENTATION_CONTEXT() REPRESENTATION_CONTEXT('2D SPACE',''
  ) );
#727 = ORIENTED_EDGE('',*,*,#247,.F.);
#728 = ORIENTED_EDGE('',*,*,#218,.T.);
#729 = ORIENTED_EDGE('',*,*,#617,.T.);
#730 = ORIENTED_EDGE('',*,*,#731,.F.);
#731 = EDGE_CURVE('',#680,#578,#732,.T.);
#732 = SURFACE_CURVE('',#733,(#737,#744),.PCURVE_S1.);
#733 = LINE('',#734,#735);
#734 = CARTESIAN_POINT('',(-80.,-55.,0.5));
#735 = VECTOR('',#736,1.);
#736 = DIRECTION('',(0.,0.,-1.));
#737 = PCURVE('',#231,#738);
#738 = DEFINITIONAL_REPRESENTATION('',(#739),#743);
#739 = LINE('',#740,#741);
#740 = CARTESIAN_POINT('',(0.,80.));
#741 = VECTOR('',#742,1.);
#742 = DIRECTION('',(1.,0.));
#743 = ( GEOMETRIC_REPRESENTATION_CONTEXT(2) 
PARAMETRIC_REPRESENTATION_CONTEXT() REPRESENTATION_CONTEXT('2D SPACE',''
  ) );
#744 = PCURVE('',#601,#745);
#745 = DEFINITIONAL_REPRESENTATION('',(#746),#750);
#746 = LINE('',#747,#748);
#747 = CARTESIAN_POINT('',(-4.728886353835,55.));
#748 = VECTOR('',#749,1.);
#749 = DIRECTION('',(-1.,0.));
#750 = ( GEOMETRIC_REPRESENTATION_CONTEXT(2) 
PARAMETRIC_REPRESENTATION_CONTEXT() REPRESENTATION_CONTEXT('2D SPACE',''
  ) );
#751 = ADVANCED_FACE('',(#752),#393,.T.);
#752 = FACE_BOUND('',#753,.T.);
#753 = EDGE_LOOP('',(#754,#755,#782,#809));
#754 = ORIENTED_EDGE('',*,*,#378,.T.);
#755 = ORIENTED_EDGE('',*,*,#756,.T.);
#756 = EDGE_CURVE('',#352,#757,#759,.T.);
#757 = VERTEX_POINT('',#758);
#758 = CARTESIAN_POINT('',(101.4,-41.65,22.));
#759 = SURFACE_CURVE('',#760,(#763,#770),.PCURVE_S1.);
#760 = B_SPLINE_CURVE_WITH_KNOTS('',1,(#761,#762),.UNSPECIFIED.,.F.,.F.,
  (2,2),(0.,1.),.PIECEWISE_BEZIER_KNOTS.);
#761 = CARTESIAN_POINT('',(97.,-40.,10.));
#762 = CARTESIAN_POINT('',(101.4,-41.65,22.));
#763 = PCURVE('',#393,#764);
#764 = DEFINITIONAL_REPRESENTATION('',(#765),#769);
#765 = LINE('',#766,#767);
#766 = CARTESIAN_POINT('',(1.570796318693,0.));
#767 = VECTOR('',#768,1.);
#768 = DIRECTION('',(0.,1.));
#769 = ( GEOMETRIC_REPRESENTATION_CONTEXT(2) 
PARAMETRIC_REPRESENTATION_CONTEXT() REPRESENTATION_CONTEXT('2D SPACE',''
  ) );
#770 = PCURVE('',#771,#776);
#771 = B_SPLINE_SURFACE_WITH_KNOTS('',1,1,(
    (#772,#773)
    ,(#774,#775
    )),.UNSPECIFIED.,.F.,.F.,.F.,(2,2),(2,2),(0.,83.3),(0.,1.),
  .PIECEWISE_BEZIER_KNOTS.);
#772 = CARTESIAN_POINT('',(97.,-40.,10.));
#773 = CARTESIAN_POINT('',(101.4,-41.65,22.));
#774 = CARTESIAN_POINT('',(97.,40.,10.));
#775 = CARTESIAN_POINT('',(101.4,41.65,22.));
#776 = DEFINITIONAL_REPRESENTATION('',(#777),#781);
#777 = LINE('',#778,#779);
#778 = CARTESIAN_POINT('',(0.,0.));
#779 = VECTOR('',#780,1.);
#780 = DIRECTION('',(0.,1.));
#781 = ( GEOMETRIC_REPRESENTATION_CONTEXT(2) 
PARAMETRIC_REPRESENTATION_CONTEXT() REPRESENTATION_CONTEXT('2D SPACE',''
  ) );
#782 = ORIENTED_EDGE('',*,*,#783,.F.);
#783 = EDGE_CURVE('',#426,#757,#784,.T.);
#784 = SURFACE_CURVE('',#785,(#790,#797),.PCURVE_S1.);
#785 = CIRCLE('',#786,34.000000137738);
#786 = AXIS2_PLACEMENT_3D('',#787,#788,#789);
#787 = CARTESIAN_POINT('',(67.399999862262,-41.64999986226,22.));
#788 = DIRECTION('',(0.,0.,1.));
#789 = DIRECTION('',(4.051126790152E-09,-1.,0.));
#790 = PCURVE('',#393,#791);
#791 = DEFINITIONAL_REPRESENTATION('',(#792),#796);
#792 = LINE('',#793,#794);
#793 = CARTESIAN_POINT('',(0.,1.));
#794 = VECTOR('',#795,1.);
#795 = DIRECTION('',(1.,0.));
#796 = ( GEOMETRIC_REPRESENTATION_CONTEXT(2) 
PARAMETRIC_REPRESENTATION_CONTEXT() REPRESENTATION_CONTEXT('2D SPACE',''
  ) );
#797 = PCURVE('',#798,#803);
#798 = CYLINDRICAL_SURFACE('',#799,34.000000137738);
#799 = AXIS2_PLACEMENT_3D('',#800,#801,#802);
#800 = CARTESIAN_POINT('',(67.399999862262,-41.64999986226,22.));
#801 = DIRECTION('',(0.,0.,1.));
#802 = DIRECTION('',(4.051126790152E-09,-1.,0.));
#803 = DEFINITIONAL_REPRESENTATION('',(#804),#808);
#804 = LINE('',#805,#806);
#805 = CARTESIAN_POINT('',(0.,0.));
#806 = VECTOR('',#807,1.);
#807 = DIRECTION('',(1.,0.));
#808 = ( GEOMETRIC_REPRESENTATION_CONTEXT(2) 
PARAMETRIC_REPRESENTATION_CONTEXT() REPRESENTATION_CONTEXT('2D SPACE',''
  ) );
#809 = ORIENTED_EDGE('',*,*,#425,.F.);
#810 = ADVANCED_FACE('',(#811),#366,.T.);
#811 = FACE_BOUND('',#812,.T.);
#812 = EDGE_LOOP('',(#813,#835,#878,#898));
#813 = ORIENTED_EDGE('',*,*,#814,.T.);
#814 = EDGE_CURVE('',#323,#815,#817,.T.);
#815 = VERTEX_POINT('',#816);
#816 = CARTESIAN_POINT('',(87.,38.,0.));
#817 = SURFACE_CURVE('',#818,(#822,#828),.PCURVE_S1.);
#818 = LINE('',#819,#820);
#819 = CARTESIAN_POINT('',(87.,-38.,0.));
#820 = VECTOR('',#821,1.);
#821 = DIRECTION('',(0.,1.,0.));
#822 = PCURVE('',#366,#823);
#823 = DEFINITIONAL_REPRESENTATION('',(#824),#827);
#824 = B_SPLINE_CURVE_WITH_KNOTS('',1,(#825,#826),.UNSPECIFIED.,.F.,.F.,
  (2,2),(0.,76.),.PIECEWISE_BEZIER_KNOTS.);
#825 = CARTESIAN_POINT('',(0.,0.));
#826 = CARTESIAN_POINT('',(80.,0.));
#827 = ( GEOMETRIC_REPRESENTATION_CONTEXT(2) 
PARAMETRIC_REPRESENTATION_CONTEXT() REPRESENTATION_CONTEXT('2D SPACE',''
  ) );
#828 = PCURVE('',#339,#829);
#829 = DEFINITIONAL_REPRESENTATION('',(#830),#834);
#830 = LINE('',#831,#832);
#831 = CARTESIAN_POINT('',(-149.9999999027,7.048959645183E-07));
#832 = VECTOR('',#833,1.);
#833 = DIRECTION('',(-4.051126232864E-09,-1.));
#834 = ( GEOMETRIC_REPRESENTATION_CONTEXT(2) 
PARAMETRIC_REPRESENTATION_CONTEXT() REPRESENTATION_CONTEXT('2D SPACE',''
  ) );
#835 = ORIENTED_EDGE('',*,*,#836,.T.);
#836 = EDGE_CURVE('',#815,#837,#839,.T.);
#837 = VERTEX_POINT('',#838);
#838 = CARTESIAN_POINT('',(97.,40.,10.));
#839 = SURFACE_CURVE('',#840,(#843,#850),.PCURVE_S1.);
#840 = B_SPLINE_CURVE_WITH_KNOTS('',1,(#841,#842),.UNSPECIFIED.,.F.,.F.,
  (2,2),(0.,1.),.PIECEWISE_BEZIER_KNOTS.);
#841 = CARTESIAN_POINT('',(87.,38.,0.));
#842 = CARTESIAN_POINT('',(97.,40.,10.));
#843 = PCURVE('',#366,#844);
#844 = DEFINITIONAL_REPRESENTATION('',(#845),#849);
#845 = LINE('',#846,#847);
#846 = CARTESIAN_POINT('',(80.,0.));
#847 = VECTOR('',#848,1.);
#848 = DIRECTION('',(0.,1.));
#849 = ( GEOMETRIC_REPRESENTATION_CONTEXT(2) 
PARAMETRIC_REPRESENTATION_CONTEXT() REPRESENTATION_CONTEXT('2D SPACE',''
  ) );
#850 = PCURVE('',#851,#872);
#851 = B_SPLINE_SURFACE_WITH_KNOTS('',9,1,(
    (#852,#853)
    ,(#854,#855)
    ,(#856,#857)
    ,(#858,#859)
    ,(#860,#861)
    ,(#862,#863)
    ,(#864,#865)
    ,(#866,#867)
    ,(#868,#869)
    ,(#870,#871
    )),.UNSPECIFIED.,.F.,.F.,.F.,(10,10),(2,2),(0.,1.570796318693),(0.,
    1.),.PIECEWISE_BEZIER_KNOTS.);
#852 = CARTESIAN_POINT('',(87.,38.,0.));
#853 = CARTESIAN_POINT('',(97.,40.,10.));
#854 = CARTESIAN_POINT('',(86.999999983031,42.18879020015,0.));
#855 = CARTESIAN_POINT('',(96.999999977371,45.585053600197,10.));
#856 = CARTESIAN_POINT('',(86.177531910605,46.377581550669,0.));
#857 = CARTESIAN_POINT('',(95.903377339054,51.170107276,10.000000000001)
  );
#858 = CARTESIAN_POINT('',(84.532602707551,50.381804875598,0.));
#859 = CARTESIAN_POINT('',(93.710131318757,56.509078792066,
    9.999999999997));
#860 = CARTESIAN_POINT('',(82.113509411589,54.016924546729,0.));
#861 = CARTESIAN_POINT('',(90.484689214807,61.355889396337,
    10.000000000003));
#862 = CARTESIAN_POINT('',(79.016924546729,57.113509411589,0.));
#863 = CARTESIAN_POINT('',(86.355889396288,65.484689214756,
    9.999999999997));
#864 = CARTESIAN_POINT('',(75.381804875598,59.532602707552,0.));
#865 = CARTESIAN_POINT('',(81.509078792099,68.710131318795,
    10.000000000002));
#866 = CARTESIAN_POINT('',(71.37758155067,61.177531910604,0.));
#867 = CARTESIAN_POINT('',(76.170107275985,70.903377339035,
    9.999999999999));
#868 = CARTESIAN_POINT('',(67.18879020015,61.999999983031,0.));
#869 = CARTESIAN_POINT('',(70.585053600201,71.999999977376,10.));
#870 = CARTESIAN_POINT('',(63.,62.,0.));
#871 = CARTESIAN_POINT('',(65.,72.,10.));
#872 = DEFINITIONAL_REPRESENTATION('',(#873),#877);
#873 = LINE('',#874,#875);
#874 = CARTESIAN_POINT('',(0.,0.));
#875 = VECTOR('',#876,1.);
#876 = DIRECTION('',(0.,1.));
#877 = ( GEOMETRIC_REPRESENTATION_CONTEXT(2) 
PARAMETRIC_REPRESENTATION_CONTEXT() REPRESENTATION_CONTEXT('2D SPACE',''
  ) );
#878 = ORIENTED_EDGE('',*,*,#879,.F.);
#879 = EDGE_CURVE('',#352,#837,#880,.T.);
#880 = SURFACE_CURVE('',#881,(#885,#892),.PCURVE_S1.);
#881 = LINE('',#882,#883);
#882 = CARTESIAN_POINT('',(97.,-40.,10.));
#883 = VECTOR('',#884,1.);
#884 = DIRECTION('',(0.,1.,0.));
#885 = PCURVE('',#366,#886);
#886 = DEFINITIONAL_REPRESENTATION('',(#887),#891);
#887 = LINE('',#888,#889);
#888 = CARTESIAN_POINT('',(0.,1.));
#889 = VECTOR('',#890,1.);
#890 = DIRECTION('',(1.,0.));
#891 = ( GEOMETRIC_REPRESENTATION_CONTEXT(2) 
PARAMETRIC_REPRESENTATION_CONTEXT() REPRESENTATION_CONTEXT('2D SPACE',''
  ) );
#892 = PCURVE('',#771,#893);
#893 = DEFINITIONAL_REPRESENTATION('',(#894),#897);
#894 = B_SPLINE_CURVE_WITH_KNOTS('',1,(#895,#896),.UNSPECIFIED.,.F.,.F.,
  (2,2),(0.,80.),.PIECEWISE_BEZIER_KNOTS.);
#895 = CARTESIAN_POINT('',(0.,0.));
#896 = CARTESIAN_POINT('',(83.3,0.));
#897 = ( GEOMETRIC_REPRESENTATION_CONTEXT(2) 
PARAMETRIC_REPRESENTATION_CONTEXT() REPRESENTATION_CONTEXT('2D SPACE',''
  ) );
#898 = ORIENTED_EDGE('',*,*,#351,.F.);
#899 = ADVANCED_FACE('',(#900),#339,.F.);
#900 = FACE_BOUND('',#901,.F.);
#901 = EDGE_LOOP('',(#902,#923,#924,#925));
#902 = ORIENTED_EDGE('',*,*,#903,.F.);
#903 = EDGE_CURVE('',#283,#904,#906,.T.);
#904 = VERTEX_POINT('',#905);
#905 = CARTESIAN_POINT('',(80.,54.941074289044,0.));
#906 = SURFACE_CURVE('',#907,(#911,#917),.PCURVE_S1.);
#907 = LINE('',#908,#909);
#908 = CARTESIAN_POINT('',(80.,-18.99999995138,0.));
#909 = VECTOR('',#910,1.);
#910 = DIRECTION('',(0.,1.,0.));
#911 = PCURVE('',#339,#912);
#912 = DEFINITIONAL_REPRESENTATION('',(#913),#916);
#913 = B_SPLINE_CURVE_WITH_KNOTS('',1,(#914,#915),.UNSPECIFIED.,.F.,.F.,
  (2,2),(-36.00000004861,73.999999951386),.PIECEWISE_BEZIER_KNOTS.);
#914 = CARTESIAN_POINT('',(-142.9999998339,17.000000676538));
#915 = CARTESIAN_POINT('',(-143.0000002795,-92.99999932346));
#916 = ( GEOMETRIC_REPRESENTATION_CONTEXT(2) 
PARAMETRIC_REPRESENTATION_CONTEXT() REPRESENTATION_CONTEXT('2D SPACE',''
  ) );
#917 = PCURVE('',#306,#918);
#918 = DEFINITIONAL_REPRESENTATION('',(#919),#922);
#919 = B_SPLINE_CURVE_WITH_KNOTS('',1,(#920,#921),.UNSPECIFIED.,.F.,.F.,
  (2,2),(-36.00000004861,73.999999951386),.PIECEWISE_BEZIER_KNOTS.);
#920 = CARTESIAN_POINT('',(-5.228886353835,55.));
#921 = CARTESIAN_POINT('',(-5.228886353835,-55.));
#922 = ( GEOMETRIC_REPRESENTATION_CONTEXT(2) 
PARAMETRIC_REPRESENTATION_CONTEXT() REPRESENTATION_CONTEXT('2D SPACE',''
  ) );
#923 = ORIENTED_EDGE('',*,*,#322,.T.);
#924 = ORIENTED_EDGE('',*,*,#814,.T.);
#925 = ORIENTED_EDGE('',*,*,#926,.T.);
#926 = EDGE_CURVE('',#815,#904,#927,.T.);
#927 = SURFACE_CURVE('',#928,(#933,#940),.PCURVE_S1.);
#928 = CIRCLE('',#929,24.000000097227);
#929 = AXIS2_PLACEMENT_3D('',#930,#931,#932);
#930 = CARTESIAN_POINT('',(62.999999902773,37.999999902773,0.));
#931 = DIRECTION('',(0.,0.,1.));
#932 = DIRECTION('',(1.,4.051126232864E-09,-0.));
#933 = PCURVE('',#339,#934);
#934 = DEFINITIONAL_REPRESENTATION('',(#935),#939);
#935 = CIRCLE('',#936,24.000000097227);
#936 = AXIS2_PLACEMENT_2D('',#937,#938);
#937 = CARTESIAN_POINT('',(-126.0000001134,-75.9999992951));
#938 = DIRECTION('',(-1.,0.));
#939 = ( GEOMETRIC_REPRESENTATION_CONTEXT(2) 
PARAMETRIC_REPRESENTATION_CONTEXT() REPRESENTATION_CONTEXT('2D SPACE',''
  ) );
#940 = PCURVE('',#851,#941);
#941 = DEFINITIONAL_REPRESENTATION('',(#942),#946);
#942 = LINE('',#943,#944);
#943 = CARTESIAN_POINT('',(0.,0.));
#944 = VECTOR('',#945,1.);
#945 = DIRECTION('',(1.,0.));
#946 = ( GEOMETRIC_REPRESENTATION_CONTEXT(2) 
PARAMETRIC_REPRESENTATION_CONTEXT() REPRESENTATION_CONTEXT('2D SPACE',''
  ) );
#947 = ADVANCED_FACE('',(#948),#306,.F.);
#948 = FACE_BOUND('',#949,.F.);
#949 = EDGE_LOOP('',(#950,#951,#952,#953,#988,#1016));
#950 = ORIENTED_EDGE('',*,*,#707,.T.);
#951 = ORIENTED_EDGE('',*,*,#282,.F.);
#952 = ORIENTED_EDGE('',*,*,#903,.T.);
#953 = ORIENTED_EDGE('',*,*,#954,.T.);
#954 = EDGE_CURVE('',#904,#955,#957,.T.);
#955 = VERTEX_POINT('',#956);
#956 = CARTESIAN_POINT('',(80.,55.,3.844565973706E-02));
#957 = SURFACE_CURVE('',#958,(#966,#977),.PCURVE_S1.);
#958 = B_SPLINE_CURVE_WITH_KNOTS('',3,(#959,#960,#961,#962,#963,#964,
    #965),.UNSPECIFIED.,.F.,.F.,(4,1,1,1,4),(0.,0.26024940949,
    0.520416149677,0.780500426688,1.),.UNSPECIFIED.);
#959 = CARTESIAN_POINT('',(80.,54.941074286488,0.));
#960 = CARTESIAN_POINT('',(80.,54.946187412867,3.333120590371E-03));
#961 = CARTESIAN_POINT('',(80.,54.956411347085,9.999362997934E-03));
#962 = CARTESIAN_POINT('',(80.,54.971742736249,2.000031493774E-02));
#963 = CARTESIAN_POINT('',(80.,54.986271706672,2.948212114197E-02));
#964 = CARTESIAN_POINT('',(80.,54.995689732495,3.563101329744E-02));
#965 = CARTESIAN_POINT('',(80.,55.,3.844565973706E-02));
#966 = PCURVE('',#306,#967);
#967 = DEFINITIONAL_REPRESENTATION('',(#968),#976);
#968 = B_SPLINE_CURVE_WITH_KNOTS('',3,(#969,#970,#971,#972,#973,#974,
    #975),.UNSPECIFIED.,.F.,.F.,(4,1,1,1,4),(0.,0.26024940949,
    0.520416149677,0.780500426688,1.),.UNSPECIFIED.);
#969 = CARTESIAN_POINT('',(-5.228886353835,-54.94107428648));
#970 = CARTESIAN_POINT('',(-5.225553233244,-54.94618741286));
#971 = CARTESIAN_POINT('',(-5.218886990837,-54.95641134708));
#972 = CARTESIAN_POINT('',(-5.208886038897,-54.97174273624));
#973 = CARTESIAN_POINT('',(-5.199404232693,-54.98627170667));
#974 = CARTESIAN_POINT('',(-5.193255340537,-54.99568973249));
#975 = CARTESIAN_POINT('',(-5.190440694098,-55.));
#976 = ( GEOMETRIC_REPRESENTATION_CONTEXT(2) 
PARAMETRIC_REPRESENTATION_CONTEXT() REPRESENTATION_CONTEXT('2D SPACE',''
  ) );
#977 = PCURVE('',#851,#978);
#978 = DEFINITIONAL_REPRESENTATION('',(#979),#987);
#979 = B_SPLINE_CURVE_WITH_KNOTS('',3,(#980,#981,#982,#983,#984,#985,
    #986),.UNSPECIFIED.,.F.,.F.,(4,1,1,1,4),(0.,0.26024940949,
    0.520416149677,0.780500426688,1.),.UNSPECIFIED.);
#980 = CARTESIAN_POINT('',(0.783662042957,0.));
#981 = CARTESIAN_POINT('',(0.783812883008,3.333120590371E-04));
#982 = CARTESIAN_POINT('',(0.784114394141,9.999362997933E-04));
#983 = CARTESIAN_POINT('',(0.784566226456,2.000031493774E-03));
#984 = CARTESIAN_POINT('',(0.784994125399,2.948212114197E-03));
#985 = CARTESIAN_POINT('',(0.785271329405,3.563101329744E-03));
#986 = CARTESIAN_POINT('',(0.785398159346,3.844565973706E-03));
#987 = ( GEOMETRIC_REPRESENTATION_CONTEXT(2) 
PARAMETRIC_REPRESENTATION_CONTEXT() REPRESENTATION_CONTEXT('2D SPACE',''
  ) );
#988 = ORIENTED_EDGE('',*,*,#989,.T.);
#989 = EDGE_CURVE('',#955,#990,#992,.T.);
#990 = VERTEX_POINT('',#991);
#991 = CARTESIAN_POINT('',(80.,55.,0.5));
#992 = SURFACE_CURVE('',#993,(#997,#1004),.PCURVE_S1.);
#993 = LINE('',#994,#995);
#994 = CARTESIAN_POINT('',(80.,55.,-3.));
#995 = VECTOR('',#996,1.);
#996 = DIRECTION('',(0.,0.,1.));
#997 = PCURVE('',#306,#998);
#998 = DEFINITIONAL_REPRESENTATION('',(#999),#1003);
#999 = LINE('',#1000,#1001);
#1000 = CARTESIAN_POINT('',(-8.228886353835,-55.));
#1001 = VECTOR('',#1002,1.);
#1002 = DIRECTION('',(1.,0.));
#1003 = ( GEOMETRIC_REPRESENTATION_CONTEXT(2) 
PARAMETRIC_REPRESENTATION_CONTEXT() REPRESENTATION_CONTEXT('2D SPACE',''
  ) );
#1004 = PCURVE('',#1005,#1010);
#1005 = PLANE('',#1006);
#1006 = AXIS2_PLACEMENT_3D('',#1007,#1008,#1009);
#1007 = CARTESIAN_POINT('',(0.,55.,-3.));
#1008 = DIRECTION('',(0.,-1.,0.));
#1009 = DIRECTION('',(0.,0.,1.));
#1010 = DEFINITIONAL_REPRESENTATION('',(#1011),#1015);
#1011 = LINE('',#1012,#1013);
#1012 = CARTESIAN_POINT('',(0.,-80.));
#1013 = VECTOR('',#1014,1.);
#1014 = DIRECTION('',(1.,0.));
#1015 = ( GEOMETRIC_REPRESENTATION_CONTEXT(2) 
PARAMETRIC_REPRESENTATION_CONTEXT() REPRESENTATION_CONTEXT('2D SPACE',''
  ) );
#1016 = ORIENTED_EDGE('',*,*,#1017,.T.);
#1017 = EDGE_CURVE('',#990,#678,#1018,.T.);
#1018 = SURFACE_CURVE('',#1019,(#1024,#1031),.PCURVE_S1.);
#1019 = CIRCLE('',#1020,81.098837209302);
#1020 = AXIS2_PLACEMENT_3D('',#1021,#1022,#1023);
#1021 = CARTESIAN_POINT('',(80.,-1.7763568394E-15,-59.0988372093));
#1022 = DIRECTION('',(1.,0.,0.));
#1023 = DIRECTION('',(-0.,0.678184816116,0.734891390064));
#1024 = PCURVE('',#306,#1025);
#1025 = DEFINITIONAL_REPRESENTATION('',(#1026),#1030);
#1026 = CIRCLE('',#1027,81.098837209302);
#1027 = AXIS2_PLACEMENT_2D('',#1028,#1029);
#1028 = CARTESIAN_POINT('',(-64.32772356313,1.055739453861E-15));
#1029 = DIRECTION('',(0.734891390064,-0.678184816116));
#1030 = ( GEOMETRIC_REPRESENTATION_CONTEXT(2) 
PARAMETRIC_REPRESENTATION_CONTEXT() REPRESENTATION_CONTEXT('2D SPACE',''
  ) );
#1031 = PCURVE('',#695,#1032);
#1032 = DEFINITIONAL_REPRESENTATION('',(#1033),#1037);
#1033 = LINE('',#1034,#1035);
#1034 = CARTESIAN_POINT('',(-0.,-80.));
#1035 = VECTOR('',#1036,1.);
#1036 = DIRECTION('',(-1.,0.));
#1037 = ( GEOMETRIC_REPRESENTATION_CONTEXT(2) 
PARAMETRIC_REPRESENTATION_CONTEXT() REPRESENTATION_CONTEXT('2D SPACE',''
  ) );
#1038 = ADVANCED_FACE('',(#1039),#463,.T.);
#1039 = FACE_BOUND('',#1040,.T.);
#1040 = EDGE_LOOP('',(#1041,#1042,#1065,#1093));
#1041 = ORIENTED_EDGE('',*,*,#447,.T.);
#1042 = ORIENTED_EDGE('',*,*,#1043,.T.);
#1043 = EDGE_CURVE('',#426,#1044,#1046,.T.);
#1044 = VERTEX_POINT('',#1045);
#1045 = CARTESIAN_POINT('',(67.4,-75.65,238.));
#1046 = SURFACE_CURVE('',#1047,(#1051,#1058),.PCURVE_S1.);
#1047 = LINE('',#1048,#1049);
#1048 = CARTESIAN_POINT('',(67.4,-75.65,22.));
#1049 = VECTOR('',#1050,1.);
#1050 = DIRECTION('',(0.,0.,1.));
#1051 = PCURVE('',#463,#1052);
#1052 = DEFINITIONAL_REPRESENTATION('',(#1053),#1057);
#1053 = LINE('',#1054,#1055);
#1054 = CARTESIAN_POINT('',(134.8,-8.));
#1055 = VECTOR('',#1056,1.);
#1056 = DIRECTION('',(0.,1.));
#1057 = ( GEOMETRIC_REPRESENTATION_CONTEXT(2) 
PARAMETRIC_REPRESENTATION_CONTEXT() REPRESENTATION_CONTEXT('2D SPACE',''
  ) );
#1058 = PCURVE('',#798,#1059);
#1059 = DEFINITIONAL_REPRESENTATION('',(#1060),#1064);
#1060 = LINE('',#1061,#1062);
#1061 = CARTESIAN_POINT('',(0.,0.));
#1062 = VECTOR('',#1063,1.);
#1063 = DIRECTION('',(0.,1.));
#1064 = ( GEOMETRIC_REPRESENTATION_CONTEXT(2) 
PARAMETRIC_REPRESENTATION_CONTEXT() REPRESENTATION_CONTEXT('2D SPACE',''
  ) );
#1065 = ORIENTED_EDGE('',*,*,#1066,.F.);
#1066 = EDGE_CURVE('',#1067,#1044,#1069,.T.);
#1067 = VERTEX_POINT('',#1068);
#1068 = CARTESIAN_POINT('',(-67.4,-75.65,238.));
#1069 = SURFACE_CURVE('',#1070,(#1074,#1081),.PCURVE_S1.);
#1070 = LINE('',#1071,#1072);
#1071 = CARTESIAN_POINT('',(-67.4,-75.65,238.));
#1072 = VECTOR('',#1073,1.);
#1073 = DIRECTION('',(1.,0.,0.));
#1074 = PCURVE('',#463,#1075);
#1075 = DEFINITIONAL_REPRESENTATION('',(#1076),#1080);
#1076 = LINE('',#1077,#1078);
#1077 = CARTESIAN_POINT('',(0.,208.));
#1078 = VECTOR('',#1079,1.);
#1079 = DIRECTION('',(1.,0.));
#1080 = ( GEOMETRIC_REPRESENTATION_CONTEXT(2) 
PARAMETRIC_REPRESENTATION_CONTEXT() REPRESENTATION_CONTEXT('2D SPACE',''
  ) );
#1081 = PCURVE('',#1082,#1087);
#1082 = B_SPLINE_SURFACE_WITH_KNOTS('',1,1,(
    (#1083,#1084)
    ,(#1085,#1086
    )),.UNSPECIFIED.,.F.,.F.,.F.,(2,2),(2,2),(0.,134.8),(0.,1.),
  .PIECEWISE_BEZIER_KNOTS.);
#1083 = CARTESIAN_POINT('',(-67.4,-75.65,238.));
#1084 = CARTESIAN_POINT('',(-64.,-74.,258.));
#1085 = CARTESIAN_POINT('',(67.4,-75.65,238.));
#1086 = CARTESIAN_POINT('',(64.,-74.,258.));
#1087 = DEFINITIONAL_REPRESENTATION('',(#1088),#1092);
#1088 = LINE('',#1089,#1090);
#1089 = CARTESIAN_POINT('',(0.,0.));
#1090 = VECTOR('',#1091,1.);
#1091 = DIRECTION('',(1.,0.));
#1092 = ( GEOMETRIC_REPRESENTATION_CONTEXT(2) 
PARAMETRIC_REPRESENTATION_CONTEXT() REPRESENTATION_CONTEXT('2D SPACE',''
  ) );
#1093 = ORIENTED_EDGE('',*,*,#1094,.T.);
#1094 = EDGE_CURVE('',#1067,#448,#1095,.T.);
#1095 = SURFACE_CURVE('',#1096,(#1100,#1107),.PCURVE_S1.);
#1096 = LINE('',#1097,#1098);
#1097 = CARTESIAN_POINT('',(-67.4,-75.65,238.));
#1098 = VECTOR('',#1099,1.);
#1099 = DIRECTION('',(0.,0.,-1.));
#1100 = PCURVE('',#463,#1101);
#1101 = DEFINITIONAL_REPRESENTATION('',(#1102),#1106);
#1102 = LINE('',#1103,#1104);
#1103 = CARTESIAN_POINT('',(0.,208.));
#1104 = VECTOR('',#1105,1.);
#1105 = DIRECTION('',(0.,-1.));
#1106 = ( GEOMETRIC_REPRESENTATION_CONTEXT(2) 
PARAMETRIC_REPRESENTATION_CONTEXT() REPRESENTATION_CONTEXT('2D SPACE',''
  ) );
#1107 = PCURVE('',#1108,#1113);
#1108 = CYLINDRICAL_SURFACE('',#1109,34.000000137738);
#1109 = AXIS2_PLACEMENT_3D('',#1110,#1111,#1112);
#1110 = CARTESIAN_POINT('',(-67.39999986226,-41.64999986226,22.));
#1111 = DIRECTION('',(0.,0.,1.));
#1112 = DIRECTION('',(-1.,-4.051126999135E-09,0.));
#1113 = DEFINITIONAL_REPRESENTATION('',(#1114),#1118);
#1114 = LINE('',#1115,#1116);
#1115 = CARTESIAN_POINT('',(1.570796318693,216.));
#1116 = VECTOR('',#1117,1.);
#1117 = DIRECTION('',(0.,-1.));
#1118 = ( GEOMETRIC_REPRESENTATION_CONTEXT(2) 
PARAMETRIC_REPRESENTATION_CONTEXT() REPRESENTATION_CONTEXT('2D SPACE',''
  ) );
#1119 = ADVANCED_FACE('',(#1120),#488,.T.);
#1120 = FACE_BOUND('',#1121,.T.);
#1121 = EDGE_LOOP('',(#1122,#1123,#1124,#1148));
#1122 = ORIENTED_EDGE('',*,*,#652,.T.);
#1123 = ORIENTED_EDGE('',*,*,#475,.T.);
#1124 = ORIENTED_EDGE('',*,*,#1125,.F.);
#1125 = EDGE_CURVE('',#1126,#448,#1128,.T.);
#1126 = VERTEX_POINT('',#1127);
#1127 = CARTESIAN_POINT('',(-101.4,-41.65,22.));
#1128 = SURFACE_CURVE('',#1129,(#1134,#1141),.PCURVE_S1.);
#1129 = CIRCLE('',#1130,34.000000137738);
#1130 = AXIS2_PLACEMENT_3D('',#1131,#1132,#1133);
#1131 = CARTESIAN_POINT('',(-67.39999986226,-41.64999986226,22.));
#1132 = DIRECTION('',(0.,0.,1.));
#1133 = DIRECTION('',(-1.,-4.051126999135E-09,0.));
#1134 = PCURVE('',#488,#1135);
#1135 = DEFINITIONAL_REPRESENTATION('',(#1136),#1140);
#1136 = LINE('',#1137,#1138);
#1137 = CARTESIAN_POINT('',(0.,1.));
#1138 = VECTOR('',#1139,1.);
#1139 = DIRECTION('',(1.,0.));
#1140 = ( GEOMETRIC_REPRESENTATION_CONTEXT(2) 
PARAMETRIC_REPRESENTATION_CONTEXT() REPRESENTATION_CONTEXT('2D SPACE',''
  ) );
#1141 = PCURVE('',#1108,#1142);
#1142 = DEFINITIONAL_REPRESENTATION('',(#1143),#1147);
#1143 = LINE('',#1144,#1145);
#1144 = CARTESIAN_POINT('',(0.,0.));
#1145 = VECTOR('',#1146,1.);
#1146 = DIRECTION('',(1.,0.));
#1147 = ( GEOMETRIC_REPRESENTATION_CONTEXT(2) 
PARAMETRIC_REPRESENTATION_CONTEXT() REPRESENTATION_CONTEXT('2D SPACE',''
  ) );
#1148 = ORIENTED_EDGE('',*,*,#1149,.F.);
#1149 = EDGE_CURVE('',#522,#1126,#1150,.T.);
#1150 = SURFACE_CURVE('',#1151,(#1154,#1161),.PCURVE_S1.);
#1151 = B_SPLINE_CURVE_WITH_KNOTS('',1,(#1152,#1153),.UNSPECIFIED.,.F.,
  .F.,(2,2),(0.,1.),.PIECEWISE_BEZIER_KNOTS.);
#1152 = CARTESIAN_POINT('',(-97.,-40.,10.));
#1153 = CARTESIAN_POINT('',(-101.4,-41.65,22.));
#1154 = PCURVE('',#488,#1155);
#1155 = DEFINITIONAL_REPRESENTATION('',(#1156),#1160);
#1156 = LINE('',#1157,#1158);
#1157 = CARTESIAN_POINT('',(0.,0.));
#1158 = VECTOR('',#1159,1.);
#1159 = DIRECTION('',(0.,1.));
#1160 = ( GEOMETRIC_REPRESENTATION_CONTEXT(2) 
PARAMETRIC_REPRESENTATION_CONTEXT() REPRESENTATION_CONTEXT('2D SPACE',''
  ) );
#1161 = PCURVE('',#1162,#1167);
#1162 = B_SPLINE_SURFACE_WITH_KNOTS('',1,1,(
    (#1163,#1164)
    ,(#1165,#1166
    )),.UNSPECIFIED.,.F.,.F.,.F.,(2,2),(2,2),(0.,83.3),(0.,1.),
  .PIECEWISE_BEZIER_KNOTS.);
#1163 = CARTESIAN_POINT('',(-97.,40.,10.));
#1164 = CARTESIAN_POINT('',(-101.4,41.65,22.));
#1165 = CARTESIAN_POINT('',(-97.,-40.,10.));
#1166 = CARTESIAN_POINT('',(-101.4,-41.65,22.));
#1167 = DEFINITIONAL_REPRESENTATION('',(#1168),#1172);
#1168 = LINE('',#1169,#1170);
#1169 = CARTESIAN_POINT('',(83.3,0.));
#1170 = VECTOR('',#1171,1.);
#1171 = DIRECTION('',(0.,1.));
#1172 = ( GEOMETRIC_REPRESENTATION_CONTEXT(2) 
PARAMETRIC_REPRESENTATION_CONTEXT() REPRESENTATION_CONTEXT('2D SPACE',''
  ) );
#1173 = ADVANCED_FACE('',(#1174),#536,.T.);
#1174 = FACE_BOUND('',#1175,.T.);
#1175 = EDGE_LOOP('',(#1176,#1198,#1199,#1221));
#1176 = ORIENTED_EDGE('',*,*,#1177,.T.);
#1177 = EDGE_CURVE('',#1178,#520,#1180,.T.);
#1178 = VERTEX_POINT('',#1179);
#1179 = CARTESIAN_POINT('',(-87.,38.,0.));
#1180 = SURFACE_CURVE('',#1181,(#1185,#1191),.PCURVE_S1.);
#1181 = LINE('',#1182,#1183);
#1182 = CARTESIAN_POINT('',(-87.,38.,0.));
#1183 = VECTOR('',#1184,1.);
#1184 = DIRECTION('',(0.,-1.,0.));
#1185 = PCURVE('',#536,#1186);
#1186 = DEFINITIONAL_REPRESENTATION('',(#1187),#1190);
#1187 = B_SPLINE_CURVE_WITH_KNOTS('',1,(#1188,#1189),.UNSPECIFIED.,.F.,
  .F.,(2,2),(0.,76.),.PIECEWISE_BEZIER_KNOTS.);
#1188 = CARTESIAN_POINT('',(0.,0.));
#1189 = CARTESIAN_POINT('',(80.,0.));
#1190 = ( GEOMETRIC_REPRESENTATION_CONTEXT(2) 
PARAMETRIC_REPRESENTATION_CONTEXT() REPRESENTATION_CONTEXT('2D SPACE',''
  ) );
#1191 = PCURVE('',#565,#1192);
#1192 = DEFINITIONAL_REPRESENTATION('',(#1193),#1197);
#1193 = LINE('',#1194,#1195);
#1194 = CARTESIAN_POINT('',(23.999999789341,-76.));
#1195 = VECTOR('',#1196,1.);
#1196 = DIRECTION('',(4.051126232864E-09,1.));
#1197 = ( GEOMETRIC_REPRESENTATION_CONTEXT(2) 
PARAMETRIC_REPRESENTATION_CONTEXT() REPRESENTATION_CONTEXT('2D SPACE',''
  ) );
#1198 = ORIENTED_EDGE('',*,*,#519,.T.);
#1199 = ORIENTED_EDGE('',*,*,#1200,.F.);
#1200 = EDGE_CURVE('',#1201,#522,#1203,.T.);
#1201 = VERTEX_POINT('',#1202);
#1202 = CARTESIAN_POINT('',(-97.,40.,10.));
#1203 = SURFACE_CURVE('',#1204,(#1208,#1215),.PCURVE_S1.);
#1204 = LINE('',#1205,#1206);
#1205 = CARTESIAN_POINT('',(-97.,40.,10.));
#1206 = VECTOR('',#1207,1.);
#1207 = DIRECTION('',(0.,-1.,0.));
#1208 = PCURVE('',#536,#1209);
#1209 = DEFINITIONAL_REPRESENTATION('',(#1210),#1214);
#1210 = LINE('',#1211,#1212);
#1211 = CARTESIAN_POINT('',(0.,1.));
#1212 = VECTOR('',#1213,1.);
#1213 = DIRECTION('',(1.,0.));
#1214 = ( GEOMETRIC_REPRESENTATION_CONTEXT(2) 
PARAMETRIC_REPRESENTATION_CONTEXT() REPRESENTATION_CONTEXT('2D SPACE',''
  ) );
#1215 = PCURVE('',#1162,#1216);
#1216 = DEFINITIONAL_REPRESENTATION('',(#1217),#1220);
#1217 = B_SPLINE_CURVE_WITH_KNOTS('',1,(#1218,#1219),.UNSPECIFIED.,.F.,
  .F.,(2,2),(0.,80.),.PIECEWISE_BEZIER_KNOTS.);
#1218 = CARTESIAN_POINT('',(0.,0.));
#1219 = CARTESIAN_POINT('',(83.3,0.));
#1220 = ( GEOMETRIC_REPRESENTATION_CONTEXT(2) 
PARAMETRIC_REPRESENTATION_CONTEXT() REPRESENTATION_CONTEXT('2D SPACE',''
  ) );
#1221 = ORIENTED_EDGE('',*,*,#1222,.F.);
#1222 = EDGE_CURVE('',#1178,#1201,#1223,.T.);
#1223 = SURFACE_CURVE('',#1224,(#1227,#1234),.PCURVE_S1.);
#1224 = B_SPLINE_CURVE_WITH_KNOTS('',1,(#1225,#1226),.UNSPECIFIED.,.F.,
  .F.,(2,2),(0.,1.),.PIECEWISE_BEZIER_KNOTS.);
#1225 = CARTESIAN_POINT('',(-87.,38.,0.));
#1226 = CARTESIAN_POINT('',(-97.,40.,10.));
#1227 = PCURVE('',#536,#1228);
#1228 = DEFINITIONAL_REPRESENTATION('',(#1229),#1233);
#1229 = LINE('',#1230,#1231);
#1230 = CARTESIAN_POINT('',(0.,0.));
#1231 = VECTOR('',#1232,1.);
#1232 = DIRECTION('',(0.,1.));
#1233 = ( GEOMETRIC_REPRESENTATION_CONTEXT(2) 
PARAMETRIC_REPRESENTATION_CONTEXT() REPRESENTATION_CONTEXT('2D SPACE',''
  ) );
#1234 = PCURVE('',#1235,#1256);
#1235 = B_SPLINE_SURFACE_WITH_KNOTS('',9,1,(
    (#1236,#1237)
    ,(#1238,#1239)
    ,(#1240,#1241)
    ,(#1242,#1243)
    ,(#1244,#1245)
    ,(#1246,#1247)
    ,(#1248,#1249)
    ,(#1250,#1251)
    ,(#1252,#1253)
    ,(#1254,#1255
    )),.UNSPECIFIED.,.F.,.F.,.F.,(10,10),(2,2),(0.,1.570796318693),(0.,
    1.),.PIECEWISE_BEZIER_KNOTS.);
#1236 = CARTESIAN_POINT('',(-63.,62.,0.));
#1237 = CARTESIAN_POINT('',(-65.,72.,10.));
#1238 = CARTESIAN_POINT('',(-67.18879020015,61.999999983031,0.));
#1239 = CARTESIAN_POINT('',(-70.58505360019,71.999999977372,10.));
#1240 = CARTESIAN_POINT('',(-71.37758155067,61.177531910605,0.));
#1241 = CARTESIAN_POINT('',(-76.170107276,70.90337733905,10.000000000001
    ));
#1242 = CARTESIAN_POINT('',(-75.38180487559,59.532602707551,0.));
#1243 = CARTESIAN_POINT('',(-81.50907879205,68.710131318765,
    9.999999999997));
#1244 = CARTESIAN_POINT('',(-79.01692454673,57.113509411589,0.));
#1245 = CARTESIAN_POINT('',(-86.35588939635,65.484689214798,
    10.000000000003));
#1246 = CARTESIAN_POINT('',(-82.11350941159,54.016924546729,0.));
#1247 = CARTESIAN_POINT('',(-90.48468921474,61.355889396296,
    9.999999999997));
#1248 = CARTESIAN_POINT('',(-84.53260270755,50.381804875598,0.));
#1249 = CARTESIAN_POINT('',(-93.7101313188,56.509078792095,
    10.000000000002));
#1250 = CARTESIAN_POINT('',(-86.1775319106,46.37758155067,0.));
#1251 = CARTESIAN_POINT('',(-95.90337733903,51.170107275986,
    9.999999999999));
#1252 = CARTESIAN_POINT('',(-86.99999998303,42.18879020015,0.));
#1253 = CARTESIAN_POINT('',(-96.99999997737,45.585053600201,10.));
#1254 = CARTESIAN_POINT('',(-87.,38.,0.));
#1255 = CARTESIAN_POINT('',(-97.,40.,10.));
#1256 = DEFINITIONAL_REPRESENTATION('',(#1257),#1261);
#1257 = LINE('',#1258,#1259);
#1258 = CARTESIAN_POINT('',(1.570796318693,0.));
#1259 = VECTOR('',#1260,1.);
#1260 = DIRECTION('',(0.,1.));
#1261 = ( GEOMETRIC_REPRESENTATION_CONTEXT(2) 
PARAMETRIC_REPRESENTATION_CONTEXT() REPRESENTATION_CONTEXT('2D SPACE',''
  ) );
#1262 = ADVANCED_FACE('',(#1263),#601,.T.);
#1263 = FACE_BOUND('',#1264,.T.);
#1264 = EDGE_LOOP('',(#1265,#1266,#1267,#1288,#1323,#1346));
#1265 = ORIENTED_EDGE('',*,*,#731,.T.);
#1266 = ORIENTED_EDGE('',*,*,#577,.F.);
#1267 = ORIENTED_EDGE('',*,*,#1268,.T.);
#1268 = EDGE_CURVE('',#549,#1269,#1271,.T.);
#1269 = VERTEX_POINT('',#1270);
#1270 = CARTESIAN_POINT('',(-80.,54.941074289044,0.));
#1271 = SURFACE_CURVE('',#1272,(#1276,#1282),.PCURVE_S1.);
#1272 = LINE('',#1273,#1274);
#1273 = CARTESIAN_POINT('',(-80.,-18.99999995138,0.));
#1274 = VECTOR('',#1275,1.);
#1275 = DIRECTION('',(0.,1.,0.));
#1276 = PCURVE('',#601,#1277);
#1277 = DEFINITIONAL_REPRESENTATION('',(#1278),#1281);
#1278 = B_SPLINE_CURVE_WITH_KNOTS('',1,(#1279,#1280),.UNSPECIFIED.,.F.,
  .F.,(2,2),(-36.00000004861,73.999999951386),.PIECEWISE_BEZIER_KNOTS.);
#1279 = CARTESIAN_POINT('',(-5.228886353835,55.));
#1280 = CARTESIAN_POINT('',(-5.228886353835,-55.));
#1281 = ( GEOMETRIC_REPRESENTATION_CONTEXT(2) 
PARAMETRIC_REPRESENTATION_CONTEXT() REPRESENTATION_CONTEXT('2D SPACE',''
  ) );
#1282 = PCURVE('',#565,#1283);
#1283 = DEFINITIONAL_REPRESENTATION('',(#1284),#1287);
#1284 = B_SPLINE_CURVE_WITH_KNOTS('',1,(#1285,#1286),.UNSPECIFIED.,.F.,
  .F.,(2,2),(-36.00000004861,73.999999951386),.PIECEWISE_BEZIER_KNOTS.);
#1285 = CARTESIAN_POINT('',(17.000000166096,17.000000028358));
#1286 = CARTESIAN_POINT('',(16.999999720472,-92.99999997164));
#1287 = ( GEOMETRIC_REPRESENTATION_CONTEXT(2) 
PARAMETRIC_REPRESENTATION_CONTEXT() REPRESENTATION_CONTEXT('2D SPACE',''
  ) );
#1288 = ORIENTED_EDGE('',*,*,#1289,.T.);
#1289 = EDGE_CURVE('',#1269,#1290,#1292,.T.);
#1290 = VERTEX_POINT('',#1291);
#1291 = CARTESIAN_POINT('',(-80.,55.,3.844565973703E-02));
#1292 = SURFACE_CURVE('',#1293,(#1301,#1312),.PCURVE_S1.);
#1293 = B_SPLINE_CURVE_WITH_KNOTS('',3,(#1294,#1295,#1296,#1297,#1298,
    #1299,#1300),.UNSPECIFIED.,.F.,.F.,(4,1,1,1,4),(0.,0.26024940949,
    0.520416149678,0.780500426689,1.),.UNSPECIFIED.);
#1294 = CARTESIAN_POINT('',(-80.,54.941074286488,0.));
#1295 = CARTESIAN_POINT('',(-80.,54.946187412867,3.33312059037E-03));
#1296 = CARTESIAN_POINT('',(-80.,54.956411347085,9.999362997946E-03));
#1297 = CARTESIAN_POINT('',(-80.,54.971742736249,2.000031493773E-02));
#1298 = CARTESIAN_POINT('',(-80.,54.986271706672,2.948212114197E-02));
#1299 = CARTESIAN_POINT('',(-80.,54.995689732495,3.563101329743E-02));
#1300 = CARTESIAN_POINT('',(-80.,55.,3.844565973704E-02));
#1301 = PCURVE('',#601,#1302);
#1302 = DEFINITIONAL_REPRESENTATION('',(#1303),#1311);
#1303 = B_SPLINE_CURVE_WITH_KNOTS('',3,(#1304,#1305,#1306,#1307,#1308,
    #1309,#1310),.UNSPECIFIED.,.F.,.F.,(4,1,1,1,4),(0.,0.26024940949,
    0.520416149678,0.780500426689,1.),.UNSPECIFIED.);
#1304 = CARTESIAN_POINT('',(-5.228886353835,-54.94107428648));
#1305 = CARTESIAN_POINT('',(-5.225553233244,-54.94618741286));
#1306 = CARTESIAN_POINT('',(-5.218886990837,-54.95641134708));
#1307 = CARTESIAN_POINT('',(-5.208886038897,-54.97174273624));
#1308 = CARTESIAN_POINT('',(-5.199404232693,-54.98627170667));
#1309 = CARTESIAN_POINT('',(-5.193255340537,-54.99568973249));
#1310 = CARTESIAN_POINT('',(-5.190440694098,-55.));
#1311 = ( GEOMETRIC_REPRESENTATION_CONTEXT(2) 
PARAMETRIC_REPRESENTATION_CONTEXT() REPRESENTATION_CONTEXT('2D SPACE',''
  ) );
#1312 = PCURVE('',#1235,#1313);
#1313 = DEFINITIONAL_REPRESENTATION('',(#1314),#1322);
#1314 = B_SPLINE_CURVE_WITH_KNOTS('',3,(#1315,#1316,#1317,#1318,#1319,
    #1320,#1321),.UNSPECIFIED.,.F.,.F.,(4,1,1,1,4),(0.,0.26024940949,
    0.520416149678,0.780500426689,1.),.UNSPECIFIED.);
#1315 = CARTESIAN_POINT('',(0.787134275735,0.));
#1316 = CARTESIAN_POINT('',(0.786983435685,3.33312059037E-04));
#1317 = CARTESIAN_POINT('',(0.786681924551,9.999362997946E-04));
#1318 = CARTESIAN_POINT('',(0.786230092236,2.000031493773E-03));
#1319 = CARTESIAN_POINT('',(0.785802193293,2.948212114197E-03));
#1320 = CARTESIAN_POINT('',(0.785524989288,3.563101329743E-03));
#1321 = CARTESIAN_POINT('',(0.785398159346,3.844565973704E-03));
#1322 = ( GEOMETRIC_REPRESENTATION_CONTEXT(2) 
PARAMETRIC_REPRESENTATION_CONTEXT() REPRESENTATION_CONTEXT('2D SPACE',''
  ) );
#1323 = ORIENTED_EDGE('',*,*,#1324,.T.);
#1324 = EDGE_CURVE('',#1290,#1325,#1327,.T.);
#1325 = VERTEX_POINT('',#1326);
#1326 = CARTESIAN_POINT('',(-80.,55.,0.5));
#1327 = SURFACE_CURVE('',#1328,(#1332,#1339),.PCURVE_S1.);
#1328 = LINE('',#1329,#1330);
#1329 = CARTESIAN_POINT('',(-80.,55.,-3.));
#1330 = VECTOR('',#1331,1.);
#1331 = DIRECTION('',(0.,0.,1.));
#1332 = PCURVE('',#601,#1333);
#1333 = DEFINITIONAL_REPRESENTATION('',(#1334),#1338);
#1334 = LINE('',#1335,#1336);
#1335 = CARTESIAN_POINT('',(-8.228886353835,-55.));
#1336 = VECTOR('',#1337,1.);
#1337 = DIRECTION('',(1.,0.));
#1338 = ( GEOMETRIC_REPRESENTATION_CONTEXT(2) 
PARAMETRIC_REPRESENTATION_CONTEXT() REPRESENTATION_CONTEXT('2D SPACE',''
  ) );
#1339 = PCURVE('',#1005,#1340);
#1340 = DEFINITIONAL_REPRESENTATION('',(#1341),#1345);
#1341 = LINE('',#1342,#1343);
#1342 = CARTESIAN_POINT('',(0.,80.));
#1343 = VECTOR('',#1344,1.);
#1344 = DIRECTION('',(1.,0.));
#1345 = ( GEOMETRIC_REPRESENTATION_CONTEXT(2) 
PARAMETRIC_REPRESENTATION_CONTEXT() REPRESENTATION_CONTEXT('2D SPACE',''
  ) );
#1346 = ORIENTED_EDGE('',*,*,#1347,.T.);
#1347 = EDGE_CURVE('',#1325,#680,#1348,.T.);
#1348 = SURFACE_CURVE('',#1349,(#1354,#1361),.PCURVE_S1.);
#1349 = CIRCLE('',#1350,81.098837209302);
#1350 = AXIS2_PLACEMENT_3D('',#1351,#1352,#1353);
#1351 = CARTESIAN_POINT('',(-80.,-1.7763568394E-15,-59.0988372093));
#1352 = DIRECTION('',(1.,0.,0.));
#1353 = DIRECTION('',(-0.,0.678184816116,0.734891390064));
#1354 = PCURVE('',#601,#1355);
#1355 = DEFINITIONAL_REPRESENTATION('',(#1356),#1360);
#1356 = CIRCLE('',#1357,81.098837209302);
#1357 = AXIS2_PLACEMENT_2D('',#1358,#1359);
#1358 = CARTESIAN_POINT('',(-64.32772356313,1.055739453861E-15));
#1359 = DIRECTION('',(0.734891390064,-0.678184816116));
#1360 = ( GEOMETRIC_REPRESENTATION_CONTEXT(2) 
PARAMETRIC_REPRESENTATION_CONTEXT() REPRESENTATION_CONTEXT('2D SPACE',''
  ) );
#1361 = PCURVE('',#695,#1362);
#1362 = DEFINITIONAL_REPRESENTATION('',(#1363),#1367);
#1363 = LINE('',#1364,#1365);
#1364 = CARTESIAN_POINT('',(0.,80.));
#1365 = VECTOR('',#1366,1.);
#1366 = DIRECTION('',(-1.,-0.));
#1367 = ( GEOMETRIC_REPRESENTATION_CONTEXT(2) 
PARAMETRIC_REPRESENTATION_CONTEXT() REPRESENTATION_CONTEXT('2D SPACE',''
  ) );
#1368 = ADVANCED_FACE('',(#1369),#565,.F.);
#1369 = FACE_BOUND('',#1370,.F.);
#1370 = EDGE_LOOP('',(#1371,#1372,#1373,#1395));
#1371 = ORIENTED_EDGE('',*,*,#548,.T.);
#1372 = ORIENTED_EDGE('',*,*,#1268,.T.);
#1373 = ORIENTED_EDGE('',*,*,#1374,.T.);
#1374 = EDGE_CURVE('',#1269,#1178,#1375,.T.);
#1375 = SURFACE_CURVE('',#1376,(#1381,#1388),.PCURVE_S1.);
#1376 = CIRCLE('',#1377,24.000000097227);
#1377 = AXIS2_PLACEMENT_3D('',#1378,#1379,#1380);
#1378 = CARTESIAN_POINT('',(-62.99999990277,37.999999902773,0.));
#1379 = DIRECTION('',(0.,0.,1.));
#1380 = DIRECTION('',(-4.051126232864E-09,1.,0.));
#1381 = PCURVE('',#565,#1382);
#1382 = DEFINITIONAL_REPRESENTATION('',(#1383),#1387);
#1383 = CIRCLE('',#1384,24.000000097227);
#1384 = AXIS2_PLACEMENT_2D('',#1385,#1386);
#1385 = CARTESIAN_POINT('',(-3.078855929099E-07,-75.99999980554));
#1386 = DIRECTION('',(0.,-1.));
#1387 = ( GEOMETRIC_REPRESENTATION_CONTEXT(2) 
PARAMETRIC_REPRESENTATION_CONTEXT() REPRESENTATION_CONTEXT('2D SPACE',''
  ) );
#1388 = PCURVE('',#1235,#1389);
#1389 = DEFINITIONAL_REPRESENTATION('',(#1390),#1394);
#1390 = LINE('',#1391,#1392);
#1391 = CARTESIAN_POINT('',(0.,0.));
#1392 = VECTOR('',#1393,1.);
#1393 = DIRECTION('',(1.,0.));
#1394 = ( GEOMETRIC_REPRESENTATION_CONTEXT(2) 
PARAMETRIC_REPRESENTATION_CONTEXT() REPRESENTATION_CONTEXT('2D SPACE',''
  ) );
#1395 = ORIENTED_EDGE('',*,*,#1177,.T.);
#1396 = ADVANCED_FACE('',(#1397),#695,.F.);
#1397 = FACE_BOUND('',#1398,.T.);
#1398 = EDGE_LOOP('',(#1399,#1400,#1401,#1402));
#1399 = ORIENTED_EDGE('',*,*,#1017,.T.);
#1400 = ORIENTED_EDGE('',*,*,#677,.T.);
#1401 = ORIENTED_EDGE('',*,*,#1347,.F.);
#1402 = ORIENTED_EDGE('',*,*,#1403,.T.);
#1403 = EDGE_CURVE('',#1325,#990,#1404,.T.);
#1404 = SURFACE_CURVE('',#1405,(#1409,#1416),.PCURVE_S1.);
#1405 = LINE('',#1406,#1407);
#1406 = CARTESIAN_POINT('',(-80.,55.,0.5));
#1407 = VECTOR('',#1408,1.);
#1408 = DIRECTION('',(1.,0.,0.));
#1409 = PCURVE('',#695,#1410);
#1410 = DEFINITIONAL_REPRESENTATION('',(#1411),#1415);
#1411 = LINE('',#1412,#1413);
#1412 = CARTESIAN_POINT('',(-0.,80.));
#1413 = VECTOR('',#1414,1.);
#1414 = DIRECTION('',(-0.,-1.));
#1415 = ( GEOMETRIC_REPRESENTATION_CONTEXT(2) 
PARAMETRIC_REPRESENTATION_CONTEXT() REPRESENTATION_CONTEXT('2D SPACE',''
  ) );
#1416 = PCURVE('',#1005,#1417);
#1417 = DEFINITIONAL_REPRESENTATION('',(#1418),#1422);
#1418 = LINE('',#1419,#1420);
#1419 = CARTESIAN_POINT('',(3.5,80.));
#1420 = VECTOR('',#1421,1.);
#1421 = DIRECTION('',(0.,-1.));
#1422 = ( GEOMETRIC_REPRESENTATION_CONTEXT(2) 
PARAMETRIC_REPRESENTATION_CONTEXT() REPRESENTATION_CONTEXT('2D SPACE',''
  ) );
#1423 = ADVANCED_FACE('',(#1424),#771,.T.);
#1424 = FACE_BOUND('',#1425,.T.);
#1425 = EDGE_LOOP('',(#1426,#1427,#1470,#1496));
#1426 = ORIENTED_EDGE('',*,*,#879,.T.);
#1427 = ORIENTED_EDGE('',*,*,#1428,.T.);
#1428 = EDGE_CURVE('',#837,#1429,#1431,.T.);
#1429 = VERTEX_POINT('',#1430);
#1430 = CARTESIAN_POINT('',(101.4,41.65,22.));
#1431 = SURFACE_CURVE('',#1432,(#1435,#1442),.PCURVE_S1.);
#1432 = B_SPLINE_CURVE_WITH_KNOTS('',1,(#1433,#1434),.UNSPECIFIED.,.F.,
  .F.,(2,2),(0.,1.),.PIECEWISE_BEZIER_KNOTS.);
#1433 = CARTESIAN_POINT('',(97.,40.,10.));
#1434 = CARTESIAN_POINT('',(101.4,41.65,22.));
#1435 = PCURVE('',#771,#1436);
#1436 = DEFINITIONAL_REPRESENTATION('',(#1437),#1441);
#1437 = LINE('',#1438,#1439);
#1438 = CARTESIAN_POINT('',(83.3,0.));
#1439 = VECTOR('',#1440,1.);
#1440 = DIRECTION('',(0.,1.));
#1441 = ( GEOMETRIC_REPRESENTATION_CONTEXT(2) 
PARAMETRIC_REPRESENTATION_CONTEXT() REPRESENTATION_CONTEXT('2D SPACE',''
  ) );
#1442 = PCURVE('',#1443,#1464);
#1443 = B_SPLINE_SURFACE_WITH_KNOTS('',9,1,(
    (#1444,#1445)
    ,(#1446,#1447)
    ,(#1448,#1449)
    ,(#1450,#1451)
    ,(#1452,#1453)
    ,(#1454,#1455)
    ,(#1456,#1457)
    ,(#1458,#1459)
    ,(#1460,#1461)
    ,(#1462,#1463
    )),.UNSPECIFIED.,.F.,.F.,.F.,(10,10),(2,2),(0.,1.570796318693),(0.,
    1.),.PIECEWISE_BEZIER_KNOTS.);
#1444 = CARTESIAN_POINT('',(97.,40.,10.));
#1445 = CARTESIAN_POINT('',(101.4,41.65,22.));
#1446 = CARTESIAN_POINT('',(96.999999977371,45.585053600197,10.));
#1447 = CARTESIAN_POINT('',(101.39999997596,47.584119450212,22.));
#1448 = CARTESIAN_POINT('',(95.903377339054,51.170107276,10.000000000001
    ));
#1449 = CARTESIAN_POINT('',(100.23483842273,53.518238980741,22.));
#1450 = CARTESIAN_POINT('',(93.710131318757,56.509078792066,
    9.999999999997));
#1451 = CARTESIAN_POINT('',(97.904514526206,59.190896216588,22.));
#1452 = CARTESIAN_POINT('',(90.484689214807,61.355889396337,
    10.000000000003));
#1453 = CARTESIAN_POINT('',(94.4774822907,64.340632483586,22.));
#1454 = CARTESIAN_POINT('',(86.355889396288,65.484689214756,
    9.999999999997));
#1455 = CARTESIAN_POINT('',(90.090632483584,68.727482290698,22.));
#1456 = CARTESIAN_POINT('',(81.509078792099,68.710131318795,
    10.000000000002));
#1457 = CARTESIAN_POINT('',(84.940896216589,72.154514526207,22.));
#1458 = CARTESIAN_POINT('',(76.170107275985,70.903377339035,
    9.999999999999));
#1459 = CARTESIAN_POINT('',(79.268238980741,74.484838422731,22.));
#1460 = CARTESIAN_POINT('',(70.585053600201,71.999999977376,10.));
#1461 = CARTESIAN_POINT('',(73.334119450212,75.64999997596,22.));
#1462 = CARTESIAN_POINT('',(65.,72.,10.));
#1463 = CARTESIAN_POINT('',(67.4,75.65,22.));
#1464 = DEFINITIONAL_REPRESENTATION('',(#1465),#1469);
#1465 = LINE('',#1466,#1467);
#1466 = CARTESIAN_POINT('',(0.,0.));
#1467 = VECTOR('',#1468,1.);
#1468 = DIRECTION('',(0.,1.));
#1469 = ( GEOMETRIC_REPRESENTATION_CONTEXT(2) 
PARAMETRIC_REPRESENTATION_CONTEXT() REPRESENTATION_CONTEXT('2D SPACE',''
  ) );
#1470 = ORIENTED_EDGE('',*,*,#1471,.F.);
#1471 = EDGE_CURVE('',#757,#1429,#1472,.T.);
#1472 = SURFACE_CURVE('',#1473,(#1477,#1484),.PCURVE_S1.);
#1473 = LINE('',#1474,#1475);
#1474 = CARTESIAN_POINT('',(101.4,-41.65,22.));
#1475 = VECTOR('',#1476,1.);
#1476 = DIRECTION('',(0.,1.,0.));
#1477 = PCURVE('',#771,#1478);
#1478 = DEFINITIONAL_REPRESENTATION('',(#1479),#1483);
#1479 = LINE('',#1480,#1481);
#1480 = CARTESIAN_POINT('',(0.,1.));
#1481 = VECTOR('',#1482,1.);
#1482 = DIRECTION('',(1.,0.));
#1483 = ( GEOMETRIC_REPRESENTATION_CONTEXT(2) 
PARAMETRIC_REPRESENTATION_CONTEXT() REPRESENTATION_CONTEXT('2D SPACE',''
  ) );
#1484 = PCURVE('',#1485,#1490);
#1485 = PLANE('',#1486);
#1486 = AXIS2_PLACEMENT_3D('',#1487,#1488,#1489);
#1487 = CARTESIAN_POINT('',(101.4,-41.65,30.));
#1488 = DIRECTION('',(1.,0.,0.));
#1489 = DIRECTION('',(-0.,1.,0.));
#1490 = DEFINITIONAL_REPRESENTATION('',(#1491),#1495);
#1491 = LINE('',#1492,#1493);
#1492 = CARTESIAN_POINT('',(0.,-8.));
#1493 = VECTOR('',#1494,1.);
#1494 = DIRECTION('',(1.,0.));
#1495 = ( GEOMETRIC_REPRESENTATION_CONTEXT(2) 
PARAMETRIC_REPRESENTATION_CONTEXT() REPRESENTATION_CONTEXT('2D SPACE',''
  ) );
#1496 = ORIENTED_EDGE('',*,*,#756,.F.);
#1497 = ADVANCED_FACE('',(#1498),#798,.T.);
#1498 = FACE_BOUND('',#1499,.T.);
#1499 = EDGE_LOOP('',(#1500,#1501,#1524,#1567));
#1500 = ORIENTED_EDGE('',*,*,#783,.T.);
#1501 = ORIENTED_EDGE('',*,*,#1502,.T.);
#1502 = EDGE_CURVE('',#757,#1503,#1505,.T.);
#1503 = VERTEX_POINT('',#1504);
#1504 = CARTESIAN_POINT('',(101.4,-41.65,238.));
#1505 = SURFACE_CURVE('',#1506,(#1510,#1517),.PCURVE_S1.);
#1506 = LINE('',#1507,#1508);
#1507 = CARTESIAN_POINT('',(101.4,-41.65,22.));
#1508 = VECTOR('',#1509,1.);
#1509 = DIRECTION('',(0.,0.,1.));
#1510 = PCURVE('',#798,#1511);
#1511 = DEFINITIONAL_REPRESENTATION('',(#1512),#1516);
#1512 = LINE('',#1513,#1514);
#1513 = CARTESIAN_POINT('',(1.570796318693,0.));
#1514 = VECTOR('',#1515,1.);
#1515 = DIRECTION('',(0.,1.));
#1516 = ( GEOMETRIC_REPRESENTATION_CONTEXT(2) 
PARAMETRIC_REPRESENTATION_CONTEXT() REPRESENTATION_CONTEXT('2D SPACE',''
  ) );
#1517 = PCURVE('',#1485,#1518);
#1518 = DEFINITIONAL_REPRESENTATION('',(#1519),#1523);
#1519 = LINE('',#1520,#1521);
#1520 = CARTESIAN_POINT('',(0.,-8.));
#1521 = VECTOR('',#1522,1.);
#1522 = DIRECTION('',(0.,1.));
#1523 = ( GEOMETRIC_REPRESENTATION_CONTEXT(2) 
PARAMETRIC_REPRESENTATION_CONTEXT() REPRESENTATION_CONTEXT('2D SPACE',''
  ) );
#1524 = ORIENTED_EDGE('',*,*,#1525,.F.);
#1525 = EDGE_CURVE('',#1044,#1503,#1526,.T.);
#1526 = SURFACE_CURVE('',#1527,(#1532,#1539),.PCURVE_S1.);
#1527 = CIRCLE('',#1528,34.000000137738);
#1528 = AXIS2_PLACEMENT_3D('',#1529,#1530,#1531);
#1529 = CARTESIAN_POINT('',(67.399999862262,-41.64999986226,238.));
#1530 = DIRECTION('',(0.,0.,1.));
#1531 = DIRECTION('',(4.051126790152E-09,-1.,0.));
#1532 = PCURVE('',#798,#1533);
#1533 = DEFINITIONAL_REPRESENTATION('',(#1534),#1538);
#1534 = LINE('',#1535,#1536);
#1535 = CARTESIAN_POINT('',(0.,216.));
#1536 = VECTOR('',#1537,1.);
#1537 = DIRECTION('',(1.,0.));
#1538 = ( GEOMETRIC_REPRESENTATION_CONTEXT(2) 
PARAMETRIC_REPRESENTATION_CONTEXT() REPRESENTATION_CONTEXT('2D SPACE',''
  ) );
#1539 = PCURVE('',#1540,#1561);
#1540 = B_SPLINE_SURFACE_WITH_KNOTS('',9,1,(
    (#1541,#1542)
    ,(#1543,#1544)
    ,(#1545,#1546)
    ,(#1547,#1548)
    ,(#1549,#1550)
    ,(#1551,#1552)
    ,(#1553,#1554)
    ,(#1555,#1556)
    ,(#1557,#1558)
    ,(#1559,#1560
    )),.UNSPECIFIED.,.F.,.F.,.F.,(10,10),(2,2),(0.,1.570796318693),(0.,
    1.),.PIECEWISE_BEZIER_KNOTS.);
#1541 = CARTESIAN_POINT('',(67.4,-75.65,238.));
#1542 = CARTESIAN_POINT('',(64.,-74.,258.));
#1543 = CARTESIAN_POINT('',(73.334119450212,-75.64999997596,238.));
#1544 = CARTESIAN_POINT('',(70.283185300224,-73.99999997454,
    257.99999999999));
#1545 = CARTESIAN_POINT('',(79.268238980743,-74.48483842273,
    237.99999999999));
#1546 = CARTESIAN_POINT('',(76.566370685495,-72.76629950642,258.));
#1547 = CARTESIAN_POINT('',(84.940896216583,-72.1545145262,238.));
#1548 = CARTESIAN_POINT('',(82.572713641084,-70.29889773362,
    257.99999999998));
#1549 = CARTESIAN_POINT('',(90.090632483593,-68.7274822907,
    237.99999999999));
#1550 = CARTESIAN_POINT('',(88.025375570867,-66.67027536663,
    258.00000000002));
#1551 = CARTESIAN_POINT('',(94.477482290691,-64.34063248358,238.));
#1552 = CARTESIAN_POINT('',(92.670275366612,-62.02537557084,
    257.99999999998));
#1553 = CARTESIAN_POINT('',(97.904514526213,-59.19089621659,
    237.99999999999));
#1554 = CARTESIAN_POINT('',(96.298897733637,-56.57271364109,258.));
#1555 = CARTESIAN_POINT('',(100.23483842272,-53.51823898073,238.));
#1556 = CARTESIAN_POINT('',(98.766299506419,-50.56637068548,
    257.99999999999));
#1557 = CARTESIAN_POINT('',(101.39999997596,-47.58411945021,238.));
#1558 = CARTESIAN_POINT('',(99.999999974547,-44.28318530022,258.));
#1559 = CARTESIAN_POINT('',(101.4,-41.65,238.));
#1560 = CARTESIAN_POINT('',(100.,-38.,258.));
#1561 = DEFINITIONAL_REPRESENTATION('',(#1562),#1566);
#1562 = LINE('',#1563,#1564);
#1563 = CARTESIAN_POINT('',(0.,0.));
#1564 = VECTOR('',#1565,1.);
#1565 = DIRECTION('',(1.,0.));
#1566 = ( GEOMETRIC_REPRESENTATION_CONTEXT(2) 
PARAMETRIC_REPRESENTATION_CONTEXT() REPRESENTATION_CONTEXT('2D SPACE',''
  ) );
#1567 = ORIENTED_EDGE('',*,*,#1043,.F.);
#1568 = ADVANCED_FACE('',(#1569),#851,.T.);
#1569 = FACE_BOUND('',#1570,.T.);
#1570 = EDGE_LOOP('',(#1571,#1572,#1573,#1574,#1609,#1638,#1665));
#1571 = ORIENTED_EDGE('',*,*,#836,.F.);
#1572 = ORIENTED_EDGE('',*,*,#926,.T.);
#1573 = ORIENTED_EDGE('',*,*,#954,.T.);
#1574 = ORIENTED_EDGE('',*,*,#1575,.F.);
#1575 = EDGE_CURVE('',#1576,#955,#1578,.T.);
#1576 = VERTEX_POINT('',#1577);
#1577 = CARTESIAN_POINT('',(79.941074289044,55.,0.));
#1578 = SURFACE_CURVE('',#1579,(#1587,#1598),.PCURVE_S1.);
#1579 = B_SPLINE_CURVE_WITH_KNOTS('',3,(#1580,#1581,#1582,#1583,#1584,
    #1585,#1586),.UNSPECIFIED.,.F.,.F.,(4,1,1,1,4),(0.,0.26024940949,
    0.520416149678,0.780500426688,1.),.UNSPECIFIED.);
#1580 = CARTESIAN_POINT('',(79.941074286488,55.,0.));
#1581 = CARTESIAN_POINT('',(79.946187412867,55.,3.333120590371E-03));
#1582 = CARTESIAN_POINT('',(79.956411347085,55.,9.999362997943E-03));
#1583 = CARTESIAN_POINT('',(79.971742736249,55.,2.000031493773E-02));
#1584 = CARTESIAN_POINT('',(79.986271706672,55.,2.948212114197E-02));
#1585 = CARTESIAN_POINT('',(79.995689732495,55.,3.563101329744E-02));
#1586 = CARTESIAN_POINT('',(80.,55.,3.844565973705E-02));
#1587 = PCURVE('',#851,#1588);
#1588 = DEFINITIONAL_REPRESENTATION('',(#1589),#1597);
#1589 = B_SPLINE_CURVE_WITH_KNOTS('',3,(#1590,#1591,#1592,#1593,#1594,
    #1595,#1596),.UNSPECIFIED.,.F.,.F.,(4,1,1,1,4),(0.,0.26024940949,
    0.520416149678,0.780500426688,1.),.UNSPECIFIED.);
#1590 = CARTESIAN_POINT('',(0.787134275735,0.));
#1591 = CARTESIAN_POINT('',(0.786983435685,3.333120590371E-04));
#1592 = CARTESIAN_POINT('',(0.786681924551,9.999362997943E-04));
#1593 = CARTESIAN_POINT('',(0.786230092236,2.000031493773E-03));
#1594 = CARTESIAN_POINT('',(0.785802193293,2.948212114197E-03));
#1595 = CARTESIAN_POINT('',(0.785524989288,3.563101329744E-03));
#1596 = CARTESIAN_POINT('',(0.785398159346,3.844565973705E-03));
#1597 = ( GEOMETRIC_REPRESENTATION_CONTEXT(2) 
PARAMETRIC_REPRESENTATION_CONTEXT() REPRESENTATION_CONTEXT('2D SPACE',''
  ) );
#1598 = PCURVE('',#1005,#1599);
#1599 = DEFINITIONAL_REPRESENTATION('',(#1600),#1608);
#1600 = B_SPLINE_CURVE_WITH_KNOTS('',3,(#1601,#1602,#1603,#1604,#1605,
    #1606,#1607),.UNSPECIFIED.,.F.,.F.,(4,1,1,1,4),(0.,0.26024940949,
    0.520416149678,0.780500426688,1.),.UNSPECIFIED.);
#1601 = CARTESIAN_POINT('',(3.,-79.94107428648));
#1602 = CARTESIAN_POINT('',(3.00333312059,-79.94618741286));
#1603 = CARTESIAN_POINT('',(3.009999362998,-79.95641134708));
#1604 = CARTESIAN_POINT('',(3.020000314938,-79.97174273624));
#1605 = CARTESIAN_POINT('',(3.029482121142,-79.98627170667));
#1606 = CARTESIAN_POINT('',(3.035631013297,-79.99568973249));
#1607 = CARTESIAN_POINT('',(3.038445659737,-80.));
#1608 = ( GEOMETRIC_REPRESENTATION_CONTEXT(2) 
PARAMETRIC_REPRESENTATION_CONTEXT() REPRESENTATION_CONTEXT('2D SPACE',''
  ) );
#1609 = ORIENTED_EDGE('',*,*,#1610,.T.);
#1610 = EDGE_CURVE('',#1576,#1611,#1613,.T.);
#1611 = VERTEX_POINT('',#1612);
#1612 = CARTESIAN_POINT('',(63.,62.,0.));
#1613 = SURFACE_CURVE('',#1614,(#1619,#1626),.PCURVE_S1.);
#1614 = CIRCLE('',#1615,24.000000097227);
#1615 = AXIS2_PLACEMENT_3D('',#1616,#1617,#1618);
#1616 = CARTESIAN_POINT('',(62.999999902773,37.999999902773,0.));
#1617 = DIRECTION('',(0.,0.,1.));
#1618 = DIRECTION('',(1.,4.051126232864E-09,-0.));
#1619 = PCURVE('',#851,#1620);
#1620 = DEFINITIONAL_REPRESENTATION('',(#1621),#1625);
#1621 = LINE('',#1622,#1623);
#1622 = CARTESIAN_POINT('',(0.,0.));
#1623 = VECTOR('',#1624,1.);
#1624 = DIRECTION('',(1.,0.));
#1625 = ( GEOMETRIC_REPRESENTATION_CONTEXT(2) 
PARAMETRIC_REPRESENTATION_CONTEXT() REPRESENTATION_CONTEXT('2D SPACE',''
  ) );
#1626 = PCURVE('',#1627,#1632);
#1627 = PLANE('',#1628);
#1628 = AXIS2_PLACEMENT_3D('',#1629,#1630,#1631);
#1629 = CARTESIAN_POINT('',(-62.99999990277,-37.99999990277,0.));
#1630 = DIRECTION('',(0.,0.,1.));
#1631 = DIRECTION('',(-1.,-4.051126232864E-09,0.));
#1632 = DEFINITIONAL_REPRESENTATION('',(#1633),#1637);
#1633 = CIRCLE('',#1634,24.000000097227);
#1634 = AXIS2_PLACEMENT_2D('',#1635,#1636);
#1635 = CARTESIAN_POINT('',(-126.0000001134,-75.9999992951));
#1636 = DIRECTION('',(-1.,0.));
#1637 = ( GEOMETRIC_REPRESENTATION_CONTEXT(2) 
PARAMETRIC_REPRESENTATION_CONTEXT() REPRESENTATION_CONTEXT('2D SPACE',''
  ) );
#1638 = ORIENTED_EDGE('',*,*,#1639,.T.);
#1639 = EDGE_CURVE('',#1611,#1640,#1642,.T.);
#1640 = VERTEX_POINT('',#1641);
#1641 = CARTESIAN_POINT('',(65.,72.,10.));
#1642 = SURFACE_CURVE('',#1643,(#1646,#1653),.PCURVE_S1.);
#1643 = B_SPLINE_CURVE_WITH_KNOTS('',1,(#1644,#1645),.UNSPECIFIED.,.F.,
  .F.,(2,2),(0.,1.),.PIECEWISE_BEZIER_KNOTS.);
#1644 = CARTESIAN_POINT('',(63.,62.,0.));
#1645 = CARTESIAN_POINT('',(65.,72.,10.));
#1646 = PCURVE('',#851,#1647);
#1647 = DEFINITIONAL_REPRESENTATION('',(#1648),#1652);
#1648 = LINE('',#1649,#1650);
#1649 = CARTESIAN_POINT('',(1.570796318693,0.));
#1650 = VECTOR('',#1651,1.);
#1651 = DIRECTION('',(0.,1.));
#1652 = ( GEOMETRIC_REPRESENTATION_CONTEXT(2) 
PARAMETRIC_REPRESENTATION_CONTEXT() REPRESENTATION_CONTEXT('2D SPACE',''
  ) );
#1653 = PCURVE('',#1654,#1659);
#1654 = B_SPLINE_SURFACE_WITH_KNOTS('',1,1,(
    (#1655,#1656)
    ,(#1657,#1658
    )),.UNSPECIFIED.,.F.,.F.,.F.,(2,2),(2,2),(0.,130.),(0.,1.),
  .PIECEWISE_BEZIER_KNOTS.);
#1655 = CARTESIAN_POINT('',(63.,62.,0.));
#1656 = CARTESIAN_POINT('',(65.,72.,10.));
#1657 = CARTESIAN_POINT('',(-63.,62.,0.));
#1658 = CARTESIAN_POINT('',(-65.,72.,10.));
#1659 = DEFINITIONAL_REPRESENTATION('',(#1660),#1664);
#1660 = LINE('',#1661,#1662);
#1661 = CARTESIAN_POINT('',(0.,0.));
#1662 = VECTOR('',#1663,1.);
#1663 = DIRECTION('',(0.,1.));
#1664 = ( GEOMETRIC_REPRESENTATION_CONTEXT(2) 
PARAMETRIC_REPRESENTATION_CONTEXT() REPRESENTATION_CONTEXT('2D SPACE',''
  ) );
#1665 = ORIENTED_EDGE('',*,*,#1666,.F.);
#1666 = EDGE_CURVE('',#837,#1640,#1667,.T.);
#1667 = SURFACE_CURVE('',#1668,(#1673,#1680),.PCURVE_S1.);
#1668 = CIRCLE('',#1669,32.000000129636);
#1669 = AXIS2_PLACEMENT_3D('',#1670,#1671,#1672);
#1670 = CARTESIAN_POINT('',(64.999999870364,39.999999870364,10.));
#1671 = DIRECTION('',(0.,0.,1.));
#1672 = DIRECTION('',(1.,4.051126084834E-09,-0.));
#1673 = PCURVE('',#851,#1674);
#1674 = DEFINITIONAL_REPRESENTATION('',(#1675),#1679);
#1675 = LINE('',#1676,#1677);
#1676 = CARTESIAN_POINT('',(0.,1.));
#1677 = VECTOR('',#1678,1.);
#1678 = DIRECTION('',(1.,0.));
#1679 = ( GEOMETRIC_REPRESENTATION_CONTEXT(2) 
PARAMETRIC_REPRESENTATION_CONTEXT() REPRESENTATION_CONTEXT('2D SPACE',''
  ) );
#1680 = PCURVE('',#1443,#1681);
#1681 = DEFINITIONAL_REPRESENTATION('',(#1682),#1686);
#1682 = LINE('',#1683,#1684);
#1683 = CARTESIAN_POINT('',(0.,0.));
#1684 = VECTOR('',#1685,1.);
#1685 = DIRECTION('',(1.,0.));
#1686 = ( GEOMETRIC_REPRESENTATION_CONTEXT(2) 
PARAMETRIC_REPRESENTATION_CONTEXT() REPRESENTATION_CONTEXT('2D SPACE',''
  ) );
#1687 = ADVANCED_FACE('',(#1688),#1005,.T.);
#1688 = FACE_BOUND('',#1689,.T.);
#1689 = EDGE_LOOP('',(#1690,#1691,#1692,#1693,#1694,#1729));
#1690 = ORIENTED_EDGE('',*,*,#1575,.T.);
#1691 = ORIENTED_EDGE('',*,*,#989,.T.);
#1692 = ORIENTED_EDGE('',*,*,#1403,.F.);
#1693 = ORIENTED_EDGE('',*,*,#1324,.F.);
#1694 = ORIENTED_EDGE('',*,*,#1695,.F.);
#1695 = EDGE_CURVE('',#1696,#1290,#1698,.T.);
#1696 = VERTEX_POINT('',#1697);
#1697 = CARTESIAN_POINT('',(-79.94107428904,55.,0.));
#1698 = SURFACE_CURVE('',#1699,(#1707,#1718),.PCURVE_S1.);
#1699 = B_SPLINE_CURVE_WITH_KNOTS('',3,(#1700,#1701,#1702,#1703,#1704,
    #1705,#1706),.UNSPECIFIED.,.F.,.F.,(4,1,1,1,4),(0.,0.26024940949,
    0.520416149678,0.780500426689,1.),.UNSPECIFIED.);
#1700 = CARTESIAN_POINT('',(-79.94107428648,55.,0.));
#1701 = CARTESIAN_POINT('',(-79.94618741286,55.,3.333120590373E-03));
#1702 = CARTESIAN_POINT('',(-79.95641134708,55.,9.999362997928E-03));
#1703 = CARTESIAN_POINT('',(-79.97174273624,55.,2.000031493774E-02));
#1704 = CARTESIAN_POINT('',(-79.98627170667,55.,2.948212114197E-02));
#1705 = CARTESIAN_POINT('',(-79.99568973249,55.,3.563101329741E-02));
#1706 = CARTESIAN_POINT('',(-80.,55.,3.844565973702E-02));
#1707 = PCURVE('',#1005,#1708);
#1708 = DEFINITIONAL_REPRESENTATION('',(#1709),#1717);
#1709 = B_SPLINE_CURVE_WITH_KNOTS('',3,(#1710,#1711,#1712,#1713,#1714,
    #1715,#1716),.UNSPECIFIED.,.F.,.F.,(4,1,1,1,4),(0.,0.26024940949,
    0.520416149678,0.780500426689,1.),.UNSPECIFIED.);
#1710 = CARTESIAN_POINT('',(3.,79.941074286488));
#1711 = CARTESIAN_POINT('',(3.00333312059,79.946187412867));
#1712 = CARTESIAN_POINT('',(3.009999362998,79.956411347085));
#1713 = CARTESIAN_POINT('',(3.020000314938,79.971742736249));
#1714 = CARTESIAN_POINT('',(3.029482121142,79.986271706672));
#1715 = CARTESIAN_POINT('',(3.035631013297,79.995689732495));
#1716 = CARTESIAN_POINT('',(3.038445659737,80.));
#1717 = ( GEOMETRIC_REPRESENTATION_CONTEXT(2) 
PARAMETRIC_REPRESENTATION_CONTEXT() REPRESENTATION_CONTEXT('2D SPACE',''
  ) );
#1718 = PCURVE('',#1235,#1719);
#1719 = DEFINITIONAL_REPRESENTATION('',(#1720),#1728);
#1720 = B_SPLINE_CURVE_WITH_KNOTS('',3,(#1721,#1722,#1723,#1724,#1725,
    #1726,#1727),.UNSPECIFIED.,.F.,.F.,(4,1,1,1,4),(0.,0.26024940949,
    0.520416149678,0.780500426689,1.),.UNSPECIFIED.);
#1721 = CARTESIAN_POINT('',(0.783662042957,0.));
#1722 = CARTESIAN_POINT('',(0.783812883008,3.333120590373E-04));
#1723 = CARTESIAN_POINT('',(0.784114394141,9.999362997927E-04));
#1724 = CARTESIAN_POINT('',(0.784566226456,2.000031493774E-03));
#1725 = CARTESIAN_POINT('',(0.784994125399,2.948212114197E-03));
#1726 = CARTESIAN_POINT('',(0.785271329405,3.563101329741E-03));
#1727 = CARTESIAN_POINT('',(0.785398159346,3.844565973702E-03));
#1728 = ( GEOMETRIC_REPRESENTATION_CONTEXT(2) 
PARAMETRIC_REPRESENTATION_CONTEXT() REPRESENTATION_CONTEXT('2D SPACE',''
  ) );
#1729 = ORIENTED_EDGE('',*,*,#1730,.T.);
#1730 = EDGE_CURVE('',#1696,#1576,#1731,.T.);
#1731 = SURFACE_CURVE('',#1732,(#1736,#1742),.PCURVE_S1.);
#1732 = LINE('',#1733,#1734);
#1733 = CARTESIAN_POINT('',(-31.49999995138,55.,0.));
#1734 = VECTOR('',#1735,1.);
#1735 = DIRECTION('',(1.,0.,-0.));
#1736 = PCURVE('',#1005,#1737);
#1737 = DEFINITIONAL_REPRESENTATION('',(#1738),#1741);
#1738 = B_SPLINE_CURVE_WITH_KNOTS('',1,(#1739,#1740),.UNSPECIFIED.,.F.,
  .F.,(2,2),(-48.50000004861,111.49999995138),.PIECEWISE_BEZIER_KNOTS.);
#1739 = CARTESIAN_POINT('',(3.,80.));
#1740 = CARTESIAN_POINT('',(3.,-80.));
#1741 = ( GEOMETRIC_REPRESENTATION_CONTEXT(2) 
PARAMETRIC_REPRESENTATION_CONTEXT() REPRESENTATION_CONTEXT('2D SPACE',''
  ) );
#1742 = PCURVE('',#1627,#1743);
#1743 = DEFINITIONAL_REPRESENTATION('',(#1744),#1747);
#1744 = B_SPLINE_CURVE_WITH_KNOTS('',1,(#1745,#1746),.UNSPECIFIED.,.F.,
  .F.,(2,2),(-48.50000004861,111.49999995138),.PIECEWISE_BEZIER_KNOTS.);
#1745 = CARTESIAN_POINT('',(16.999999720472,-92.99999997164));
#1746 = CARTESIAN_POINT('',(-143.0000002795,-92.99999932346));
#1747 = ( GEOMETRIC_REPRESENTATION_CONTEXT(2) 
PARAMETRIC_REPRESENTATION_CONTEXT() REPRESENTATION_CONTEXT('2D SPACE',''
  ) );
#1748 = ADVANCED_FACE('',(#1749),#1082,.T.);
#1749 = FACE_BOUND('',#1750,.T.);
#1750 = EDGE_LOOP('',(#1751,#1794,#1795,#1817,#1844,#1878,#1993,#2018,
    #2148,#2182));
#1751 = ORIENTED_EDGE('',*,*,#1752,.F.);
#1752 = EDGE_CURVE('',#1067,#1753,#1755,.T.);
#1753 = VERTEX_POINT('',#1754);
#1754 = CARTESIAN_POINT('',(-64.,-74.,258.));
#1755 = SURFACE_CURVE('',#1756,(#1759,#1766),.PCURVE_S1.);
#1756 = B_SPLINE_CURVE_WITH_KNOTS('',1,(#1757,#1758),.UNSPECIFIED.,.F.,
  .F.,(2,2),(0.,1.),.PIECEWISE_BEZIER_KNOTS.);
#1757 = CARTESIAN_POINT('',(-67.4,-75.65,238.));
#1758 = CARTESIAN_POINT('',(-64.,-74.,258.));
#1759 = PCURVE('',#1082,#1760);
#1760 = DEFINITIONAL_REPRESENTATION('',(#1761),#1765);
#1761 = LINE('',#1762,#1763);
#1762 = CARTESIAN_POINT('',(0.,0.));
#1763 = VECTOR('',#1764,1.);
#1764 = DIRECTION('',(0.,1.));
#1765 = ( GEOMETRIC_REPRESENTATION_CONTEXT(2) 
PARAMETRIC_REPRESENTATION_CONTEXT() REPRESENTATION_CONTEXT('2D SPACE',''
  ) );
#1766 = PCURVE('',#1767,#1788);
#1767 = B_SPLINE_SURFACE_WITH_KNOTS('',9,1,(
    (#1768,#1769)
    ,(#1770,#1771)
    ,(#1772,#1773)
    ,(#1774,#1775)
    ,(#1776,#1777)
    ,(#1778,#1779)
    ,(#1780,#1781)
    ,(#1782,#1783)
    ,(#1784,#1785)
    ,(#1786,#1787
    )),.UNSPECIFIED.,.F.,.F.,.F.,(10,10),(2,2),(0.,1.570796318693),(0.,
    1.),.PIECEWISE_BEZIER_KNOTS.);
#1768 = CARTESIAN_POINT('',(-101.4,-41.65,238.));
#1769 = CARTESIAN_POINT('',(-100.,-38.,258.));
#1770 = CARTESIAN_POINT('',(-101.3999999759,-47.58411945021,238.));
#1771 = CARTESIAN_POINT('',(-99.99999997454,-44.28318530022,
    257.99999999999));
#1772 = CARTESIAN_POINT('',(-100.2348384227,-53.51823898074,
    237.99999999999));
#1773 = CARTESIAN_POINT('',(-98.76629950642,-50.56637068549,258.));
#1774 = CARTESIAN_POINT('',(-97.9045145262,-59.19089621658,238.));
#1775 = CARTESIAN_POINT('',(-96.29889773362,-56.57271364109,
    257.99999999998));
#1776 = CARTESIAN_POINT('',(-94.4774822907,-64.34063248358,
    237.99999999999));
#1777 = CARTESIAN_POINT('',(-92.67027536662,-62.02537557085,
    258.00000000002));
#1778 = CARTESIAN_POINT('',(-90.09063248358,-68.72748229069,238.));
#1779 = CARTESIAN_POINT('',(-88.02537557085,-66.67027536662,
    257.99999999998));
#1780 = CARTESIAN_POINT('',(-84.94089621658,-72.1545145262,
    237.99999999999));
#1781 = CARTESIAN_POINT('',(-82.57271364109,-70.29889773363,258.));
#1782 = CARTESIAN_POINT('',(-79.26823898074,-74.48483842273,238.));
#1783 = CARTESIAN_POINT('',(-76.56637068549,-72.76629950642,
    257.99999999999));
#1784 = CARTESIAN_POINT('',(-73.33411945021,-75.64999997596,238.));
#1785 = CARTESIAN_POINT('',(-70.28318530022,-73.99999997454,258.));
#1786 = CARTESIAN_POINT('',(-67.4,-75.65,238.));
#1787 = CARTESIAN_POINT('',(-64.,-74.,258.));
#1788 = DEFINITIONAL_REPRESENTATION('',(#1789),#1793);
#1789 = LINE('',#1790,#1791);
#1790 = CARTESIAN_POINT('',(1.570796318693,0.));
#1791 = VECTOR('',#1792,1.);
#1792 = DIRECTION('',(0.,1.));
#1793 = ( GEOMETRIC_REPRESENTATION_CONTEXT(2) 
PARAMETRIC_REPRESENTATION_CONTEXT() REPRESENTATION_CONTEXT('2D SPACE',''
  ) );
#1794 = ORIENTED_EDGE('',*,*,#1066,.T.);
#1795 = ORIENTED_EDGE('',*,*,#1796,.T.);
#1796 = EDGE_CURVE('',#1044,#1797,#1799,.T.);
#1797 = VERTEX_POINT('',#1798);
#1798 = CARTESIAN_POINT('',(64.,-74.,258.));
#1799 = SURFACE_CURVE('',#1800,(#1803,#1810),.PCURVE_S1.);
#1800 = B_SPLINE_CURVE_WITH_KNOTS('',1,(#1801,#1802),.UNSPECIFIED.,.F.,
  .F.,(2,2),(0.,1.),.PIECEWISE_BEZIER_KNOTS.);
#1801 = CARTESIAN_POINT('',(67.4,-75.65,238.));
#1802 = CARTESIAN_POINT('',(64.,-74.,258.));
#1803 = PCURVE('',#1082,#1804);
#1804 = DEFINITIONAL_REPRESENTATION('',(#1805),#1809);
#1805 = LINE('',#1806,#1807);
#1806 = CARTESIAN_POINT('',(134.8,0.));
#1807 = VECTOR('',#1808,1.);
#1808 = DIRECTION('',(0.,1.));
#1809 = ( GEOMETRIC_REPRESENTATION_CONTEXT(2) 
PARAMETRIC_REPRESENTATION_CONTEXT() REPRESENTATION_CONTEXT('2D SPACE',''
  ) );
#1810 = PCURVE('',#1540,#1811);
#1811 = DEFINITIONAL_REPRESENTATION('',(#1812),#1816);
#1812 = LINE('',#1813,#1814);
#1813 = CARTESIAN_POINT('',(0.,0.));
#1814 = VECTOR('',#1815,1.);
#1815 = DIRECTION('',(0.,1.));
#1816 = ( GEOMETRIC_REPRESENTATION_CONTEXT(2) 
PARAMETRIC_REPRESENTATION_CONTEXT() REPRESENTATION_CONTEXT('2D SPACE',''
  ) );
#1817 = ORIENTED_EDGE('',*,*,#1818,.F.);
#1818 = EDGE_CURVE('',#1819,#1797,#1821,.T.);
#1819 = VERTEX_POINT('',#1820);
#1820 = CARTESIAN_POINT('',(38.,-74.,258.));
#1821 = SURFACE_CURVE('',#1822,(#1826,#1832),.PCURVE_S1.);
#1822 = LINE('',#1823,#1824);
#1823 = CARTESIAN_POINT('',(-64.,-74.,258.));
#1824 = VECTOR('',#1825,1.);
#1825 = DIRECTION('',(1.,0.,0.));
#1826 = PCURVE('',#1082,#1827);
#1827 = DEFINITIONAL_REPRESENTATION('',(#1828),#1831);
#1828 = B_SPLINE_CURVE_WITH_KNOTS('',1,(#1829,#1830),.UNSPECIFIED.,.F.,
  .F.,(2,2),(0.,128.),.PIECEWISE_BEZIER_KNOTS.);
#1829 = CARTESIAN_POINT('',(0.,1.));
#1830 = CARTESIAN_POINT('',(134.8,1.));
#1831 = ( GEOMETRIC_REPRESENTATION_CONTEXT(2) 
PARAMETRIC_REPRESENTATION_CONTEXT() REPRESENTATION_CONTEXT('2D SPACE',''
  ) );
#1832 = PCURVE('',#1833,#1838);
#1833 = B_SPLINE_SURFACE_WITH_KNOTS('',1,1,(
    (#1834,#1835)
    ,(#1836,#1837
    )),.UNSPECIFIED.,.F.,.F.,.F.,(2,2),(2,2),(0.,128.),(0.,1.),
  .PIECEWISE_BEZIER_KNOTS.);
#1834 = CARTESIAN_POINT('',(-64.,-74.,258.));
#1835 = CARTESIAN_POINT('',(-54.,-70.,276.));
#1836 = CARTESIAN_POINT('',(64.,-74.,258.));
#1837 = CARTESIAN_POINT('',(54.,-70.,276.));
#1838 = DEFINITIONAL_REPRESENTATION('',(#1839),#1843);
#1839 = LINE('',#1840,#1841);
#1840 = CARTESIAN_POINT('',(0.,0.));
#1841 = VECTOR('',#1842,1.);
#1842 = DIRECTION('',(1.,0.));
#1843 = ( GEOMETRIC_REPRESENTATION_CONTEXT(2) 
PARAMETRIC_REPRESENTATION_CONTEXT() REPRESENTATION_CONTEXT('2D SPACE',''
  ) );
#1844 = ORIENTED_EDGE('',*,*,#1845,.F.);
#1845 = EDGE_CURVE('',#1846,#1819,#1848,.T.);
#1846 = VERTEX_POINT('',#1847);
#1847 = CARTESIAN_POINT('',(38.,-74.3465,253.8));
#1848 = SURFACE_CURVE('',#1849,(#1855,#1864),.PCURVE_S1.);
#1849 = B_SPLINE_CURVE_WITH_KNOTS('',4,(#1850,#1851,#1852,#1853,#1854),
  .UNSPECIFIED.,.F.,.F.,(5,5),(0.,1.),.PIECEWISE_BEZIER_KNOTS.);
#1850 = CARTESIAN_POINT('',(38.,-74.3465,253.8));
#1851 = CARTESIAN_POINT('',(38.,-74.25986468435,254.8501250381));
#1852 = CARTESIAN_POINT('',(38.,-74.17323612169,255.9001682219));
#1853 = CARTESIAN_POINT('',(38.,-74.08661449519,256.95012733095));
#1854 = CARTESIAN_POINT('',(38.,-74.,258.));
#1855 = PCURVE('',#1082,#1856);
#1856 = DEFINITIONAL_REPRESENTATION('',(#1857),#1863);
#1857 = B_SPLINE_CURVE_WITH_KNOTS('',4,(#1858,#1859,#1860,#1861,#1862),
  .UNSPECIFIED.,.F.,.F.,(5,5),(0.,1.),.PIECEWISE_BEZIER_KNOTS.);
#1858 = CARTESIAN_POINT('',(106.97721667988,0.79));
#1859 = CARTESIAN_POINT('',(107.08639513354,0.842506251905));
#1860 = CARTESIAN_POINT('',(107.19636822104,0.895008411095));
#1861 = CARTESIAN_POINT('',(107.30714874033,0.947506366548));
#1862 = CARTESIAN_POINT('',(107.41875,1.));
#1863 = ( GEOMETRIC_REPRESENTATION_CONTEXT(2) 
PARAMETRIC_REPRESENTATION_CONTEXT() REPRESENTATION_CONTEXT('2D SPACE',''
  ) );
#1864 = PCURVE('',#1865,#1870);
#1865 = PLANE('',#1866);
#1866 = AXIS2_PLACEMENT_3D('',#1867,#1868,#1869);
#1867 = CARTESIAN_POINT('',(38.,-75.65,253.8));
#1868 = DIRECTION('',(-1.,-0.,-0.));
#1869 = DIRECTION('',(0.,0.,-1.));
#1870 = DEFINITIONAL_REPRESENTATION('',(#1871),#1877);
#1871 = B_SPLINE_CURVE_WITH_KNOTS('',4,(#1872,#1873,#1874,#1875,#1876),
  .UNSPECIFIED.,.F.,.F.,(5,5),(0.,1.),.PIECEWISE_BEZIER_KNOTS.);
#1872 = CARTESIAN_POINT('',(1.06581410364E-14,-1.3035));
#1873 = CARTESIAN_POINT('',(-1.050125038103,-1.390135315644));
#1874 = CARTESIAN_POINT('',(-2.1001682219,-1.476763878307));
#1875 = CARTESIAN_POINT('',(-3.150127330954,-1.563385504804));
#1876 = CARTESIAN_POINT('',(-4.2,-1.65));
#1877 = ( GEOMETRIC_REPRESENTATION_CONTEXT(2) 
PARAMETRIC_REPRESENTATION_CONTEXT() REPRESENTATION_CONTEXT('2D SPACE',''
  ) );
#1878 = ORIENTED_EDGE('',*,*,#1879,.T.);
#1879 = EDGE_CURVE('',#1846,#1880,#1882,.T.);
#1880 = VERTEX_POINT('',#1881);
#1881 = CARTESIAN_POINT('',(31.7,-74.86625,247.5));
#1882 = SURFACE_CURVE('',#1883,(#1916,#1952),.PCURVE_S1.);
#1883 = B_SPLINE_CURVE_WITH_KNOTS('',7,(#1884,#1885,#1886,#1887,#1888,
    #1889,#1890,#1891,#1892,#1893,#1894,#1895,#1896,#1897,#1898,#1899,
    #1900,#1901,#1902,#1903,#1904,#1905,#1906,#1907,#1908,#1909,#1910,
    #1911,#1912,#1913,#1914,#1915),.UNSPECIFIED.,.F.,.F.,(8,6,6,6,6,8),(
    0.,0.14048444408,0.259389126408,0.420311747776,0.711116267822,1.),
  .UNSPECIFIED.);
#1884 = CARTESIAN_POINT('',(38.,-74.3465,253.8));
#1885 = CARTESIAN_POINT('',(38.,-74.36675868805,253.5544401448));
#1886 = CARTESIAN_POINT('',(37.98883324106,-74.38692436139,
    253.31000774071));
#1887 = CARTESIAN_POINT('',(37.966685182425,-74.40689426752,
    253.06794827245));
#1888 = CARTESIAN_POINT('',(37.933952093507,-74.42658242414,
    252.82930394982));
#1889 = CARTESIAN_POINT('',(37.891160485034,-74.44591745577,
    252.59493993002));
#1890 = CARTESIAN_POINT('',(37.838910321514,-74.46484100298,
    252.36556360023));
#1891 = CARTESIAN_POINT('',(37.726154387732,-74.49893589583,
    251.95229217165));
#1892 = CARTESIAN_POINT('',(37.668143143033,-74.51423892302,
    251.76680093307));
#1893 = CARTESIAN_POINT('',(37.604183445541,-74.52919097499,
    251.58556393946));
#1894 = CARTESIAN_POINT('',(37.534656345496,-74.54377362638,
    251.40880452862));
#1895 = CARTESIAN_POINT('',(37.459936326968,-74.55797401443,
    251.23667861288));
#1896 = CARTESIAN_POINT('',(37.380378856057,-74.57178401634,
    251.06928465035));
#1897 = CARTESIAN_POINT('',(37.18252844052,-74.60335550723,
    250.68659991229));
#1898 = CARTESIAN_POINT('',(37.060496751023,-74.62078660896,
    250.47531383075));
#1899 = CARTESIAN_POINT('',(36.931009091552,-74.63748477283,
    250.27291184443));
#1900 = CARTESIAN_POINT('',(36.794797449617,-74.65344862717,
    250.0794105797));
#1901 = CARTESIAN_POINT('',(36.652519590704,-74.66868227547,
    249.89476029729));
#1902 = CARTESIAN_POINT('',(36.504749079676,-74.68319418423,
    249.71885837295));
#1903 = CARTESIAN_POINT('',(36.075868550164,-74.72193756729,
    249.24924160849));
#1904 = CARTESIAN_POINT('',(35.783547760533,-74.74454704972,
    248.9751872761));
#1905 = CARTESIAN_POINT('',(35.477780060419,-74.76490499884,
    248.72842425639));
#1906 = CARTESIAN_POINT('',(35.160861899238,-74.78307092704,
    248.50823118728));
#1907 = CARTESIAN_POINT('',(34.834721375172,-74.79910399795,
    248.31389093388));
#1908 = CARTESIAN_POINT('',(34.500888138044,-74.81305749676,
    248.144757615));
#1909 = CARTESIAN_POINT('',(33.822302683793,-74.83680806892,
    247.8568718918));
#1910 = CARTESIAN_POINT('',(33.477807773987,-74.84662601332,
    247.73786650515));
#1911 = CARTESIAN_POINT('',(33.128197264095,-74.85446527294,
    247.64284517643));
#1912 = CARTESIAN_POINT('',(32.774593666116,-74.86034562316,
    247.57156820401));
#1913 = CARTESIAN_POINT('',(32.418048748807,-74.86427496126,
    247.52393986341));
#1914 = CARTESIAN_POINT('',(32.059547716743,-74.86625,247.5));
#1915 = CARTESIAN_POINT('',(31.7,-74.86625,247.5));
#1916 = PCURVE('',#1082,#1917);
#1917 = DEFINITIONAL_REPRESENTATION('',(#1918),#1951);
#1918 = B_SPLINE_CURVE_WITH_KNOTS('',7,(#1919,#1920,#1921,#1922,#1923,
    #1924,#1925,#1926,#1927,#1928,#1929,#1930,#1931,#1932,#1933,#1934,
    #1935,#1936,#1937,#1938,#1939,#1940,#1941,#1942,#1943,#1944,#1945,
    #1946,#1947,#1948,#1949,#1950),.UNSPECIFIED.,.F.,.F.,(8,6,6,6,6,8),(
    0.,0.14048444408,0.259389126408,0.420311747776,0.711116267822,1.),
  .UNSPECIFIED.);
#1919 = CARTESIAN_POINT('',(106.97721667645,0.79));
#1920 = CARTESIAN_POINT('',(106.95168653071,0.77772200724));
#1921 = CARTESIAN_POINT('',(106.91468178122,0.765500387036));
#1922 = CARTESIAN_POINT('',(106.86655587568,0.753397413623));
#1923 = CARTESIAN_POINT('',(106.80785797642,0.741465197491));
#1924 = CARTESIAN_POINT('',(106.73924944342,0.729746996501));
#1925 = CARTESIAN_POINT('',(106.66144582911,0.718278180012));
#1926 = CARTESIAN_POINT('',(106.50217352831,0.697614608583));
#1927 = CARTESIAN_POINT('',(106.42309464942,0.688340046653));
#1928 = CARTESIAN_POINT('',(106.33837711078,0.679278196973));
#1929 = CARTESIAN_POINT('',(106.24844565012,0.670440226431));
#1930 = CARTESIAN_POINT('',(106.15370887731,0.661833930644));
#1931 = CARTESIAN_POINT('',(106.05454777121,0.653464232517));
#1932 = CARTESIAN_POINT('',(105.81157687948,0.634329995615));
#1933 = CARTESIAN_POINT('',(105.66439000315,0.623765691538));
#1934 = CARTESIAN_POINT('',(105.51058075498,0.613645592222));
#1935 = CARTESIAN_POINT('',(105.35090623783,0.603970528985));
#1936 = CARTESIAN_POINT('',(105.18603586607,0.594738014865));
#1937 = CARTESIAN_POINT('',(105.01654378149,0.585942918648));
#1938 = CARTESIAN_POINT('',(104.52911053565,0.562462080425));
#1939 = CARTESIAN_POINT('',(104.20193358871,0.548759363805));
#1940 = CARTESIAN_POINT('',(103.86408337609,0.53642121282));
#1941 = CARTESIAN_POINT('',(103.51778075202,0.525411559364));
#1942 = CARTESIAN_POINT('',(103.16485599704,0.515694546694));
#1943 = CARTESIAN_POINT('',(102.80673184183,0.50723788075));
#1944 = CARTESIAN_POINT('',(102.08448230423,0.49284359459));
#1945 = CARTESIAN_POINT('',(101.72059377596,0.486893325258));
#1946 = CARTESIAN_POINT('',(101.35385442444,0.482142258822));
#1947 = CARTESIAN_POINT('',(100.98530145984,0.478578410201));
#1948 = CARTESIAN_POINT('',(100.61591040344,0.476196993171));
#1949 = CARTESIAN_POINT('',(100.24659901358,0.475));
#1950 = CARTESIAN_POINT('',(99.878224519267,0.475));
#1951 = ( GEOMETRIC_REPRESENTATION_CONTEXT(2) 
PARAMETRIC_REPRESENTATION_CONTEXT() REPRESENTATION_CONTEXT('2D SPACE',''
  ) );
#1952 = PCURVE('',#1953,#1958);
#1953 = CYLINDRICAL_SURFACE('',#1954,6.3);
#1954 = AXIS2_PLACEMENT_3D('',#1955,#1956,#1957);
#1955 = CARTESIAN_POINT('',(31.7,-75.65,253.8));
#1956 = DIRECTION('',(-0.,-1.,-0.));
#1957 = DIRECTION('',(1.,-0.,-0.));
#1958 = DEFINITIONAL_REPRESENTATION('',(#1959),#1992);
#1959 = B_SPLINE_CURVE_WITH_KNOTS('',7,(#1960,#1961,#1962,#1963,#1964,
    #1965,#1966,#1967,#1968,#1969,#1970,#1971,#1972,#1973,#1974,#1975,
    #1976,#1977,#1978,#1979,#1980,#1981,#1982,#1983,#1984,#1985,#1986,
    #1987,#1988,#1989,#1990,#1991),.UNSPECIFIED.,.F.,.F.,(8,6,6,6,6,8),(
    0.,0.14048444408,0.259389126408,0.420311747776,0.711116267822,1.),
  .UNSPECIFIED.);
#1960 = CARTESIAN_POINT('',(6.28318530718,-1.3035));
#1961 = CARTESIAN_POINT('',(6.244207552386,-1.283241311946));
#1962 = CARTESIAN_POINT('',(6.2054087764,-1.263075638609));
#1963 = CARTESIAN_POINT('',(6.166889849037,-1.243105732477));
#1964 = CARTESIAN_POINT('',(6.128723737437,-1.22341757586));
#1965 = CARTESIAN_POINT('',(6.090965411633,-1.204082544227));
#1966 = CARTESIAN_POINT('',(6.053657355972,-1.185158997019));
#1967 = CARTESIAN_POINT('',(5.985660947451,-1.151064104161));
#1968 = CARTESIAN_POINT('',(5.954832465185,-1.135761076978));
#1969 = CARTESIAN_POINT('',(5.924357315787,-1.120809025006));
#1970 = CARTESIAN_POINT('',(5.894241281653,-1.106226373612));
#1971 = CARTESIAN_POINT('',(5.86448452406,-1.092025985563));
#1972 = CARTESIAN_POINT('',(5.835082255841,-1.078215983654));
#1973 = CARTESIAN_POINT('',(5.766700611567,-1.046644492764));
#1974 = CARTESIAN_POINT('',(5.72801332509,-1.029213391037));
#1975 = CARTESIAN_POINT('',(5.689935770959,-1.012515227166));
#1976 = CARTESIAN_POINT('',(5.652438927912,-0.996551372826));
#1977 = CARTESIAN_POINT('',(5.615491128119,-0.981317724527));
#1978 = CARTESIAN_POINT('',(5.579056648207,-0.966805815768));
#1979 = CARTESIAN_POINT('',(5.478106461791,-0.928062432701));
#1980 = CARTESIAN_POINT('',(5.414695055018,-0.905452950279));
#1981 = CARTESIAN_POINT('',(5.352594900771,-0.885095001152));
#1982 = CARTESIAN_POINT('',(5.29161600305,-0.866929072951));
#1983 = CARTESIAN_POINT('',(5.231580973574,-0.850896002046));
#1984 = CARTESIAN_POINT('',(5.172315008843,-0.836942503238));
#1985 = CARTESIAN_POINT('',(5.055310702218,-0.813191931074));
#1986 = CARTESIAN_POINT('',(4.997594209814,-0.803373986676));
#1987 = CARTESIAN_POINT('',(4.940293742898,-0.795534727056));
#1988 = CARTESIAN_POINT('',(4.88326269936,-0.789654376831));
#1989 = CARTESIAN_POINT('',(4.826365110556,-0.785725038732));
#1990 = CARTESIAN_POINT('',(4.769460046534,-0.78375));
#1991 = CARTESIAN_POINT('',(4.712388980385,-0.78375));
#1992 = ( GEOMETRIC_REPRESENTATION_CONTEXT(2) 
PARAMETRIC_REPRESENTATION_CONTEXT() REPRESENTATION_CONTEXT('2D SPACE',''
  ) );
#1993 = ORIENTED_EDGE('',*,*,#1994,.T.);
#1994 = EDGE_CURVE('',#1880,#1995,#1997,.T.);
#1995 = VERTEX_POINT('',#1996);
#1996 = CARTESIAN_POINT('',(-31.7,-74.86625,247.5));
#1997 = SURFACE_CURVE('',#1998,(#2001,#2007),.PCURVE_S1.);
#1998 = B_SPLINE_CURVE_WITH_KNOTS('',1,(#1999,#2000),.UNSPECIFIED.,.F.,
  .F.,(2,2),(0.,1.),.PIECEWISE_BEZIER_KNOTS.);
#1999 = CARTESIAN_POINT('',(31.7,-74.86625,247.5));
#2000 = CARTESIAN_POINT('',(-31.7,-74.86625,247.5));
#2001 = PCURVE('',#1082,#2002);
#2002 = DEFINITIONAL_REPRESENTATION('',(#2003),#2006);
#2003 = B_SPLINE_CURVE_WITH_KNOTS('',1,(#2004,#2005),.UNSPECIFIED.,.F.,
  .F.,(2,2),(0.,1.),.PIECEWISE_BEZIER_KNOTS.);
#2004 = CARTESIAN_POINT('',(99.878224519267,0.475));
#2005 = CARTESIAN_POINT('',(34.921775480733,0.475));
#2006 = ( GEOMETRIC_REPRESENTATION_CONTEXT(2) 
PARAMETRIC_REPRESENTATION_CONTEXT() REPRESENTATION_CONTEXT('2D SPACE',''
  ) );
#2007 = PCURVE('',#2008,#2013);
#2008 = PLANE('',#2009);
#2009 = AXIS2_PLACEMENT_3D('',#2010,#2011,#2012);
#2010 = CARTESIAN_POINT('',(-31.7,-75.65,247.5));
#2011 = DIRECTION('',(-0.,-0.,1.));
#2012 = DIRECTION('',(-1.,0.,0.));
#2013 = DEFINITIONAL_REPRESENTATION('',(#2014),#2017);
#2014 = B_SPLINE_CURVE_WITH_KNOTS('',1,(#2015,#2016),.UNSPECIFIED.,.F.,
  .F.,(2,2),(0.,1.),.PIECEWISE_BEZIER_KNOTS.);
#2015 = CARTESIAN_POINT('',(-63.4,-0.78375));
#2016 = CARTESIAN_POINT('',(0.,-0.78375));
#2017 = ( GEOMETRIC_REPRESENTATION_CONTEXT(2) 
PARAMETRIC_REPRESENTATION_CONTEXT() REPRESENTATION_CONTEXT('2D SPACE',''
  ) );
#2018 = ORIENTED_EDGE('',*,*,#2019,.T.);
#2019 = EDGE_CURVE('',#1995,#2020,#2022,.T.);
#2020 = VERTEX_POINT('',#2021);
#2021 = CARTESIAN_POINT('',(-38.,-74.3465,253.8));
#2022 = SURFACE_CURVE('',#2023,(#2061,#2102),.PCURVE_S1.);
#2023 = B_SPLINE_CURVE_WITH_KNOTS('',8,(#2024,#2025,#2026,#2027,#2028,
    #2029,#2030,#2031,#2032,#2033,#2034,#2035,#2036,#2037,#2038,#2039,
    #2040,#2041,#2042,#2043,#2044,#2045,#2046,#2047,#2048,#2049,#2050,
    #2051,#2052,#2053,#2054,#2055,#2056,#2057,#2058,#2059,#2060),
  .UNSPECIFIED.,.F.,.F.,(9,7,7,7,7,9),(0.,0.404334001363,0.57941624739,
    0.741428656952,0.859304565448,1.),.UNSPECIFIED.);
#2024 = CARTESIAN_POINT('',(-31.7,-74.86625,247.5));
#2025 = CARTESIAN_POINT('',(-32.14037315073,-74.86625,247.5));
#2026 = CARTESIAN_POINT('',(-32.57902964113,-74.86334766056,
    247.53517987188));
#2027 = CARTESIAN_POINT('',(-33.0146015565,-74.85758263532,
    247.60505896575));
#2028 = CARTESIAN_POINT('',(-33.44546918342,-74.84895386502,
    247.70965012088));
#2029 = CARTESIAN_POINT('',(-33.86979714,-74.83744008501,247.84921109069
    ));
#2030 = CARTESIAN_POINT('',(-34.28552023978,-74.82299800899,
    248.02426655765));
#2031 = CARTESIAN_POINT('',(-34.6903487709,-74.80556573103,
    248.23556689658));
#2032 = CARTESIAN_POINT('',(-35.2511053644,-74.7761340077,
    248.59231505818));
#2033 = CARTESIAN_POINT('',(-35.41797014675,-74.76666058063,
    248.70714447717));
#2034 = CARTESIAN_POINT('',(-35.58203155035,-74.75659897841,
    248.82910329188));
#2035 = CARTESIAN_POINT('',(-35.74303078972,-74.74594068218,
    248.95829476143));
#2036 = CARTESIAN_POINT('',(-35.90067609127,-74.73467705522,
    249.09482357305));
#2037 = CARTESIAN_POINT('',(-36.05464313972,-74.72279942565,
    249.2387948405));
#2038 = CARTESIAN_POINT('',(-36.20457447754,-74.71029898448,
    249.39031533955));
#2039 = CARTESIAN_POINT('',(-36.48471945422,-74.68501434979,
    249.69679576008));
#2040 = CARTESIAN_POINT('',(-36.6155529686,-74.67232249879,
    249.8506363782));
#2041 = CARTESIAN_POINT('',(-36.7422731342,-74.65908345177,
    250.01110967548));
#2042 = CARTESIAN_POINT('',(-36.86452621237,-74.64529138388,
    250.17828625588));
#2043 = CARTESIAN_POINT('',(-36.98191387887,-74.63094257269,
    250.35221124007));
#2044 = CARTESIAN_POINT('',(-37.09399711047,-74.61603583094,
    250.53289901887));
#2045 = CARTESIAN_POINT('',(-37.20030007166,-74.60057293944,
    250.72032800674));
#2046 = CARTESIAN_POINT('',(-37.37308146905,-74.57290782275,
    251.05566275454));
#2047 = CARTESIAN_POINT('',(-37.44251374862,-74.5609658188,
    251.2004143175));
#2048 = CARTESIAN_POINT('',(-37.50841309105,-74.54873568877,
    251.34865831792));
#2049 = CARTESIAN_POINT('',(-37.57056662586,-74.53622195464,
    251.50033994374));
#2050 = CARTESIAN_POINT('',(-37.62875084658,-74.52343133584,
    251.65537774734));
#2051 = CARTESIAN_POINT('',(-37.68273609635,-74.5103730454,
    251.8136600557));
#2052 = CARTESIAN_POINT('',(-37.73229105354,-74.49705908609,
    251.97504138064));
#2053 = CARTESIAN_POINT('',(-37.83077480251,-74.46732599198,
    252.33544252135));
#2054 = CARTESIAN_POINT('',(-37.87773212987,-74.45080274984,
    252.53572424434));
#2055 = CARTESIAN_POINT('',(-37.91765700185,-74.43396387702,
    252.73983179366));
#2056 = CARTESIAN_POINT('',(-37.95016746348,-74.41684446386,
    252.947339832));
#2057 = CARTESIAN_POINT('',(-37.9749142558,-74.39948601922,
    253.1577452215));
#2058 = CARTESIAN_POINT('',(-37.9915992697,-74.38193700025,
    253.37046060293));
#2059 = CARTESIAN_POINT('',(-38.,-74.36425348671,253.5848062216));
#2060 = CARTESIAN_POINT('',(-38.,-74.3465,253.8));
#2061 = PCURVE('',#1082,#2062);
#2062 = DEFINITIONAL_REPRESENTATION('',(#2063),#2101);
#2063 = B_SPLINE_CURVE_WITH_KNOTS('',8,(#2064,#2065,#2066,#2067,#2068,
    #2069,#2070,#2071,#2072,#2073,#2074,#2075,#2076,#2077,#2078,#2079,
    #2080,#2081,#2082,#2083,#2084,#2085,#2086,#2087,#2088,#2089,#2090,
    #2091,#2092,#2093,#2094,#2095,#2096,#2097,#2098,#2099,#2100),
  .UNSPECIFIED.,.F.,.F.,(9,7,7,7,7,9),(0.,0.404334001363,0.57941624739,
    0.741428656952,0.859304565448,1.),.UNSPECIFIED.);
#2064 = CARTESIAN_POINT('',(34.921775480733,0.475));
#2065 = CARTESIAN_POINT('',(34.470591314749,0.475));
#2066 = CARTESIAN_POINT('',(34.018213321698,0.476758993594));
#2067 = CARTESIAN_POINT('',(33.565919298731,0.480252948288));
#2068 = CARTESIAN_POINT('',(33.115205829964,0.485482506044));
#2069 = CARTESIAN_POINT('',(32.667770242809,0.492460554535));
#2070 = CARTESIAN_POINT('',(32.225525071413,0.501213327883));
#2071 = CARTESIAN_POINT('',(31.790600607734,0.511778344829));
#2072 = CARTESIAN_POINT('',(31.181307203774,0.529615752909));
#2073 = CARTESIAN_POINT('',(30.999072200824,0.535357223859));
#2074 = CARTESIAN_POINT('',(30.818922298086,0.541455164594));
#2075 = CARTESIAN_POINT('',(30.641102804225,0.547914738072));
#2076 = CARTESIAN_POINT('',(30.465893438345,0.554741178653));
#2077 = CARTESIAN_POINT('',(30.293608227703,0.561939742025));
#2078 = CARTESIAN_POINT('',(30.124596326658,0.569515766978));
#2079 = CARTESIAN_POINT('',(29.806234706069,0.584839788004));
#2080 = CARTESIAN_POINT('',(29.65637783719,0.59253181891));
#2081 = CARTESIAN_POINT('',(29.509973201552,0.600555483774));
#2082 = CARTESIAN_POINT('',(29.36737377827,0.608914312794));
#2083 = CARTESIAN_POINT('',(29.228982518235,0.617610562004));
#2084 = CARTESIAN_POINT('',(29.095249388145,0.626644950944));
#2085 = CARTESIAN_POINT('',(28.966668414545,0.636016400337));
#2086 = CARTESIAN_POINT('',(28.754360558872,0.652783137727));
#2087 = CARTESIAN_POINT('',(28.667964366858,0.660020715875));
#2088 = CARTESIAN_POINT('',(28.584794887398,0.667432915896));
#2089 = CARTESIAN_POINT('',(28.505079692083,0.675016997187));
#2090 = CARTESIAN_POINT('',(28.429061043903,0.682768887367));
#2091 = CARTESIAN_POINT('',(28.356991752642,0.690683002785));
#2092 = CARTESIAN_POINT('',(28.289131030269,0.698752069032));
#2093 = CARTESIAN_POINT('',(28.150077898112,0.716772126068));
#2094 = CARTESIAN_POINT('',(28.080774110044,0.726786212217));
#2095 = CARTESIAN_POINT('',(28.018291900742,0.736991589683));
#2096 = CARTESIAN_POINT('',(27.963083378128,0.7473669916));
#2097 = CARTESIAN_POINT('',(27.915577582424,0.757887261075));
#2098 = CARTESIAN_POINT('',(27.87616179261,0.768523030147));
#2099 = CARTESIAN_POINT('',(27.845156396377,0.77924031108));
#2100 = CARTESIAN_POINT('',(27.822783323547,0.79));
#2101 = ( GEOMETRIC_REPRESENTATION_CONTEXT(2) 
PARAMETRIC_REPRESENTATION_CONTEXT() REPRESENTATION_CONTEXT('2D SPACE',''
  ) );
#2102 = PCURVE('',#2103,#2108);
#2103 = CYLINDRICAL_SURFACE('',#2104,6.3);
#2104 = AXIS2_PLACEMENT_3D('',#2105,#2106,#2107);
#2105 = CARTESIAN_POINT('',(-31.7,-75.65,253.8));
#2106 = DIRECTION('',(-0.,-1.,-0.));
#2107 = DIRECTION('',(1.,-0.,-0.));
#2108 = DEFINITIONAL_REPRESENTATION('',(#2109),#2147);
#2109 = B_SPLINE_CURVE_WITH_KNOTS('',8,(#2110,#2111,#2112,#2113,#2114,
    #2115,#2116,#2117,#2118,#2119,#2120,#2121,#2122,#2123,#2124,#2125,
    #2126,#2127,#2128,#2129,#2130,#2131,#2132,#2133,#2134,#2135,#2136,
    #2137,#2138,#2139,#2140,#2141,#2142,#2143,#2144,#2145,#2146),
  .UNSPECIFIED.,.F.,.F.,(9,7,7,7,7,9),(0.,0.404334001363,0.57941624739,
    0.741428656952,0.859304565448,1.),.UNSPECIFIED.);
#2110 = CARTESIAN_POINT('',(4.712388980385,-0.78375));
#2111 = CARTESIAN_POINT('',(4.642488480269,-0.78375));
#2112 = CARTESIAN_POINT('',(4.572860426402,-0.786652339431));
#2113 = CARTESIAN_POINT('',(4.503201805374,-0.792417364675));
#2114 = CARTESIAN_POINT('',(4.433265221156,-0.801046134972));
#2115 = CARTESIAN_POINT('',(4.362818789573,-0.812559914982));
#2116 = CARTESIAN_POINT('',(4.2916202131,-0.827001991007));
#2117 = CARTESIAN_POINT('',(4.219400345684,-0.844434268969));
#2118 = CARTESIAN_POINT('',(4.113905410478,-0.8738659923));
#2119 = CARTESIAN_POINT('',(4.081774356434,-0.883339419367));
#2120 = CARTESIAN_POINT('',(4.049361972838,-0.893401021581));
#2121 = CARTESIAN_POINT('',(4.016641406668,-0.904059317819));
#2122 = CARTESIAN_POINT('',(3.983586020637,-0.915322944777));
#2123 = CARTESIAN_POINT('',(3.950168524825,-0.927200574342));
#2124 = CARTESIAN_POINT('',(3.916359858265,-0.939701015513));
#2125 = CARTESIAN_POINT('',(3.850451193954,-0.964985650207));
#2126 = CARTESIAN_POINT('',(3.818415921008,-0.977677501201));
#2127 = CARTESIAN_POINT('',(3.785995689892,-0.990916548227));
#2128 = CARTESIAN_POINT('',(3.753167008388,-1.004708616111));
#2129 = CARTESIAN_POINT('',(3.719908658798,-1.019057427306));
#2130 = CARTESIAN_POINT('',(3.686201152919,-1.033964169057));
#2131 = CARTESIAN_POINT('',(3.652026187018,-1.049427060556));
#2132 = CARTESIAN_POINT('',(3.592148339503,-1.07709217725));
#2133 = CARTESIAN_POINT('',(3.566675750469,-1.089034181194));
#2134 = CARTESIAN_POINT('',(3.540942871264,-1.101264311229));
#2135 = CARTESIAN_POINT('',(3.514946317226,-1.113778045359));
#2136 = CARTESIAN_POINT('',(3.488685020627,-1.126568664156));
#2137 = CARTESIAN_POINT('',(3.462160473837,-1.139626954596));
#2138 = CARTESIAN_POINT('',(3.435376972486,-1.152940913903));
#2139 = CARTESIAN_POINT('',(3.376073033374,-1.182674008012));
#2140 = CARTESIAN_POINT('',(3.343441915488,-1.199197250158));
#2141 = CARTESIAN_POINT('',(3.310467984952,-1.216036122977));
#2142 = CARTESIAN_POINT('',(3.277176438691,-1.23315553614));
#2143 = CARTESIAN_POINT('',(3.243598609974,-1.250513980774));
#2144 = CARTESIAN_POINT('',(3.209773496363,-1.268062999742));
#2145 = CARTESIAN_POINT('',(3.175750396192,-1.285746513282));
#2146 = CARTESIAN_POINT('',(3.14159265359,-1.3035));
#2147 = ( GEOMETRIC_REPRESENTATION_CONTEXT(2) 
PARAMETRIC_REPRESENTATION_CONTEXT() REPRESENTATION_CONTEXT('2D SPACE',''
  ) );
#2148 = ORIENTED_EDGE('',*,*,#2149,.T.);
#2149 = EDGE_CURVE('',#2020,#2150,#2152,.T.);
#2150 = VERTEX_POINT('',#2151);
#2151 = CARTESIAN_POINT('',(-38.,-74.,258.));
#2152 = SURFACE_CURVE('',#2153,(#2159,#2168),.PCURVE_S1.);
#2153 = B_SPLINE_CURVE_WITH_KNOTS('',4,(#2154,#2155,#2156,#2157,#2158),
  .UNSPECIFIED.,.F.,.F.,(5,5),(0.,1.),.PIECEWISE_BEZIER_KNOTS.);
#2154 = CARTESIAN_POINT('',(-38.,-74.3465,253.8));
#2155 = CARTESIAN_POINT('',(-38.,-74.25986468435,254.8501250381));
#2156 = CARTESIAN_POINT('',(-38.,-74.17323612169,255.9001682219));
#2157 = CARTESIAN_POINT('',(-38.,-74.08661449519,256.95012733095));
#2158 = CARTESIAN_POINT('',(-38.,-74.,258.));
#2159 = PCURVE('',#1082,#2160);
#2160 = DEFINITIONAL_REPRESENTATION('',(#2161),#2167);
#2161 = B_SPLINE_CURVE_WITH_KNOTS('',4,(#2162,#2163,#2164,#2165,#2166),
  .UNSPECIFIED.,.F.,.F.,(5,5),(0.,1.),.PIECEWISE_BEZIER_KNOTS.);
#2162 = CARTESIAN_POINT('',(27.822783320111,0.79));
#2163 = CARTESIAN_POINT('',(27.71360486646,0.842506251905));
#2164 = CARTESIAN_POINT('',(27.603631778957,0.895008411095));
#2165 = CARTESIAN_POINT('',(27.492851259666,0.947506366548));
#2166 = CARTESIAN_POINT('',(27.38125,1.));
#2167 = ( GEOMETRIC_REPRESENTATION_CONTEXT(2) 
PARAMETRIC_REPRESENTATION_CONTEXT() REPRESENTATION_CONTEXT('2D SPACE',''
  ) );
#2168 = PCURVE('',#2169,#2174);
#2169 = PLANE('',#2170);
#2170 = AXIS2_PLACEMENT_3D('',#2171,#2172,#2173);
#2171 = CARTESIAN_POINT('',(-38.,-75.65,253.8));
#2172 = DIRECTION('',(-1.,-0.,-0.));
#2173 = DIRECTION('',(0.,0.,-1.));
#2174 = DEFINITIONAL_REPRESENTATION('',(#2175),#2181);
#2175 = B_SPLINE_CURVE_WITH_KNOTS('',4,(#2176,#2177,#2178,#2179,#2180),
  .UNSPECIFIED.,.F.,.F.,(5,5),(0.,1.),.PIECEWISE_BEZIER_KNOTS.);
#2176 = CARTESIAN_POINT('',(1.06581410364E-14,-1.3035));
#2177 = CARTESIAN_POINT('',(-1.050125038103,-1.390135315644));
#2178 = CARTESIAN_POINT('',(-2.1001682219,-1.476763878307));
#2179 = CARTESIAN_POINT('',(-3.150127330954,-1.563385504804));
#2180 = CARTESIAN_POINT('',(-4.2,-1.65));
#2181 = ( GEOMETRIC_REPRESENTATION_CONTEXT(2) 
PARAMETRIC_REPRESENTATION_CONTEXT() REPRESENTATION_CONTEXT('2D SPACE',''
  ) );
#2182 = ORIENTED_EDGE('',*,*,#2183,.F.);
#2183 = EDGE_CURVE('',#1753,#2150,#2184,.T.);
#2184 = SURFACE_CURVE('',#2185,(#2189,#2195),.PCURVE_S1.);
#2185 = LINE('',#2186,#2187);
#2186 = CARTESIAN_POINT('',(-64.,-74.,258.));
#2187 = VECTOR('',#2188,1.);
#2188 = DIRECTION('',(1.,0.,0.));
#2189 = PCURVE('',#1082,#2190);
#2190 = DEFINITIONAL_REPRESENTATION('',(#2191),#2194);
#2191 = B_SPLINE_CURVE_WITH_KNOTS('',1,(#2192,#2193),.UNSPECIFIED.,.F.,
  .F.,(2,2),(0.,128.),.PIECEWISE_BEZIER_KNOTS.);
#2192 = CARTESIAN_POINT('',(0.,1.));
#2193 = CARTESIAN_POINT('',(134.8,1.));
#2194 = ( GEOMETRIC_REPRESENTATION_CONTEXT(2) 
PARAMETRIC_REPRESENTATION_CONTEXT() REPRESENTATION_CONTEXT('2D SPACE',''
  ) );
#2195 = PCURVE('',#1833,#2196);
#2196 = DEFINITIONAL_REPRESENTATION('',(#2197),#2201);
#2197 = LINE('',#2198,#2199);
#2198 = CARTESIAN_POINT('',(0.,0.));
#2199 = VECTOR('',#2200,1.);
#2200 = DIRECTION('',(1.,0.));
#2201 = ( GEOMETRIC_REPRESENTATION_CONTEXT(2) 
PARAMETRIC_REPRESENTATION_CONTEXT() REPRESENTATION_CONTEXT('2D SPACE',''
  ) );
#2202 = ADVANCED_FACE('',(#2203),#1108,.T.);
#2203 = FACE_BOUND('',#2204,.T.);
#2204 = EDGE_LOOP('',(#2205,#2206,#2207,#2231));
#2205 = ORIENTED_EDGE('',*,*,#1125,.T.);
#2206 = ORIENTED_EDGE('',*,*,#1094,.F.);
#2207 = ORIENTED_EDGE('',*,*,#2208,.F.);
#2208 = EDGE_CURVE('',#2209,#1067,#2211,.T.);
#2209 = VERTEX_POINT('',#2210);
#2210 = CARTESIAN_POINT('',(-101.4,-41.65,238.));
#2211 = SURFACE_CURVE('',#2212,(#2217,#2224),.PCURVE_S1.);
#2212 = CIRCLE('',#2213,34.000000137738);
#2213 = AXIS2_PLACEMENT_3D('',#2214,#2215,#2216);
#2214 = CARTESIAN_POINT('',(-67.39999986226,-41.64999986226,238.));
#2215 = DIRECTION('',(0.,0.,1.));
#2216 = DIRECTION('',(-1.,-4.051126999135E-09,0.));
#2217 = PCURVE('',#1108,#2218);
#2218 = DEFINITIONAL_REPRESENTATION('',(#2219),#2223);
#2219 = LINE('',#2220,#2221);
#2220 = CARTESIAN_POINT('',(0.,216.));
#2221 = VECTOR('',#2222,1.);
#2222 = DIRECTION('',(1.,0.));
#2223 = ( GEOMETRIC_REPRESENTATION_CONTEXT(2) 
PARAMETRIC_REPRESENTATION_CONTEXT() REPRESENTATION_CONTEXT('2D SPACE',''
  ) );
#2224 = PCURVE('',#1767,#2225);
#2225 = DEFINITIONAL_REPRESENTATION('',(#2226),#2230);
#2226 = LINE('',#2227,#2228);
#2227 = CARTESIAN_POINT('',(0.,0.));
#2228 = VECTOR('',#2229,1.);
#2229 = DIRECTION('',(1.,0.));
#2230 = ( GEOMETRIC_REPRESENTATION_CONTEXT(2) 
PARAMETRIC_REPRESENTATION_CONTEXT() REPRESENTATION_CONTEXT('2D SPACE',''
  ) );
#2231 = ORIENTED_EDGE('',*,*,#2232,.T.);
#2232 = EDGE_CURVE('',#2209,#1126,#2233,.T.);
#2233 = SURFACE_CURVE('',#2234,(#2238,#2245),.PCURVE_S1.);
#2234 = LINE('',#2235,#2236);
#2235 = CARTESIAN_POINT('',(-101.4,-41.65,238.));
#2236 = VECTOR('',#2237,1.);
#2237 = DIRECTION('',(0.,0.,-1.));
#2238 = PCURVE('',#1108,#2239);
#2239 = DEFINITIONAL_REPRESENTATION('',(#2240),#2244);
#2240 = LINE('',#2241,#2242);
#2241 = CARTESIAN_POINT('',(0.,216.));
#2242 = VECTOR('',#2243,1.);
#2243 = DIRECTION('',(0.,-1.));
#2244 = ( GEOMETRIC_REPRESENTATION_CONTEXT(2) 
PARAMETRIC_REPRESENTATION_CONTEXT() REPRESENTATION_CONTEXT('2D SPACE',''
  ) );
#2245 = PCURVE('',#2246,#2251);
#2246 = PLANE('',#2247);
#2247 = AXIS2_PLACEMENT_3D('',#2248,#2249,#2250);
#2248 = CARTESIAN_POINT('',(-101.4,41.65,30.));
#2249 = DIRECTION('',(-1.,0.,0.));
#2250 = DIRECTION('',(0.,-1.,0.));
#2251 = DEFINITIONAL_REPRESENTATION('',(#2252),#2256);
#2252 = LINE('',#2253,#2254);
#2253 = CARTESIAN_POINT('',(83.3,208.));
#2254 = VECTOR('',#2255,1.);
#2255 = DIRECTION('',(0.,-1.));
#2256 = ( GEOMETRIC_REPRESENTATION_CONTEXT(2) 
PARAMETRIC_REPRESENTATION_CONTEXT() REPRESENTATION_CONTEXT('2D SPACE',''
  ) );
#2257 = ADVANCED_FACE('',(#2258),#1162,.T.);
#2258 = FACE_BOUND('',#2259,.T.);
#2259 = EDGE_LOOP('',(#2260,#2261,#2262,#2285));
#2260 = ORIENTED_EDGE('',*,*,#1200,.T.);
#2261 = ORIENTED_EDGE('',*,*,#1149,.T.);
#2262 = ORIENTED_EDGE('',*,*,#2263,.F.);
#2263 = EDGE_CURVE('',#2264,#1126,#2266,.T.);
#2264 = VERTEX_POINT('',#2265);
#2265 = CARTESIAN_POINT('',(-101.4,41.65,22.));
#2266 = SURFACE_CURVE('',#2267,(#2271,#2278),.PCURVE_S1.);
#2267 = LINE('',#2268,#2269);
#2268 = CARTESIAN_POINT('',(-101.4,41.65,22.));
#2269 = VECTOR('',#2270,1.);
#2270 = DIRECTION('',(0.,-1.,0.));
#2271 = PCURVE('',#1162,#2272);
#2272 = DEFINITIONAL_REPRESENTATION('',(#2273),#2277);
#2273 = LINE('',#2274,#2275);
#2274 = CARTESIAN_POINT('',(0.,1.));
#2275 = VECTOR('',#2276,1.);
#2276 = DIRECTION('',(1.,0.));
#2277 = ( GEOMETRIC_REPRESENTATION_CONTEXT(2) 
PARAMETRIC_REPRESENTATION_CONTEXT() REPRESENTATION_CONTEXT('2D SPACE',''
  ) );
#2278 = PCURVE('',#2246,#2279);
#2279 = DEFINITIONAL_REPRESENTATION('',(#2280),#2284);
#2280 = LINE('',#2281,#2282);
#2281 = CARTESIAN_POINT('',(0.,-8.));
#2282 = VECTOR('',#2283,1.);
#2283 = DIRECTION('',(1.,0.));
#2284 = ( GEOMETRIC_REPRESENTATION_CONTEXT(2) 
PARAMETRIC_REPRESENTATION_CONTEXT() REPRESENTATION_CONTEXT('2D SPACE',''
  ) );
#2285 = ORIENTED_EDGE('',*,*,#2286,.F.);
#2286 = EDGE_CURVE('',#1201,#2264,#2287,.T.);
#2287 = SURFACE_CURVE('',#2288,(#2291,#2298),.PCURVE_S1.);
#2288 = B_SPLINE_CURVE_WITH_KNOTS('',1,(#2289,#2290),.UNSPECIFIED.,.F.,
  .F.,(2,2),(0.,1.),.PIECEWISE_BEZIER_KNOTS.);
#2289 = CARTESIAN_POINT('',(-97.,40.,10.));
#2290 = CARTESIAN_POINT('',(-101.4,41.65,22.));
#2291 = PCURVE('',#1162,#2292);
#2292 = DEFINITIONAL_REPRESENTATION('',(#2293),#2297);
#2293 = LINE('',#2294,#2295);
#2294 = CARTESIAN_POINT('',(0.,0.));
#2295 = VECTOR('',#2296,1.);
#2296 = DIRECTION('',(0.,1.));
#2297 = ( GEOMETRIC_REPRESENTATION_CONTEXT(2) 
PARAMETRIC_REPRESENTATION_CONTEXT() REPRESENTATION_CONTEXT('2D SPACE',''
  ) );
#2298 = PCURVE('',#2299,#2320);
#2299 = B_SPLINE_SURFACE_WITH_KNOTS('',9,1,(
    (#2300,#2301)
    ,(#2302,#2303)
    ,(#2304,#2305)
    ,(#2306,#2307)
    ,(#2308,#2309)
    ,(#2310,#2311)
    ,(#2312,#2313)
    ,(#2314,#2315)
    ,(#2316,#2317)
    ,(#2318,#2319
    )),.UNSPECIFIED.,.F.,.F.,.F.,(10,10),(2,2),(0.,1.570796318693),(0.,
    1.),.PIECEWISE_BEZIER_KNOTS.);
#2300 = CARTESIAN_POINT('',(-65.,72.,10.));
#2301 = CARTESIAN_POINT('',(-67.4,75.65,22.));
#2302 = CARTESIAN_POINT('',(-70.58505360019,71.999999977372,10.));
#2303 = CARTESIAN_POINT('',(-73.33411945021,75.64999997596,22.));
#2304 = CARTESIAN_POINT('',(-76.170107276,70.90337733905,10.000000000001
    ));
#2305 = CARTESIAN_POINT('',(-79.26823898074,74.484838422732,22.));
#2306 = CARTESIAN_POINT('',(-81.50907879205,68.710131318765,
    9.999999999997));
#2307 = CARTESIAN_POINT('',(-84.94089621658,72.154514526204,22.));
#2308 = CARTESIAN_POINT('',(-86.35588939635,65.484689214798,
    10.000000000003));
#2309 = CARTESIAN_POINT('',(-90.09063248359,68.727482290704,22.));
#2310 = CARTESIAN_POINT('',(-90.48468921474,61.355889396296,
    9.999999999997));
#2311 = CARTESIAN_POINT('',(-94.47748229069,64.34063248358,22.));
#2312 = CARTESIAN_POINT('',(-93.7101313188,56.509078792095,
    10.000000000002));
#2313 = CARTESIAN_POINT('',(-97.90451452621,59.190896216592,22.));
#2314 = CARTESIAN_POINT('',(-95.90337733903,51.170107275986,
    9.999999999999));
#2315 = CARTESIAN_POINT('',(-100.2348384227,53.518238980739,22.));
#2316 = CARTESIAN_POINT('',(-96.99999997737,45.585053600201,10.));
#2317 = CARTESIAN_POINT('',(-101.3999999759,47.584119450213,22.));
#2318 = CARTESIAN_POINT('',(-97.,40.,10.));
#2319 = CARTESIAN_POINT('',(-101.4,41.65,22.));
#2320 = DEFINITIONAL_REPRESENTATION('',(#2321),#2325);
#2321 = LINE('',#2322,#2323);
#2322 = CARTESIAN_POINT('',(1.570796318693,0.));
#2323 = VECTOR('',#2324,1.);
#2324 = DIRECTION('',(0.,1.));
#2325 = ( GEOMETRIC_REPRESENTATION_CONTEXT(2) 
PARAMETRIC_REPRESENTATION_CONTEXT() REPRESENTATION_CONTEXT('2D SPACE',''
  ) );
#2326 = ADVANCED_FACE('',(#2327),#1235,.T.);
#2327 = FACE_BOUND('',#2328,.T.);
#2328 = EDGE_LOOP('',(#2329,#2353,#2375,#2376,#2377,#2378,#2379));
#2329 = ORIENTED_EDGE('',*,*,#2330,.F.);
#2330 = EDGE_CURVE('',#2331,#2333,#2335,.T.);
#2331 = VERTEX_POINT('',#2332);
#2332 = CARTESIAN_POINT('',(-63.,62.,0.));
#2333 = VERTEX_POINT('',#2334);
#2334 = CARTESIAN_POINT('',(-65.,72.,10.));
#2335 = SURFACE_CURVE('',#2336,(#2339,#2346),.PCURVE_S1.);
#2336 = B_SPLINE_CURVE_WITH_KNOTS('',1,(#2337,#2338),.UNSPECIFIED.,.F.,
  .F.,(2,2),(0.,1.),.PIECEWISE_BEZIER_KNOTS.);
#2337 = CARTESIAN_POINT('',(-63.,62.,0.));
#2338 = CARTESIAN_POINT('',(-65.,72.,10.));
#2339 = PCURVE('',#1235,#2340);
#2340 = DEFINITIONAL_REPRESENTATION('',(#2341),#2345);
#2341 = LINE('',#2342,#2343);
#2342 = CARTESIAN_POINT('',(0.,0.));
#2343 = VECTOR('',#2344,1.);
#2344 = DIRECTION('',(0.,1.));
#2345 = ( GEOMETRIC_REPRESENTATION_CONTEXT(2) 
PARAMETRIC_REPRESENTATION_CONTEXT() REPRESENTATION_CONTEXT('2D SPACE',''
  ) );
#2346 = PCURVE('',#1654,#2347);
#2347 = DEFINITIONAL_REPRESENTATION('',(#2348),#2352);
#2348 = LINE('',#2349,#2350);
#2349 = CARTESIAN_POINT('',(130.,0.));
#2350 = VECTOR('',#2351,1.);
#2351 = DIRECTION('',(0.,1.));
#2352 = ( GEOMETRIC_REPRESENTATION_CONTEXT(2) 
PARAMETRIC_REPRESENTATION_CONTEXT() REPRESENTATION_CONTEXT('2D SPACE',''
  ) );
#2353 = ORIENTED_EDGE('',*,*,#2354,.T.);
#2354 = EDGE_CURVE('',#2331,#1696,#2355,.T.);
#2355 = SURFACE_CURVE('',#2356,(#2361,#2368),.PCURVE_S1.);
#2356 = CIRCLE('',#2357,24.000000097227);
#2357 = AXIS2_PLACEMENT_3D('',#2358,#2359,#2360);
#2358 = CARTESIAN_POINT('',(-62.99999990277,37.999999902773,0.));
#2359 = DIRECTION('',(0.,0.,1.));
#2360 = DIRECTION('',(-4.051126232864E-09,1.,0.));
#2361 = PCURVE('',#1235,#2362);
#2362 = DEFINITIONAL_REPRESENTATION('',(#2363),#2367);
#2363 = LINE('',#2364,#2365);
#2364 = CARTESIAN_POINT('',(0.,0.));
#2365 = VECTOR('',#2366,1.);
#2366 = DIRECTION('',(1.,0.));
#2367 = ( GEOMETRIC_REPRESENTATION_CONTEXT(2) 
PARAMETRIC_REPRESENTATION_CONTEXT() REPRESENTATION_CONTEXT('2D SPACE',''
  ) );
#2368 = PCURVE('',#1627,#2369);
#2369 = DEFINITIONAL_REPRESENTATION('',(#2370),#2374);
#2370 = CIRCLE('',#2371,24.000000097227);
#2371 = AXIS2_PLACEMENT_2D('',#2372,#2373);
#2372 = CARTESIAN_POINT('',(-3.078855929099E-07,-75.99999980554));
#2373 = DIRECTION('',(0.,-1.));
#2374 = ( GEOMETRIC_REPRESENTATION_CONTEXT(2) 
PARAMETRIC_REPRESENTATION_CONTEXT() REPRESENTATION_CONTEXT('2D SPACE',''
  ) );
#2375 = ORIENTED_EDGE('',*,*,#1695,.T.);
#2376 = ORIENTED_EDGE('',*,*,#1289,.F.);
#2377 = ORIENTED_EDGE('',*,*,#1374,.T.);
#2378 = ORIENTED_EDGE('',*,*,#1222,.T.);
#2379 = ORIENTED_EDGE('',*,*,#2380,.F.);
#2380 = EDGE_CURVE('',#2333,#1201,#2381,.T.);
#2381 = SURFACE_CURVE('',#2382,(#2387,#2394),.PCURVE_S1.);
#2382 = CIRCLE('',#2383,32.000000129636);
#2383 = AXIS2_PLACEMENT_3D('',#2384,#2385,#2386);
#2384 = CARTESIAN_POINT('',(-64.99999987036,39.999999870364,10.));
#2385 = DIRECTION('',(0.,0.,1.));
#2386 = DIRECTION('',(-4.051126084834E-09,1.,0.));
#2387 = PCURVE('',#1235,#2388);
#2388 = DEFINITIONAL_REPRESENTATION('',(#2389),#2393);
#2389 = LINE('',#2390,#2391);
#2390 = CARTESIAN_POINT('',(0.,1.));
#2391 = VECTOR('',#2392,1.);
#2392 = DIRECTION('',(1.,0.));
#2393 = ( GEOMETRIC_REPRESENTATION_CONTEXT(2) 
PARAMETRIC_REPRESENTATION_CONTEXT() REPRESENTATION_CONTEXT('2D SPACE',''
  ) );
#2394 = PCURVE('',#2299,#2395);
#2395 = DEFINITIONAL_REPRESENTATION('',(#2396),#2400);
#2396 = LINE('',#2397,#2398);
#2397 = CARTESIAN_POINT('',(0.,0.));
#2398 = VECTOR('',#2399,1.);
#2399 = DIRECTION('',(1.,0.));
#2400 = ( GEOMETRIC_REPRESENTATION_CONTEXT(2) 
PARAMETRIC_REPRESENTATION_CONTEXT() REPRESENTATION_CONTEXT('2D SPACE',''
  ) );
#2401 = ADVANCED_FACE('',(#2402),#1443,.T.);
#2402 = FACE_BOUND('',#2403,.T.);
#2403 = EDGE_LOOP('',(#2404,#2405,#2432,#2459));
#2404 = ORIENTED_EDGE('',*,*,#1666,.T.);
#2405 = ORIENTED_EDGE('',*,*,#2406,.T.);
#2406 = EDGE_CURVE('',#1640,#2407,#2409,.T.);
#2407 = VERTEX_POINT('',#2408);
#2408 = CARTESIAN_POINT('',(67.4,75.65,22.));
#2409 = SURFACE_CURVE('',#2410,(#2413,#2420),.PCURVE_S1.);
#2410 = B_SPLINE_CURVE_WITH_KNOTS('',1,(#2411,#2412),.UNSPECIFIED.,.F.,
  .F.,(2,2),(0.,1.),.PIECEWISE_BEZIER_KNOTS.);
#2411 = CARTESIAN_POINT('',(65.,72.,10.));
#2412 = CARTESIAN_POINT('',(67.4,75.65,22.));
#2413 = PCURVE('',#1443,#2414);
#2414 = DEFINITIONAL_REPRESENTATION('',(#2415),#2419);
#2415 = LINE('',#2416,#2417);
#2416 = CARTESIAN_POINT('',(1.570796318693,0.));
#2417 = VECTOR('',#2418,1.);
#2418 = DIRECTION('',(0.,1.));
#2419 = ( GEOMETRIC_REPRESENTATION_CONTEXT(2) 
PARAMETRIC_REPRESENTATION_CONTEXT() REPRESENTATION_CONTEXT('2D SPACE',''
  ) );
#2420 = PCURVE('',#2421,#2426);
#2421 = B_SPLINE_SURFACE_WITH_KNOTS('',1,1,(
    (#2422,#2423)
    ,(#2424,#2425
    )),.UNSPECIFIED.,.F.,.F.,.F.,(2,2),(2,2),(0.,134.8),(0.,1.),
  .PIECEWISE_BEZIER_KNOTS.);
#2422 = CARTESIAN_POINT('',(65.,72.,10.));
#2423 = CARTESIAN_POINT('',(67.4,75.65,22.));
#2424 = CARTESIAN_POINT('',(-65.,72.,10.));
#2425 = CARTESIAN_POINT('',(-67.4,75.65,22.));
#2426 = DEFINITIONAL_REPRESENTATION('',(#2427),#2431);
#2427 = LINE('',#2428,#2429);
#2428 = CARTESIAN_POINT('',(0.,0.));
#2429 = VECTOR('',#2430,1.);
#2430 = DIRECTION('',(0.,1.));
#2431 = ( GEOMETRIC_REPRESENTATION_CONTEXT(2) 
PARAMETRIC_REPRESENTATION_CONTEXT() REPRESENTATION_CONTEXT('2D SPACE',''
  ) );
#2432 = ORIENTED_EDGE('',*,*,#2433,.F.);
#2433 = EDGE_CURVE('',#1429,#2407,#2434,.T.);
#2434 = SURFACE_CURVE('',#2435,(#2440,#2447),.PCURVE_S1.);
#2435 = CIRCLE('',#2436,34.000000137738);
#2436 = AXIS2_PLACEMENT_3D('',#2437,#2438,#2439);
#2437 = CARTESIAN_POINT('',(67.399999862262,41.649999862262,22.));
#2438 = DIRECTION('',(0.,0.,1.));
#2439 = DIRECTION('',(1.,4.051126999135E-09,-0.));
#2440 = PCURVE('',#1443,#2441);
#2441 = DEFINITIONAL_REPRESENTATION('',(#2442),#2446);
#2442 = LINE('',#2443,#2444);
#2443 = CARTESIAN_POINT('',(0.,1.));
#2444 = VECTOR('',#2445,1.);
#2445 = DIRECTION('',(1.,0.));
#2446 = ( GEOMETRIC_REPRESENTATION_CONTEXT(2) 
PARAMETRIC_REPRESENTATION_CONTEXT() REPRESENTATION_CONTEXT('2D SPACE',''
  ) );
#2447 = PCURVE('',#2448,#2453);
#2448 = CYLINDRICAL_SURFACE('',#2449,34.000000137738);
#2449 = AXIS2_PLACEMENT_3D('',#2450,#2451,#2452);
#2450 = CARTESIAN_POINT('',(67.399999862262,41.649999862262,22.));
#2451 = DIRECTION('',(0.,0.,1.));
#2452 = DIRECTION('',(1.,4.051126999135E-09,-0.));
#2453 = DEFINITIONAL_REPRESENTATION('',(#2454),#2458);
#2454 = LINE('',#2455,#2456);
#2455 = CARTESIAN_POINT('',(0.,0.));
#2456 = VECTOR('',#2457,1.);
#2457 = DIRECTION('',(1.,0.));
#2458 = ( GEOMETRIC_REPRESENTATION_CONTEXT(2) 
PARAMETRIC_REPRESENTATION_CONTEXT() REPRESENTATION_CONTEXT('2D SPACE',''
  ) );
#2459 = ORIENTED_EDGE('',*,*,#1428,.F.);
#2460 = ADVANCED_FACE('',(#2461),#1485,.T.);
#2461 = FACE_BOUND('',#2462,.T.);
#2462 = EDGE_LOOP('',(#2463,#2464,#2487,#2513));
#2463 = ORIENTED_EDGE('',*,*,#1471,.T.);
#2464 = ORIENTED_EDGE('',*,*,#2465,.T.);
#2465 = EDGE_CURVE('',#1429,#2466,#2468,.T.);
#2466 = VERTEX_POINT('',#2467);
#2467 = CARTESIAN_POINT('',(101.4,41.65,238.));
#2468 = SURFACE_CURVE('',#2469,(#2473,#2480),.PCURVE_S1.);
#2469 = LINE('',#2470,#2471);
#2470 = CARTESIAN_POINT('',(101.4,41.65,22.));
#2471 = VECTOR('',#2472,1.);
#2472 = DIRECTION('',(0.,0.,1.));
#2473 = PCURVE('',#1485,#2474);
#2474 = DEFINITIONAL_REPRESENTATION('',(#2475),#2479);
#2475 = LINE('',#2476,#2477);
#2476 = CARTESIAN_POINT('',(83.3,-8.));
#2477 = VECTOR('',#2478,1.);
#2478 = DIRECTION('',(0.,1.));
#2479 = ( GEOMETRIC_REPRESENTATION_CONTEXT(2) 
PARAMETRIC_REPRESENTATION_CONTEXT() REPRESENTATION_CONTEXT('2D SPACE',''
  ) );
#2480 = PCURVE('',#2448,#2481);
#2481 = DEFINITIONAL_REPRESENTATION('',(#2482),#2486);
#2482 = LINE('',#2483,#2484);
#2483 = CARTESIAN_POINT('',(0.,0.));
#2484 = VECTOR('',#2485,1.);
#2485 = DIRECTION('',(0.,1.));
#2486 = ( GEOMETRIC_REPRESENTATION_CONTEXT(2) 
PARAMETRIC_REPRESENTATION_CONTEXT() REPRESENTATION_CONTEXT('2D SPACE',''
  ) );
#2487 = ORIENTED_EDGE('',*,*,#2488,.F.);
#2488 = EDGE_CURVE('',#1503,#2466,#2489,.T.);
#2489 = SURFACE_CURVE('',#2490,(#2494,#2501),.PCURVE_S1.);
#2490 = LINE('',#2491,#2492);
#2491 = CARTESIAN_POINT('',(101.4,-41.65,238.));
#2492 = VECTOR('',#2493,1.);
#2493 = DIRECTION('',(0.,1.,0.));
#2494 = PCURVE('',#1485,#2495);
#2495 = DEFINITIONAL_REPRESENTATION('',(#2496),#2500);
#2496 = LINE('',#2497,#2498);
#2497 = CARTESIAN_POINT('',(0.,208.));
#2498 = VECTOR('',#2499,1.);
#2499 = DIRECTION('',(1.,0.));
#2500 = ( GEOMETRIC_REPRESENTATION_CONTEXT(2) 
PARAMETRIC_REPRESENTATION_CONTEXT() REPRESENTATION_CONTEXT('2D SPACE',''
  ) );
#2501 = PCURVE('',#2502,#2507);
#2502 = B_SPLINE_SURFACE_WITH_KNOTS('',1,1,(
    (#2503,#2504)
    ,(#2505,#2506
    )),.UNSPECIFIED.,.F.,.F.,.F.,(2,2),(2,2),(0.,83.3),(0.,1.),
  .PIECEWISE_BEZIER_KNOTS.);
#2503 = CARTESIAN_POINT('',(101.4,-41.65,238.));
#2504 = CARTESIAN_POINT('',(100.,-38.,258.));
#2505 = CARTESIAN_POINT('',(101.4,41.65,238.));
#2506 = CARTESIAN_POINT('',(100.,38.,258.));
#2507 = DEFINITIONAL_REPRESENTATION('',(#2508),#2512);
#2508 = LINE('',#2509,#2510);
#2509 = CARTESIAN_POINT('',(0.,0.));
#2510 = VECTOR('',#2511,1.);
#2511 = DIRECTION('',(1.,0.));
#2512 = ( GEOMETRIC_REPRESENTATION_CONTEXT(2) 
PARAMETRIC_REPRESENTATION_CONTEXT() REPRESENTATION_CONTEXT('2D SPACE',''
  ) );
#2513 = ORIENTED_EDGE('',*,*,#1502,.F.);
#2514 = ADVANCED_FACE('',(#2515),#1540,.T.);
#2515 = FACE_BOUND('',#2516,.T.);
#2516 = EDGE_LOOP('',(#2517,#2518,#2540,#2583));
#2517 = ORIENTED_EDGE('',*,*,#1525,.T.);
#2518 = ORIENTED_EDGE('',*,*,#2519,.T.);
#2519 = EDGE_CURVE('',#1503,#2520,#2522,.T.);
#2520 = VERTEX_POINT('',#2521);
#2521 = CARTESIAN_POINT('',(100.,-38.,258.));
#2522 = SURFACE_CURVE('',#2523,(#2526,#2533),.PCURVE_S1.);
#2523 = B_SPLINE_CURVE_WITH_KNOTS('',1,(#2524,#2525),.UNSPECIFIED.,.F.,
  .F.,(2,2),(0.,1.),.PIECEWISE_BEZIER_KNOTS.);
#2524 = CARTESIAN_POINT('',(101.4,-41.65,238.));
#2525 = CARTESIAN_POINT('',(100.,-38.,258.));
#2526 = PCURVE('',#1540,#2527);
#2527 = DEFINITIONAL_REPRESENTATION('',(#2528),#2532);
#2528 = LINE('',#2529,#2530);
#2529 = CARTESIAN_POINT('',(1.570796318693,0.));
#2530 = VECTOR('',#2531,1.);
#2531 = DIRECTION('',(0.,1.));
#2532 = ( GEOMETRIC_REPRESENTATION_CONTEXT(2) 
PARAMETRIC_REPRESENTATION_CONTEXT() REPRESENTATION_CONTEXT('2D SPACE',''
  ) );
#2533 = PCURVE('',#2502,#2534);
#2534 = DEFINITIONAL_REPRESENTATION('',(#2535),#2539);
#2535 = LINE('',#2536,#2537);
#2536 = CARTESIAN_POINT('',(0.,0.));
#2537 = VECTOR('',#2538,1.);
#2538 = DIRECTION('',(0.,1.));
#2539 = ( GEOMETRIC_REPRESENTATION_CONTEXT(2) 
PARAMETRIC_REPRESENTATION_CONTEXT() REPRESENTATION_CONTEXT('2D SPACE',''
  ) );
#2540 = ORIENTED_EDGE('',*,*,#2541,.F.);
#2541 = EDGE_CURVE('',#1797,#2520,#2542,.T.);
#2542 = SURFACE_CURVE('',#2543,(#2548,#2555),.PCURVE_S1.);
#2543 = CIRCLE('',#2544,36.000000145841);
#2544 = AXIS2_PLACEMENT_3D('',#2545,#2546,#2547);
#2545 = CARTESIAN_POINT('',(63.999999854159,-37.99999985415,258.));
#2546 = DIRECTION('',(0.,0.,1.));
#2547 = DIRECTION('',(4.05112662761E-09,-1.,0.));
#2548 = PCURVE('',#1540,#2549);
#2549 = DEFINITIONAL_REPRESENTATION('',(#2550),#2554);
#2550 = LINE('',#2551,#2552);
#2551 = CARTESIAN_POINT('',(0.,1.));
#2552 = VECTOR('',#2553,1.);
#2553 = DIRECTION('',(1.,0.));
#2554 = ( GEOMETRIC_REPRESENTATION_CONTEXT(2) 
PARAMETRIC_REPRESENTATION_CONTEXT() REPRESENTATION_CONTEXT('2D SPACE',''
  ) );
#2555 = PCURVE('',#2556,#2577);
#2556 = B_SPLINE_SURFACE_WITH_KNOTS('',9,1,(
    (#2557,#2558)
    ,(#2559,#2560)
    ,(#2561,#2562)
    ,(#2563,#2564)
    ,(#2565,#2566)
    ,(#2567,#2568)
    ,(#2569,#2570)
    ,(#2571,#2572)
    ,(#2573,#2574)
    ,(#2575,#2576
    )),.UNSPECIFIED.,.F.,.F.,.F.,(10,10),(2,2),(0.,1.570796318693),(0.,
    1.),.PIECEWISE_BEZIER_KNOTS.);
#2557 = CARTESIAN_POINT('',(64.,-74.,258.));
#2558 = CARTESIAN_POINT('',(54.,-70.,276.));
#2559 = CARTESIAN_POINT('',(70.283185300224,-73.99999997454,
    257.99999999999));
#2560 = CARTESIAN_POINT('',(61.679448700277,-69.99999996889,276.));
#2561 = CARTESIAN_POINT('',(76.566370685495,-72.76629950642,258.));
#2562 = CARTESIAN_POINT('',(69.358897504481,-68.49214384117,
    275.99999999997));
#2563 = CARTESIAN_POINT('',(82.572713641084,-70.29889773362,
    257.99999999998));
#2564 = CARTESIAN_POINT('',(76.699983339129,-65.47643056333,
    276.00000000005));
#2565 = CARTESIAN_POINT('',(88.025375570867,-66.67027536663,
    258.00000000002));
#2566 = CARTESIAN_POINT('',(83.364347919914,-61.0414476703,
    275.99999999993));
#2567 = CARTESIAN_POINT('',(92.670275366612,-62.02537557084,
    257.99999999998));
#2568 = CARTESIAN_POINT('',(89.041447670335,-55.36434791994,
    276.00000000006));
#2569 = CARTESIAN_POINT('',(96.298897733637,-56.57271364109,258.));
#2570 = CARTESIAN_POINT('',(93.476430563313,-48.6999833391,
    275.99999999995));
#2571 = CARTESIAN_POINT('',(98.766299506419,-50.56637068548,
    257.99999999999));
#2572 = CARTESIAN_POINT('',(96.492143841187,-41.35889750449,
    276.00000000002));
#2573 = CARTESIAN_POINT('',(99.999999974547,-44.28318530022,258.));
#2574 = CARTESIAN_POINT('',(97.999999968888,-33.67944870027,
    275.99999999999));
#2575 = CARTESIAN_POINT('',(100.,-38.,258.));
#2576 = CARTESIAN_POINT('',(98.,-26.,276.));
#2577 = DEFINITIONAL_REPRESENTATION('',(#2578),#2582);
#2578 = LINE('',#2579,#2580);
#2579 = CARTESIAN_POINT('',(0.,0.));
#2580 = VECTOR('',#2581,1.);
#2581 = DIRECTION('',(1.,0.));
#2582 = ( GEOMETRIC_REPRESENTATION_CONTEXT(2) 
PARAMETRIC_REPRESENTATION_CONTEXT() REPRESENTATION_CONTEXT('2D SPACE',''
  ) );
#2583 = ORIENTED_EDGE('',*,*,#1796,.F.);
#2584 = ADVANCED_FACE('',(#2585),#1654,.T.);
#2585 = FACE_BOUND('',#2586,.T.);
#2586 = EDGE_LOOP('',(#2587,#2607,#2608,#2628));
#2587 = ORIENTED_EDGE('',*,*,#2588,.T.);
#2588 = EDGE_CURVE('',#1611,#2331,#2589,.T.);
#2589 = SURFACE_CURVE('',#2590,(#2594,#2600),.PCURVE_S1.);
#2590 = LINE('',#2591,#2592);
#2591 = CARTESIAN_POINT('',(63.,62.,0.));
#2592 = VECTOR('',#2593,1.);
#2593 = DIRECTION('',(-1.,0.,0.));
#2594 = PCURVE('',#1654,#2595);
#2595 = DEFINITIONAL_REPRESENTATION('',(#2596),#2599);
#2596 = B_SPLINE_CURVE_WITH_KNOTS('',1,(#2597,#2598),.UNSPECIFIED.,.F.,
  .F.,(2,2),(0.,126.),.PIECEWISE_BEZIER_KNOTS.);
#2597 = CARTESIAN_POINT('',(0.,0.));
#2598 = CARTESIAN_POINT('',(130.,0.));
#2599 = ( GEOMETRIC_REPRESENTATION_CONTEXT(2) 
PARAMETRIC_REPRESENTATION_CONTEXT() REPRESENTATION_CONTEXT('2D SPACE',''
  ) );
#2600 = PCURVE('',#1627,#2601);
#2601 = DEFINITIONAL_REPRESENTATION('',(#2602),#2606);
#2602 = LINE('',#2603,#2604);
#2603 = CARTESIAN_POINT('',(-126.0000003078,-99.99999939233));
#2604 = VECTOR('',#2605,1.);
#2605 = DIRECTION('',(1.,-4.051126232864E-09));
#2606 = ( GEOMETRIC_REPRESENTATION_CONTEXT(2) 
PARAMETRIC_REPRESENTATION_CONTEXT() REPRESENTATION_CONTEXT('2D SPACE',''
  ) );
#2607 = ORIENTED_EDGE('',*,*,#2330,.T.);
#2608 = ORIENTED_EDGE('',*,*,#2609,.F.);
#2609 = EDGE_CURVE('',#1640,#2333,#2610,.T.);
#2610 = SURFACE_CURVE('',#2611,(#2615,#2622),.PCURVE_S1.);
#2611 = LINE('',#2612,#2613);
#2612 = CARTESIAN_POINT('',(65.,72.,10.));
#2613 = VECTOR('',#2614,1.);
#2614 = DIRECTION('',(-1.,0.,0.));
#2615 = PCURVE('',#1654,#2616);
#2616 = DEFINITIONAL_REPRESENTATION('',(#2617),#2621);
#2617 = LINE('',#2618,#2619);
#2618 = CARTESIAN_POINT('',(0.,1.));
#2619 = VECTOR('',#2620,1.);
#2620 = DIRECTION('',(1.,0.));
#2621 = ( GEOMETRIC_REPRESENTATION_CONTEXT(2) 
PARAMETRIC_REPRESENTATION_CONTEXT() REPRESENTATION_CONTEXT('2D SPACE',''
  ) );
#2622 = PCURVE('',#2421,#2623);
#2623 = DEFINITIONAL_REPRESENTATION('',(#2624),#2627);
#2624 = B_SPLINE_CURVE_WITH_KNOTS('',1,(#2625,#2626),.UNSPECIFIED.,.F.,
  .F.,(2,2),(0.,130.),.PIECEWISE_BEZIER_KNOTS.);
#2625 = CARTESIAN_POINT('',(0.,0.));
#2626 = CARTESIAN_POINT('',(134.8,0.));
#2627 = ( GEOMETRIC_REPRESENTATION_CONTEXT(2) 
PARAMETRIC_REPRESENTATION_CONTEXT() REPRESENTATION_CONTEXT('2D SPACE',''
  ) );
#2628 = ORIENTED_EDGE('',*,*,#1639,.F.);
#2629 = ADVANCED_FACE('',(#2630),#1627,.F.);
#2630 = FACE_BOUND('',#2631,.F.);
#2631 = EDGE_LOOP('',(#2632,#2633,#2634,#2635));
#2632 = ORIENTED_EDGE('',*,*,#2354,.T.);
#2633 = ORIENTED_EDGE('',*,*,#1730,.T.);
#2634 = ORIENTED_EDGE('',*,*,#1610,.T.);
#2635 = ORIENTED_EDGE('',*,*,#2588,.T.);
#2636 = ADVANCED_FACE('',(#2637),#1767,.T.);
#2637 = FACE_BOUND('',#2638,.T.);
#2638 = EDGE_LOOP('',(#2639,#2640,#2641,#2686));
#2639 = ORIENTED_EDGE('',*,*,#2208,.T.);
#2640 = ORIENTED_EDGE('',*,*,#1752,.T.);
#2641 = ORIENTED_EDGE('',*,*,#2642,.F.);
#2642 = EDGE_CURVE('',#2643,#1753,#2645,.T.);
#2643 = VERTEX_POINT('',#2644);
#2644 = CARTESIAN_POINT('',(-100.,-38.,258.));
#2645 = SURFACE_CURVE('',#2646,(#2651,#2658),.PCURVE_S1.);
#2646 = CIRCLE('',#2647,36.000000145841);
#2647 = AXIS2_PLACEMENT_3D('',#2648,#2649,#2650);
#2648 = CARTESIAN_POINT('',(-63.99999985415,-37.99999985415,258.));
#2649 = DIRECTION('',(0.,0.,1.));
#2650 = DIRECTION('',(-1.,-4.051126824983E-09,0.));
#2651 = PCURVE('',#1767,#2652);
#2652 = DEFINITIONAL_REPRESENTATION('',(#2653),#2657);
#2653 = LINE('',#2654,#2655);
#2654 = CARTESIAN_POINT('',(0.,1.));
#2655 = VECTOR('',#2656,1.);
#2656 = DIRECTION('',(1.,0.));
#2657 = ( GEOMETRIC_REPRESENTATION_CONTEXT(2) 
PARAMETRIC_REPRESENTATION_CONTEXT() REPRESENTATION_CONTEXT('2D SPACE',''
  ) );
#2658 = PCURVE('',#2659,#2680);
#2659 = B_SPLINE_SURFACE_WITH_KNOTS('',9,1,(
    (#2660,#2661)
    ,(#2662,#2663)
    ,(#2664,#2665)
    ,(#2666,#2667)
    ,(#2668,#2669)
    ,(#2670,#2671)
    ,(#2672,#2673)
    ,(#2674,#2675)
    ,(#2676,#2677)
    ,(#2678,#2679
    )),.UNSPECIFIED.,.F.,.F.,.F.,(10,10),(2,2),(0.,1.570796318693),(0.,
    1.),.PIECEWISE_BEZIER_KNOTS.);
#2660 = CARTESIAN_POINT('',(-100.,-38.,258.));
#2661 = CARTESIAN_POINT('',(-98.,-26.,276.));
#2662 = CARTESIAN_POINT('',(-99.99999997454,-44.28318530022,
    257.99999999999));
#2663 = CARTESIAN_POINT('',(-97.99999996889,-33.67944870027,276.));
#2664 = CARTESIAN_POINT('',(-98.76629950642,-50.56637068549,258.));
#2665 = CARTESIAN_POINT('',(-96.49214384117,-41.35889750448,
    275.99999999997));
#2666 = CARTESIAN_POINT('',(-96.29889773362,-56.57271364109,
    257.99999999998));
#2667 = CARTESIAN_POINT('',(-93.47643056334,-48.69998333912,
    276.00000000005));
#2668 = CARTESIAN_POINT('',(-92.67027536662,-62.02537557085,
    258.00000000002));
#2669 = CARTESIAN_POINT('',(-89.04144767029,-55.36434791992,
    275.99999999993));
#2670 = CARTESIAN_POINT('',(-88.02537557085,-66.67027536662,
    257.99999999998));
#2671 = CARTESIAN_POINT('',(-83.36434791995,-61.04144767032,
    276.00000000006));
#2672 = CARTESIAN_POINT('',(-82.57271364109,-70.29889773363,258.));
#2673 = CARTESIAN_POINT('',(-76.69998333909,-65.47643056331,
    275.99999999995));
#2674 = CARTESIAN_POINT('',(-76.56637068549,-72.76629950642,
    257.99999999999));
#2675 = CARTESIAN_POINT('',(-69.35889750449,-68.49214384118,
    276.00000000002));
#2676 = CARTESIAN_POINT('',(-70.28318530022,-73.99999997454,258.));
#2677 = CARTESIAN_POINT('',(-61.67944870027,-69.99999996888,
    275.99999999999));
#2678 = CARTESIAN_POINT('',(-64.,-74.,258.));
#2679 = CARTESIAN_POINT('',(-54.,-70.,276.));
#2680 = DEFINITIONAL_REPRESENTATION('',(#2681),#2685);
#2681 = LINE('',#2682,#2683);
#2682 = CARTESIAN_POINT('',(0.,0.));
#2683 = VECTOR('',#2684,1.);
#2684 = DIRECTION('',(1.,0.));
#2685 = ( GEOMETRIC_REPRESENTATION_CONTEXT(2) 
PARAMETRIC_REPRESENTATION_CONTEXT() REPRESENTATION_CONTEXT('2D SPACE',''
  ) );
#2686 = ORIENTED_EDGE('',*,*,#2687,.F.);
#2687 = EDGE_CURVE('',#2209,#2643,#2688,.T.);
#2688 = SURFACE_CURVE('',#2689,(#2692,#2699),.PCURVE_S1.);
#2689 = B_SPLINE_CURVE_WITH_KNOTS('',1,(#2690,#2691),.UNSPECIFIED.,.F.,
  .F.,(2,2),(0.,1.),.PIECEWISE_BEZIER_KNOTS.);
#2690 = CARTESIAN_POINT('',(-101.4,-41.65,238.));
#2691 = CARTESIAN_POINT('',(-100.,-38.,258.));
#2692 = PCURVE('',#1767,#2693);
#2693 = DEFINITIONAL_REPRESENTATION('',(#2694),#2698);
#2694 = LINE('',#2695,#2696);
#2695 = CARTESIAN_POINT('',(0.,0.));
#2696 = VECTOR('',#2697,1.);
#2697 = DIRECTION('',(0.,1.));
#2698 = ( GEOMETRIC_REPRESENTATION_CONTEXT(2) 
PARAMETRIC_REPRESENTATION_CONTEXT() REPRESENTATION_CONTEXT('2D SPACE',''
  ) );
#2699 = PCURVE('',#2700,#2705);
#2700 = B_SPLINE_SURFACE_WITH_KNOTS('',1,1,(
    (#2701,#2702)
    ,(#2703,#2704
    )),.UNSPECIFIED.,.F.,.F.,.F.,(2,2),(2,2),(0.,83.3),(0.,1.),
  .PIECEWISE_BEZIER_KNOTS.);
#2701 = CARTESIAN_POINT('',(-101.4,41.65,238.));
#2702 = CARTESIAN_POINT('',(-100.,38.,258.));
#2703 = CARTESIAN_POINT('',(-101.4,-41.65,238.));
#2704 = CARTESIAN_POINT('',(-100.,-38.,258.));
#2705 = DEFINITIONAL_REPRESENTATION('',(#2706),#2710);
#2706 = LINE('',#2707,#2708);
#2707 = CARTESIAN_POINT('',(83.3,0.));
#2708 = VECTOR('',#2709,1.);
#2709 = DIRECTION('',(0.,1.));
#2710 = ( GEOMETRIC_REPRESENTATION_CONTEXT(2) 
PARAMETRIC_REPRESENTATION_CONTEXT() REPRESENTATION_CONTEXT('2D SPACE',''
  ) );
#2711 = ADVANCED_FACE('',(#2712),#1833,.T.);
#2712 = FACE_BOUND('',#2713,.T.);
#2713 = EDGE_LOOP('',(#2714,#2736,#2737,#2811,#2836,#2908,#2909,#2931));
#2714 = ORIENTED_EDGE('',*,*,#2715,.F.);
#2715 = EDGE_CURVE('',#1753,#2716,#2718,.T.);
#2716 = VERTEX_POINT('',#2717);
#2717 = CARTESIAN_POINT('',(-54.,-70.,276.));
#2718 = SURFACE_CURVE('',#2719,(#2722,#2729),.PCURVE_S1.);
#2719 = B_SPLINE_CURVE_WITH_KNOTS('',1,(#2720,#2721),.UNSPECIFIED.,.F.,
  .F.,(2,2),(0.,1.),.PIECEWISE_BEZIER_KNOTS.);
#2720 = CARTESIAN_POINT('',(-64.,-74.,258.));
#2721 = CARTESIAN_POINT('',(-54.,-70.,276.));
#2722 = PCURVE('',#1833,#2723);
#2723 = DEFINITIONAL_REPRESENTATION('',(#2724),#2728);
#2724 = LINE('',#2725,#2726);
#2725 = CARTESIAN_POINT('',(0.,0.));
#2726 = VECTOR('',#2727,1.);
#2727 = DIRECTION('',(0.,1.));
#2728 = ( GEOMETRIC_REPRESENTATION_CONTEXT(2) 
PARAMETRIC_REPRESENTATION_CONTEXT() REPRESENTATION_CONTEXT('2D SPACE',''
  ) );
#2729 = PCURVE('',#2659,#2730);
#2730 = DEFINITIONAL_REPRESENTATION('',(#2731),#2735);
#2731 = LINE('',#2732,#2733);
#2732 = CARTESIAN_POINT('',(1.570796318693,0.));
#2733 = VECTOR('',#2734,1.);
#2734 = DIRECTION('',(0.,1.));
#2735 = ( GEOMETRIC_REPRESENTATION_CONTEXT(2) 
PARAMETRIC_REPRESENTATION_CONTEXT() REPRESENTATION_CONTEXT('2D SPACE',''
  ) );
#2736 = ORIENTED_EDGE('',*,*,#2183,.T.);
#2737 = ORIENTED_EDGE('',*,*,#2738,.T.);
#2738 = EDGE_CURVE('',#2150,#2739,#2741,.T.);
#2739 = VERTEX_POINT('',#2740);
#2740 = CARTESIAN_POINT('',(-38.,-73.15,261.825));
#2741 = SURFACE_CURVE('',#2742,(#2763,#2787),.PCURVE_S1.);
#2742 = B_SPLINE_CURVE_WITH_KNOTS('',4,(#2743,#2744,#2745,#2746,#2747,
    #2748,#2749,#2750,#2751,#2752,#2753,#2754,#2755,#2756,#2757,#2758,
    #2759,#2760,#2761,#2762),.UNSPECIFIED.,.F.,.F.,(5,3,3,3,3,3,5),(0.,
    0.497911986069,0.747486148412,0.874793795428,0.936131017162,
    0.969165991651,1.),.UNSPECIFIED.);
#2743 = CARTESIAN_POINT('',(-38.,-74.,258.));
#2744 = CARTESIAN_POINT('',(-38.,-73.89384733137,258.47768700879));
#2745 = CARTESIAN_POINT('',(-38.,-73.78780464401,258.95487910195));
#2746 = CARTESIAN_POINT('',(-38.,-73.68187581265,259.43155884305));
#2747 = CARTESIAN_POINT('',(-38.,-73.52302823576,260.14637293906));
#2748 = CARTESIAN_POINT('',(-38.,-73.47002111871,260.38490496578));
#2749 = CARTESIAN_POINT('',(-38.,-73.41704417977,260.62330119103));
#2750 = CARTESIAN_POINT('',(-38.,-73.33709012684,260.98309442922));
#2751 = CARTESIAN_POINT('',(-38.,-73.31009028426,261.10459372079));
#2752 = CARTESIAN_POINT('',(-38.,-73.28309850807,261.22605671368));
#2753 = CARTESIAN_POINT('',(-38.,-73.24311407173,261.40598667721));
#2754 = CARTESIAN_POINT('',(-38.,-73.23011516115,261.46448177479));
#2755 = CARTESIAN_POINT('',(-38.,-73.21711814839,261.52296833222));
#2756 = CARTESIAN_POINT('',(-38.,-73.1971241428,261.61294135738));
#2757 = CARTESIAN_POINT('',(-38.,-73.19012524431,261.64443640059));
#2758 = CARTESIAN_POINT('',(-38.,-73.18312634627,261.67593144175));
#2759 = CARTESIAN_POINT('',(-38.,-73.16959485499,261.73682315253));
#2760 = CARTESIAN_POINT('',(-38.,-73.16306272396,261.76621774214));
#2761 = CARTESIAN_POINT('',(-38.,-73.15653113806,261.79560987871));
#2762 = CARTESIAN_POINT('',(-38.,-73.15,261.825));
#2763 = PCURVE('',#1833,#2764);
#2764 = DEFINITIONAL_REPRESENTATION('',(#2765),#2786);
#2765 = B_SPLINE_CURVE_WITH_KNOTS('',4,(#2766,#2767,#2768,#2769,#2770,
    #2771,#2772,#2773,#2774,#2775,#2776,#2777,#2778,#2779,#2780,#2781,
    #2782,#2783,#2784,#2785),.UNSPECIFIED.,.F.,.F.,(5,3,3,3,3,3,5),(0.,
    0.497911986069,0.747486148412,0.874793795428,0.936131017162,
    0.969165991651,1.),.UNSPECIFIED.);
#2766 = CARTESIAN_POINT('',(26.,0.));
#2767 = CARTESIAN_POINT('',(25.842429632514,2.653816715551E-02));
#2768 = CARTESIAN_POINT('',(25.683280173289,5.30488389972E-02));
#2769 = CARTESIAN_POINT('',(25.522522147662,7.953104683615E-02));
#2770 = CARTESIAN_POINT('',(25.278725093461,0.119242941059));
#2771 = CARTESIAN_POINT('',(25.196913225929,0.132494720322));
#2772 = CARTESIAN_POINT('',(25.114685765143,0.145738955057));
#2773 = CARTESIAN_POINT('',(24.989880677682,0.16572746829));
#2774 = CARTESIAN_POINT('',(24.947613374988,0.172477428933));
#2775 = CARTESIAN_POINT('',(24.905236410695,0.179225372983));
#2776 = CARTESIAN_POINT('',(24.842278827884,0.189221482067));
#2777 = CARTESIAN_POINT('',(24.821782812696,0.192471209711));
#2778 = CARTESIAN_POINT('',(24.801261163031,0.195720462902));
#2779 = CARTESIAN_POINT('',(24.769647441966,0.200718964299));
#2780 = CARTESIAN_POINT('',(24.758572737076,0.202468688922));
#2781 = CARTESIAN_POINT('',(24.747489691972,0.204218413431));
#2782 = CARTESIAN_POINT('',(24.726045861193,0.207601286252));
#2783 = CARTESIAN_POINT('',(24.715687203983,0.209234319008));
#2784 = CARTESIAN_POINT('',(24.705321227891,0.210867215484));
#2785 = CARTESIAN_POINT('',(24.694949239484,0.2125));
#2786 = ( GEOMETRIC_REPRESENTATION_CONTEXT(2) 
PARAMETRIC_REPRESENTATION_CONTEXT() REPRESENTATION_CONTEXT('2D SPACE',''
  ) );
#2787 = PCURVE('',#2169,#2788);
#2788 = DEFINITIONAL_REPRESENTATION('',(#2789),#2810);
#2789 = B_SPLINE_CURVE_WITH_KNOTS('',4,(#2790,#2791,#2792,#2793,#2794,
    #2795,#2796,#2797,#2798,#2799,#2800,#2801,#2802,#2803,#2804,#2805,
    #2806,#2807,#2808,#2809),.UNSPECIFIED.,.F.,.F.,(5,3,3,3,3,3,5),(0.,
    0.497911986069,0.747486148412,0.874793795428,0.936131017162,
    0.969165991651,1.),.UNSPECIFIED.);
#2790 = CARTESIAN_POINT('',(-4.2,-1.65));
#2791 = CARTESIAN_POINT('',(-4.677687008799,-1.756152668622));
#2792 = CARTESIAN_POINT('',(-5.15487910195,-1.862195355989));
#2793 = CARTESIAN_POINT('',(-5.631558843051,-1.968124187345));
#2794 = CARTESIAN_POINT('',(-6.346372939064,-2.126971764237));
#2795 = CARTESIAN_POINT('',(-6.584904965787,-2.179978881286));
#2796 = CARTESIAN_POINT('',(-6.823301191032,-2.232955820229));
#2797 = CARTESIAN_POINT('',(-7.183094429222,-2.31290987316));
#2798 = CARTESIAN_POINT('',(-7.304593720799,-2.339909715733));
#2799 = CARTESIAN_POINT('',(-7.426056713687,-2.366901491931));
#2800 = CARTESIAN_POINT('',(-7.60598667721,-2.406885928269));
#2801 = CARTESIAN_POINT('',(-7.664481774791,-2.419884838842));
#2802 = CARTESIAN_POINT('',(-7.722968332227,-2.432881851606));
#2803 = CARTESIAN_POINT('',(-7.812941357382,-2.452875857196));
#2804 = CARTESIAN_POINT('',(-7.84443640059,-2.459874755687));
#2805 = CARTESIAN_POINT('',(-7.87593144175,-2.466873653722));
#2806 = CARTESIAN_POINT('',(-7.936823152538,-2.480405145008));
#2807 = CARTESIAN_POINT('',(-7.966217742143,-2.486937276032));
#2808 = CARTESIAN_POINT('',(-7.995609878717,-2.493468861937));
#2809 = CARTESIAN_POINT('',(-8.025,-2.5));
#2810 = ( GEOMETRIC_REPRESENTATION_CONTEXT(2) 
PARAMETRIC_REPRESENTATION_CONTEXT() REPRESENTATION_CONTEXT('2D SPACE',''
  ) );
#2811 = ORIENTED_EDGE('',*,*,#2812,.F.);
#2812 = EDGE_CURVE('',#2813,#2739,#2815,.T.);
#2813 = VERTEX_POINT('',#2814);
#2814 = CARTESIAN_POINT('',(38.,-73.15,261.825));
#2815 = SURFACE_CURVE('',#2816,(#2819,#2825),.PCURVE_S1.);
#2816 = B_SPLINE_CURVE_WITH_KNOTS('',1,(#2817,#2818),.UNSPECIFIED.,.F.,
  .F.,(2,2),(0.,1.),.PIECEWISE_BEZIER_KNOTS.);
#2817 = CARTESIAN_POINT('',(38.,-73.15,261.825));
#2818 = CARTESIAN_POINT('',(-38.,-73.15,261.825));
#2819 = PCURVE('',#1833,#2820);
#2820 = DEFINITIONAL_REPRESENTATION('',(#2821),#2824);
#2821 = B_SPLINE_CURVE_WITH_KNOTS('',1,(#2822,#2823),.UNSPECIFIED.,.F.,
  .F.,(2,2),(0.,1.),.PIECEWISE_BEZIER_KNOTS.);
#2822 = CARTESIAN_POINT('',(103.30505050505,0.2125));
#2823 = CARTESIAN_POINT('',(24.69494949495,0.2125));
#2824 = ( GEOMETRIC_REPRESENTATION_CONTEXT(2) 
PARAMETRIC_REPRESENTATION_CONTEXT() REPRESENTATION_CONTEXT('2D SPACE',''
  ) );
#2825 = PCURVE('',#2826,#2831);
#2826 = PLANE('',#2827);
#2827 = AXIS2_PLACEMENT_3D('',#2828,#2829,#2830);
#2828 = CARTESIAN_POINT('',(0.,-73.15,266.));
#2829 = DIRECTION('',(-0.,1.,-0.));
#2830 = DIRECTION('',(-1.,0.,0.));
#2831 = DEFINITIONAL_REPRESENTATION('',(#2832),#2835);
#2832 = B_SPLINE_CURVE_WITH_KNOTS('',1,(#2833,#2834),.UNSPECIFIED.,.F.,
  .F.,(2,2),(0.,1.),.PIECEWISE_BEZIER_KNOTS.);
#2833 = CARTESIAN_POINT('',(-38.,-4.175));
#2834 = CARTESIAN_POINT('',(38.,-4.175));
#2835 = ( GEOMETRIC_REPRESENTATION_CONTEXT(2) 
PARAMETRIC_REPRESENTATION_CONTEXT() REPRESENTATION_CONTEXT('2D SPACE',''
  ) );
#2836 = ORIENTED_EDGE('',*,*,#2837,.F.);
#2837 = EDGE_CURVE('',#1819,#2813,#2838,.T.);
#2838 = SURFACE_CURVE('',#2839,(#2860,#2884),.PCURVE_S1.);
#2839 = B_SPLINE_CURVE_WITH_KNOTS('',4,(#2840,#2841,#2842,#2843,#2844,
    #2845,#2846,#2847,#2848,#2849,#2850,#2851,#2852,#2853,#2854,#2855,
    #2856,#2857,#2858,#2859),.UNSPECIFIED.,.F.,.F.,(5,3,3,3,3,3,5),(0.,
    0.497911986069,0.747486148412,0.874793795428,0.936131017162,
    0.969165991651,1.),.UNSPECIFIED.);
#2840 = CARTESIAN_POINT('',(38.,-74.,258.));
#2841 = CARTESIAN_POINT('',(38.,-73.89384733137,258.47768700879));
#2842 = CARTESIAN_POINT('',(38.,-73.78780464401,258.95487910195));
#2843 = CARTESIAN_POINT('',(38.,-73.68187581265,259.43155884305));
#2844 = CARTESIAN_POINT('',(38.,-73.52302823576,260.14637293906));
#2845 = CARTESIAN_POINT('',(38.,-73.47002111871,260.38490496578));
#2846 = CARTESIAN_POINT('',(38.,-73.41704417977,260.62330119103));
#2847 = CARTESIAN_POINT('',(38.,-73.33709012684,260.98309442922));
#2848 = CARTESIAN_POINT('',(38.,-73.31009028426,261.10459372079));
#2849 = CARTESIAN_POINT('',(38.,-73.28309850807,261.22605671368));
#2850 = CARTESIAN_POINT('',(38.,-73.24311407173,261.40598667721));
#2851 = CARTESIAN_POINT('',(38.,-73.23011516115,261.46448177479));
#2852 = CARTESIAN_POINT('',(38.,-73.21711814839,261.52296833222));
#2853 = CARTESIAN_POINT('',(38.,-73.1971241428,261.61294135738));
#2854 = CARTESIAN_POINT('',(38.,-73.19012524431,261.64443640059));
#2855 = CARTESIAN_POINT('',(38.,-73.18312634627,261.67593144175));
#2856 = CARTESIAN_POINT('',(38.,-73.16959485499,261.73682315253));
#2857 = CARTESIAN_POINT('',(38.,-73.16306272396,261.76621774214));
#2858 = CARTESIAN_POINT('',(38.,-73.15653113806,261.79560987871));
#2859 = CARTESIAN_POINT('',(38.,-73.15,261.825));
#2860 = PCURVE('',#1833,#2861);
#2861 = DEFINITIONAL_REPRESENTATION('',(#2862),#2883);
#2862 = B_SPLINE_CURVE_WITH_KNOTS('',4,(#2863,#2864,#2865,#2866,#2867,
    #2868,#2869,#2870,#2871,#2872,#2873,#2874,#2875,#2876,#2877,#2878,
    #2879,#2880,#2881,#2882),.UNSPECIFIED.,.F.,.F.,(5,3,3,3,3,3,5),(0.,
    0.497911986069,0.747486148412,0.874793795428,0.936131017162,
    0.969165991651,1.),.UNSPECIFIED.);
#2863 = CARTESIAN_POINT('',(102.,0.));
#2864 = CARTESIAN_POINT('',(102.15757036748,2.653816715551E-02));
#2865 = CARTESIAN_POINT('',(102.31671982671,5.30488389972E-02));
#2866 = CARTESIAN_POINT('',(102.47747785233,7.953104683615E-02));
#2867 = CARTESIAN_POINT('',(102.72127490653,0.119242941059));
#2868 = CARTESIAN_POINT('',(102.80308677407,0.132494720322));
#2869 = CARTESIAN_POINT('',(102.88531423485,0.145738955057));
#2870 = CARTESIAN_POINT('',(103.01011932231,0.16572746829));
#2871 = CARTESIAN_POINT('',(103.05238662501,0.172477428933));
#2872 = CARTESIAN_POINT('',(103.0947635893,0.179225372983));
#2873 = CARTESIAN_POINT('',(103.15772117211,0.189221482067));
#2874 = CARTESIAN_POINT('',(103.1782171873,0.192471209711));
#2875 = CARTESIAN_POINT('',(103.19873883696,0.195720462901));
#2876 = CARTESIAN_POINT('',(103.23035255803,0.200718964299));
#2877 = CARTESIAN_POINT('',(103.24142726292,0.202468688922));
#2878 = CARTESIAN_POINT('',(103.25251030802,0.204218413431));
#2879 = CARTESIAN_POINT('',(103.2739541388,0.207601286252));
#2880 = CARTESIAN_POINT('',(103.28431279601,0.209234319008));
#2881 = CARTESIAN_POINT('',(103.2946787721,0.210867215484));
#2882 = CARTESIAN_POINT('',(103.30505076051,0.2125));
#2883 = ( GEOMETRIC_REPRESENTATION_CONTEXT(2) 
PARAMETRIC_REPRESENTATION_CONTEXT() REPRESENTATION_CONTEXT('2D SPACE',''
  ) );
#2884 = PCURVE('',#1865,#2885);
#2885 = DEFINITIONAL_REPRESENTATION('',(#2886),#2907);
#2886 = B_SPLINE_CURVE_WITH_KNOTS('',4,(#2887,#2888,#2889,#2890,#2891,
    #2892,#2893,#2894,#2895,#2896,#2897,#2898,#2899,#2900,#2901,#2902,
    #2903,#2904,#2905,#2906),.UNSPECIFIED.,.F.,.F.,(5,3,3,3,3,3,5),(0.,
    0.497911986069,0.747486148412,0.874793795428,0.936131017162,
    0.969165991651,1.),.UNSPECIFIED.);
#2887 = CARTESIAN_POINT('',(-4.2,-1.65));
#2888 = CARTESIAN_POINT('',(-4.677687008799,-1.756152668622));
#2889 = CARTESIAN_POINT('',(-5.15487910195,-1.862195355989));
#2890 = CARTESIAN_POINT('',(-5.631558843051,-1.968124187345));
#2891 = CARTESIAN_POINT('',(-6.346372939064,-2.126971764236));
#2892 = CARTESIAN_POINT('',(-6.584904965787,-2.179978881286));
#2893 = CARTESIAN_POINT('',(-6.823301191031,-2.232955820229));
#2894 = CARTESIAN_POINT('',(-7.183094429222,-2.31290987316));
#2895 = CARTESIAN_POINT('',(-7.304593720799,-2.339909715733));
#2896 = CARTESIAN_POINT('',(-7.426056713687,-2.36690149193));
#2897 = CARTESIAN_POINT('',(-7.605986677209,-2.406885928269));
#2898 = CARTESIAN_POINT('',(-7.664481774791,-2.419884838842));
#2899 = CARTESIAN_POINT('',(-7.722968332227,-2.432881851606));
#2900 = CARTESIAN_POINT('',(-7.812941357382,-2.452875857196));
#2901 = CARTESIAN_POINT('',(-7.84443640059,-2.459874755687));
#2902 = CARTESIAN_POINT('',(-7.87593144175,-2.466873653722));
#2903 = CARTESIAN_POINT('',(-7.936823152538,-2.480405145008));
#2904 = CARTESIAN_POINT('',(-7.966217742143,-2.486937276032));
#2905 = CARTESIAN_POINT('',(-7.995609878717,-2.493468861937));
#2906 = CARTESIAN_POINT('',(-8.025,-2.5));
#2907 = ( GEOMETRIC_REPRESENTATION_CONTEXT(2) 
PARAMETRIC_REPRESENTATION_CONTEXT() REPRESENTATION_CONTEXT('2D SPACE',''
  ) );
#2908 = ORIENTED_EDGE('',*,*,#1818,.T.);
#2909 = ORIENTED_EDGE('',*,*,#2910,.T.);
#2910 = EDGE_CURVE('',#1797,#2911,#2913,.T.);
#2911 = VERTEX_POINT('',#2912);
#2912 = CARTESIAN_POINT('',(54.,-70.,276.));
#2913 = SURFACE_CURVE('',#2914,(#2917,#2924),.PCURVE_S1.);
#2914 = B_SPLINE_CURVE_WITH_KNOTS('',1,(#2915,#2916),.UNSPECIFIED.,.F.,
  .F.,(2,2),(0.,1.),.PIECEWISE_BEZIER_KNOTS.);
#2915 = CARTESIAN_POINT('',(64.,-74.,258.));
#2916 = CARTESIAN_POINT('',(54.,-70.,276.));
#2917 = PCURVE('',#1833,#2918);
#2918 = DEFINITIONAL_REPRESENTATION('',(#2919),#2923);
#2919 = LINE('',#2920,#2921);
#2920 = CARTESIAN_POINT('',(128.,0.));
#2921 = VECTOR('',#2922,1.);
#2922 = DIRECTION('',(0.,1.));
#2923 = ( GEOMETRIC_REPRESENTATION_CONTEXT(2) 
PARAMETRIC_REPRESENTATION_CONTEXT() REPRESENTATION_CONTEXT('2D SPACE',''
  ) );
#2924 = PCURVE('',#2556,#2925);
#2925 = DEFINITIONAL_REPRESENTATION('',(#2926),#2930);
#2926 = LINE('',#2927,#2928);
#2927 = CARTESIAN_POINT('',(0.,0.));
#2928 = VECTOR('',#2929,1.);
#2929 = DIRECTION('',(0.,1.));
#2930 = ( GEOMETRIC_REPRESENTATION_CONTEXT(2) 
PARAMETRIC_REPRESENTATION_CONTEXT() REPRESENTATION_CONTEXT('2D SPACE',''
  ) );
#2931 = ORIENTED_EDGE('',*,*,#2932,.F.);
#2932 = EDGE_CURVE('',#2716,#2911,#2933,.T.);
#2933 = SURFACE_CURVE('',#2934,(#2938,#2944),.PCURVE_S1.);
#2934 = LINE('',#2935,#2936);
#2935 = CARTESIAN_POINT('',(-54.,-70.,276.));
#2936 = VECTOR('',#2937,1.);
#2937 = DIRECTION('',(1.,0.,0.));
#2938 = PCURVE('',#1833,#2939);
#2939 = DEFINITIONAL_REPRESENTATION('',(#2940),#2943);
#2940 = B_SPLINE_CURVE_WITH_KNOTS('',1,(#2941,#2942),.UNSPECIFIED.,.F.,
  .F.,(2,2),(0.,108.),.PIECEWISE_BEZIER_KNOTS.);
#2941 = CARTESIAN_POINT('',(0.,1.));
#2942 = CARTESIAN_POINT('',(128.,1.));
#2943 = ( GEOMETRIC_REPRESENTATION_CONTEXT(2) 
PARAMETRIC_REPRESENTATION_CONTEXT() REPRESENTATION_CONTEXT('2D SPACE',''
  ) );
#2944 = PCURVE('',#2945,#2950);
#2945 = B_SPLINE_SURFACE_WITH_KNOTS('',1,1,(
    (#2946,#2947)
    ,(#2948,#2949
    )),.UNSPECIFIED.,.F.,.F.,.F.,(2,2),(2,2),(0.,108.),(0.,1.),
  .PIECEWISE_BEZIER_KNOTS.);
#2946 = CARTESIAN_POINT('',(-54.,-70.,276.));
#2947 = CARTESIAN_POINT('',(-44.,-65.,290.3));
#2948 = CARTESIAN_POINT('',(54.,-70.,276.));
#2949 = CARTESIAN_POINT('',(44.,-65.,290.3));
#2950 = DEFINITIONAL_REPRESENTATION('',(#2951),#2955);
#2951 = LINE('',#2952,#2953);
#2952 = CARTESIAN_POINT('',(0.,0.));
#2953 = VECTOR('',#2954,1.);
#2954 = DIRECTION('',(1.,0.));
#2955 = ( GEOMETRIC_REPRESENTATION_CONTEXT(2) 
PARAMETRIC_REPRESENTATION_CONTEXT() REPRESENTATION_CONTEXT('2D SPACE',''
  ) );
#2956 = ADVANCED_FACE('',(#2957),#2169,.F.);
#2957 = FACE_BOUND('',#2958,.T.);
#2958 = EDGE_LOOP('',(#2959,#2960,#2983,#3004));
#2959 = ORIENTED_EDGE('',*,*,#2149,.F.);
#2960 = ORIENTED_EDGE('',*,*,#2961,.T.);
#2961 = EDGE_CURVE('',#2020,#2962,#2964,.T.);
#2962 = VERTEX_POINT('',#2963);
#2963 = CARTESIAN_POINT('',(-38.,-73.15,253.8));
#2964 = SURFACE_CURVE('',#2965,(#2969,#2976),.PCURVE_S1.);
#2965 = LINE('',#2966,#2967);
#2966 = CARTESIAN_POINT('',(-38.,-75.65,253.8));
#2967 = VECTOR('',#2968,1.);
#2968 = DIRECTION('',(-0.,1.,-0.));
#2969 = PCURVE('',#2169,#2970);
#2970 = DEFINITIONAL_REPRESENTATION('',(#2971),#2975);
#2971 = LINE('',#2972,#2973);
#2972 = CARTESIAN_POINT('',(-0.,-0.));
#2973 = VECTOR('',#2974,1.);
#2974 = DIRECTION('',(-0.,-1.));
#2975 = ( GEOMETRIC_REPRESENTATION_CONTEXT(2) 
PARAMETRIC_REPRESENTATION_CONTEXT() REPRESENTATION_CONTEXT('2D SPACE',''
  ) );
#2976 = PCURVE('',#2103,#2977);
#2977 = DEFINITIONAL_REPRESENTATION('',(#2978),#2982);
#2978 = LINE('',#2979,#2980);
#2979 = CARTESIAN_POINT('',(3.14159265359,0.));
#2980 = VECTOR('',#2981,1.);
#2981 = DIRECTION('',(0.,-1.));
#2982 = ( GEOMETRIC_REPRESENTATION_CONTEXT(2) 
PARAMETRIC_REPRESENTATION_CONTEXT() REPRESENTATION_CONTEXT('2D SPACE',''
  ) );
#2983 = ORIENTED_EDGE('',*,*,#2984,.T.);
#2984 = EDGE_CURVE('',#2962,#2739,#2985,.T.);
#2985 = SURFACE_CURVE('',#2986,(#2990,#2997),.PCURVE_S1.);
#2986 = LINE('',#2987,#2988);
#2987 = CARTESIAN_POINT('',(-38.,-73.15,266.));
#2988 = VECTOR('',#2989,1.);
#2989 = DIRECTION('',(-0.,-0.,1.));
#2990 = PCURVE('',#2169,#2991);
#2991 = DEFINITIONAL_REPRESENTATION('',(#2992),#2996);
#2992 = LINE('',#2993,#2994);
#2993 = CARTESIAN_POINT('',(-12.2,-2.5));
#2994 = VECTOR('',#2995,1.);
#2995 = DIRECTION('',(-1.,-0.));
#2996 = ( GEOMETRIC_REPRESENTATION_CONTEXT(2) 
PARAMETRIC_REPRESENTATION_CONTEXT() REPRESENTATION_CONTEXT('2D SPACE',''
  ) );
#2997 = PCURVE('',#2826,#2998);
#2998 = DEFINITIONAL_REPRESENTATION('',(#2999),#3003);
#2999 = LINE('',#3000,#3001);
#3000 = CARTESIAN_POINT('',(38.,-0.));
#3001 = VECTOR('',#3002,1.);
#3002 = DIRECTION('',(-0.,1.));
#3003 = ( GEOMETRIC_REPRESENTATION_CONTEXT(2) 
PARAMETRIC_REPRESENTATION_CONTEXT() REPRESENTATION_CONTEXT('2D SPACE',''
  ) );
#3004 = ORIENTED_EDGE('',*,*,#2738,.F.);
#3005 = ADVANCED_FACE('',(#3006),#2103,.F.);
#3006 = FACE_BOUND('',#3007,.F.);
#3007 = EDGE_LOOP('',(#3008,#3009,#3010,#3038));
#3008 = ORIENTED_EDGE('',*,*,#2019,.T.);
#3009 = ORIENTED_EDGE('',*,*,#2961,.T.);
#3010 = ORIENTED_EDGE('',*,*,#3011,.T.);
#3011 = EDGE_CURVE('',#2962,#3012,#3014,.T.);
#3012 = VERTEX_POINT('',#3013);
#3013 = CARTESIAN_POINT('',(-31.7,-73.15,247.5));
#3014 = SURFACE_CURVE('',#3015,(#3020,#3027),.PCURVE_S1.);
#3015 = CIRCLE('',#3016,6.3);
#3016 = AXIS2_PLACEMENT_3D('',#3017,#3018,#3019);
#3017 = CARTESIAN_POINT('',(-31.7,-73.15,253.8));
#3018 = DIRECTION('',(-0.,-1.,-0.));
#3019 = DIRECTION('',(1.,-0.,-0.));
#3020 = PCURVE('',#2103,#3021);
#3021 = DEFINITIONAL_REPRESENTATION('',(#3022),#3026);
#3022 = LINE('',#3023,#3024);
#3023 = CARTESIAN_POINT('',(0.,-2.5));
#3024 = VECTOR('',#3025,1.);
#3025 = DIRECTION('',(1.,0.));
#3026 = ( GEOMETRIC_REPRESENTATION_CONTEXT(2) 
PARAMETRIC_REPRESENTATION_CONTEXT() REPRESENTATION_CONTEXT('2D SPACE',''
  ) );
#3027 = PCURVE('',#2826,#3028);
#3028 = DEFINITIONAL_REPRESENTATION('',(#3029),#3037);
#3029 = ( BOUNDED_CURVE() B_SPLINE_CURVE(2,(#3030,#3031,#3032,#3033,
#3034,#3035,#3036),.UNSPECIFIED.,.T.,.F.) B_SPLINE_CURVE_WITH_KNOTS((1,2
    ,2,2,2,1),(-2.094395102393,0.,2.094395102393,4.188790204786,
6.28318530718,8.377580409573),.UNSPECIFIED.) CURVE() 
GEOMETRIC_REPRESENTATION_ITEM() RATIONAL_B_SPLINE_CURVE((1.,0.5,1.,0.5,
1.,0.5,1.)) REPRESENTATION_ITEM('') );
#3030 = CARTESIAN_POINT('',(25.4,-12.2));
#3031 = CARTESIAN_POINT('',(25.4,-1.288079912316));
#3032 = CARTESIAN_POINT('',(34.85,-6.744039956158));
#3033 = CARTESIAN_POINT('',(44.3,-12.2));
#3034 = CARTESIAN_POINT('',(34.85,-17.65596004384));
#3035 = CARTESIAN_POINT('',(25.4,-23.11192008768));
#3036 = CARTESIAN_POINT('',(25.4,-12.2));
#3037 = ( GEOMETRIC_REPRESENTATION_CONTEXT(2) 
PARAMETRIC_REPRESENTATION_CONTEXT() REPRESENTATION_CONTEXT('2D SPACE',''
  ) );
#3038 = ORIENTED_EDGE('',*,*,#3039,.F.);
#3039 = EDGE_CURVE('',#1995,#3012,#3040,.T.);
#3040 = SURFACE_CURVE('',#3041,(#3045,#3052),.PCURVE_S1.);
#3041 = LINE('',#3042,#3043);
#3042 = CARTESIAN_POINT('',(-31.7,-75.65,247.5));
#3043 = VECTOR('',#3044,1.);
#3044 = DIRECTION('',(-0.,1.,-0.));
#3045 = PCURVE('',#2103,#3046);
#3046 = DEFINITIONAL_REPRESENTATION('',(#3047),#3051);
#3047 = LINE('',#3048,#3049);
#3048 = CARTESIAN_POINT('',(4.712388980385,0.));
#3049 = VECTOR('',#3050,1.);
#3050 = DIRECTION('',(0.,-1.));
#3051 = ( GEOMETRIC_REPRESENTATION_CONTEXT(2) 
PARAMETRIC_REPRESENTATION_CONTEXT() REPRESENTATION_CONTEXT('2D SPACE',''
  ) );
#3052 = PCURVE('',#2008,#3053);
#3053 = DEFINITIONAL_REPRESENTATION('',(#3054),#3058);
#3054 = LINE('',#3055,#3056);
#3055 = CARTESIAN_POINT('',(-0.,-0.));
#3056 = VECTOR('',#3057,1.);
#3057 = DIRECTION('',(-0.,-1.));
#3058 = ( GEOMETRIC_REPRESENTATION_CONTEXT(2) 
PARAMETRIC_REPRESENTATION_CONTEXT() REPRESENTATION_CONTEXT('2D SPACE',''
  ) );
#3059 = ADVANCED_FACE('',(#3060),#2008,.T.);
#3060 = FACE_BOUND('',#3061,.F.);
#3061 = EDGE_LOOP('',(#3062,#3063,#3064,#3087));
#3062 = ORIENTED_EDGE('',*,*,#1994,.T.);
#3063 = ORIENTED_EDGE('',*,*,#3039,.T.);
#3064 = ORIENTED_EDGE('',*,*,#3065,.T.);
#3065 = EDGE_CURVE('',#3012,#3066,#3068,.T.);
#3066 = VERTEX_POINT('',#3067);
#3067 = CARTESIAN_POINT('',(31.7,-73.15,247.5));
#3068 = SURFACE_CURVE('',#3069,(#3073,#3080),.PCURVE_S1.);
#3069 = LINE('',#3070,#3071);
#3070 = CARTESIAN_POINT('',(0.,-73.15,247.5));
#3071 = VECTOR('',#3072,1.);
#3072 = DIRECTION('',(1.,-0.,-0.));
#3073 = PCURVE('',#2008,#3074);
#3074 = DEFINITIONAL_REPRESENTATION('',(#3075),#3079);
#3075 = LINE('',#3076,#3077);
#3076 = CARTESIAN_POINT('',(-31.7,-2.5));
#3077 = VECTOR('',#3078,1.);
#3078 = DIRECTION('',(-1.,0.));
#3079 = ( GEOMETRIC_REPRESENTATION_CONTEXT(2) 
PARAMETRIC_REPRESENTATION_CONTEXT() REPRESENTATION_CONTEXT('2D SPACE',''
  ) );
#3080 = PCURVE('',#2826,#3081);
#3081 = DEFINITIONAL_REPRESENTATION('',(#3082),#3086);
#3082 = LINE('',#3083,#3084);
#3083 = CARTESIAN_POINT('',(-0.,-18.5));
#3084 = VECTOR('',#3085,1.);
#3085 = DIRECTION('',(-1.,0.));
#3086 = ( GEOMETRIC_REPRESENTATION_CONTEXT(2) 
PARAMETRIC_REPRESENTATION_CONTEXT() REPRESENTATION_CONTEXT('2D SPACE',''
  ) );
#3087 = ORIENTED_EDGE('',*,*,#3088,.F.);
#3088 = EDGE_CURVE('',#1880,#3066,#3089,.T.);
#3089 = SURFACE_CURVE('',#3090,(#3094,#3101),.PCURVE_S1.);
#3090 = LINE('',#3091,#3092);
#3091 = CARTESIAN_POINT('',(31.7,-75.65,247.5));
#3092 = VECTOR('',#3093,1.);
#3093 = DIRECTION('',(-0.,1.,-0.));
#3094 = PCURVE('',#2008,#3095);
#3095 = DEFINITIONAL_REPRESENTATION('',(#3096),#3100);
#3096 = LINE('',#3097,#3098);
#3097 = CARTESIAN_POINT('',(-63.4,-0.));
#3098 = VECTOR('',#3099,1.);
#3099 = DIRECTION('',(-0.,-1.));
#3100 = ( GEOMETRIC_REPRESENTATION_CONTEXT(2) 
PARAMETRIC_REPRESENTATION_CONTEXT() REPRESENTATION_CONTEXT('2D SPACE',''
  ) );
#3101 = PCURVE('',#1953,#3102);
#3102 = DEFINITIONAL_REPRESENTATION('',(#3103),#3107);
#3103 = LINE('',#3104,#3105);
#3104 = CARTESIAN_POINT('',(4.712388980385,0.));
#3105 = VECTOR('',#3106,1.);
#3106 = DIRECTION('',(0.,-1.));
#3107 = ( GEOMETRIC_REPRESENTATION_CONTEXT(2) 
PARAMETRIC_REPRESENTATION_CONTEXT() REPRESENTATION_CONTEXT('2D SPACE',''
  ) );
#3108 = ADVANCED_FACE('',(#3109),#1953,.F.);
#3109 = FACE_BOUND('',#3110,.F.);
#3110 = EDGE_LOOP('',(#3111,#3112,#3113,#3141));
#3111 = ORIENTED_EDGE('',*,*,#1879,.T.);
#3112 = ORIENTED_EDGE('',*,*,#3088,.T.);
#3113 = ORIENTED_EDGE('',*,*,#3114,.T.);
#3114 = EDGE_CURVE('',#3066,#3115,#3117,.T.);
#3115 = VERTEX_POINT('',#3116);
#3116 = CARTESIAN_POINT('',(38.,-73.15,253.8));
#3117 = SURFACE_CURVE('',#3118,(#3123,#3130),.PCURVE_S1.);
#3118 = CIRCLE('',#3119,6.3);
#3119 = AXIS2_PLACEMENT_3D('',#3120,#3121,#3122);
#3120 = CARTESIAN_POINT('',(31.7,-73.15,253.8));
#3121 = DIRECTION('',(-0.,-1.,-0.));
#3122 = DIRECTION('',(1.,-0.,-0.));
#3123 = PCURVE('',#1953,#3124);
#3124 = DEFINITIONAL_REPRESENTATION('',(#3125),#3129);
#3125 = LINE('',#3126,#3127);
#3126 = CARTESIAN_POINT('',(0.,-2.5));
#3127 = VECTOR('',#3128,1.);
#3128 = DIRECTION('',(1.,0.));
#3129 = ( GEOMETRIC_REPRESENTATION_CONTEXT(2) 
PARAMETRIC_REPRESENTATION_CONTEXT() REPRESENTATION_CONTEXT('2D SPACE',''
  ) );
#3130 = PCURVE('',#2826,#3131);
#3131 = DEFINITIONAL_REPRESENTATION('',(#3132),#3140);
#3132 = ( BOUNDED_CURVE() B_SPLINE_CURVE(2,(#3133,#3134,#3135,#3136,
#3137,#3138,#3139),.UNSPECIFIED.,.T.,.F.) B_SPLINE_CURVE_WITH_KNOTS((1,2
    ,2,2,2,1),(-2.094395102393,0.,2.094395102393,4.188790204786,
6.28318530718,8.377580409573),.UNSPECIFIED.) CURVE() 
GEOMETRIC_REPRESENTATION_ITEM() RATIONAL_B_SPLINE_CURVE((1.,0.5,1.,0.5,
1.,0.5,1.)) REPRESENTATION_ITEM('') );
#3133 = CARTESIAN_POINT('',(-38.,-12.2));
#3134 = CARTESIAN_POINT('',(-38.,-1.288079912316));
#3135 = CARTESIAN_POINT('',(-28.55,-6.744039956158));
#3136 = CARTESIAN_POINT('',(-19.1,-12.2));
#3137 = CARTESIAN_POINT('',(-28.55,-17.65596004384));
#3138 = CARTESIAN_POINT('',(-38.,-23.11192008768));
#3139 = CARTESIAN_POINT('',(-38.,-12.2));
#3140 = ( GEOMETRIC_REPRESENTATION_CONTEXT(2) 
PARAMETRIC_REPRESENTATION_CONTEXT() REPRESENTATION_CONTEXT('2D SPACE',''
  ) );
#3141 = ORIENTED_EDGE('',*,*,#3142,.F.);
#3142 = EDGE_CURVE('',#1846,#3115,#3143,.T.);
#3143 = SURFACE_CURVE('',#3144,(#3148,#3155),.PCURVE_S1.);
#3144 = LINE('',#3145,#3146);
#3145 = CARTESIAN_POINT('',(38.,-75.65,253.8));
#3146 = VECTOR('',#3147,1.);
#3147 = DIRECTION('',(-0.,1.,-0.));
#3148 = PCURVE('',#1953,#3149);
#3149 = DEFINITIONAL_REPRESENTATION('',(#3150),#3154);
#3150 = LINE('',#3151,#3152);
#3151 = CARTESIAN_POINT('',(6.28318530718,0.));
#3152 = VECTOR('',#3153,1.);
#3153 = DIRECTION('',(0.,-1.));
#3154 = ( GEOMETRIC_REPRESENTATION_CONTEXT(2) 
PARAMETRIC_REPRESENTATION_CONTEXT() REPRESENTATION_CONTEXT('2D SPACE',''
  ) );
#3155 = PCURVE('',#1865,#3156);
#3156 = DEFINITIONAL_REPRESENTATION('',(#3157),#3161);
#3157 = LINE('',#3158,#3159);
#3158 = CARTESIAN_POINT('',(-0.,-0.));
#3159 = VECTOR('',#3160,1.);
#3160 = DIRECTION('',(-0.,-1.));
#3161 = ( GEOMETRIC_REPRESENTATION_CONTEXT(2) 
PARAMETRIC_REPRESENTATION_CONTEXT() REPRESENTATION_CONTEXT('2D SPACE',''
  ) );
#3162 = ADVANCED_FACE('',(#3163),#1865,.T.);
#3163 = FACE_BOUND('',#3164,.F.);
#3164 = EDGE_LOOP('',(#3165,#3166,#3167,#3188));
#3165 = ORIENTED_EDGE('',*,*,#1845,.F.);
#3166 = ORIENTED_EDGE('',*,*,#3142,.T.);
#3167 = ORIENTED_EDGE('',*,*,#3168,.T.);
#3168 = EDGE_CURVE('',#3115,#2813,#3169,.T.);
#3169 = SURFACE_CURVE('',#3170,(#3174,#3181),.PCURVE_S1.);
#3170 = LINE('',#3171,#3172);
#3171 = CARTESIAN_POINT('',(38.,-73.15,266.));
#3172 = VECTOR('',#3173,1.);
#3173 = DIRECTION('',(-0.,-0.,1.));
#3174 = PCURVE('',#1865,#3175);
#3175 = DEFINITIONAL_REPRESENTATION('',(#3176),#3180);
#3176 = LINE('',#3177,#3178);
#3177 = CARTESIAN_POINT('',(-12.2,-2.5));
#3178 = VECTOR('',#3179,1.);
#3179 = DIRECTION('',(-1.,-0.));
#3180 = ( GEOMETRIC_REPRESENTATION_CONTEXT(2) 
PARAMETRIC_REPRESENTATION_CONTEXT() REPRESENTATION_CONTEXT('2D SPACE',''
  ) );
#3181 = PCURVE('',#2826,#3182);
#3182 = DEFINITIONAL_REPRESENTATION('',(#3183),#3187);
#3183 = LINE('',#3184,#3185);
#3184 = CARTESIAN_POINT('',(-38.,0.));
#3185 = VECTOR('',#3186,1.);
#3186 = DIRECTION('',(-0.,1.));
#3187 = ( GEOMETRIC_REPRESENTATION_CONTEXT(2) 
PARAMETRIC_REPRESENTATION_CONTEXT() REPRESENTATION_CONTEXT('2D SPACE',''
  ) );
#3188 = ORIENTED_EDGE('',*,*,#2837,.F.);
#3189 = ADVANCED_FACE('',(#3190),#2246,.T.);
#3190 = FACE_BOUND('',#3191,.T.);
#3191 = EDGE_LOOP('',(#3192,#3193,#3194,#3217));
#3192 = ORIENTED_EDGE('',*,*,#2263,.T.);
#3193 = ORIENTED_EDGE('',*,*,#2232,.F.);
#3194 = ORIENTED_EDGE('',*,*,#3195,.F.);
#3195 = EDGE_CURVE('',#3196,#2209,#3198,.T.);
#3196 = VERTEX_POINT('',#3197);
#3197 = CARTESIAN_POINT('',(-101.4,41.65,238.));
#3198 = SURFACE_CURVE('',#3199,(#3203,#3210),.PCURVE_S1.);
#3199 = LINE('',#3200,#3201);
#3200 = CARTESIAN_POINT('',(-101.4,41.65,238.));
#3201 = VECTOR('',#3202,1.);
#3202 = DIRECTION('',(0.,-1.,0.));
#3203 = PCURVE('',#2246,#3204);
#3204 = DEFINITIONAL_REPRESENTATION('',(#3205),#3209);
#3205 = LINE('',#3206,#3207);
#3206 = CARTESIAN_POINT('',(0.,208.));
#3207 = VECTOR('',#3208,1.);
#3208 = DIRECTION('',(1.,0.));
#3209 = ( GEOMETRIC_REPRESENTATION_CONTEXT(2) 
PARAMETRIC_REPRESENTATION_CONTEXT() REPRESENTATION_CONTEXT('2D SPACE',''
  ) );
#3210 = PCURVE('',#2700,#3211);
#3211 = DEFINITIONAL_REPRESENTATION('',(#3212),#3216);
#3212 = LINE('',#3213,#3214);
#3213 = CARTESIAN_POINT('',(0.,0.));
#3214 = VECTOR('',#3215,1.);
#3215 = DIRECTION('',(1.,0.));
#3216 = ( GEOMETRIC_REPRESENTATION_CONTEXT(2) 
PARAMETRIC_REPRESENTATION_CONTEXT() REPRESENTATION_CONTEXT('2D SPACE',''
  ) );
#3217 = ORIENTED_EDGE('',*,*,#3218,.T.);
#3218 = EDGE_CURVE('',#3196,#2264,#3219,.T.);
#3219 = SURFACE_CURVE('',#3220,(#3224,#3231),.PCURVE_S1.);
#3220 = LINE('',#3221,#3222);
#3221 = CARTESIAN_POINT('',(-101.4,41.65,238.));
#3222 = VECTOR('',#3223,1.);
#3223 = DIRECTION('',(0.,0.,-1.));
#3224 = PCURVE('',#2246,#3225);
#3225 = DEFINITIONAL_REPRESENTATION('',(#3226),#3230);
#3226 = LINE('',#3227,#3228);
#3227 = CARTESIAN_POINT('',(0.,208.));
#3228 = VECTOR('',#3229,1.);
#3229 = DIRECTION('',(0.,-1.));
#3230 = ( GEOMETRIC_REPRESENTATION_CONTEXT(2) 
PARAMETRIC_REPRESENTATION_CONTEXT() REPRESENTATION_CONTEXT('2D SPACE',''
  ) );
#3231 = PCURVE('',#3232,#3237);
#3232 = CYLINDRICAL_SURFACE('',#3233,34.000000137738);
#3233 = AXIS2_PLACEMENT_3D('',#3234,#3235,#3236);
#3234 = CARTESIAN_POINT('',(-67.39999986226,41.649999862262,22.));
#3235 = DIRECTION('',(0.,0.,1.));
#3236 = DIRECTION('',(-4.051126790152E-09,1.,0.));
#3237 = DEFINITIONAL_REPRESENTATION('',(#3238),#3242);
#3238 = LINE('',#3239,#3240);
#3239 = CARTESIAN_POINT('',(1.570796318693,216.));
#3240 = VECTOR('',#3241,1.);
#3241 = DIRECTION('',(0.,-1.));
#3242 = ( GEOMETRIC_REPRESENTATION_CONTEXT(2) 
PARAMETRIC_REPRESENTATION_CONTEXT() REPRESENTATION_CONTEXT('2D SPACE',''
  ) );
#3243 = ADVANCED_FACE('',(#3244),#2299,.T.);
#3244 = FACE_BOUND('',#3245,.T.);
#3245 = EDGE_LOOP('',(#3246,#3247,#3248,#3272));
#3246 = ORIENTED_EDGE('',*,*,#2380,.T.);
#3247 = ORIENTED_EDGE('',*,*,#2286,.T.);
#3248 = ORIENTED_EDGE('',*,*,#3249,.F.);
#3249 = EDGE_CURVE('',#3250,#2264,#3252,.T.);
#3250 = VERTEX_POINT('',#3251);
#3251 = CARTESIAN_POINT('',(-67.4,75.65,22.));
#3252 = SURFACE_CURVE('',#3253,(#3258,#3265),.PCURVE_S1.);
#3253 = CIRCLE('',#3254,34.000000137738);
#3254 = AXIS2_PLACEMENT_3D('',#3255,#3256,#3257);
#3255 = CARTESIAN_POINT('',(-67.39999986226,41.649999862262,22.));
#3256 = DIRECTION('',(0.,0.,1.));
#3257 = DIRECTION('',(-4.051126790152E-09,1.,0.));
#3258 = PCURVE('',#2299,#3259);
#3259 = DEFINITIONAL_REPRESENTATION('',(#3260),#3264);
#3260 = LINE('',#3261,#3262);
#3261 = CARTESIAN_POINT('',(0.,1.));
#3262 = VECTOR('',#3263,1.);
#3263 = DIRECTION('',(1.,0.));
#3264 = ( GEOMETRIC_REPRESENTATION_CONTEXT(2) 
PARAMETRIC_REPRESENTATION_CONTEXT() REPRESENTATION_CONTEXT('2D SPACE',''
  ) );
#3265 = PCURVE('',#3232,#3266);
#3266 = DEFINITIONAL_REPRESENTATION('',(#3267),#3271);
#3267 = LINE('',#3268,#3269);
#3268 = CARTESIAN_POINT('',(0.,0.));
#3269 = VECTOR('',#3270,1.);
#3270 = DIRECTION('',(1.,0.));
#3271 = ( GEOMETRIC_REPRESENTATION_CONTEXT(2) 
PARAMETRIC_REPRESENTATION_CONTEXT() REPRESENTATION_CONTEXT('2D SPACE',''
  ) );
#3272 = ORIENTED_EDGE('',*,*,#3273,.F.);
#3273 = EDGE_CURVE('',#2333,#3250,#3274,.T.);
#3274 = SURFACE_CURVE('',#3275,(#3278,#3285),.PCURVE_S1.);
#3275 = B_SPLINE_CURVE_WITH_KNOTS('',1,(#3276,#3277),.UNSPECIFIED.,.F.,
  .F.,(2,2),(0.,1.),.PIECEWISE_BEZIER_KNOTS.);
#3276 = CARTESIAN_POINT('',(-65.,72.,10.));
#3277 = CARTESIAN_POINT('',(-67.4,75.65,22.));
#3278 = PCURVE('',#2299,#3279);
#3279 = DEFINITIONAL_REPRESENTATION('',(#3280),#3284);
#3280 = LINE('',#3281,#3282);
#3281 = CARTESIAN_POINT('',(0.,0.));
#3282 = VECTOR('',#3283,1.);
#3283 = DIRECTION('',(0.,1.));
#3284 = ( GEOMETRIC_REPRESENTATION_CONTEXT(2) 
PARAMETRIC_REPRESENTATION_CONTEXT() REPRESENTATION_CONTEXT('2D SPACE',''
  ) );
#3285 = PCURVE('',#2421,#3286);
#3286 = DEFINITIONAL_REPRESENTATION('',(#3287),#3291);
#3287 = LINE('',#3288,#3289);
#3288 = CARTESIAN_POINT('',(134.8,0.));
#3289 = VECTOR('',#3290,1.);
#3290 = DIRECTION('',(0.,1.));
#3291 = ( GEOMETRIC_REPRESENTATION_CONTEXT(2) 
PARAMETRIC_REPRESENTATION_CONTEXT() REPRESENTATION_CONTEXT('2D SPACE',''
  ) );
#3292 = ADVANCED_FACE('',(#3293),#2421,.T.);
#3293 = FACE_BOUND('',#3294,.T.);
#3294 = EDGE_LOOP('',(#3295,#3296,#3297,#3323));
#3295 = ORIENTED_EDGE('',*,*,#2609,.T.);
#3296 = ORIENTED_EDGE('',*,*,#3273,.T.);
#3297 = ORIENTED_EDGE('',*,*,#3298,.F.);
#3298 = EDGE_CURVE('',#2407,#3250,#3299,.T.);
#3299 = SURFACE_CURVE('',#3300,(#3304,#3311),.PCURVE_S1.);
#3300 = LINE('',#3301,#3302);
#3301 = CARTESIAN_POINT('',(67.4,75.65,22.));
#3302 = VECTOR('',#3303,1.);
#3303 = DIRECTION('',(-1.,0.,0.));
#3304 = PCURVE('',#2421,#3305);
#3305 = DEFINITIONAL_REPRESENTATION('',(#3306),#3310);
#3306 = LINE('',#3307,#3308);
#3307 = CARTESIAN_POINT('',(0.,1.));
#3308 = VECTOR('',#3309,1.);
#3309 = DIRECTION('',(1.,0.));
#3310 = ( GEOMETRIC_REPRESENTATION_CONTEXT(2) 
PARAMETRIC_REPRESENTATION_CONTEXT() REPRESENTATION_CONTEXT('2D SPACE',''
  ) );
#3311 = PCURVE('',#3312,#3317);
#3312 = PLANE('',#3313);
#3313 = AXIS2_PLACEMENT_3D('',#3314,#3315,#3316);
#3314 = CARTESIAN_POINT('',(67.4,75.65,30.));
#3315 = DIRECTION('',(0.,1.,-0.));
#3316 = DIRECTION('',(-1.,0.,0.));
#3317 = DEFINITIONAL_REPRESENTATION('',(#3318),#3322);
#3318 = LINE('',#3319,#3320);
#3319 = CARTESIAN_POINT('',(0.,-8.));
#3320 = VECTOR('',#3321,1.);
#3321 = DIRECTION('',(1.,0.));
#3322 = ( GEOMETRIC_REPRESENTATION_CONTEXT(2) 
PARAMETRIC_REPRESENTATION_CONTEXT() REPRESENTATION_CONTEXT('2D SPACE',''
  ) );
#3323 = ORIENTED_EDGE('',*,*,#2406,.F.);
#3324 = ADVANCED_FACE('',(#3325),#2448,.T.);
#3325 = FACE_BOUND('',#3326,.T.);
#3326 = EDGE_LOOP('',(#3327,#3328,#3351,#3394));
#3327 = ORIENTED_EDGE('',*,*,#2433,.T.);
#3328 = ORIENTED_EDGE('',*,*,#3329,.T.);
#3329 = EDGE_CURVE('',#2407,#3330,#3332,.T.);
#3330 = VERTEX_POINT('',#3331);
#3331 = CARTESIAN_POINT('',(67.4,75.65,238.));
#3332 = SURFACE_CURVE('',#3333,(#3337,#3344),.PCURVE_S1.);
#3333 = LINE('',#3334,#3335);
#3334 = CARTESIAN_POINT('',(67.4,75.65,22.));
#3335 = VECTOR('',#3336,1.);
#3336 = DIRECTION('',(0.,0.,1.));
#3337 = PCURVE('',#2448,#3338);
#3338 = DEFINITIONAL_REPRESENTATION('',(#3339),#3343);
#3339 = LINE('',#3340,#3341);
#3340 = CARTESIAN_POINT('',(1.570796318693,0.));
#3341 = VECTOR('',#3342,1.);
#3342 = DIRECTION('',(0.,1.));
#3343 = ( GEOMETRIC_REPRESENTATION_CONTEXT(2) 
PARAMETRIC_REPRESENTATION_CONTEXT() REPRESENTATION_CONTEXT('2D SPACE',''
  ) );
#3344 = PCURVE('',#3312,#3345);
#3345 = DEFINITIONAL_REPRESENTATION('',(#3346),#3350);
#3346 = LINE('',#3347,#3348);
#3347 = CARTESIAN_POINT('',(0.,-8.));
#3348 = VECTOR('',#3349,1.);
#3349 = DIRECTION('',(0.,1.));
#3350 = ( GEOMETRIC_REPRESENTATION_CONTEXT(2) 
PARAMETRIC_REPRESENTATION_CONTEXT() REPRESENTATION_CONTEXT('2D SPACE',''
  ) );
#3351 = ORIENTED_EDGE('',*,*,#3352,.F.);
#3352 = EDGE_CURVE('',#2466,#3330,#3353,.T.);
#3353 = SURFACE_CURVE('',#3354,(#3359,#3366),.PCURVE_S1.);
#3354 = CIRCLE('',#3355,34.000000137738);
#3355 = AXIS2_PLACEMENT_3D('',#3356,#3357,#3358);
#3356 = CARTESIAN_POINT('',(67.399999862262,41.649999862262,238.));
#3357 = DIRECTION('',(0.,0.,1.));
#3358 = DIRECTION('',(1.,4.051126999135E-09,-0.));
#3359 = PCURVE('',#2448,#3360);
#3360 = DEFINITIONAL_REPRESENTATION('',(#3361),#3365);
#3361 = LINE('',#3362,#3363);
#3362 = CARTESIAN_POINT('',(0.,216.));
#3363 = VECTOR('',#3364,1.);
#3364 = DIRECTION('',(1.,0.));
#3365 = ( GEOMETRIC_REPRESENTATION_CONTEXT(2) 
PARAMETRIC_REPRESENTATION_CONTEXT() REPRESENTATION_CONTEXT('2D SPACE',''
  ) );
#3366 = PCURVE('',#3367,#3388);
#3367 = B_SPLINE_SURFACE_WITH_KNOTS('',9,1,(
    (#3368,#3369)
    ,(#3370,#3371)
    ,(#3372,#3373)
    ,(#3374,#3375)
    ,(#3376,#3377)
    ,(#3378,#3379)
    ,(#3380,#3381)
    ,(#3382,#3383)
    ,(#3384,#3385)
    ,(#3386,#3387
    )),.UNSPECIFIED.,.F.,.F.,.F.,(10,10),(2,2),(0.,1.570796318693),(0.,
    1.),.PIECEWISE_BEZIER_KNOTS.);
#3368 = CARTESIAN_POINT('',(101.4,41.65,238.));
#3369 = CARTESIAN_POINT('',(100.,38.,258.));
#3370 = CARTESIAN_POINT('',(101.39999997596,47.584119450212,238.));
#3371 = CARTESIAN_POINT('',(99.999999974546,44.283185300224,
    257.99999999999));
#3372 = CARTESIAN_POINT('',(100.23483842273,53.518238980741,
    237.99999999999));
#3373 = CARTESIAN_POINT('',(98.766299506424,50.566370685492,258.));
#3374 = CARTESIAN_POINT('',(97.904514526206,59.190896216588,238.));
#3375 = CARTESIAN_POINT('',(96.298897733625,56.572713641091,
    257.99999999998));
#3376 = CARTESIAN_POINT('',(94.4774822907,64.340632483586,
    237.99999999999));
#3377 = CARTESIAN_POINT('',(92.670275366629,62.025375570858,
    258.00000000002));
#3378 = CARTESIAN_POINT('',(90.090632483584,68.727482290698,238.));
#3379 = CARTESIAN_POINT('',(88.025375570851,66.670275366621,
    257.99999999998));
#3380 = CARTESIAN_POINT('',(84.940896216589,72.154514526207,
    237.99999999999));
#3381 = CARTESIAN_POINT('',(82.572713641095,70.29889773363,258.));
#3382 = CARTESIAN_POINT('',(79.268238980741,74.484838422731,238.));
#3383 = CARTESIAN_POINT('',(76.56637068549,72.766299506422,
    257.99999999999));
#3384 = CARTESIAN_POINT('',(73.334119450212,75.64999997596,238.));
#3385 = CARTESIAN_POINT('',(70.283185300225,73.999999974546,258.));
#3386 = CARTESIAN_POINT('',(67.4,75.65,238.));
#3387 = CARTESIAN_POINT('',(64.,74.,258.));
#3388 = DEFINITIONAL_REPRESENTATION('',(#3389),#3393);
#3389 = LINE('',#3390,#3391);
#3390 = CARTESIAN_POINT('',(0.,0.));
#3391 = VECTOR('',#3392,1.);
#3392 = DIRECTION('',(1.,0.));
#3393 = ( GEOMETRIC_REPRESENTATION_CONTEXT(2) 
PARAMETRIC_REPRESENTATION_CONTEXT() REPRESENTATION_CONTEXT('2D SPACE',''
  ) );
#3394 = ORIENTED_EDGE('',*,*,#2465,.F.);
#3395 = ADVANCED_FACE('',(#3396),#2502,.T.);
#3396 = FACE_BOUND('',#3397,.T.);
#3397 = EDGE_LOOP('',(#3398,#3399,#3421,#3446));
#3398 = ORIENTED_EDGE('',*,*,#2488,.T.);
#3399 = ORIENTED_EDGE('',*,*,#3400,.T.);
#3400 = EDGE_CURVE('',#2466,#3401,#3403,.T.);
#3401 = VERTEX_POINT('',#3402);
#3402 = CARTESIAN_POINT('',(100.,38.,258.));
#3403 = SURFACE_CURVE('',#3404,(#3407,#3414),.PCURVE_S1.);
#3404 = B_SPLINE_CURVE_WITH_KNOTS('',1,(#3405,#3406),.UNSPECIFIED.,.F.,
  .F.,(2,2),(0.,1.),.PIECEWISE_BEZIER_KNOTS.);
#3405 = CARTESIAN_POINT('',(101.4,41.65,238.));
#3406 = CARTESIAN_POINT('',(100.,38.,258.));
#3407 = PCURVE('',#2502,#3408);
#3408 = DEFINITIONAL_REPRESENTATION('',(#3409),#3413);
#3409 = LINE('',#3410,#3411);
#3410 = CARTESIAN_POINT('',(83.3,0.));
#3411 = VECTOR('',#3412,1.);
#3412 = DIRECTION('',(0.,1.));
#3413 = ( GEOMETRIC_REPRESENTATION_CONTEXT(2) 
PARAMETRIC_REPRESENTATION_CONTEXT() REPRESENTATION_CONTEXT('2D SPACE',''
  ) );
#3414 = PCURVE('',#3367,#3415);
#3415 = DEFINITIONAL_REPRESENTATION('',(#3416),#3420);
#3416 = LINE('',#3417,#3418);
#3417 = CARTESIAN_POINT('',(0.,0.));
#3418 = VECTOR('',#3419,1.);
#3419 = DIRECTION('',(0.,1.));
#3420 = ( GEOMETRIC_REPRESENTATION_CONTEXT(2) 
PARAMETRIC_REPRESENTATION_CONTEXT() REPRESENTATION_CONTEXT('2D SPACE',''
  ) );
#3421 = ORIENTED_EDGE('',*,*,#3422,.F.);
#3422 = EDGE_CURVE('',#2520,#3401,#3423,.T.);
#3423 = SURFACE_CURVE('',#3424,(#3428,#3434),.PCURVE_S1.);
#3424 = LINE('',#3425,#3426);
#3425 = CARTESIAN_POINT('',(100.,-38.,258.));
#3426 = VECTOR('',#3427,1.);
#3427 = DIRECTION('',(0.,1.,0.));
#3428 = PCURVE('',#2502,#3429);
#3429 = DEFINITIONAL_REPRESENTATION('',(#3430),#3433);
#3430 = B_SPLINE_CURVE_WITH_KNOTS('',1,(#3431,#3432),.UNSPECIFIED.,.F.,
  .F.,(2,2),(0.,76.),.PIECEWISE_BEZIER_KNOTS.);
#3431 = CARTESIAN_POINT('',(0.,1.));
#3432 = CARTESIAN_POINT('',(83.3,1.));
#3433 = ( GEOMETRIC_REPRESENTATION_CONTEXT(2) 
PARAMETRIC_REPRESENTATION_CONTEXT() REPRESENTATION_CONTEXT('2D SPACE',''
  ) );
#3434 = PCURVE('',#3435,#3440);
#3435 = B_SPLINE_SURFACE_WITH_KNOTS('',1,1,(
    (#3436,#3437)
    ,(#3438,#3439
    )),.UNSPECIFIED.,.F.,.F.,.F.,(2,2),(2,2),(0.,76.),(0.,1.),
  .PIECEWISE_BEZIER_KNOTS.);
#3436 = CARTESIAN_POINT('',(100.,-38.,258.));
#3437 = CARTESIAN_POINT('',(98.,-26.,276.));
#3438 = CARTESIAN_POINT('',(100.,38.,258.));
#3439 = CARTESIAN_POINT('',(98.,26.,276.));
#3440 = DEFINITIONAL_REPRESENTATION('',(#3441),#3445);
#3441 = LINE('',#3442,#3443);
#3442 = CARTESIAN_POINT('',(0.,0.));
#3443 = VECTOR('',#3444,1.);
#3444 = DIRECTION('',(1.,0.));
#3445 = ( GEOMETRIC_REPRESENTATION_CONTEXT(2) 
PARAMETRIC_REPRESENTATION_CONTEXT() REPRESENTATION_CONTEXT('2D SPACE',''
  ) );
#3446 = ORIENTED_EDGE('',*,*,#2519,.F.);
#3447 = ADVANCED_FACE('',(#3448),#2556,.T.);
#3448 = FACE_BOUND('',#3449,.T.);
#3449 = EDGE_LOOP('',(#3450,#3451,#3473,#3516));
#3450 = ORIENTED_EDGE('',*,*,#2541,.T.);
#3451 = ORIENTED_EDGE('',*,*,#3452,.T.);
#3452 = EDGE_CURVE('',#2520,#3453,#3455,.T.);
#3453 = VERTEX_POINT('',#3454);
#3454 = CARTESIAN_POINT('',(98.,-26.,276.));
#3455 = SURFACE_CURVE('',#3456,(#3459,#3466),.PCURVE_S1.);
#3456 = B_SPLINE_CURVE_WITH_KNOTS('',1,(#3457,#3458),.UNSPECIFIED.,.F.,
  .F.,(2,2),(0.,1.),.PIECEWISE_BEZIER_KNOTS.);
#3457 = CARTESIAN_POINT('',(100.,-38.,258.));
#3458 = CARTESIAN_POINT('',(98.,-26.,276.));
#3459 = PCURVE('',#2556,#3460);
#3460 = DEFINITIONAL_REPRESENTATION('',(#3461),#3465);
#3461 = LINE('',#3462,#3463);
#3462 = CARTESIAN_POINT('',(1.570796318693,0.));
#3463 = VECTOR('',#3464,1.);
#3464 = DIRECTION('',(0.,1.));
#3465 = ( GEOMETRIC_REPRESENTATION_CONTEXT(2) 
PARAMETRIC_REPRESENTATION_CONTEXT() REPRESENTATION_CONTEXT('2D SPACE',''
  ) );
#3466 = PCURVE('',#3435,#3467);
#3467 = DEFINITIONAL_REPRESENTATION('',(#3468),#3472);
#3468 = LINE('',#3469,#3470);
#3469 = CARTESIAN_POINT('',(0.,0.));
#3470 = VECTOR('',#3471,1.);
#3471 = DIRECTION('',(0.,1.));
#3472 = ( GEOMETRIC_REPRESENTATION_CONTEXT(2) 
PARAMETRIC_REPRESENTATION_CONTEXT() REPRESENTATION_CONTEXT('2D SPACE',''
  ) );
#3473 = ORIENTED_EDGE('',*,*,#3474,.F.);
#3474 = EDGE_CURVE('',#2911,#3453,#3475,.T.);
#3475 = SURFACE_CURVE('',#3476,(#3481,#3488),.PCURVE_S1.);
#3476 = CIRCLE('',#3477,44.00000017825);
#3477 = AXIS2_PLACEMENT_3D('',#3478,#3479,#3480);
#3478 = CARTESIAN_POINT('',(53.99999982175,-25.99999982175,276.));
#3479 = DIRECTION('',(0.,0.,1.));
#3480 = DIRECTION('',(4.051126286693E-09,-1.,0.));
#3481 = PCURVE('',#2556,#3482);
#3482 = DEFINITIONAL_REPRESENTATION('',(#3483),#3487);
#3483 = LINE('',#3484,#3485);
#3484 = CARTESIAN_POINT('',(0.,1.));
#3485 = VECTOR('',#3486,1.);
#3486 = DIRECTION('',(1.,0.));
#3487 = ( GEOMETRIC_REPRESENTATION_CONTEXT(2) 
PARAMETRIC_REPRESENTATION_CONTEXT() REPRESENTATION_CONTEXT('2D SPACE',''
  ) );
#3488 = PCURVE('',#3489,#3510);
#3489 = B_SPLINE_SURFACE_WITH_KNOTS('',9,1,(
    (#3490,#3491)
    ,(#3492,#3493)
    ,(#3494,#3495)
    ,(#3496,#3497)
    ,(#3498,#3499)
    ,(#3500,#3501)
    ,(#3502,#3503)
    ,(#3504,#3505)
    ,(#3506,#3507)
    ,(#3508,#3509
    )),.UNSPECIFIED.,.F.,.F.,.F.,(10,10),(2,2),(0.,1.570796318693),(0.,
    1.),.PIECEWISE_BEZIER_KNOTS.);
#3490 = CARTESIAN_POINT('',(54.,-70.,276.));
#3491 = CARTESIAN_POINT('',(44.,-65.,290.3));
#3492 = CARTESIAN_POINT('',(61.679448700277,-69.99999996889,276.));
#3493 = CARTESIAN_POINT('',(52.726646250311,-64.99999996464,
    290.29999999999));
#3494 = CARTESIAN_POINT('',(69.358897504481,-68.49214384117,
    275.99999999997));
#3495 = CARTESIAN_POINT('',(61.453292618741,-63.28652709225,290.3));
#3496 = CARTESIAN_POINT('',(76.699983339129,-65.47643056333,
    276.00000000005));
#3497 = CARTESIAN_POINT('',(69.795435612622,-59.85958018559,
    290.29999999998));
#3498 = CARTESIAN_POINT('',(83.364347919914,-61.0414476703,
    275.99999999993));
#3499 = CARTESIAN_POINT('',(77.368577181752,-54.81982689809,
    290.30000000001));
#3500 = CARTESIAN_POINT('',(89.041447670335,-55.36434791994,
    276.00000000006));
#3501 = CARTESIAN_POINT('',(83.81982689808,-48.36857718173,
    290.29999999998));
#3502 = CARTESIAN_POINT('',(93.476430563313,-48.6999833391,
    275.99999999995));
#3503 = CARTESIAN_POINT('',(88.859580185601,-40.79543561263,290.3));
#3504 = CARTESIAN_POINT('',(96.492143841187,-41.35889750449,
    276.00000000002));
#3505 = CARTESIAN_POINT('',(92.286527092251,-32.45329261873,290.3));
#3506 = CARTESIAN_POINT('',(97.999999968888,-33.67944870027,
    275.99999999999));
#3507 = CARTESIAN_POINT('',(93.999999964647,-23.72664625031,290.3));
#3508 = CARTESIAN_POINT('',(98.,-26.,276.));
#3509 = CARTESIAN_POINT('',(94.,-15.,290.3));
#3510 = DEFINITIONAL_REPRESENTATION('',(#3511),#3515);
#3511 = LINE('',#3512,#3513);
#3512 = CARTESIAN_POINT('',(0.,0.));
#3513 = VECTOR('',#3514,1.);
#3514 = DIRECTION('',(1.,0.));
#3515 = ( GEOMETRIC_REPRESENTATION_CONTEXT(2) 
PARAMETRIC_REPRESENTATION_CONTEXT() REPRESENTATION_CONTEXT('2D SPACE',''
  ) );
#3516 = ORIENTED_EDGE('',*,*,#2910,.F.);
#3517 = ADVANCED_FACE('',(#3518),#2659,.T.);
#3518 = FACE_BOUND('',#3519,.T.);
#3519 = EDGE_LOOP('',(#3520,#3521,#3522,#3567));
#3520 = ORIENTED_EDGE('',*,*,#2642,.T.);
#3521 = ORIENTED_EDGE('',*,*,#2715,.T.);
#3522 = ORIENTED_EDGE('',*,*,#3523,.F.);
#3523 = EDGE_CURVE('',#3524,#2716,#3526,.T.);
#3524 = VERTEX_POINT('',#3525);
#3525 = CARTESIAN_POINT('',(-98.,-26.,276.));
#3526 = SURFACE_CURVE('',#3527,(#3532,#3539),.PCURVE_S1.);
#3527 = CIRCLE('',#3528,44.00000017825);
#3528 = AXIS2_PLACEMENT_3D('',#3529,#3530,#3531);
#3529 = CARTESIAN_POINT('',(-53.99999982175,-25.99999982175,276.));
#3530 = DIRECTION('',(0.,0.,1.));
#3531 = DIRECTION('',(-1.,-4.051126125206E-09,0.));
#3532 = PCURVE('',#2659,#3533);
#3533 = DEFINITIONAL_REPRESENTATION('',(#3534),#3538);
#3534 = LINE('',#3535,#3536);
#3535 = CARTESIAN_POINT('',(0.,1.));
#3536 = VECTOR('',#3537,1.);
#3537 = DIRECTION('',(1.,0.));
#3538 = ( GEOMETRIC_REPRESENTATION_CONTEXT(2) 
PARAMETRIC_REPRESENTATION_CONTEXT() REPRESENTATION_CONTEXT('2D SPACE',''
  ) );
#3539 = PCURVE('',#3540,#3561);
#3540 = B_SPLINE_SURFACE_WITH_KNOTS('',9,1,(
    (#3541,#3542)
    ,(#3543,#3544)
    ,(#3545,#3546)
    ,(#3547,#3548)
    ,(#3549,#3550)
    ,(#3551,#3552)
    ,(#3553,#3554)
    ,(#3555,#3556)
    ,(#3557,#3558)
    ,(#3559,#3560
    )),.UNSPECIFIED.,.F.,.F.,.F.,(10,10),(2,2),(0.,1.570796318693),(0.,
    1.),.PIECEWISE_BEZIER_KNOTS.);
#3541 = CARTESIAN_POINT('',(-98.,-26.,276.));
#3542 = CARTESIAN_POINT('',(-94.,-15.,290.3));
#3543 = CARTESIAN_POINT('',(-97.99999996889,-33.67944870027,276.));
#3544 = CARTESIAN_POINT('',(-93.99999996464,-23.72664625031,
    290.29999999999));
#3545 = CARTESIAN_POINT('',(-96.49214384117,-41.35889750448,
    275.99999999997));
#3546 = CARTESIAN_POINT('',(-92.28652709225,-32.45329261873,290.3));
#3547 = CARTESIAN_POINT('',(-93.47643056334,-48.69998333912,
    276.00000000005));
#3548 = CARTESIAN_POINT('',(-88.85958018559,-40.79543561262,
    290.29999999998));
#3549 = CARTESIAN_POINT('',(-89.04144767029,-55.36434791992,
    275.99999999993));
#3550 = CARTESIAN_POINT('',(-83.81982689809,-48.36857718174,
    290.30000000001));
#3551 = CARTESIAN_POINT('',(-83.36434791995,-61.04144767032,
    276.00000000006));
#3552 = CARTESIAN_POINT('',(-77.36857718173,-54.81982689808,
    290.29999999998));
#3553 = CARTESIAN_POINT('',(-76.69998333909,-65.47643056331,
    275.99999999995));
#3554 = CARTESIAN_POINT('',(-69.79543561263,-59.85958018559,290.3));
#3555 = CARTESIAN_POINT('',(-69.35889750449,-68.49214384118,
    276.00000000002));
#3556 = CARTESIAN_POINT('',(-61.45329261873,-63.28652709225,290.3));
#3557 = CARTESIAN_POINT('',(-61.67944870027,-69.99999996888,
    275.99999999999));
#3558 = CARTESIAN_POINT('',(-52.72664625031,-64.99999996464,290.3));
#3559 = CARTESIAN_POINT('',(-54.,-70.,276.));
#3560 = CARTESIAN_POINT('',(-44.,-65.,290.3));
#3561 = DEFINITIONAL_REPRESENTATION('',(#3562),#3566);
#3562 = LINE('',#3563,#3564);
#3563 = CARTESIAN_POINT('',(0.,0.));
#3564 = VECTOR('',#3565,1.);
#3565 = DIRECTION('',(1.,0.));
#3566 = ( GEOMETRIC_REPRESENTATION_CONTEXT(2) 
PARAMETRIC_REPRESENTATION_CONTEXT() REPRESENTATION_CONTEXT('2D SPACE',''
  ) );
#3567 = ORIENTED_EDGE('',*,*,#3568,.F.);
#3568 = EDGE_CURVE('',#2643,#3524,#3569,.T.);
#3569 = SURFACE_CURVE('',#3570,(#3573,#3580),.PCURVE_S1.);
#3570 = B_SPLINE_CURVE_WITH_KNOTS('',1,(#3571,#3572),.UNSPECIFIED.,.F.,
  .F.,(2,2),(0.,1.),.PIECEWISE_BEZIER_KNOTS.);
#3571 = CARTESIAN_POINT('',(-100.,-38.,258.));
#3572 = CARTESIAN_POINT('',(-98.,-26.,276.));
#3573 = PCURVE('',#2659,#3574);
#3574 = DEFINITIONAL_REPRESENTATION('',(#3575),#3579);
#3575 = LINE('',#3576,#3577);
#3576 = CARTESIAN_POINT('',(0.,0.));
#3577 = VECTOR('',#3578,1.);
#3578 = DIRECTION('',(0.,1.));
#3579 = ( GEOMETRIC_REPRESENTATION_CONTEXT(2) 
PARAMETRIC_REPRESENTATION_CONTEXT() REPRESENTATION_CONTEXT('2D SPACE',''
  ) );
#3580 = PCURVE('',#3581,#3586);
#3581 = B_SPLINE_SURFACE_WITH_KNOTS('',1,1,(
    (#3582,#3583)
    ,(#3584,#3585
    )),.UNSPECIFIED.,.F.,.F.,.F.,(2,2),(2,2),(0.,76.),(0.,1.),
  .PIECEWISE_BEZIER_KNOTS.);
#3582 = CARTESIAN_POINT('',(-100.,38.,258.));
#3583 = CARTESIAN_POINT('',(-98.,26.,276.));
#3584 = CARTESIAN_POINT('',(-100.,-38.,258.));
#3585 = CARTESIAN_POINT('',(-98.,-26.,276.));
#3586 = DEFINITIONAL_REPRESENTATION('',(#3587),#3591);
#3587 = LINE('',#3588,#3589);
#3588 = CARTESIAN_POINT('',(76.,0.));
#3589 = VECTOR('',#3590,1.);
#3590 = DIRECTION('',(0.,1.));
#3591 = ( GEOMETRIC_REPRESENTATION_CONTEXT(2) 
PARAMETRIC_REPRESENTATION_CONTEXT() REPRESENTATION_CONTEXT('2D SPACE',''
  ) );
#3592 = ADVANCED_FACE('',(#3593),#2700,.T.);
#3593 = FACE_BOUND('',#3594,.T.);
#3594 = EDGE_LOOP('',(#3595,#3596,#3597,#3619));
#3595 = ORIENTED_EDGE('',*,*,#3195,.T.);
#3596 = ORIENTED_EDGE('',*,*,#2687,.T.);
#3597 = ORIENTED_EDGE('',*,*,#3598,.F.);
#3598 = EDGE_CURVE('',#3599,#2643,#3601,.T.);
#3599 = VERTEX_POINT('',#3600);
#3600 = CARTESIAN_POINT('',(-100.,38.,258.));
#3601 = SURFACE_CURVE('',#3602,(#3606,#3612),.PCURVE_S1.);
#3602 = LINE('',#3603,#3604);
#3603 = CARTESIAN_POINT('',(-100.,38.,258.));
#3604 = VECTOR('',#3605,1.);
#3605 = DIRECTION('',(0.,-1.,0.));
#3606 = PCURVE('',#2700,#3607);
#3607 = DEFINITIONAL_REPRESENTATION('',(#3608),#3611);
#3608 = B_SPLINE_CURVE_WITH_KNOTS('',1,(#3609,#3610),.UNSPECIFIED.,.F.,
  .F.,(2,2),(0.,76.),.PIECEWISE_BEZIER_KNOTS.);
#3609 = CARTESIAN_POINT('',(0.,1.));
#3610 = CARTESIAN_POINT('',(83.3,1.));
#3611 = ( GEOMETRIC_REPRESENTATION_CONTEXT(2) 
PARAMETRIC_REPRESENTATION_CONTEXT() REPRESENTATION_CONTEXT('2D SPACE',''
  ) );
#3612 = PCURVE('',#3581,#3613);
#3613 = DEFINITIONAL_REPRESENTATION('',(#3614),#3618);
#3614 = LINE('',#3615,#3616);
#3615 = CARTESIAN_POINT('',(0.,0.));
#3616 = VECTOR('',#3617,1.);
#3617 = DIRECTION('',(1.,0.));
#3618 = ( GEOMETRIC_REPRESENTATION_CONTEXT(2) 
PARAMETRIC_REPRESENTATION_CONTEXT() REPRESENTATION_CONTEXT('2D SPACE',''
  ) );
#3619 = ORIENTED_EDGE('',*,*,#3620,.F.);
#3620 = EDGE_CURVE('',#3196,#3599,#3621,.T.);
#3621 = SURFACE_CURVE('',#3622,(#3625,#3632),.PCURVE_S1.);
#3622 = B_SPLINE_CURVE_WITH_KNOTS('',1,(#3623,#3624),.UNSPECIFIED.,.F.,
  .F.,(2,2),(0.,1.),.PIECEWISE_BEZIER_KNOTS.);
#3623 = CARTESIAN_POINT('',(-101.4,41.65,238.));
#3624 = CARTESIAN_POINT('',(-100.,38.,258.));
#3625 = PCURVE('',#2700,#3626);
#3626 = DEFINITIONAL_REPRESENTATION('',(#3627),#3631);
#3627 = LINE('',#3628,#3629);
#3628 = CARTESIAN_POINT('',(0.,0.));
#3629 = VECTOR('',#3630,1.);
#3630 = DIRECTION('',(0.,1.));
#3631 = ( GEOMETRIC_REPRESENTATION_CONTEXT(2) 
PARAMETRIC_REPRESENTATION_CONTEXT() REPRESENTATION_CONTEXT('2D SPACE',''
  ) );
#3632 = PCURVE('',#3633,#3654);
#3633 = B_SPLINE_SURFACE_WITH_KNOTS('',9,1,(
    (#3634,#3635)
    ,(#3636,#3637)
    ,(#3638,#3639)
    ,(#3640,#3641)
    ,(#3642,#3643)
    ,(#3644,#3645)
    ,(#3646,#3647)
    ,(#3648,#3649)
    ,(#3650,#3651)
    ,(#3652,#3653
    )),.UNSPECIFIED.,.F.,.F.,.F.,(10,10),(2,2),(0.,1.570796318693),(0.,
    1.),.PIECEWISE_BEZIER_KNOTS.);
#3634 = CARTESIAN_POINT('',(-67.4,75.65,238.));
#3635 = CARTESIAN_POINT('',(-64.,74.,258.));
#3636 = CARTESIAN_POINT('',(-73.33411945021,75.64999997596,238.));
#3637 = CARTESIAN_POINT('',(-70.28318530022,73.999999974545,
    257.99999999999));
#3638 = CARTESIAN_POINT('',(-79.26823898074,74.484838422732,
    237.99999999999));
#3639 = CARTESIAN_POINT('',(-76.56637068549,72.766299506425,258.));
#3640 = CARTESIAN_POINT('',(-84.94089621658,72.154514526204,238.));
#3641 = CARTESIAN_POINT('',(-82.57271364108,70.298897733623,
    257.99999999998));
#3642 = CARTESIAN_POINT('',(-90.09063248359,68.727482290704,
    237.99999999999));
#3643 = CARTESIAN_POINT('',(-88.02537557086,66.670275366632,
    258.00000000002));
#3644 = CARTESIAN_POINT('',(-94.47748229069,64.34063248358,238.));
#3645 = CARTESIAN_POINT('',(-92.67027536661,62.025375570847,
    257.99999999998));
#3646 = CARTESIAN_POINT('',(-97.90451452621,59.190896216592,
    237.99999999999));
#3647 = CARTESIAN_POINT('',(-96.29889773363,56.572713641098,258.));
#3648 = CARTESIAN_POINT('',(-100.2348384227,53.518238980739,238.));
#3649 = CARTESIAN_POINT('',(-98.76629950641,50.566370685489,
    257.99999999999));
#3650 = CARTESIAN_POINT('',(-101.3999999759,47.584119450213,238.));
#3651 = CARTESIAN_POINT('',(-99.99999997454,44.283185300225,258.));
#3652 = CARTESIAN_POINT('',(-101.4,41.65,238.));
#3653 = CARTESIAN_POINT('',(-100.,38.,258.));
#3654 = DEFINITIONAL_REPRESENTATION('',(#3655),#3659);
#3655 = LINE('',#3656,#3657);
#3656 = CARTESIAN_POINT('',(1.570796318693,0.));
#3657 = VECTOR('',#3658,1.);
#3658 = DIRECTION('',(0.,1.));
#3659 = ( GEOMETRIC_REPRESENTATION_CONTEXT(2) 
PARAMETRIC_REPRESENTATION_CONTEXT() REPRESENTATION_CONTEXT('2D SPACE',''
  ) );
#3660 = ADVANCED_FACE('',(#3661),#2945,.T.);
#3661 = FACE_BOUND('',#3662,.T.);
#3662 = EDGE_LOOP('',(#3663,#3664,#3686,#3713));
#3663 = ORIENTED_EDGE('',*,*,#2932,.T.);
#3664 = ORIENTED_EDGE('',*,*,#3665,.T.);
#3665 = EDGE_CURVE('',#2911,#3666,#3668,.T.);
#3666 = VERTEX_POINT('',#3667);
#3667 = CARTESIAN_POINT('',(44.,-65.,290.3));
#3668 = SURFACE_CURVE('',#3669,(#3672,#3679),.PCURVE_S1.);
#3669 = B_SPLINE_CURVE_WITH_KNOTS('',1,(#3670,#3671),.UNSPECIFIED.,.F.,
  .F.,(2,2),(0.,1.),.PIECEWISE_BEZIER_KNOTS.);
#3670 = CARTESIAN_POINT('',(54.,-70.,276.));
#3671 = CARTESIAN_POINT('',(44.,-65.,290.3));
#3672 = PCURVE('',#2945,#3673);
#3673 = DEFINITIONAL_REPRESENTATION('',(#3674),#3678);
#3674 = LINE('',#3675,#3676);
#3675 = CARTESIAN_POINT('',(108.,0.));
#3676 = VECTOR('',#3677,1.);
#3677 = DIRECTION('',(0.,1.));
#3678 = ( GEOMETRIC_REPRESENTATION_CONTEXT(2) 
PARAMETRIC_REPRESENTATION_CONTEXT() REPRESENTATION_CONTEXT('2D SPACE',''
  ) );
#3679 = PCURVE('',#3489,#3680);
#3680 = DEFINITIONAL_REPRESENTATION('',(#3681),#3685);
#3681 = LINE('',#3682,#3683);
#3682 = CARTESIAN_POINT('',(0.,0.));
#3683 = VECTOR('',#3684,1.);
#3684 = DIRECTION('',(0.,1.));
#3685 = ( GEOMETRIC_REPRESENTATION_CONTEXT(2) 
PARAMETRIC_REPRESENTATION_CONTEXT() REPRESENTATION_CONTEXT('2D SPACE',''
  ) );
#3686 = ORIENTED_EDGE('',*,*,#3687,.F.);
#3687 = EDGE_CURVE('',#3688,#3666,#3690,.T.);
#3688 = VERTEX_POINT('',#3689);
#3689 = CARTESIAN_POINT('',(-44.,-65.,290.3));
#3690 = SURFACE_CURVE('',#3691,(#3695,#3701),.PCURVE_S1.);
#3691 = LINE('',#3692,#3693);
#3692 = CARTESIAN_POINT('',(-44.,-65.,290.3));
#3693 = VECTOR('',#3694,1.);
#3694 = DIRECTION('',(1.,0.,0.));
#3695 = PCURVE('',#2945,#3696);
#3696 = DEFINITIONAL_REPRESENTATION('',(#3697),#3700);
#3697 = B_SPLINE_CURVE_WITH_KNOTS('',1,(#3698,#3699),.UNSPECIFIED.,.F.,
  .F.,(2,2),(0.,88.),.PIECEWISE_BEZIER_KNOTS.);
#3698 = CARTESIAN_POINT('',(0.,1.));
#3699 = CARTESIAN_POINT('',(108.,1.));
#3700 = ( GEOMETRIC_REPRESENTATION_CONTEXT(2) 
PARAMETRIC_REPRESENTATION_CONTEXT() REPRESENTATION_CONTEXT('2D SPACE',''
  ) );
#3701 = PCURVE('',#3702,#3707);
#3702 = PLANE('',#3703);
#3703 = AXIS2_PLACEMENT_3D('',#3704,#3705,#3706);
#3704 = CARTESIAN_POINT('',(43.999999797444,-14.99999979744,290.3));
#3705 = DIRECTION('',(0.,0.,1.));
#3706 = DIRECTION('',(4.051126706559E-09,-1.,0.));
#3707 = DEFINITIONAL_REPRESENTATION('',(#3708),#3712);
#3708 = LINE('',#3709,#3710);
#3709 = CARTESIAN_POINT('',(49.999999846057,-88.));
#3710 = VECTOR('',#3711,1.);
#3711 = DIRECTION('',(4.051126706559E-09,1.));
#3712 = ( GEOMETRIC_REPRESENTATION_CONTEXT(2) 
PARAMETRIC_REPRESENTATION_CONTEXT() REPRESENTATION_CONTEXT('2D SPACE',''
  ) );
#3713 = ORIENTED_EDGE('',*,*,#3714,.F.);
#3714 = EDGE_CURVE('',#2716,#3688,#3715,.T.);
#3715 = SURFACE_CURVE('',#3716,(#3719,#3726),.PCURVE_S1.);
#3716 = B_SPLINE_CURVE_WITH_KNOTS('',1,(#3717,#3718),.UNSPECIFIED.,.F.,
  .F.,(2,2),(0.,1.),.PIECEWISE_BEZIER_KNOTS.);
#3717 = CARTESIAN_POINT('',(-54.,-70.,276.));
#3718 = CARTESIAN_POINT('',(-44.,-65.,290.3));
#3719 = PCURVE('',#2945,#3720);
#3720 = DEFINITIONAL_REPRESENTATION('',(#3721),#3725);
#3721 = LINE('',#3722,#3723);
#3722 = CARTESIAN_POINT('',(0.,0.));
#3723 = VECTOR('',#3724,1.);
#3724 = DIRECTION('',(0.,1.));
#3725 = ( GEOMETRIC_REPRESENTATION_CONTEXT(2) 
PARAMETRIC_REPRESENTATION_CONTEXT() REPRESENTATION_CONTEXT('2D SPACE',''
  ) );
#3726 = PCURVE('',#3540,#3727);
#3727 = DEFINITIONAL_REPRESENTATION('',(#3728),#3732);
#3728 = LINE('',#3729,#3730);
#3729 = CARTESIAN_POINT('',(1.570796318693,0.));
#3730 = VECTOR('',#3731,1.);
#3731 = DIRECTION('',(0.,1.));
#3732 = ( GEOMETRIC_REPRESENTATION_CONTEXT(2) 
PARAMETRIC_REPRESENTATION_CONTEXT() REPRESENTATION_CONTEXT('2D SPACE',''
  ) );
#3733 = ADVANCED_FACE('',(#3734),#2826,.F.);
#3734 = FACE_BOUND('',#3735,.T.);
#3735 = EDGE_LOOP('',(#3736,#3737,#3738,#3739,#3740,#3741));
#3736 = ORIENTED_EDGE('',*,*,#2984,.F.);
#3737 = ORIENTED_EDGE('',*,*,#3011,.T.);
#3738 = ORIENTED_EDGE('',*,*,#3065,.T.);
#3739 = ORIENTED_EDGE('',*,*,#3114,.T.);
#3740 = ORIENTED_EDGE('',*,*,#3168,.T.);
#3741 = ORIENTED_EDGE('',*,*,#2812,.T.);
#3742 = ADVANCED_FACE('',(#3743),#3232,.T.);
#3743 = FACE_BOUND('',#3744,.T.);
#3744 = EDGE_LOOP('',(#3745,#3746,#3747,#3771));
#3745 = ORIENTED_EDGE('',*,*,#3249,.T.);
#3746 = ORIENTED_EDGE('',*,*,#3218,.F.);
#3747 = ORIENTED_EDGE('',*,*,#3748,.F.);
#3748 = EDGE_CURVE('',#3749,#3196,#3751,.T.);
#3749 = VERTEX_POINT('',#3750);
#3750 = CARTESIAN_POINT('',(-67.4,75.65,238.));
#3751 = SURFACE_CURVE('',#3752,(#3757,#3764),.PCURVE_S1.);
#3752 = CIRCLE('',#3753,34.000000137738);
#3753 = AXIS2_PLACEMENT_3D('',#3754,#3755,#3756);
#3754 = CARTESIAN_POINT('',(-67.39999986226,41.649999862262,238.));
#3755 = DIRECTION('',(0.,0.,1.));
#3756 = DIRECTION('',(-4.051126790152E-09,1.,0.));
#3757 = PCURVE('',#3232,#3758);
#3758 = DEFINITIONAL_REPRESENTATION('',(#3759),#3763);
#3759 = LINE('',#3760,#3761);
#3760 = CARTESIAN_POINT('',(0.,216.));
#3761 = VECTOR('',#3762,1.);
#3762 = DIRECTION('',(1.,0.));
#3763 = ( GEOMETRIC_REPRESENTATION_CONTEXT(2) 
PARAMETRIC_REPRESENTATION_CONTEXT() REPRESENTATION_CONTEXT('2D SPACE',''
  ) );
#3764 = PCURVE('',#3633,#3765);
#3765 = DEFINITIONAL_REPRESENTATION('',(#3766),#3770);
#3766 = LINE('',#3767,#3768);
#3767 = CARTESIAN_POINT('',(0.,0.));
#3768 = VECTOR('',#3769,1.);
#3769 = DIRECTION('',(1.,0.));
#3770 = ( GEOMETRIC_REPRESENTATION_CONTEXT(2) 
PARAMETRIC_REPRESENTATION_CONTEXT() REPRESENTATION_CONTEXT('2D SPACE',''
  ) );
#3771 = ORIENTED_EDGE('',*,*,#3772,.T.);
#3772 = EDGE_CURVE('',#3749,#3250,#3773,.T.);
#3773 = SURFACE_CURVE('',#3774,(#3778,#3785),.PCURVE_S1.);
#3774 = LINE('',#3775,#3776);
#3775 = CARTESIAN_POINT('',(-67.4,75.65,238.));
#3776 = VECTOR('',#3777,1.);
#3777 = DIRECTION('',(0.,0.,-1.));
#3778 = PCURVE('',#3232,#3779);
#3779 = DEFINITIONAL_REPRESENTATION('',(#3780),#3784);
#3780 = LINE('',#3781,#3782);
#3781 = CARTESIAN_POINT('',(0.,216.));
#3782 = VECTOR('',#3783,1.);
#3783 = DIRECTION('',(0.,-1.));
#3784 = ( GEOMETRIC_REPRESENTATION_CONTEXT(2) 
PARAMETRIC_REPRESENTATION_CONTEXT() REPRESENTATION_CONTEXT('2D SPACE',''
  ) );
#3785 = PCURVE('',#3312,#3786);
#3786 = DEFINITIONAL_REPRESENTATION('',(#3787),#3791);
#3787 = LINE('',#3788,#3789);
#3788 = CARTESIAN_POINT('',(134.8,208.));
#3789 = VECTOR('',#3790,1.);
#3790 = DIRECTION('',(0.,-1.));
#3791 = ( GEOMETRIC_REPRESENTATION_CONTEXT(2) 
PARAMETRIC_REPRESENTATION_CONTEXT() REPRESENTATION_CONTEXT('2D SPACE',''
  ) );
#3792 = ADVANCED_FACE('',(#3793),#3312,.T.);
#3793 = FACE_BOUND('',#3794,.T.);
#3794 = EDGE_LOOP('',(#3795,#3796,#3797,#3823));
#3795 = ORIENTED_EDGE('',*,*,#3298,.T.);
#3796 = ORIENTED_EDGE('',*,*,#3772,.F.);
#3797 = ORIENTED_EDGE('',*,*,#3798,.F.);
#3798 = EDGE_CURVE('',#3330,#3749,#3799,.T.);
#3799 = SURFACE_CURVE('',#3800,(#3804,#3811),.PCURVE_S1.);
#3800 = LINE('',#3801,#3802);
#3801 = CARTESIAN_POINT('',(67.4,75.65,238.));
#3802 = VECTOR('',#3803,1.);
#3803 = DIRECTION('',(-1.,0.,0.));
#3804 = PCURVE('',#3312,#3805);
#3805 = DEFINITIONAL_REPRESENTATION('',(#3806),#3810);
#3806 = LINE('',#3807,#3808);
#3807 = CARTESIAN_POINT('',(0.,208.));
#3808 = VECTOR('',#3809,1.);
#3809 = DIRECTION('',(1.,0.));
#3810 = ( GEOMETRIC_REPRESENTATION_CONTEXT(2) 
PARAMETRIC_REPRESENTATION_CONTEXT() REPRESENTATION_CONTEXT('2D SPACE',''
  ) );
#3811 = PCURVE('',#3812,#3817);
#3812 = B_SPLINE_SURFACE_WITH_KNOTS('',1,1,(
    (#3813,#3814)
    ,(#3815,#3816
    )),.UNSPECIFIED.,.F.,.F.,.F.,(2,2),(2,2),(0.,134.8),(0.,1.),
  .PIECEWISE_BEZIER_KNOTS.);
#3813 = CARTESIAN_POINT('',(67.4,75.65,238.));
#3814 = CARTESIAN_POINT('',(64.,74.,258.));
#3815 = CARTESIAN_POINT('',(-67.4,75.65,238.));
#3816 = CARTESIAN_POINT('',(-64.,74.,258.));
#3817 = DEFINITIONAL_REPRESENTATION('',(#3818),#3822);
#3818 = LINE('',#3819,#3820);
#3819 = CARTESIAN_POINT('',(0.,0.));
#3820 = VECTOR('',#3821,1.);
#3821 = DIRECTION('',(1.,0.));
#3822 = ( GEOMETRIC_REPRESENTATION_CONTEXT(2) 
PARAMETRIC_REPRESENTATION_CONTEXT() REPRESENTATION_CONTEXT('2D SPACE',''
  ) );
#3823 = ORIENTED_EDGE('',*,*,#3329,.F.);
#3824 = ADVANCED_FACE('',(#3825),#3367,.T.);
#3825 = FACE_BOUND('',#3826,.T.);
#3826 = EDGE_LOOP('',(#3827,#3828,#3850,#3893));
#3827 = ORIENTED_EDGE('',*,*,#3352,.T.);
#3828 = ORIENTED_EDGE('',*,*,#3829,.T.);
#3829 = EDGE_CURVE('',#3330,#3830,#3832,.T.);
#3830 = VERTEX_POINT('',#3831);
#3831 = CARTESIAN_POINT('',(64.,74.,258.));
#3832 = SURFACE_CURVE('',#3833,(#3836,#3843),.PCURVE_S1.);
#3833 = B_SPLINE_CURVE_WITH_KNOTS('',1,(#3834,#3835),.UNSPECIFIED.,.F.,
  .F.,(2,2),(0.,1.),.PIECEWISE_BEZIER_KNOTS.);
#3834 = CARTESIAN_POINT('',(67.4,75.65,238.));
#3835 = CARTESIAN_POINT('',(64.,74.,258.));
#3836 = PCURVE('',#3367,#3837);
#3837 = DEFINITIONAL_REPRESENTATION('',(#3838),#3842);
#3838 = LINE('',#3839,#3840);
#3839 = CARTESIAN_POINT('',(1.570796318693,0.));
#3840 = VECTOR('',#3841,1.);
#3841 = DIRECTION('',(0.,1.));
#3842 = ( GEOMETRIC_REPRESENTATION_CONTEXT(2) 
PARAMETRIC_REPRESENTATION_CONTEXT() REPRESENTATION_CONTEXT('2D SPACE',''
  ) );
#3843 = PCURVE('',#3812,#3844);
#3844 = DEFINITIONAL_REPRESENTATION('',(#3845),#3849);
#3845 = LINE('',#3846,#3847);
#3846 = CARTESIAN_POINT('',(0.,0.));
#3847 = VECTOR('',#3848,1.);
#3848 = DIRECTION('',(0.,1.));
#3849 = ( GEOMETRIC_REPRESENTATION_CONTEXT(2) 
PARAMETRIC_REPRESENTATION_CONTEXT() REPRESENTATION_CONTEXT('2D SPACE',''
  ) );
#3850 = ORIENTED_EDGE('',*,*,#3851,.F.);
#3851 = EDGE_CURVE('',#3401,#3830,#3852,.T.);
#3852 = SURFACE_CURVE('',#3853,(#3858,#3865),.PCURVE_S1.);
#3853 = CIRCLE('',#3854,36.000000145841);
#3854 = AXIS2_PLACEMENT_3D('',#3855,#3856,#3857);
#3855 = CARTESIAN_POINT('',(63.999999854159,37.999999854159,258.));
#3856 = DIRECTION('',(0.,0.,1.));
#3857 = DIRECTION('',(1.,4.051126824983E-09,-0.));
#3858 = PCURVE('',#3367,#3859);
#3859 = DEFINITIONAL_REPRESENTATION('',(#3860),#3864);
#3860 = LINE('',#3861,#3862);
#3861 = CARTESIAN_POINT('',(0.,1.));
#3862 = VECTOR('',#3863,1.);
#3863 = DIRECTION('',(1.,0.));
#3864 = ( GEOMETRIC_REPRESENTATION_CONTEXT(2) 
PARAMETRIC_REPRESENTATION_CONTEXT() REPRESENTATION_CONTEXT('2D SPACE',''
  ) );
#3865 = PCURVE('',#3866,#3887);
#3866 = B_SPLINE_SURFACE_WITH_KNOTS('',9,1,(
    (#3867,#3868)
    ,(#3869,#3870)
    ,(#3871,#3872)
    ,(#3873,#3874)
    ,(#3875,#3876)
    ,(#3877,#3878)
    ,(#3879,#3880)
    ,(#3881,#3882)
    ,(#3883,#3884)
    ,(#3885,#3886
    )),.UNSPECIFIED.,.F.,.F.,.F.,(10,10),(2,2),(0.,1.570796318693),(0.,
    1.),.PIECEWISE_BEZIER_KNOTS.);
#3867 = CARTESIAN_POINT('',(100.,38.,258.));
#3868 = CARTESIAN_POINT('',(98.,26.,276.));
#3869 = CARTESIAN_POINT('',(99.999999974546,44.283185300224,
    257.99999999999));
#3870 = CARTESIAN_POINT('',(97.999999968892,33.679448700276,276.));
#3871 = CARTESIAN_POINT('',(98.766299506424,50.566370685492,258.));
#3872 = CARTESIAN_POINT('',(96.492143841172,41.358897504484,
    275.99999999997));
#3873 = CARTESIAN_POINT('',(96.298897733625,56.572713641091,
    257.99999999998));
#3874 = CARTESIAN_POINT('',(93.476430563344,48.699983339123,
    276.00000000005));
#3875 = CARTESIAN_POINT('',(92.670275366629,62.025375570858,
    258.00000000002));
#3876 = CARTESIAN_POINT('',(89.041447670292,55.364347919922,
    275.99999999993));
#3877 = CARTESIAN_POINT('',(88.025375570851,66.670275366621,
    257.99999999998));
#3878 = CARTESIAN_POINT('',(83.364347919958,61.041447670329,
    276.00000000006));
#3879 = CARTESIAN_POINT('',(82.572713641095,70.29889773363,258.));
#3880 = CARTESIAN_POINT('',(76.699983339097,65.476430563317,
    275.99999999995));
#3881 = CARTESIAN_POINT('',(76.56637068549,72.766299506422,
    257.99999999999));
#3882 = CARTESIAN_POINT('',(69.358897504496,68.492143841186,
    276.00000000002));
#3883 = CARTESIAN_POINT('',(70.283185300225,73.999999974546,258.));
#3884 = CARTESIAN_POINT('',(61.679448700272,69.999999968889,
    275.99999999999));
#3885 = CARTESIAN_POINT('',(64.,74.,258.));
#3886 = CARTESIAN_POINT('',(54.,70.,276.));
#3887 = DEFINITIONAL_REPRESENTATION('',(#3888),#3892);
#3888 = LINE('',#3889,#3890);
#3889 = CARTESIAN_POINT('',(0.,0.));
#3890 = VECTOR('',#3891,1.);
#3891 = DIRECTION('',(1.,0.));
#3892 = ( GEOMETRIC_REPRESENTATION_CONTEXT(2) 
PARAMETRIC_REPRESENTATION_CONTEXT() REPRESENTATION_CONTEXT('2D SPACE',''
  ) );
#3893 = ORIENTED_EDGE('',*,*,#3400,.F.);
#3894 = ADVANCED_FACE('',(#3895),#3435,.T.);
#3895 = FACE_BOUND('',#3896,.T.);
#3896 = EDGE_LOOP('',(#3897,#3898,#3920,#3945));
#3897 = ORIENTED_EDGE('',*,*,#3422,.T.);
#3898 = ORIENTED_EDGE('',*,*,#3899,.T.);
#3899 = EDGE_CURVE('',#3401,#3900,#3902,.T.);
#3900 = VERTEX_POINT('',#3901);
#3901 = CARTESIAN_POINT('',(98.,26.,276.));
#3902 = SURFACE_CURVE('',#3903,(#3906,#3913),.PCURVE_S1.);
#3903 = B_SPLINE_CURVE_WITH_KNOTS('',1,(#3904,#3905),.UNSPECIFIED.,.F.,
  .F.,(2,2),(0.,1.),.PIECEWISE_BEZIER_KNOTS.);
#3904 = CARTESIAN_POINT('',(100.,38.,258.));
#3905 = CARTESIAN_POINT('',(98.,26.,276.));
#3906 = PCURVE('',#3435,#3907);
#3907 = DEFINITIONAL_REPRESENTATION('',(#3908),#3912);
#3908 = LINE('',#3909,#3910);
#3909 = CARTESIAN_POINT('',(76.,0.));
#3910 = VECTOR('',#3911,1.);
#3911 = DIRECTION('',(0.,1.));
#3912 = ( GEOMETRIC_REPRESENTATION_CONTEXT(2) 
PARAMETRIC_REPRESENTATION_CONTEXT() REPRESENTATION_CONTEXT('2D SPACE',''
  ) );
#3913 = PCURVE('',#3866,#3914);
#3914 = DEFINITIONAL_REPRESENTATION('',(#3915),#3919);
#3915 = LINE('',#3916,#3917);
#3916 = CARTESIAN_POINT('',(0.,0.));
#3917 = VECTOR('',#3918,1.);
#3918 = DIRECTION('',(0.,1.));
#3919 = ( GEOMETRIC_REPRESENTATION_CONTEXT(2) 
PARAMETRIC_REPRESENTATION_CONTEXT() REPRESENTATION_CONTEXT('2D SPACE',''
  ) );
#3920 = ORIENTED_EDGE('',*,*,#3921,.F.);
#3921 = EDGE_CURVE('',#3453,#3900,#3922,.T.);
#3922 = SURFACE_CURVE('',#3923,(#3927,#3933),.PCURVE_S1.);
#3923 = LINE('',#3924,#3925);
#3924 = CARTESIAN_POINT('',(98.,-26.,276.));
#3925 = VECTOR('',#3926,1.);
#3926 = DIRECTION('',(0.,1.,0.));
#3927 = PCURVE('',#3435,#3928);
#3928 = DEFINITIONAL_REPRESENTATION('',(#3929),#3932);
#3929 = B_SPLINE_CURVE_WITH_KNOTS('',1,(#3930,#3931),.UNSPECIFIED.,.F.,
  .F.,(2,2),(0.,52.),.PIECEWISE_BEZIER_KNOTS.);
#3930 = CARTESIAN_POINT('',(0.,1.));
#3931 = CARTESIAN_POINT('',(76.,1.));
#3932 = ( GEOMETRIC_REPRESENTATION_CONTEXT(2) 
PARAMETRIC_REPRESENTATION_CONTEXT() REPRESENTATION_CONTEXT('2D SPACE',''
  ) );
#3933 = PCURVE('',#3934,#3939);
#3934 = B_SPLINE_SURFACE_WITH_KNOTS('',1,1,(
    (#3935,#3936)
    ,(#3937,#3938
    )),.UNSPECIFIED.,.F.,.F.,.F.,(2,2),(2,2),(0.,52.),(0.,1.),
  .PIECEWISE_BEZIER_KNOTS.);
#3935 = CARTESIAN_POINT('',(98.,-26.,276.));
#3936 = CARTESIAN_POINT('',(94.,-15.,290.3));
#3937 = CARTESIAN_POINT('',(98.,26.,276.));
#3938 = CARTESIAN_POINT('',(94.,15.,290.3));
#3939 = DEFINITIONAL_REPRESENTATION('',(#3940),#3944);
#3940 = LINE('',#3941,#3942);
#3941 = CARTESIAN_POINT('',(0.,0.));
#3942 = VECTOR('',#3943,1.);
#3943 = DIRECTION('',(1.,0.));
#3944 = ( GEOMETRIC_REPRESENTATION_CONTEXT(2) 
PARAMETRIC_REPRESENTATION_CONTEXT() REPRESENTATION_CONTEXT('2D SPACE',''
  ) );
#3945 = ORIENTED_EDGE('',*,*,#3452,.F.);
#3946 = ADVANCED_FACE('',(#3947),#3489,.T.);
#3947 = FACE_BOUND('',#3948,.T.);
#3948 = EDGE_LOOP('',(#3949,#3950,#3972,#3994));
#3949 = ORIENTED_EDGE('',*,*,#3474,.T.);
#3950 = ORIENTED_EDGE('',*,*,#3951,.T.);
#3951 = EDGE_CURVE('',#3453,#3952,#3954,.T.);
#3952 = VERTEX_POINT('',#3953);
#3953 = CARTESIAN_POINT('',(94.,-15.,290.3));
#3954 = SURFACE_CURVE('',#3955,(#3958,#3965),.PCURVE_S1.);
#3955 = B_SPLINE_CURVE_WITH_KNOTS('',1,(#3956,#3957),.UNSPECIFIED.,.F.,
  .F.,(2,2),(0.,1.),.PIECEWISE_BEZIER_KNOTS.);
#3956 = CARTESIAN_POINT('',(98.,-26.,276.));
#3957 = CARTESIAN_POINT('',(94.,-15.,290.3));
#3958 = PCURVE('',#3489,#3959);
#3959 = DEFINITIONAL_REPRESENTATION('',(#3960),#3964);
#3960 = LINE('',#3961,#3962);
#3961 = CARTESIAN_POINT('',(1.570796318693,0.));
#3962 = VECTOR('',#3963,1.);
#3963 = DIRECTION('',(0.,1.));
#3964 = ( GEOMETRIC_REPRESENTATION_CONTEXT(2) 
PARAMETRIC_REPRESENTATION_CONTEXT() REPRESENTATION_CONTEXT('2D SPACE',''
  ) );
#3965 = PCURVE('',#3934,#3966);
#3966 = DEFINITIONAL_REPRESENTATION('',(#3967),#3971);
#3967 = LINE('',#3968,#3969);
#3968 = CARTESIAN_POINT('',(0.,0.));
#3969 = VECTOR('',#3970,1.);
#3970 = DIRECTION('',(0.,1.));
#3971 = ( GEOMETRIC_REPRESENTATION_CONTEXT(2) 
PARAMETRIC_REPRESENTATION_CONTEXT() REPRESENTATION_CONTEXT('2D SPACE',''
  ) );
#3972 = ORIENTED_EDGE('',*,*,#3973,.F.);
#3973 = EDGE_CURVE('',#3666,#3952,#3974,.T.);
#3974 = SURFACE_CURVE('',#3975,(#3980,#3987),.PCURVE_S1.);
#3975 = CIRCLE('',#3976,50.000000202556);
#3976 = AXIS2_PLACEMENT_3D('',#3977,#3978,#3979);
#3977 = CARTESIAN_POINT('',(43.999999797444,-14.99999979744,290.3));
#3978 = DIRECTION('',(0.,0.,1.));
#3979 = DIRECTION('',(4.051126706559E-09,-1.,0.));
#3980 = PCURVE('',#3489,#3981);
#3981 = DEFINITIONAL_REPRESENTATION('',(#3982),#3986);
#3982 = LINE('',#3983,#3984);
#3983 = CARTESIAN_POINT('',(0.,1.));
#3984 = VECTOR('',#3985,1.);
#3985 = DIRECTION('',(1.,0.));
#3986 = ( GEOMETRIC_REPRESENTATION_CONTEXT(2) 
PARAMETRIC_REPRESENTATION_CONTEXT() REPRESENTATION_CONTEXT('2D SPACE',''
  ) );
#3987 = PCURVE('',#3702,#3988);
#3988 = DEFINITIONAL_REPRESENTATION('',(#3989),#3993);
#3989 = CIRCLE('',#3990,50.000000202556);
#3990 = AXIS2_PLACEMENT_2D('',#3991,#3992);
#3991 = CARTESIAN_POINT('',(0.,0.));
#3992 = DIRECTION('',(1.,0.));
#3993 = ( GEOMETRIC_REPRESENTATION_CONTEXT(2) 
PARAMETRIC_REPRESENTATION_CONTEXT() REPRESENTATION_CONTEXT('2D SPACE',''
  ) );
#3994 = ORIENTED_EDGE('',*,*,#3665,.F.);
#3995 = ADVANCED_FACE('',(#3996),#3540,.T.);
#3996 = FACE_BOUND('',#3997,.T.);
#3997 = EDGE_LOOP('',(#3998,#4025,#4026,#4027,#4051));
#3998 = ORIENTED_EDGE('',*,*,#3999,.F.);
#3999 = EDGE_CURVE('',#3524,#4000,#4002,.T.);
#4000 = VERTEX_POINT('',#4001);
#4001 = CARTESIAN_POINT('',(-94.39082862481,-16.07477871824,
    288.90278766628));
#4002 = SURFACE_CURVE('',#4003,(#4006,#4013),.PCURVE_S1.);
#4003 = B_SPLINE_CURVE_WITH_KNOTS('',1,(#4004,#4005),.UNSPECIFIED.,.F.,
  .F.,(2,2),(0.,1.),.PIECEWISE_BEZIER_KNOTS.);
#4004 = CARTESIAN_POINT('',(-98.,-26.,276.));
#4005 = CARTESIAN_POINT('',(-94.,-15.,290.3));
#4006 = PCURVE('',#3540,#4007);
#4007 = DEFINITIONAL_REPRESENTATION('',(#4008),#4012);
#4008 = LINE('',#4009,#4010);
#4009 = CARTESIAN_POINT('',(0.,0.));
#4010 = VECTOR('',#4011,1.);
#4011 = DIRECTION('',(0.,1.));
#4012 = ( GEOMETRIC_REPRESENTATION_CONTEXT(2) 
PARAMETRIC_REPRESENTATION_CONTEXT() REPRESENTATION_CONTEXT('2D SPACE',''
  ) );
#4013 = PCURVE('',#4014,#4019);
#4014 = B_SPLINE_SURFACE_WITH_KNOTS('',1,1,(
    (#4015,#4016)
    ,(#4017,#4018
    )),.UNSPECIFIED.,.F.,.F.,.F.,(2,2),(2,2),(0.,52.),(0.,1.),
  .PIECEWISE_BEZIER_KNOTS.);
#4015 = CARTESIAN_POINT('',(-98.,26.,276.));
#4016 = CARTESIAN_POINT('',(-94.,15.,290.3));
#4017 = CARTESIAN_POINT('',(-98.,-26.,276.));
#4018 = CARTESIAN_POINT('',(-94.,-15.,290.3));
#4019 = DEFINITIONAL_REPRESENTATION('',(#4020),#4024);
#4020 = LINE('',#4021,#4022);
#4021 = CARTESIAN_POINT('',(52.,0.));
#4022 = VECTOR('',#4023,1.);
#4023 = DIRECTION('',(0.,1.));
#4024 = ( GEOMETRIC_REPRESENTATION_CONTEXT(2) 
PARAMETRIC_REPRESENTATION_CONTEXT() REPRESENTATION_CONTEXT('2D SPACE',''
  ) );
#4025 = ORIENTED_EDGE('',*,*,#3523,.T.);
#4026 = ORIENTED_EDGE('',*,*,#3714,.T.);
#4027 = ORIENTED_EDGE('',*,*,#4028,.F.);
#4028 = EDGE_CURVE('',#4029,#3688,#4031,.T.);
#4029 = VERTEX_POINT('',#4030);
#4030 = CARTESIAN_POINT('',(-93.98769044167,-16.1094160007,290.3));
#4031 = SURFACE_CURVE('',#4032,(#4037,#4044),.PCURVE_S1.);
#4032 = CIRCLE('',#4033,50.000000202556);
#4033 = AXIS2_PLACEMENT_3D('',#4034,#4035,#4036);
#4034 = CARTESIAN_POINT('',(-43.99999979744,-14.99999979744,290.3));
#4035 = DIRECTION('',(0.,0.,1.));
#4036 = DIRECTION('',(-1.,-4.051126706559E-09,0.));
#4037 = PCURVE('',#3540,#4038);
#4038 = DEFINITIONAL_REPRESENTATION('',(#4039),#4043);
#4039 = LINE('',#4040,#4041);
#4040 = CARTESIAN_POINT('',(0.,1.));
#4041 = VECTOR('',#4042,1.);
#4042 = DIRECTION('',(1.,0.));
#4043 = ( GEOMETRIC_REPRESENTATION_CONTEXT(2) 
PARAMETRIC_REPRESENTATION_CONTEXT() REPRESENTATION_CONTEXT('2D SPACE',''
  ) );
#4044 = PCURVE('',#3702,#4045);
#4045 = DEFINITIONAL_REPRESENTATION('',(#4046),#4050);
#4046 = CIRCLE('',#4047,50.000000202556);
#4047 = AXIS2_PLACEMENT_2D('',#4048,#4049);
#4048 = CARTESIAN_POINT('',(-3.56499148536E-07,-87.99999959488));
#4049 = DIRECTION('',(0.,-1.));
#4050 = ( GEOMETRIC_REPRESENTATION_CONTEXT(2) 
PARAMETRIC_REPRESENTATION_CONTEXT() REPRESENTATION_CONTEXT('2D SPACE',''
  ) );
#4051 = ORIENTED_EDGE('',*,*,#4052,.T.);
#4052 = EDGE_CURVE('',#4029,#4000,#4053,.T.);
#4053 = SURFACE_CURVE('',#4054,(#4060,#4069),.PCURVE_S1.);
#4054 = B_SPLINE_CURVE_WITH_KNOTS('',4,(#4055,#4056,#4057,#4058,#4059),
  .UNSPECIFIED.,.F.,.F.,(5,5),(0.,1.),.PIECEWISE_BEZIER_KNOTS.);
#4055 = CARTESIAN_POINT('',(-93.98769044243,-16.10941600063,290.3));
#4056 = CARTESIAN_POINT('',(-94.09127963808,-16.10051570694,
    289.95151512443));
#4057 = CARTESIAN_POINT('',(-94.19302838385,-16.0917735431,
    289.60248255035));
#4058 = CARTESIAN_POINT('',(-94.29289360877,-16.08319320974,
    289.25290534459));
#4059 = CARTESIAN_POINT('',(-94.39082862481,-16.07477871824,
    288.90278766628));
#4060 = PCURVE('',#3540,#4061);
#4061 = DEFINITIONAL_REPRESENTATION('',(#4062),#4068);
#4062 = B_SPLINE_CURVE_WITH_KNOTS('',4,(#4063,#4064,#4065,#4066,#4067),
  .UNSPECIFIED.,.F.,.F.,(5,5),(0.,1.),.PIECEWISE_BEZIER_KNOTS.);
#4063 = CARTESIAN_POINT('',(2.219014094512E-02,1.));
#4064 = CARTESIAN_POINT('',(1.67143676168E-02,0.975630428282));
#4065 = CARTESIAN_POINT('',(1.119161703357E-02,0.951222555969));
#4066 = CARTESIAN_POINT('',(5.620616562795E-03,0.926776597524));
#4067 = CARTESIAN_POINT('',(0.,0.902292843796));
#4068 = ( GEOMETRIC_REPRESENTATION_CONTEXT(2) 
PARAMETRIC_REPRESENTATION_CONTEXT() REPRESENTATION_CONTEXT('2D SPACE',''
  ) );
#4069 = PCURVE('',#4070,#4075);
#4070 = PLANE('',#4071);
#4071 = AXIS2_PLACEMENT_3D('',#4072,#4073,#4074);
#4072 = CARTESIAN_POINT('',(-95.66902269644,-15.96495739409,286.3));
#4073 = DIRECTION('',(8.560374461888E-02,0.996329262296,-0.));
#4074 = DIRECTION('',(0.996329262296,-8.560374461888E-02,0.));
#4075 = DEFINITIONAL_REPRESENTATION('',(#4076),#4082);
#4076 = B_SPLINE_CURVE_WITH_KNOTS('',4,(#4077,#4078,#4079,#4080,#4081),
  .UNSPECIFIED.,.F.,.F.,(5,5),(0.,1.),.PIECEWISE_BEZIER_KNOTS.);
#4077 = CARTESIAN_POINT('',(1.687526721977,-4.));
#4078 = CARTESIAN_POINT('',(1.583555876623,-3.651515124431));
#4079 = CARTESIAN_POINT('',(1.481432261856,-3.302482550355));
#4080 = CARTESIAN_POINT('',(1.381199107307,-2.952905344591));
#4081 = CARTESIAN_POINT('',(1.282903273045,-2.60278766628));
#4082 = ( GEOMETRIC_REPRESENTATION_CONTEXT(2) 
PARAMETRIC_REPRESENTATION_CONTEXT() REPRESENTATION_CONTEXT('2D SPACE',''
  ) );
#4083 = ADVANCED_FACE('',(#4084),#3581,.T.);
#4084 = FACE_BOUND('',#4085,.T.);
#4085 = EDGE_LOOP('',(#4086,#4087,#4088,#4110));
#4086 = ORIENTED_EDGE('',*,*,#3598,.T.);
#4087 = ORIENTED_EDGE('',*,*,#3568,.T.);
#4088 = ORIENTED_EDGE('',*,*,#4089,.F.);
#4089 = EDGE_CURVE('',#4090,#3524,#4092,.T.);
#4090 = VERTEX_POINT('',#4091);
#4091 = CARTESIAN_POINT('',(-98.,26.,276.));
#4092 = SURFACE_CURVE('',#4093,(#4097,#4103),.PCURVE_S1.);
#4093 = LINE('',#4094,#4095);
#4094 = CARTESIAN_POINT('',(-98.,26.,276.));
#4095 = VECTOR('',#4096,1.);
#4096 = DIRECTION('',(0.,-1.,0.));
#4097 = PCURVE('',#3581,#4098);
#4098 = DEFINITIONAL_REPRESENTATION('',(#4099),#4102);
#4099 = B_SPLINE_CURVE_WITH_KNOTS('',1,(#4100,#4101),.UNSPECIFIED.,.F.,
  .F.,(2,2),(0.,52.),.PIECEWISE_BEZIER_KNOTS.);
#4100 = CARTESIAN_POINT('',(0.,1.));
#4101 = CARTESIAN_POINT('',(76.,1.));
#4102 = ( GEOMETRIC_REPRESENTATION_CONTEXT(2) 
PARAMETRIC_REPRESENTATION_CONTEXT() REPRESENTATION_CONTEXT('2D SPACE',''
  ) );
#4103 = PCURVE('',#4014,#4104);
#4104 = DEFINITIONAL_REPRESENTATION('',(#4105),#4109);
#4105 = LINE('',#4106,#4107);
#4106 = CARTESIAN_POINT('',(0.,0.));
#4107 = VECTOR('',#4108,1.);
#4108 = DIRECTION('',(1.,0.));
#4109 = ( GEOMETRIC_REPRESENTATION_CONTEXT(2) 
PARAMETRIC_REPRESENTATION_CONTEXT() REPRESENTATION_CONTEXT('2D SPACE',''
  ) );
#4110 = ORIENTED_EDGE('',*,*,#4111,.F.);
#4111 = EDGE_CURVE('',#3599,#4090,#4112,.T.);
#4112 = SURFACE_CURVE('',#4113,(#4116,#4123),.PCURVE_S1.);
#4113 = B_SPLINE_CURVE_WITH_KNOTS('',1,(#4114,#4115),.UNSPECIFIED.,.F.,
  .F.,(2,2),(0.,1.),.PIECEWISE_BEZIER_KNOTS.);
#4114 = CARTESIAN_POINT('',(-100.,38.,258.));
#4115 = CARTESIAN_POINT('',(-98.,26.,276.));
#4116 = PCURVE('',#3581,#4117);
#4117 = DEFINITIONAL_REPRESENTATION('',(#4118),#4122);
#4118 = LINE('',#4119,#4120);
#4119 = CARTESIAN_POINT('',(0.,0.));
#4120 = VECTOR('',#4121,1.);
#4121 = DIRECTION('',(0.,1.));
#4122 = ( GEOMETRIC_REPRESENTATION_CONTEXT(2) 
PARAMETRIC_REPRESENTATION_CONTEXT() REPRESENTATION_CONTEXT('2D SPACE',''
  ) );
#4123 = PCURVE('',#4124,#4145);
#4124 = B_SPLINE_SURFACE_WITH_KNOTS('',9,1,(
    (#4125,#4126)
    ,(#4127,#4128)
    ,(#4129,#4130)
    ,(#4131,#4132)
    ,(#4133,#4134)
    ,(#4135,#4136)
    ,(#4137,#4138)
    ,(#4139,#4140)
    ,(#4141,#4142)
    ,(#4143,#4144
    )),.UNSPECIFIED.,.F.,.F.,.F.,(10,10),(2,2),(0.,1.570796318693),(0.,
    1.),.PIECEWISE_BEZIER_KNOTS.);
#4125 = CARTESIAN_POINT('',(-64.,74.,258.));
#4126 = CARTESIAN_POINT('',(-54.,70.,276.));
#4127 = CARTESIAN_POINT('',(-70.28318530022,73.999999974545,
    257.99999999999));
#4128 = CARTESIAN_POINT('',(-61.67944870027,69.999999968891,276.));
#4129 = CARTESIAN_POINT('',(-76.56637068549,72.766299506425,258.));
#4130 = CARTESIAN_POINT('',(-69.35889750448,68.492143841177,
    275.99999999997));
#4131 = CARTESIAN_POINT('',(-82.57271364108,70.298897733623,
    257.99999999998));
#4132 = CARTESIAN_POINT('',(-76.69998333912,65.476430563336,
    276.00000000005));
#4133 = CARTESIAN_POINT('',(-88.02537557086,66.670275366632,
    258.00000000002));
#4134 = CARTESIAN_POINT('',(-83.36434791991,61.041447670303,
    275.99999999993));
#4135 = CARTESIAN_POINT('',(-92.67027536661,62.025375570847,
    257.99999999998));
#4136 = CARTESIAN_POINT('',(-89.04144767033,55.364347919947,
    276.00000000006));
#4137 = CARTESIAN_POINT('',(-96.29889773363,56.572713641098,258.));
#4138 = CARTESIAN_POINT('',(-93.47643056331,48.699983339105,
    275.99999999995));
#4139 = CARTESIAN_POINT('',(-98.76629950641,50.566370685489,
    257.99999999999));
#4140 = CARTESIAN_POINT('',(-96.49214384118,41.358897504493,
    276.00000000002));
#4141 = CARTESIAN_POINT('',(-99.99999997454,44.283185300225,258.));
#4142 = CARTESIAN_POINT('',(-97.99999996888,33.679448700273,
    275.99999999999));
#4143 = CARTESIAN_POINT('',(-100.,38.,258.));
#4144 = CARTESIAN_POINT('',(-98.,26.,276.));
#4145 = DEFINITIONAL_REPRESENTATION('',(#4146),#4150);
#4146 = LINE('',#4147,#4148);
#4147 = CARTESIAN_POINT('',(1.570796318693,0.));
#4148 = VECTOR('',#4149,1.);
#4149 = DIRECTION('',(0.,1.));
#4150 = ( GEOMETRIC_REPRESENTATION_CONTEXT(2) 
PARAMETRIC_REPRESENTATION_CONTEXT() REPRESENTATION_CONTEXT('2D SPACE',''
  ) );
#4151 = ADVANCED_FACE('',(#4152),#3633,.T.);
#4152 = FACE_BOUND('',#4153,.T.);
#4153 = EDGE_LOOP('',(#4154,#4155,#4156,#4180));
#4154 = ORIENTED_EDGE('',*,*,#3748,.T.);
#4155 = ORIENTED_EDGE('',*,*,#3620,.T.);
#4156 = ORIENTED_EDGE('',*,*,#4157,.F.);
#4157 = EDGE_CURVE('',#4158,#3599,#4160,.T.);
#4158 = VERTEX_POINT('',#4159);
#4159 = CARTESIAN_POINT('',(-64.,74.,258.));
#4160 = SURFACE_CURVE('',#4161,(#4166,#4173),.PCURVE_S1.);
#4161 = CIRCLE('',#4162,36.000000145841);
#4162 = AXIS2_PLACEMENT_3D('',#4163,#4164,#4165);
#4163 = CARTESIAN_POINT('',(-63.99999985415,37.999999854159,258.));
#4164 = DIRECTION('',(0.,0.,1.));
#4165 = DIRECTION('',(-4.05112662761E-09,1.,0.));
#4166 = PCURVE('',#3633,#4167);
#4167 = DEFINITIONAL_REPRESENTATION('',(#4168),#4172);
#4168 = LINE('',#4169,#4170);
#4169 = CARTESIAN_POINT('',(0.,1.));
#4170 = VECTOR('',#4171,1.);
#4171 = DIRECTION('',(1.,0.));
#4172 = ( GEOMETRIC_REPRESENTATION_CONTEXT(2) 
PARAMETRIC_REPRESENTATION_CONTEXT() REPRESENTATION_CONTEXT('2D SPACE',''
  ) );
#4173 = PCURVE('',#4124,#4174);
#4174 = DEFINITIONAL_REPRESENTATION('',(#4175),#4179);
#4175 = LINE('',#4176,#4177);
#4176 = CARTESIAN_POINT('',(0.,0.));
#4177 = VECTOR('',#4178,1.);
#4178 = DIRECTION('',(1.,0.));
#4179 = ( GEOMETRIC_REPRESENTATION_CONTEXT(2) 
PARAMETRIC_REPRESENTATION_CONTEXT() REPRESENTATION_CONTEXT('2D SPACE',''
  ) );
#4180 = ORIENTED_EDGE('',*,*,#4181,.F.);
#4181 = EDGE_CURVE('',#3749,#4158,#4182,.T.);
#4182 = SURFACE_CURVE('',#4183,(#4186,#4193),.PCURVE_S1.);
#4183 = B_SPLINE_CURVE_WITH_KNOTS('',1,(#4184,#4185),.UNSPECIFIED.,.F.,
  .F.,(2,2),(0.,1.),.PIECEWISE_BEZIER_KNOTS.);
#4184 = CARTESIAN_POINT('',(-67.4,75.65,238.));
#4185 = CARTESIAN_POINT('',(-64.,74.,258.));
#4186 = PCURVE('',#3633,#4187);
#4187 = DEFINITIONAL_REPRESENTATION('',(#4188),#4192);
#4188 = LINE('',#4189,#4190);
#4189 = CARTESIAN_POINT('',(0.,0.));
#4190 = VECTOR('',#4191,1.);
#4191 = DIRECTION('',(0.,1.));
#4192 = ( GEOMETRIC_REPRESENTATION_CONTEXT(2) 
PARAMETRIC_REPRESENTATION_CONTEXT() REPRESENTATION_CONTEXT('2D SPACE',''
  ) );
#4193 = PCURVE('',#3812,#4194);
#4194 = DEFINITIONAL_REPRESENTATION('',(#4195),#4199);
#4195 = LINE('',#4196,#4197);
#4196 = CARTESIAN_POINT('',(134.8,0.));
#4197 = VECTOR('',#4198,1.);
#4198 = DIRECTION('',(0.,1.));
#4199 = ( GEOMETRIC_REPRESENTATION_CONTEXT(2) 
PARAMETRIC_REPRESENTATION_CONTEXT() REPRESENTATION_CONTEXT('2D SPACE',''
  ) );
#4200 = ADVANCED_FACE('',(#4201,#5140),#3702,.T.);
#4201 = FACE_BOUND('',#4202,.T.);
#4202 = EDGE_LOOP('',(#4203,#4204,#4205,#4206,#4228,#4273,#4300,#4345,
    #4367,#4393,#4419,#4445,#4471,#4497,#4523,#4549,#4575,#4601,#4627,
    #4653,#4679,#4705,#4731,#4757,#4783,#4809,#4835,#4861,#4887,#4913,
    #4939,#4965,#4991,#5017,#5043,#5069,#5095,#5121));
#4203 = ORIENTED_EDGE('',*,*,#4028,.T.);
#4204 = ORIENTED_EDGE('',*,*,#3687,.T.);
#4205 = ORIENTED_EDGE('',*,*,#3973,.T.);
#4206 = ORIENTED_EDGE('',*,*,#4207,.T.);
#4207 = EDGE_CURVE('',#3952,#4208,#4210,.T.);
#4208 = VERTEX_POINT('',#4209);
#4209 = CARTESIAN_POINT('',(94.,15.,290.3));
#4210 = SURFACE_CURVE('',#4211,(#4215,#4222),.PCURVE_S1.);
#4211 = LINE('',#4212,#4213);
#4212 = CARTESIAN_POINT('',(94.,-15.,290.3));
#4213 = VECTOR('',#4214,1.);
#4214 = DIRECTION('',(0.,1.,0.));
#4215 = PCURVE('',#3702,#4216);
#4216 = DEFINITIONAL_REPRESENTATION('',(#4217),#4221);
#4217 = LINE('',#4218,#4219);
#4218 = CARTESIAN_POINT('',(4.051126705207E-07,50.000000202556));
#4219 = VECTOR('',#4220,1.);
#4220 = DIRECTION('',(-1.,4.051126706559E-09));
#4221 = ( GEOMETRIC_REPRESENTATION_CONTEXT(2) 
PARAMETRIC_REPRESENTATION_CONTEXT() REPRESENTATION_CONTEXT('2D SPACE',''
  ) );
#4222 = PCURVE('',#3934,#4223);
#4223 = DEFINITIONAL_REPRESENTATION('',(#4224),#4227);
#4224 = B_SPLINE_CURVE_WITH_KNOTS('',1,(#4225,#4226),.UNSPECIFIED.,.F.,
  .F.,(2,2),(0.,30.),.PIECEWISE_BEZIER_KNOTS.);
#4225 = CARTESIAN_POINT('',(0.,1.));
#4226 = CARTESIAN_POINT('',(52.,1.));
#4227 = ( GEOMETRIC_REPRESENTATION_CONTEXT(2) 
PARAMETRIC_REPRESENTATION_CONTEXT() REPRESENTATION_CONTEXT('2D SPACE',''
  ) );
#4228 = ORIENTED_EDGE('',*,*,#4229,.T.);
#4229 = EDGE_CURVE('',#4208,#4230,#4232,.T.);
#4230 = VERTEX_POINT('',#4231);
#4231 = CARTESIAN_POINT('',(44.,65.,290.3));
#4232 = SURFACE_CURVE('',#4233,(#4238,#4245),.PCURVE_S1.);
#4233 = CIRCLE('',#4234,50.000000202556);
#4234 = AXIS2_PLACEMENT_3D('',#4235,#4236,#4237);
#4235 = CARTESIAN_POINT('',(43.999999797444,14.999999797444,290.3));
#4236 = DIRECTION('',(0.,0.,1.));
#4237 = DIRECTION('',(1.,4.051126706559E-09,-0.));
#4238 = PCURVE('',#3702,#4239);
#4239 = DEFINITIONAL_REPRESENTATION('',(#4240),#4244);
#4240 = CIRCLE('',#4241,50.000000202556);
#4241 = AXIS2_PLACEMENT_2D('',#4242,#4243);
#4242 = CARTESIAN_POINT('',(-29.99999959488,1.215337995556E-07));
#4243 = DIRECTION('',(0.,1.));
#4244 = ( GEOMETRIC_REPRESENTATION_CONTEXT(2) 
PARAMETRIC_REPRESENTATION_CONTEXT() REPRESENTATION_CONTEXT('2D SPACE',''
  ) );
#4245 = PCURVE('',#4246,#4267);
#4246 = B_SPLINE_SURFACE_WITH_KNOTS('',9,1,(
    (#4247,#4248)
    ,(#4249,#4250)
    ,(#4251,#4252)
    ,(#4253,#4254)
    ,(#4255,#4256)
    ,(#4257,#4258)
    ,(#4259,#4260)
    ,(#4261,#4262)
    ,(#4263,#4264)
    ,(#4265,#4266
    )),.UNSPECIFIED.,.F.,.F.,.F.,(10,10),(2,2),(0.,1.570796318693),(0.,
    1.),.PIECEWISE_BEZIER_KNOTS.);
#4247 = CARTESIAN_POINT('',(98.,26.,276.));
#4248 = CARTESIAN_POINT('',(94.,15.,290.3));
#4249 = CARTESIAN_POINT('',(97.999999968892,33.679448700276,276.));
#4250 = CARTESIAN_POINT('',(93.999999964647,23.726646250312,
    290.29999999999));
#4251 = CARTESIAN_POINT('',(96.492143841172,41.358897504484,
    275.99999999997));
#4252 = CARTESIAN_POINT('',(92.286527092255,32.453292618738,290.3));
#4253 = CARTESIAN_POINT('',(93.476430563344,48.699983339123,
    276.00000000005));
#4254 = CARTESIAN_POINT('',(88.85958018559,40.795435612627,
    290.29999999998));
#4255 = CARTESIAN_POINT('',(89.041447670292,55.364347919922,
    275.99999999993));
#4256 = CARTESIAN_POINT('',(83.819826898097,48.368577181746,
    290.30000000001));
#4257 = CARTESIAN_POINT('',(83.364347919958,61.041447670329,
    276.00000000006));
#4258 = CARTESIAN_POINT('',(77.368577181734,54.819826898086,
    290.29999999998));
#4259 = CARTESIAN_POINT('',(76.699983339097,65.476430563317,
    275.99999999995));
#4260 = CARTESIAN_POINT('',(69.795435612635,59.859580185597,290.3));
#4261 = CARTESIAN_POINT('',(69.358897504496,68.492143841186,
    276.00000000002));
#4262 = CARTESIAN_POINT('',(61.453292618734,63.286527092252,290.3));
#4263 = CARTESIAN_POINT('',(61.679448700272,69.999999968889,
    275.99999999999));
#4264 = CARTESIAN_POINT('',(52.726646250313,64.999999964647,290.3));
#4265 = CARTESIAN_POINT('',(54.,70.,276.));
#4266 = CARTESIAN_POINT('',(44.,65.,290.3));
#4267 = DEFINITIONAL_REPRESENTATION('',(#4268),#4272);
#4268 = LINE('',#4269,#4270);
#4269 = CARTESIAN_POINT('',(0.,1.));
#4270 = VECTOR('',#4271,1.);
#4271 = DIRECTION('',(1.,0.));
#4272 = ( GEOMETRIC_REPRESENTATION_CONTEXT(2) 
PARAMETRIC_REPRESENTATION_CONTEXT() REPRESENTATION_CONTEXT('2D SPACE',''
  ) );
#4273 = ORIENTED_EDGE('',*,*,#4274,.T.);
#4274 = EDGE_CURVE('',#4230,#4275,#4277,.T.);
#4275 = VERTEX_POINT('',#4276);
#4276 = CARTESIAN_POINT('',(-44.,65.,290.3));
#4277 = SURFACE_CURVE('',#4278,(#4282,#4289),.PCURVE_S1.);
#4278 = LINE('',#4279,#4280);
#4279 = CARTESIAN_POINT('',(44.,65.,290.3));
#4280 = VECTOR('',#4281,1.);
#4281 = DIRECTION('',(-1.,0.,0.));
#4282 = PCURVE('',#3702,#4283);
#4283 = DEFINITIONAL_REPRESENTATION('',(#4284),#4288);
#4284 = LINE('',#4285,#4286);
#4285 = CARTESIAN_POINT('',(-79.99999979744,5.266464718526E-07));
#4286 = VECTOR('',#4287,1.);
#4287 = DIRECTION('',(-4.051126706559E-09,-1.));
#4288 = ( GEOMETRIC_REPRESENTATION_CONTEXT(2) 
PARAMETRIC_REPRESENTATION_CONTEXT() REPRESENTATION_CONTEXT('2D SPACE',''
  ) );
#4289 = PCURVE('',#4290,#4295);
#4290 = B_SPLINE_SURFACE_WITH_KNOTS('',1,1,(
    (#4291,#4292)
    ,(#4293,#4294
    )),.UNSPECIFIED.,.F.,.F.,.F.,(2,2),(2,2),(0.,108.),(0.,1.),
  .PIECEWISE_BEZIER_KNOTS.);
#4291 = CARTESIAN_POINT('',(54.,70.,276.));
#4292 = CARTESIAN_POINT('',(44.,65.,290.3));
#4293 = CARTESIAN_POINT('',(-54.,70.,276.));
#4294 = CARTESIAN_POINT('',(-44.,65.,290.3));
#4295 = DEFINITIONAL_REPRESENTATION('',(#4296),#4299);
#4296 = B_SPLINE_CURVE_WITH_KNOTS('',1,(#4297,#4298),.UNSPECIFIED.,.F.,
  .F.,(2,2),(0.,88.),.PIECEWISE_BEZIER_KNOTS.);
#4297 = CARTESIAN_POINT('',(0.,1.));
#4298 = CARTESIAN_POINT('',(108.,1.));
#4299 = ( GEOMETRIC_REPRESENTATION_CONTEXT(2) 
PARAMETRIC_REPRESENTATION_CONTEXT() REPRESENTATION_CONTEXT('2D SPACE',''
  ) );
#4300 = ORIENTED_EDGE('',*,*,#4301,.T.);
#4301 = EDGE_CURVE('',#4275,#4302,#4304,.T.);
#4302 = VERTEX_POINT('',#4303);
#4303 = CARTESIAN_POINT('',(-94.,15.,290.3));
#4304 = SURFACE_CURVE('',#4305,(#4310,#4317),.PCURVE_S1.);
#4305 = CIRCLE('',#4306,50.000000202556);
#4306 = AXIS2_PLACEMENT_3D('',#4307,#4308,#4309);
#4307 = CARTESIAN_POINT('',(-43.99999979744,14.999999797444,290.3));
#4308 = DIRECTION('',(0.,0.,1.));
#4309 = DIRECTION('',(-4.051126706559E-09,1.,0.));
#4310 = PCURVE('',#3702,#4311);
#4311 = DEFINITIONAL_REPRESENTATION('',(#4312),#4316);
#4312 = CIRCLE('',#4313,50.000000202556);
#4313 = AXIS2_PLACEMENT_2D('',#4314,#4315);
#4314 = CARTESIAN_POINT('',(-29.99999995138,-87.99999947335));
#4315 = DIRECTION('',(-1.,0.));
#4316 = ( GEOMETRIC_REPRESENTATION_CONTEXT(2) 
PARAMETRIC_REPRESENTATION_CONTEXT() REPRESENTATION_CONTEXT('2D SPACE',''
  ) );
#4317 = PCURVE('',#4318,#4339);
#4318 = B_SPLINE_SURFACE_WITH_KNOTS('',9,1,(
    (#4319,#4320)
    ,(#4321,#4322)
    ,(#4323,#4324)
    ,(#4325,#4326)
    ,(#4327,#4328)
    ,(#4329,#4330)
    ,(#4331,#4332)
    ,(#4333,#4334)
    ,(#4335,#4336)
    ,(#4337,#4338
    )),.UNSPECIFIED.,.F.,.F.,.F.,(10,10),(2,2),(0.,1.570796318693),(0.,
    1.),.PIECEWISE_BEZIER_KNOTS.);
#4319 = CARTESIAN_POINT('',(-54.,70.,276.));
#4320 = CARTESIAN_POINT('',(-44.,65.,290.3));
#4321 = CARTESIAN_POINT('',(-61.67944870027,69.999999968891,276.));
#4322 = CARTESIAN_POINT('',(-52.72664625031,64.999999964646,
    290.29999999999));
#4323 = CARTESIAN_POINT('',(-69.35889750448,68.492143841177,
    275.99999999997));
#4324 = CARTESIAN_POINT('',(-61.45329261874,63.286527092256,290.3));
#4325 = CARTESIAN_POINT('',(-76.69998333912,65.476430563336,
    276.00000000005));
#4326 = CARTESIAN_POINT('',(-69.79543561262,59.85958018559,
    290.29999999998));
#4327 = CARTESIAN_POINT('',(-83.36434791991,61.041447670303,
    275.99999999993));
#4328 = CARTESIAN_POINT('',(-77.36857718175,54.819826898097,
    290.30000000001));
#4329 = CARTESIAN_POINT('',(-89.04144767033,55.364347919947,
    276.00000000006));
#4330 = CARTESIAN_POINT('',(-83.81982689808,48.368577181734,
    290.29999999998));
#4331 = CARTESIAN_POINT('',(-93.47643056331,48.699983339105,
    275.99999999995));
#4332 = CARTESIAN_POINT('',(-88.8595801856,40.795435612635,290.3));
#4333 = CARTESIAN_POINT('',(-96.49214384118,41.358897504493,
    276.00000000002));
#4334 = CARTESIAN_POINT('',(-92.28652709225,32.453292618734,290.3));
#4335 = CARTESIAN_POINT('',(-97.99999996888,33.679448700273,
    275.99999999999));
#4336 = CARTESIAN_POINT('',(-93.99999996464,23.726646250313,290.3));
#4337 = CARTESIAN_POINT('',(-98.,26.,276.));
#4338 = CARTESIAN_POINT('',(-94.,15.,290.3));
#4339 = DEFINITIONAL_REPRESENTATION('',(#4340),#4344);
#4340 = LINE('',#4341,#4342);
#4341 = CARTESIAN_POINT('',(0.,1.));
#4342 = VECTOR('',#4343,1.);
#4343 = DIRECTION('',(1.,0.));
#4344 = ( GEOMETRIC_REPRESENTATION_CONTEXT(2) 
PARAMETRIC_REPRESENTATION_CONTEXT() REPRESENTATION_CONTEXT('2D SPACE',''
  ) );
#4345 = ORIENTED_EDGE('',*,*,#4346,.T.);
#4346 = EDGE_CURVE('',#4302,#4347,#4349,.T.);
#4347 = VERTEX_POINT('',#4348);
#4348 = CARTESIAN_POINT('',(-94.,14.764645208265,290.3));
#4349 = SURFACE_CURVE('',#4350,(#4354,#4361),.PCURVE_S1.);
#4350 = LINE('',#4351,#4352);
#4351 = CARTESIAN_POINT('',(-94.,15.,290.3));
#4352 = VECTOR('',#4353,1.);
#4353 = DIRECTION('',(0.,-1.,0.));
#4354 = PCURVE('',#3702,#4355);
#4355 = DEFINITIONAL_REPRESENTATION('',(#4356),#4360);
#4356 = LINE('',#4357,#4358);
#4357 = CARTESIAN_POINT('',(-30.00000035649,-137.9999996759));
#4358 = VECTOR('',#4359,1.);
#4359 = DIRECTION('',(1.,-4.051126706559E-09));
#4360 = ( GEOMETRIC_REPRESENTATION_CONTEXT(2) 
PARAMETRIC_REPRESENTATION_CONTEXT() REPRESENTATION_CONTEXT('2D SPACE',''
  ) );
#4361 = PCURVE('',#4014,#4362);
#4362 = DEFINITIONAL_REPRESENTATION('',(#4363),#4366);
#4363 = B_SPLINE_CURVE_WITH_KNOTS('',1,(#4364,#4365),.UNSPECIFIED.,.F.,
  .F.,(2,2),(0.,30.),.PIECEWISE_BEZIER_KNOTS.);
#4364 = CARTESIAN_POINT('',(0.,1.));
#4365 = CARTESIAN_POINT('',(52.,1.));
#4366 = ( GEOMETRIC_REPRESENTATION_CONTEXT(2) 
PARAMETRIC_REPRESENTATION_CONTEXT() REPRESENTATION_CONTEXT('2D SPACE',''
  ) );
#4367 = ORIENTED_EDGE('',*,*,#4368,.T.);
#4368 = EDGE_CURVE('',#4347,#4369,#4371,.T.);
#4369 = VERTEX_POINT('',#4370);
#4370 = CARTESIAN_POINT('',(-91.45752885522,16.326805286038,290.3));
#4371 = SURFACE_CURVE('',#4372,(#4376,#4382),.PCURVE_S1.);
#4372 = LINE('',#4373,#4374);
#4373 = CARTESIAN_POINT('',(-49.27679856474,42.243737734395,290.3));
#4374 = VECTOR('',#4375,1.);
#4375 = DIRECTION('',(0.852022718495,0.523504811027,-0.));
#4376 = PCURVE('',#3702,#4377);
#4377 = DEFINITIONAL_REPRESENTATION('',(#4378),#4381);
#4378 = B_SPLINE_CURVE_WITH_KNOTS('',1,(#4379,#4380),.UNSPECIFIED.,.F.,
  .F.,(2,2),(-52.49062094827,-49.50657931397),.PIECEWISE_BEZIER_KNOTS.);
#4379 = CARTESIAN_POINT('',(-29.76464549067,-137.9999997974));
#4380 = CARTESIAN_POINT('',(-31.32680563223,-135.4575285257));
#4381 = ( GEOMETRIC_REPRESENTATION_CONTEXT(2) 
PARAMETRIC_REPRESENTATION_CONTEXT() REPRESENTATION_CONTEXT('2D SPACE',''
  ) );
#4382 = PCURVE('',#4383,#4388);
#4383 = PLANE('',#4384);
#4384 = AXIS2_PLACEMENT_3D('',#4385,#4386,#4387);
#4385 = CARTESIAN_POINT('',(-91.45752885522,16.326805286038,286.3));
#4386 = DIRECTION('',(0.523504811027,-0.852022718495,0.));
#4387 = DIRECTION('',(-0.852022718495,-0.523504811027,0.));
#4388 = DEFINITIONAL_REPRESENTATION('',(#4389),#4392);
#4389 = B_SPLINE_CURVE_WITH_KNOTS('',1,(#4390,#4391),.UNSPECIFIED.,.F.,
  .F.,(2,2),(-52.49062094827,-49.50657931397),.PIECEWISE_BEZIER_KNOTS.);
#4390 = CARTESIAN_POINT('',(2.9840416343,-4.));
#4391 = CARTESIAN_POINT('',(0.,-4.));
#4392 = ( GEOMETRIC_REPRESENTATION_CONTEXT(2) 
PARAMETRIC_REPRESENTATION_CONTEXT() REPRESENTATION_CONTEXT('2D SPACE',''
  ) );
#4393 = ORIENTED_EDGE('',*,*,#4394,.T.);
#4394 = EDGE_CURVE('',#4369,#4395,#4397,.T.);
#4395 = VERTEX_POINT('',#4396);
#4396 = CARTESIAN_POINT('',(-91.8324964766,20.537151299668,290.3));
#4397 = SURFACE_CURVE('',#4398,(#4402,#4408),.PCURVE_S1.);
#4398 = LINE('',#4399,#4400);
#4399 = CARTESIAN_POINT('',(-89.72806918571,-3.092534438317,290.3));
#4400 = VECTOR('',#4401,1.);
#4401 = DIRECTION('',(-8.870752936638E-02,0.996057716317,0.));
#4402 = PCURVE('',#3702,#4403);
#4403 = DEFINITIONAL_REPRESENTATION('',(#4404),#4407);
#4404 = B_SPLINE_CURVE_WITH_KNOTS('',1,(#4405,#4406),.UNSPECIFIED.,.F.,
  .F.,(2,2),(19.496199272638,23.723209359162),.PIECEWISE_BEZIER_KNOTS.);
#4405 = CARTESIAN_POINT('',(-31.32680563223,-135.4575285257));
#4406 = CARTESIAN_POINT('',(-35.53715164738,-135.83249613));
#4407 = ( GEOMETRIC_REPRESENTATION_CONTEXT(2) 
PARAMETRIC_REPRESENTATION_CONTEXT() REPRESENTATION_CONTEXT('2D SPACE',''
  ) );
#4408 = PCURVE('',#4409,#4414);
#4409 = PLANE('',#4410);
#4410 = AXIS2_PLACEMENT_3D('',#4411,#4412,#4413);
#4411 = CARTESIAN_POINT('',(-91.8324964766,20.537151299668,286.3));
#4412 = DIRECTION('',(0.996057716317,8.870752936638E-02,-0.));
#4413 = DIRECTION('',(8.870752936638E-02,-0.996057716317,0.));
#4414 = DEFINITIONAL_REPRESENTATION('',(#4415),#4418);
#4415 = B_SPLINE_CURVE_WITH_KNOTS('',1,(#4416,#4417),.UNSPECIFIED.,.F.,
  .F.,(2,2),(19.496199272638,23.723209359162),.PIECEWISE_BEZIER_KNOTS.);
#4416 = CARTESIAN_POINT('',(4.227010086524,-4.));
#4417 = CARTESIAN_POINT('',(0.,-4.));
#4418 = ( GEOMETRIC_REPRESENTATION_CONTEXT(2) 
PARAMETRIC_REPRESENTATION_CONTEXT() REPRESENTATION_CONTEXT('2D SPACE',''
  ) );
#4419 = ORIENTED_EDGE('',*,*,#4420,.T.);
#4420 = EDGE_CURVE('',#4395,#4421,#4423,.T.);
#4421 = VERTEX_POINT('',#4422);
#4422 = CARTESIAN_POINT('',(-84.7,21.997045256125,290.3));
#4423 = SURFACE_CURVE('',#4424,(#4428,#4434),.PCURVE_S1.);
#4424 = LINE('',#4425,#4426);
#4425 = CARTESIAN_POINT('',(-26.57159006649,33.894887006022,290.3));
#4426 = VECTOR('',#4427,1.);
#4427 = DIRECTION('',(0.979688651811,0.200524675572,-0.));
#4428 = PCURVE('',#3702,#4429);
#4429 = DEFINITIONAL_REPRESENTATION('',(#4430),#4433);
#4430 = B_SPLINE_CURVE_WITH_KNOTS('',1,(#4431,#4432),.UNSPECIFIED.,.F.,
  .F.,(2,2),(-66.61392503576,-59.33355441656),.PIECEWISE_BEZIER_KNOTS.);
#4431 = CARTESIAN_POINT('',(-35.53715164738,-135.83249613));
#4432 = CARTESIAN_POINT('',(-36.99704557494,-128.6999996475));
#4433 = ( GEOMETRIC_REPRESENTATION_CONTEXT(2) 
PARAMETRIC_REPRESENTATION_CONTEXT() REPRESENTATION_CONTEXT('2D SPACE',''
  ) );
#4434 = PCURVE('',#4435,#4440);
#4435 = PLANE('',#4436);
#4436 = AXIS2_PLACEMENT_3D('',#4437,#4438,#4439);
#4437 = CARTESIAN_POINT('',(-84.7,21.997045256125,286.3));
#4438 = DIRECTION('',(0.200524675572,-0.979688651811,0.));
#4439 = DIRECTION('',(-0.979688651811,-0.200524675572,0.));
#4440 = DEFINITIONAL_REPRESENTATION('',(#4441),#4444);
#4441 = B_SPLINE_CURVE_WITH_KNOTS('',1,(#4442,#4443),.UNSPECIFIED.,.F.,
  .F.,(2,2),(-66.61392503576,-59.33355441656),.PIECEWISE_BEZIER_KNOTS.);
#4442 = CARTESIAN_POINT('',(7.280370619197,-4.));
#4443 = CARTESIAN_POINT('',(0.,-4.));
#4444 = ( GEOMETRIC_REPRESENTATION_CONTEXT(2) 
PARAMETRIC_REPRESENTATION_CONTEXT() REPRESENTATION_CONTEXT('2D SPACE',''
  ) );
#4445 = ORIENTED_EDGE('',*,*,#4446,.T.);
#4446 = EDGE_CURVE('',#4421,#4447,#4449,.T.);
#4447 = VERTEX_POINT('',#4448);
#4448 = CARTESIAN_POINT('',(-83.61233115981,26.081722815696,290.3));
#4449 = SURFACE_CURVE('',#4450,(#4454,#4460),.PCURVE_S1.);
#4450 = LINE('',#4451,#4452);
#4451 = CARTESIAN_POINT('',(-84.49517215675,22.766264400765,290.3));
#4452 = VECTOR('',#4453,1.);
#4453 = DIRECTION('',(0.257313992141,0.966327847807,-0.));
#4454 = PCURVE('',#3702,#4455);
#4455 = DEFINITIONAL_REPRESENTATION('',(#4456),#4459);
#4456 = B_SPLINE_CURVE_WITH_KNOTS('',1,(#4457,#4458),.UNSPECIFIED.,.F.,
  .F.,(2,2),(-0.796022950581,3.430987135943),.PIECEWISE_BEZIER_KNOTS.);
#4457 = CARTESIAN_POINT('',(-36.99704557494,-128.6999996475));
#4458 = CARTESIAN_POINT('',(-41.08172313011,-127.6123307908));
#4459 = ( GEOMETRIC_REPRESENTATION_CONTEXT(2) 
PARAMETRIC_REPRESENTATION_CONTEXT() REPRESENTATION_CONTEXT('2D SPACE',''
  ) );
#4460 = PCURVE('',#4461,#4466);
#4461 = PLANE('',#4462);
#4462 = AXIS2_PLACEMENT_3D('',#4463,#4464,#4465);
#4463 = CARTESIAN_POINT('',(-83.61233115981,26.081722815696,286.3));
#4464 = DIRECTION('',(0.966327847807,-0.257313992141,0.));
#4465 = DIRECTION('',(-0.257313992141,-0.966327847807,0.));
#4466 = DEFINITIONAL_REPRESENTATION('',(#4467),#4470);
#4467 = B_SPLINE_CURVE_WITH_KNOTS('',1,(#4468,#4469),.UNSPECIFIED.,.F.,
  .F.,(2,2),(-0.796022950581,3.430987135943),.PIECEWISE_BEZIER_KNOTS.);
#4468 = CARTESIAN_POINT('',(4.227010086524,-4.));
#4469 = CARTESIAN_POINT('',(0.,-4.));
#4470 = ( GEOMETRIC_REPRESENTATION_CONTEXT(2) 
PARAMETRIC_REPRESENTATION_CONTEXT() REPRESENTATION_CONTEXT('2D SPACE',''
  ) );
#4471 = ORIENTED_EDGE('',*,*,#4472,.T.);
#4472 = EDGE_CURVE('',#4447,#4473,#4475,.T.);
#4473 = VERTEX_POINT('',#4474);
#4474 = CARTESIAN_POINT('',(-76.41066371274,25.01411692651,290.3));
#4475 = SURFACE_CURVE('',#4476,(#4480,#4486),.PCURVE_S1.);
#4476 = LINE('',#4477,#4478);
#4477 = CARTESIAN_POINT('',(-14.5978216968,15.850717665362,290.3));
#4478 = VECTOR('',#4479,1.);
#4479 = DIRECTION('',(0.989189675054,-0.146641695187,0.));
#4480 = PCURVE('',#3702,#4481);
#4481 = DEFINITIONAL_REPRESENTATION('',(#4482),#4485);
#4482 = B_SPLINE_CURVE_WITH_KNOTS('',1,(#4483,#4484),.UNSPECIFIED.,.F.,
  .F.,(2,2),(-69.76873212841,-62.48836150921),.PIECEWISE_BEZIER_KNOTS.);
#4483 = CARTESIAN_POINT('',(-41.08172313011,-127.6123307908));
#4484 = CARTESIAN_POINT('',(-40.01411721175,-120.410663348));
#4485 = ( GEOMETRIC_REPRESENTATION_CONTEXT(2) 
PARAMETRIC_REPRESENTATION_CONTEXT() REPRESENTATION_CONTEXT('2D SPACE',''
  ) );
#4486 = PCURVE('',#4487,#4492);
#4487 = PLANE('',#4488);
#4488 = AXIS2_PLACEMENT_3D('',#4489,#4490,#4491);
#4489 = CARTESIAN_POINT('',(-76.41066371274,25.01411692651,286.3));
#4490 = DIRECTION('',(-0.146641695187,-0.989189675054,0.));
#4491 = DIRECTION('',(-0.989189675054,0.146641695187,0.));
#4492 = DEFINITIONAL_REPRESENTATION('',(#4493),#4496);
#4493 = B_SPLINE_CURVE_WITH_KNOTS('',1,(#4494,#4495),.UNSPECIFIED.,.F.,
  .F.,(2,2),(-69.76873212841,-62.48836150921),.PIECEWISE_BEZIER_KNOTS.);
#4494 = CARTESIAN_POINT('',(7.280370619197,-4.));
#4495 = CARTESIAN_POINT('',(0.,-4.));
#4496 = ( GEOMETRIC_REPRESENTATION_CONTEXT(2) 
PARAMETRIC_REPRESENTATION_CONTEXT() REPRESENTATION_CONTEXT('2D SPACE',''
  ) );
#4497 = ORIENTED_EDGE('',*,*,#4498,.T.);
#4498 = EDGE_CURVE('',#4473,#4499,#4501,.T.);
#4499 = VERTEX_POINT('',#4500);
#4500 = CARTESIAN_POINT('',(-73.99154732539,28.480453634918,290.3));
#4501 = SURFACE_CURVE('',#4502,(#4506,#4512),.PCURVE_S1.);
#4502 = LINE('',#4503,#4504);
#4503 = CARTESIAN_POINT('',(-64.87177763935,41.548114455332,290.3));
#4504 = VECTOR('',#4505,1.);
#4505 = DIRECTION('',(0.572299648647,0.820044579373,-0.));
#4506 = PCURVE('',#3702,#4507);
#4507 = DEFINITIONAL_REPRESENTATION('',(#4508),#4511);
#4508 = B_SPLINE_CURVE_WITH_KNOTS('',1,(#4509,#4510),.UNSPECIFIED.,.F.,
  .F.,(2,2),(-20.16231549444,-15.93530540792),.PIECEWISE_BEZIER_KNOTS.);
#4509 = CARTESIAN_POINT('',(-40.01411721175,-120.410663348));
#4510 = CARTESIAN_POINT('',(-43.48045391036,-117.9915469466));
#4511 = ( GEOMETRIC_REPRESENTATION_CONTEXT(2) 
PARAMETRIC_REPRESENTATION_CONTEXT() REPRESENTATION_CONTEXT('2D SPACE',''
  ) );
#4512 = PCURVE('',#4513,#4518);
#4513 = PLANE('',#4514);
#4514 = AXIS2_PLACEMENT_3D('',#4515,#4516,#4517);
#4515 = CARTESIAN_POINT('',(-73.99154732539,28.480453634918,286.3));
#4516 = DIRECTION('',(0.820044579373,-0.572299648647,0.));
#4517 = DIRECTION('',(-0.572299648647,-0.820044579373,0.));
#4518 = DEFINITIONAL_REPRESENTATION('',(#4519),#4522);
#4519 = B_SPLINE_CURVE_WITH_KNOTS('',1,(#4520,#4521),.UNSPECIFIED.,.F.,
  .F.,(2,2),(-20.16231549444,-15.93530540792),.PIECEWISE_BEZIER_KNOTS.);
#4520 = CARTESIAN_POINT('',(4.227010086524,-4.));
#4521 = CARTESIAN_POINT('',(0.,-4.));
#4522 = ( GEOMETRIC_REPRESENTATION_CONTEXT(2) 
PARAMETRIC_REPRESENTATION_CONTEXT() REPRESENTATION_CONTEXT('2D SPACE',''
  ) );
#4523 = ORIENTED_EDGE('',*,*,#4524,.T.);
#4524 = EDGE_CURVE('',#4499,#4525,#4527,.T.);
#4525 = VERTEX_POINT('',#4526);
#4526 = CARTESIAN_POINT('',(-67.58933628726,25.01411692651,290.3));
#4527 = SURFACE_CURVE('',#4528,(#4532,#4538),.PCURVE_S1.);
#4528 = LINE('',#4529,#4530);
#4529 = CARTESIAN_POINT('',(-16.0660464833,-2.882037967723,290.3));
#4530 = VECTOR('',#4531,1.);
#4531 = DIRECTION('',(0.8793798246,-0.476120913305,0.));
#4532 = PCURVE('',#3702,#4533);
#4533 = DEFINITIONAL_REPRESENTATION('',(#4534),#4537);
#4534 = B_SPLINE_CURVE_WITH_KNOTS('',1,(#4535,#4536),.UNSPECIFIED.,.F.,
  .F.,(2,2),(-65.87085491575,-58.59048429655),.PIECEWISE_BEZIER_KNOTS.);
#4535 = CARTESIAN_POINT('',(-43.48045391036,-117.9915469466));
#4536 = CARTESIAN_POINT('',(-40.01411717601,-111.5893359226));
#4537 = ( GEOMETRIC_REPRESENTATION_CONTEXT(2) 
PARAMETRIC_REPRESENTATION_CONTEXT() REPRESENTATION_CONTEXT('2D SPACE',''
  ) );
#4538 = PCURVE('',#4539,#4544);
#4539 = PLANE('',#4540);
#4540 = AXIS2_PLACEMENT_3D('',#4541,#4542,#4543);
#4541 = CARTESIAN_POINT('',(-67.58933628726,25.01411692651,286.3));
#4542 = DIRECTION('',(-0.476120913305,-0.8793798246,0.));
#4543 = DIRECTION('',(-0.8793798246,0.476120913305,0.));
#4544 = DEFINITIONAL_REPRESENTATION('',(#4545),#4548);
#4545 = B_SPLINE_CURVE_WITH_KNOTS('',1,(#4546,#4547),.UNSPECIFIED.,.F.,
  .F.,(2,2),(-65.87085491575,-58.59048429655),.PIECEWISE_BEZIER_KNOTS.);
#4546 = CARTESIAN_POINT('',(7.280370619197,-4.));
#4547 = CARTESIAN_POINT('',(0.,-4.));
#4548 = ( GEOMETRIC_REPRESENTATION_CONTEXT(2) 
PARAMETRIC_REPRESENTATION_CONTEXT() REPRESENTATION_CONTEXT('2D SPACE',''
  ) );
#4549 = ORIENTED_EDGE('',*,*,#4550,.T.);
#4550 = EDGE_CURVE('',#4525,#4551,#4553,.T.);
#4551 = VERTEX_POINT('',#4552);
#4552 = CARTESIAN_POINT('',(-64.13055349142,27.444021419039,290.3));
#4553 = SURFACE_CURVE('',#4554,(#4558,#4564),.PCURVE_S1.);
#4554 = LINE('',#4555,#4556);
#4555 = CARTESIAN_POINT('',(-37.91373996224,45.862163503895,290.3));
#4556 = VECTOR('',#4557,1.);
#4557 = DIRECTION('',(0.818257521282,0.574851832097,-0.));
#4558 = PCURVE('',#3702,#4559);
#4559 = DEFINITIONAL_REPRESENTATION('',(#4560),#4563);
#4560 = B_SPLINE_CURVE_WITH_KNOTS('',1,(#4561,#4562),.UNSPECIFIED.,.F.,
  .F.,(2,2),(-36.26681766213,-32.0398075756),.PIECEWISE_BEZIER_KNOTS.);
#4561 = CARTESIAN_POINT('',(-40.01411717601,-111.5893359226));
#4562 = CARTESIAN_POINT('',(-42.44402165453,-108.1305531169));
#4563 = ( GEOMETRIC_REPRESENTATION_CONTEXT(2) 
PARAMETRIC_REPRESENTATION_CONTEXT() REPRESENTATION_CONTEXT('2D SPACE',''
  ) );
#4564 = PCURVE('',#4565,#4570);
#4565 = PLANE('',#4566);
#4566 = AXIS2_PLACEMENT_3D('',#4567,#4568,#4569);
#4567 = CARTESIAN_POINT('',(-64.13055349142,27.444021419039,286.3));
#4568 = DIRECTION('',(0.574851832097,-0.818257521282,0.));
#4569 = DIRECTION('',(-0.818257521282,-0.574851832097,0.));
#4570 = DEFINITIONAL_REPRESENTATION('',(#4571),#4574);
#4571 = B_SPLINE_CURVE_WITH_KNOTS('',1,(#4572,#4573),.UNSPECIFIED.,.F.,
  .F.,(2,2),(-36.26681766213,-32.0398075756),.PIECEWISE_BEZIER_KNOTS.);
#4572 = CARTESIAN_POINT('',(4.227010086524,-4.));
#4573 = CARTESIAN_POINT('',(0.,-4.));
#4574 = ( GEOMETRIC_REPRESENTATION_CONTEXT(2) 
PARAMETRIC_REPRESENTATION_CONTEXT() REPRESENTATION_CONTEXT('2D SPACE',''
  ) );
#4575 = ORIENTED_EDGE('',*,*,#4576,.T.);
#4576 = EDGE_CURVE('',#4551,#4577,#4579,.T.);
#4577 = VERTEX_POINT('',#4578);
#4578 = CARTESIAN_POINT('',(-59.3,21.997045256125,290.3));
#4579 = SURFACE_CURVE('',#4580,(#4584,#4590),.PCURVE_S1.);
#4580 = LINE('',#4581,#4582);
#4581 = CARTESIAN_POINT('',(-27.37879004818,-13.99760214972,290.3));
#4582 = VECTOR('',#4583,1.);
#4583 = DIRECTION('',(0.663503789036,-0.748172922482,0.));
#4584 = PCURVE('',#3702,#4585);
#4585 = DEFINITIONAL_REPRESENTATION('',(#4586),#4589);
#4586 = B_SPLINE_CURVE_WITH_KNOTS('',1,(#4587,#4588),.UNSPECIFIED.,.F.,
  .F.,(2,2),(-55.39043491617,-48.11006429697),.PIECEWISE_BEZIER_KNOTS.);
#4587 = CARTESIAN_POINT('',(-42.44402165453,-108.1305531169));
#4588 = CARTESIAN_POINT('',(-36.99704547205,-103.2999996475));
#4589 = ( GEOMETRIC_REPRESENTATION_CONTEXT(2) 
PARAMETRIC_REPRESENTATION_CONTEXT() REPRESENTATION_CONTEXT('2D SPACE',''
  ) );
#4590 = PCURVE('',#4591,#4596);
#4591 = PLANE('',#4592);
#4592 = AXIS2_PLACEMENT_3D('',#4593,#4594,#4595);
#4593 = CARTESIAN_POINT('',(-59.3,21.997045256125,286.3));
#4594 = DIRECTION('',(-0.748172922482,-0.663503789036,0.));
#4595 = DIRECTION('',(-0.663503789036,0.748172922482,0.));
#4596 = DEFINITIONAL_REPRESENTATION('',(#4597),#4600);
#4597 = B_SPLINE_CURVE_WITH_KNOTS('',1,(#4598,#4599),.UNSPECIFIED.,.F.,
  .F.,(2,2),(-55.39043491617,-48.11006429697),.PIECEWISE_BEZIER_KNOTS.);
#4598 = CARTESIAN_POINT('',(7.280370619197,-4.));
#4599 = CARTESIAN_POINT('',(0.,-4.));
#4600 = ( GEOMETRIC_REPRESENTATION_CONTEXT(2) 
PARAMETRIC_REPRESENTATION_CONTEXT() REPRESENTATION_CONTEXT('2D SPACE',''
  ) );
#4601 = ORIENTED_EDGE('',*,*,#4602,.T.);
#4602 = EDGE_CURVE('',#4577,#4603,#4605,.T.);
#4603 = VERTEX_POINT('',#4604);
#4604 = CARTESIAN_POINT('',(-55.21873104705,23.097435189405,290.3));
#4605 = SURFACE_CURVE('',#4606,(#4610,#4616),.PCURVE_S1.);
#4606 = LINE('',#4607,#4608);
#4607 = CARTESIAN_POINT('',(-13.75916351236,34.275745484376,290.3));
#4608 = VECTOR('',#4609,1.);
#4609 = DIRECTION('',(0.965521460656,0.26032346996,-0.));
#4610 = PCURVE('',#3702,#4611);
#4611 = DEFINITIONAL_REPRESENTATION('',(#4612),#4615);
#4612 = B_SPLINE_CURVE_WITH_KNOTS('',1,(#4613,#4614),.UNSPECIFIED.,.F.,
  .F.,(2,2),(-47.16708881507,-42.94007872854),.PIECEWISE_BEZIER_KNOTS.);
#4613 = CARTESIAN_POINT('',(-36.99704547205,-103.2999996475));
#4614 = CARTESIAN_POINT('',(-38.09743538879,-99.21873069015));
#4615 = ( GEOMETRIC_REPRESENTATION_CONTEXT(2) 
PARAMETRIC_REPRESENTATION_CONTEXT() REPRESENTATION_CONTEXT('2D SPACE',''
  ) );
#4616 = PCURVE('',#4617,#4622);
#4617 = PLANE('',#4618);
#4618 = AXIS2_PLACEMENT_3D('',#4619,#4620,#4621);
#4619 = CARTESIAN_POINT('',(-55.21873104705,23.097435189405,286.3));
#4620 = DIRECTION('',(0.26032346996,-0.965521460656,0.));
#4621 = DIRECTION('',(-0.965521460656,-0.26032346996,0.));
#4622 = DEFINITIONAL_REPRESENTATION('',(#4623),#4626);
#4623 = B_SPLINE_CURVE_WITH_KNOTS('',1,(#4624,#4625),.UNSPECIFIED.,.F.,
  .F.,(2,2),(-47.16708881507,-42.94007872854),.PIECEWISE_BEZIER_KNOTS.);
#4624 = CARTESIAN_POINT('',(4.227010086524,-4.));
#4625 = CARTESIAN_POINT('',(0.,-4.));
#4626 = ( GEOMETRIC_REPRESENTATION_CONTEXT(2) 
PARAMETRIC_REPRESENTATION_CONTEXT() REPRESENTATION_CONTEXT('2D SPACE',''
  ) );
#4627 = ORIENTED_EDGE('',*,*,#4628,.T.);
#4628 = EDGE_CURVE('',#4603,#4629,#4631,.T.);
#4629 = VERTEX_POINT('',#4630);
#4630 = CARTESIAN_POINT('',(-52.54247114477,16.326805286038,290.3));
#4631 = SURFACE_CURVE('',#4632,(#4636,#4642),.PCURVE_S1.);
#4632 = LINE('',#4633,#4634);
#4633 = CARTESIAN_POINT('',(-40.66489517239,-13.72209653767,290.3));
#4634 = VECTOR('',#4635,1.);
#4635 = DIRECTION('',(0.367599404241,-0.929984235351,0.));
#4636 = PCURVE('',#3702,#4637);
#4637 = DEFINITIONAL_REPRESENTATION('',(#4638),#4641);
#4638 = B_SPLINE_CURVE_WITH_KNOTS('',1,(#4639,#4640),.UNSPECIFIED.,.F.,
  .F.,(2,2),(-39.59156545614,-32.31119483694),.PIECEWISE_BEZIER_KNOTS.);
#4639 = CARTESIAN_POINT('',(-38.09743538879,-99.21873069015));
#4640 = CARTESIAN_POINT('',(-31.32680547458,-96.54247081531));
#4641 = ( GEOMETRIC_REPRESENTATION_CONTEXT(2) 
PARAMETRIC_REPRESENTATION_CONTEXT() REPRESENTATION_CONTEXT('2D SPACE',''
  ) );
#4642 = PCURVE('',#4643,#4648);
#4643 = PLANE('',#4644);
#4644 = AXIS2_PLACEMENT_3D('',#4645,#4646,#4647);
#4645 = CARTESIAN_POINT('',(-52.54247114477,16.326805286038,286.3));
#4646 = DIRECTION('',(-0.929984235351,-0.367599404241,0.));
#4647 = DIRECTION('',(-0.367599404241,0.929984235351,0.));
#4648 = DEFINITIONAL_REPRESENTATION('',(#4649),#4652);
#4649 = B_SPLINE_CURVE_WITH_KNOTS('',1,(#4650,#4651),.UNSPECIFIED.,.F.,
  .F.,(2,2),(-39.59156545614,-32.31119483694),.PIECEWISE_BEZIER_KNOTS.);
#4650 = CARTESIAN_POINT('',(7.280370619197,-4.));
#4651 = CARTESIAN_POINT('',(0.,-4.));
#4652 = ( GEOMETRIC_REPRESENTATION_CONTEXT(2) 
PARAMETRIC_REPRESENTATION_CONTEXT() REPRESENTATION_CONTEXT('2D SPACE',''
  ) );
#4653 = ORIENTED_EDGE('',*,*,#4654,.T.);
#4654 = EDGE_CURVE('',#4629,#4655,#4657,.T.);
#4655 = VERTEX_POINT('',#4656);
#4656 = CARTESIAN_POINT('',(-48.33097730355,15.96495739409,290.3));
#4657 = SURFACE_CURVE('',#4658,(#4662,#4668),.PCURVE_S1.);
#4658 = LINE('',#4659,#4660);
#4659 = CARTESIAN_POINT('',(-1.183296401932,11.914069612299,290.3));
#4660 = VECTOR('',#4661,1.);
#4661 = DIRECTION('',(0.996329262296,-8.560374461888E-02,0.));
#4662 = PCURVE('',#3702,#4663);
#4663 = DEFINITIONAL_REPRESENTATION('',(#4664),#4667);
#4664 = B_SPLINE_CURVE_WITH_KNOTS('',1,(#4665,#4666),.UNSPECIFIED.,.F.,
  .F.,(2,2),(-51.54839538135,-47.32138529483),.PIECEWISE_BEZIER_KNOTS.);
#4665 = CARTESIAN_POINT('',(-31.32680547458,-96.54247081531));
#4666 = CARTESIAN_POINT('',(-30.96495756557,-92.33097697555));
#4667 = ( GEOMETRIC_REPRESENTATION_CONTEXT(2) 
PARAMETRIC_REPRESENTATION_CONTEXT() REPRESENTATION_CONTEXT('2D SPACE',''
  ) );
#4668 = PCURVE('',#4669,#4674);
#4669 = PLANE('',#4670);
#4670 = AXIS2_PLACEMENT_3D('',#4671,#4672,#4673);
#4671 = CARTESIAN_POINT('',(-48.33097730355,15.96495739409,286.3));
#4672 = DIRECTION('',(-8.560374461888E-02,-0.996329262296,0.));
#4673 = DIRECTION('',(-0.996329262296,8.560374461888E-02,0.));
#4674 = DEFINITIONAL_REPRESENTATION('',(#4675),#4678);
#4675 = B_SPLINE_CURVE_WITH_KNOTS('',1,(#4676,#4677),.UNSPECIFIED.,.F.,
  .F.,(2,2),(-51.54839538135,-47.32138529483),.PIECEWISE_BEZIER_KNOTS.);
#4676 = CARTESIAN_POINT('',(4.227010086524,-4.));
#4677 = CARTESIAN_POINT('',(0.,-4.));
#4678 = ( GEOMETRIC_REPRESENTATION_CONTEXT(2) 
PARAMETRIC_REPRESENTATION_CONTEXT() REPRESENTATION_CONTEXT('2D SPACE',''
  ) );
#4679 = ORIENTED_EDGE('',*,*,#4680,.T.);
#4680 = EDGE_CURVE('',#4655,#4681,#4683,.T.);
#4681 = VERTEX_POINT('',#4682);
#4682 = CARTESIAN_POINT('',(-48.13180743203,8.687311640472,290.3));
#4683 = SURFACE_CURVE('',#4684,(#4688,#4694),.PCURVE_S1.);
#4684 = LINE('',#4685,#4686);
#4685 = CARTESIAN_POINT('',(-47.77344431351,-4.407238292923,290.3));
#4686 = VECTOR('',#4687,1.);
#4687 = DIRECTION('',(2.735710610535E-02,-0.999625724332,0.));
#4688 = PCURVE('',#3702,#4689);
#4689 = DEFINITIONAL_REPRESENTATION('',(#4690),#4693);
#4690 = B_SPLINE_CURVE_WITH_KNOTS('',1,(#4691,#4692),.UNSPECIFIED.,.F.,
  .F.,(2,2),(-20.37982335902,-13.09945273982),.PIECEWISE_BEZIER_KNOTS.);
#4691 = CARTESIAN_POINT('',(-30.96495756557,-92.33097697555));
#4692 = CARTESIAN_POINT('',(-23.68731181115,-92.13180713352));
#4693 = ( GEOMETRIC_REPRESENTATION_CONTEXT(2) 
PARAMETRIC_REPRESENTATION_CONTEXT() REPRESENTATION_CONTEXT('2D SPACE',''
  ) );
#4694 = PCURVE('',#4695,#4700);
#4695 = PLANE('',#4696);
#4696 = AXIS2_PLACEMENT_3D('',#4697,#4698,#4699);
#4697 = CARTESIAN_POINT('',(-48.13180743203,8.687311640472,286.3));
#4698 = DIRECTION('',(-0.999625724332,-2.735710610535E-02,0.));
#4699 = DIRECTION('',(-2.735710610535E-02,0.999625724332,0.));
#4700 = DEFINITIONAL_REPRESENTATION('',(#4701),#4704);
#4701 = B_SPLINE_CURVE_WITH_KNOTS('',1,(#4702,#4703),.UNSPECIFIED.,.F.,
  .F.,(2,2),(-20.37982335902,-13.09945273982),.PIECEWISE_BEZIER_KNOTS.);
#4702 = CARTESIAN_POINT('',(7.280370619197,-4.));
#4703 = CARTESIAN_POINT('',(0.,-4.));
#4704 = ( GEOMETRIC_REPRESENTATION_CONTEXT(2) 
PARAMETRIC_REPRESENTATION_CONTEXT() REPRESENTATION_CONTEXT('2D SPACE',''
  ) );
#4705 = ORIENTED_EDGE('',*,*,#4706,.T.);
#4706 = EDGE_CURVE('',#4681,#4707,#4709,.T.);
#4707 = VERTEX_POINT('',#4708);
#4708 = CARTESIAN_POINT('',(-44.29805701482,6.906870119371,290.3));
#4709 = SURFACE_CURVE('',#4710,(#4714,#4720),.PCURVE_S1.);
#4710 = LINE('',#4711,#4712);
#4711 = CARTESIAN_POINT('',(-3.79728141126,-11.90219533192,290.3));
#4712 = VECTOR('',#4713,1.);
#4713 = DIRECTION('',(0.906965050649,-0.42120588422,0.));
#4714 = PCURVE('',#3702,#4715);
#4715 = DEFINITIONAL_REPRESENTATION('',(#4716),#4719);
#4716 = B_SPLINE_CURVE_WITH_KNOTS('',1,(#4717,#4718),.UNSPECIFIED.,.F.,
  .F.,(2,2),(-48.88228712789,-44.65527704136),.PIECEWISE_BEZIER_KNOTS.);
#4717 = CARTESIAN_POINT('',(-23.68731181115,-92.13180713352));
#4718 = CARTESIAN_POINT('',(-21.90687027452,-88.29805672351));
#4719 = ( GEOMETRIC_REPRESENTATION_CONTEXT(2) 
PARAMETRIC_REPRESENTATION_CONTEXT() REPRESENTATION_CONTEXT('2D SPACE',''
  ) );
#4720 = PCURVE('',#4721,#4726);
#4721 = PLANE('',#4722);
#4722 = AXIS2_PLACEMENT_3D('',#4723,#4724,#4725);
#4723 = CARTESIAN_POINT('',(-44.29805701482,6.906870119371,286.3));
#4724 = DIRECTION('',(-0.42120588422,-0.906965050649,0.));
#4725 = DIRECTION('',(-0.906965050649,0.42120588422,0.));
#4726 = DEFINITIONAL_REPRESENTATION('',(#4727),#4730);
#4727 = B_SPLINE_CURVE_WITH_KNOTS('',1,(#4728,#4729),.UNSPECIFIED.,.F.,
  .F.,(2,2),(-48.88228712789,-44.65527704136),.PIECEWISE_BEZIER_KNOTS.);
#4728 = CARTESIAN_POINT('',(4.227010086524,-4.));
#4729 = CARTESIAN_POINT('',(0.,-4.));
#4730 = ( GEOMETRIC_REPRESENTATION_CONTEXT(2) 
PARAMETRIC_REPRESENTATION_CONTEXT() REPRESENTATION_CONTEXT('2D SPACE',''
  ) );
#4731 = ORIENTED_EDGE('',*,*,#4732,.T.);
#4732 = EDGE_CURVE('',#4707,#4733,#4735,.T.);
#4733 = VERTEX_POINT('',#4734);
#4734 = CARTESIAN_POINT('',(-46.6,0.,290.3));
#4735 = SURFACE_CURVE('',#4736,(#4740,#4746),.PCURVE_S1.);
#4736 = LINE('',#4737,#4738);
#4737 = CARTESIAN_POINT('',(-44.32095773327,6.838157606071,290.3));
#4738 = VECTOR('',#4739,1.);
#4739 = DIRECTION('',(-0.316184862775,-0.948697598053,0.));
#4740 = PCURVE('',#3702,#4741);
#4741 = DEFINITIONAL_REPRESENTATION('',(#4742),#4745);
#4742 = B_SPLINE_CURVE_WITH_KNOTS('',1,(#4743,#4744),.UNSPECIFIED.,.F.,
  .F.,(2,2),(-7.242825684461E-02,7.207942362353),
  .PIECEWISE_BEZIER_KNOTS.);
#4743 = CARTESIAN_POINT('',(-21.90687027452,-88.29805672351));
#4744 = CARTESIAN_POINT('',(-15.00000016447,-90.59999973667));
#4745 = ( GEOMETRIC_REPRESENTATION_CONTEXT(2) 
PARAMETRIC_REPRESENTATION_CONTEXT() REPRESENTATION_CONTEXT('2D SPACE',''
  ) );
#4746 = PCURVE('',#4747,#4752);
#4747 = PLANE('',#4748);
#4748 = AXIS2_PLACEMENT_3D('',#4749,#4750,#4751);
#4749 = CARTESIAN_POINT('',(-46.6,0.,286.3));
#4750 = DIRECTION('',(-0.948697598053,0.316184862775,0.));
#4751 = DIRECTION('',(0.316184862775,0.948697598053,0.));
#4752 = DEFINITIONAL_REPRESENTATION('',(#4753),#4756);
#4753 = B_SPLINE_CURVE_WITH_KNOTS('',1,(#4754,#4755),.UNSPECIFIED.,.F.,
  .F.,(2,2),(-7.242825684461E-02,7.207942362353),
  .PIECEWISE_BEZIER_KNOTS.);
#4754 = CARTESIAN_POINT('',(7.280370619197,-4.));
#4755 = CARTESIAN_POINT('',(0.,-4.));
#4756 = ( GEOMETRIC_REPRESENTATION_CONTEXT(2) 
PARAMETRIC_REPRESENTATION_CONTEXT() REPRESENTATION_CONTEXT('2D SPACE',''
  ) );
#4757 = ORIENTED_EDGE('',*,*,#4758,.T.);
#4758 = EDGE_CURVE('',#4733,#4759,#4761,.T.);
#4759 = VERTEX_POINT('',#4760);
#4760 = CARTESIAN_POINT('',(-43.60639988723,-2.984287626292,290.3));
#4761 = SURFACE_CURVE('',#4762,(#4766,#4772),.PCURVE_S1.);
#4762 = LINE('',#4763,#4764);
#4763 = CARTESIAN_POINT('',(-18.63264906983,-27.88035013934,290.3));
#4764 = VECTOR('',#4765,1.);
#4765 = DIRECTION('',(0.708207468515,-0.706004377847,0.));
#4766 = PCURVE('',#3702,#4767);
#4767 = DEFINITIONAL_REPRESENTATION('',(#4768),#4771);
#4768 = B_SPLINE_CURVE_WITH_KNOTS('',1,(#4769,#4770),.UNSPECIFIED.,.F.,
  .F.,(2,2),(-39.49033605761,-35.26332597108),.PIECEWISE_BEZIER_KNOTS.);
#4769 = CARTESIAN_POINT('',(-15.00000016447,-90.59999973667));
#4770 = CARTESIAN_POINT('',(-12.01571252605,-87.606399636));
#4771 = ( GEOMETRIC_REPRESENTATION_CONTEXT(2) 
PARAMETRIC_REPRESENTATION_CONTEXT() REPRESENTATION_CONTEXT('2D SPACE',''
  ) );
#4772 = PCURVE('',#4773,#4778);
#4773 = PLANE('',#4774);
#4774 = AXIS2_PLACEMENT_3D('',#4775,#4776,#4777);
#4775 = CARTESIAN_POINT('',(-43.60639988723,-2.984287626292,286.3));
#4776 = DIRECTION('',(-0.706004377847,-0.708207468515,0.));
#4777 = DIRECTION('',(-0.708207468515,0.706004377847,0.));
#4778 = DEFINITIONAL_REPRESENTATION('',(#4779),#4782);
#4779 = B_SPLINE_CURVE_WITH_KNOTS('',1,(#4780,#4781),.UNSPECIFIED.,.F.,
  .F.,(2,2),(-39.49033605761,-35.26332597108),.PIECEWISE_BEZIER_KNOTS.);
#4780 = CARTESIAN_POINT('',(4.227010086524,-4.));
#4781 = CARTESIAN_POINT('',(0.,-4.));
#4782 = ( GEOMETRIC_REPRESENTATION_CONTEXT(2) 
PARAMETRIC_REPRESENTATION_CONTEXT() REPRESENTATION_CONTEXT('2D SPACE',''
  ) );
#4783 = ORIENTED_EDGE('',*,*,#4784,.T.);
#4784 = EDGE_CURVE('',#4759,#4785,#4787,.T.);
#4785 = VERTEX_POINT('',#4786);
#4786 = CARTESIAN_POINT('',(-48.13180743203,-8.687311640472,290.3));
#4787 = SURFACE_CURVE('',#4788,(#4792,#4798),.PCURVE_S1.);
#4788 = LINE('',#4789,#4790);
#4789 = CARTESIAN_POINT('',(-31.86999964574,11.806197375245,290.3));
#4790 = VECTOR('',#4791,1.);
#4791 = DIRECTION('',(-0.621590270812,-0.783342540164,0.));
#4792 = PCURVE('',#3702,#4793);
#4793 = DEFINITIONAL_REPRESENTATION('',(#4794),#4797);
#4794 = B_SPLINE_CURVE_WITH_KNOTS('',1,(#4795,#4796),.UNSPECIFIED.,.F.,
  .F.,(2,2),(18.881248295837,26.161618915035),.PIECEWISE_BEZIER_KNOTS.);
#4795 = CARTESIAN_POINT('',(-12.01571252605,-87.606399636));
#4796 = CARTESIAN_POINT('',(-6.312688530209,-92.1318072039));
#4797 = ( GEOMETRIC_REPRESENTATION_CONTEXT(2) 
PARAMETRIC_REPRESENTATION_CONTEXT() REPRESENTATION_CONTEXT('2D SPACE',''
  ) );
#4798 = PCURVE('',#4799,#4804);
#4799 = PLANE('',#4800);
#4800 = AXIS2_PLACEMENT_3D('',#4801,#4802,#4803);
#4801 = CARTESIAN_POINT('',(-48.13180743203,-8.687311640472,286.3));
#4802 = DIRECTION('',(-0.783342540164,0.621590270812,0.));
#4803 = DIRECTION('',(0.621590270812,0.783342540164,0.));
#4804 = DEFINITIONAL_REPRESENTATION('',(#4805),#4808);
#4805 = B_SPLINE_CURVE_WITH_KNOTS('',1,(#4806,#4807),.UNSPECIFIED.,.F.,
  .F.,(2,2),(18.881248295837,26.161618915035),.PIECEWISE_BEZIER_KNOTS.);
#4806 = CARTESIAN_POINT('',(7.280370619197,-4.));
#4807 = CARTESIAN_POINT('',(0.,-4.));
#4808 = ( GEOMETRIC_REPRESENTATION_CONTEXT(2) 
PARAMETRIC_REPRESENTATION_CONTEXT() REPRESENTATION_CONTEXT('2D SPACE',''
  ) );
#4809 = ORIENTED_EDGE('',*,*,#4810,.T.);
#4810 = EDGE_CURVE('',#4785,#4811,#4813,.T.);
#4811 = VERTEX_POINT('',#4812);
#4812 = CARTESIAN_POINT('',(-46.33942997815,-12.51549624082,290.3));
#4813 = SURFACE_CURVE('',#4814,(#4818,#4824),.PCURVE_S1.);
#4814 = LINE('',#4815,#4816);
#4815 = CARTESIAN_POINT('',(-37.74081330527,-30.88054086927,290.3));
#4816 = VECTOR('',#4817,1.);
#4817 = DIRECTION('',(0.424029613649,-0.905648323992,0.));
#4818 = PCURVE('',#3702,#4819);
#4819 = DEFINITIONAL_REPRESENTATION('',(#4820),#4823);
#4820 = B_SPLINE_CURVE_WITH_KNOTS('',1,(#4821,#4822),.UNSPECIFIED.,.F.,
  .F.,(2,2),(-24.50535008003,-20.2783399935),.PIECEWISE_BEZIER_KNOTS.);
#4821 = CARTESIAN_POINT('',(-6.312688530209,-92.1318072039));
#4822 = CARTESIAN_POINT('',(-2.484503922592,-90.33942976553));
#4823 = ( GEOMETRIC_REPRESENTATION_CONTEXT(2) 
PARAMETRIC_REPRESENTATION_CONTEXT() REPRESENTATION_CONTEXT('2D SPACE',''
  ) );
#4824 = PCURVE('',#4825,#4830);
#4825 = PLANE('',#4826);
#4826 = AXIS2_PLACEMENT_3D('',#4827,#4828,#4829);
#4827 = CARTESIAN_POINT('',(-46.33942997815,-12.51549624082,286.3));
#4828 = DIRECTION('',(-0.905648323992,-0.424029613649,0.));
#4829 = DIRECTION('',(-0.424029613649,0.905648323992,0.));
#4830 = DEFINITIONAL_REPRESENTATION('',(#4831),#4834);
#4831 = B_SPLINE_CURVE_WITH_KNOTS('',1,(#4832,#4833),.UNSPECIFIED.,.F.,
  .F.,(2,2),(-24.50535008003,-20.2783399935),.PIECEWISE_BEZIER_KNOTS.);
#4832 = CARTESIAN_POINT('',(4.227010086524,-4.));
#4833 = CARTESIAN_POINT('',(0.,-4.));
#4834 = ( GEOMETRIC_REPRESENTATION_CONTEXT(2) 
PARAMETRIC_REPRESENTATION_CONTEXT() REPRESENTATION_CONTEXT('2D SPACE',''
  ) );
#4835 = ORIENTED_EDGE('',*,*,#4836,.T.);
#4836 = EDGE_CURVE('',#4811,#4837,#4839,.T.);
#4837 = VERTEX_POINT('',#4838);
#4838 = CARTESIAN_POINT('',(-52.54247114477,-16.32680528603,290.3));
#4839 = SURFACE_CURVE('',#4840,(#4844,#4850),.PCURVE_S1.);
#4840 = LINE('',#4841,#4842);
#4841 = CARTESIAN_POINT('',(-17.20441668704,5.385810022672,290.3));
#4842 = VECTOR('',#4843,1.);
#4843 = DIRECTION('',(-0.852022718495,-0.523504811027,0.));
#4844 = PCURVE('',#3702,#4845);
#4845 = DEFINITIONAL_REPRESENTATION('',(#4846),#4849);
#4846 = B_SPLINE_CURVE_WITH_KNOTS('',1,(#4847,#4848),.UNSPECIFIED.,.F.,
  .F.,(2,2),(34.195113180296,41.475483799493),.PIECEWISE_BEZIER_KNOTS.);
#4847 = CARTESIAN_POINT('',(-2.484503922592,-90.33942976553));
#4848 = CARTESIAN_POINT('',(1.326805097489,-96.54247094759));
#4849 = ( GEOMETRIC_REPRESENTATION_CONTEXT(2) 
PARAMETRIC_REPRESENTATION_CONTEXT() REPRESENTATION_CONTEXT('2D SPACE',''
  ) );
#4850 = PCURVE('',#4851,#4856);
#4851 = PLANE('',#4852);
#4852 = AXIS2_PLACEMENT_3D('',#4853,#4854,#4855);
#4853 = CARTESIAN_POINT('',(-52.54247114477,-16.32680528603,286.3));
#4854 = DIRECTION('',(-0.523504811027,0.852022718495,0.));
#4855 = DIRECTION('',(0.852022718495,0.523504811027,0.));
#4856 = DEFINITIONAL_REPRESENTATION('',(#4857),#4860);
#4857 = B_SPLINE_CURVE_WITH_KNOTS('',1,(#4858,#4859),.UNSPECIFIED.,.F.,
  .F.,(2,2),(34.195113180296,41.475483799493),.PIECEWISE_BEZIER_KNOTS.);
#4858 = CARTESIAN_POINT('',(7.280370619197,-4.));
#4859 = CARTESIAN_POINT('',(0.,-4.));
#4860 = ( GEOMETRIC_REPRESENTATION_CONTEXT(2) 
PARAMETRIC_REPRESENTATION_CONTEXT() REPRESENTATION_CONTEXT('2D SPACE',''
  ) );
#4861 = ORIENTED_EDGE('',*,*,#4862,.T.);
#4862 = EDGE_CURVE('',#4837,#4863,#4865,.T.);
#4863 = VERTEX_POINT('',#4864);
#4864 = CARTESIAN_POINT('',(-52.16750352339,-20.53715129966,290.3));
#4865 = SURFACE_CURVE('',#4866,(#4870,#4876),.PCURVE_S1.);
#4866 = LINE('',#4867,#4868);
#4867 = CARTESIAN_POINT('',(-52.03375655807,-22.03893697433,290.3));
#4868 = VECTOR('',#4869,1.);
#4869 = DIRECTION('',(8.870752936637E-02,-0.996057716317,0.));
#4870 = PCURVE('',#3702,#4871);
#4871 = DEFINITIONAL_REPRESENTATION('',(#4872),#4875);
#4872 = B_SPLINE_CURVE_WITH_KNOTS('',1,(#4873,#4874),.UNSPECIFIED.,.F.,
  .F.,(2,2),(-5.734739658884,-1.50772957236),.PIECEWISE_BEZIER_KNOTS.);
#4873 = CARTESIAN_POINT('',(1.326805097489,-96.54247094759));
#4874 = CARTESIAN_POINT('',(5.537151112638,-96.16750334327));
#4875 = ( GEOMETRIC_REPRESENTATION_CONTEXT(2) 
PARAMETRIC_REPRESENTATION_CONTEXT() REPRESENTATION_CONTEXT('2D SPACE',''
  ) );
#4876 = PCURVE('',#4877,#4882);
#4877 = PLANE('',#4878);
#4878 = AXIS2_PLACEMENT_3D('',#4879,#4880,#4881);
#4879 = CARTESIAN_POINT('',(-52.16750352339,-20.53715129966,286.3));
#4880 = DIRECTION('',(-0.996057716317,-8.870752936637E-02,0.));
#4881 = DIRECTION('',(-8.870752936637E-02,0.996057716317,0.));
#4882 = DEFINITIONAL_REPRESENTATION('',(#4883),#4886);
#4883 = B_SPLINE_CURVE_WITH_KNOTS('',1,(#4884,#4885),.UNSPECIFIED.,.F.,
  .F.,(2,2),(-5.734739658884,-1.50772957236),.PIECEWISE_BEZIER_KNOTS.);
#4884 = CARTESIAN_POINT('',(4.227010086524,-4.));
#4885 = CARTESIAN_POINT('',(0.,-4.));
#4886 = ( GEOMETRIC_REPRESENTATION_CONTEXT(2) 
PARAMETRIC_REPRESENTATION_CONTEXT() REPRESENTATION_CONTEXT('2D SPACE',''
  ) );
#4887 = ORIENTED_EDGE('',*,*,#4888,.T.);
#4888 = EDGE_CURVE('',#4863,#4889,#4891,.T.);
#4889 = VERTEX_POINT('',#4890);
#4890 = CARTESIAN_POINT('',(-59.3,-21.99704525612,290.3));
#4891 = SURFACE_CURVE('',#4892,(#4896,#4902),.PCURVE_S1.);
#4892 = LINE('',#4893,#4894);
#4893 = CARTESIAN_POINT('',(-9.039563203634,-11.70963632875,290.3));
#4894 = VECTOR('',#4895,1.);
#4895 = DIRECTION('',(-0.979688651811,-0.200524675572,0.));
#4896 = PCURVE('',#3702,#4897);
#4897 = DEFINITIONAL_REPRESENTATION('',(#4898),#4901);
#4898 = B_SPLINE_CURVE_WITH_KNOTS('',1,(#4899,#4900),.UNSPECIFIED.,.F.,
  .F.,(2,2),(44.022088282891,51.302458902088),.PIECEWISE_BEZIER_KNOTS.);
#4899 = CARTESIAN_POINT('',(5.537151112638,-96.16750334327));
#4900 = CARTESIAN_POINT('',(6.9970450402,-103.2999998257));
#4901 = ( GEOMETRIC_REPRESENTATION_CONTEXT(2) 
PARAMETRIC_REPRESENTATION_CONTEXT() REPRESENTATION_CONTEXT('2D SPACE',''
  ) );
#4902 = PCURVE('',#4903,#4908);
#4903 = PLANE('',#4904);
#4904 = AXIS2_PLACEMENT_3D('',#4905,#4906,#4907);
#4905 = CARTESIAN_POINT('',(-59.3,-21.99704525612,286.3));
#4906 = DIRECTION('',(-0.200524675572,0.979688651811,0.));
#4907 = DIRECTION('',(0.979688651811,0.200524675572,0.));
#4908 = DEFINITIONAL_REPRESENTATION('',(#4909),#4912);
#4909 = B_SPLINE_CURVE_WITH_KNOTS('',1,(#4910,#4911),.UNSPECIFIED.,.F.,
  .F.,(2,2),(44.022088282891,51.302458902088),.PIECEWISE_BEZIER_KNOTS.);
#4910 = CARTESIAN_POINT('',(7.280370619197,-4.));
#4911 = CARTESIAN_POINT('',(0.,-4.));
#4912 = ( GEOMETRIC_REPRESENTATION_CONTEXT(2) 
PARAMETRIC_REPRESENTATION_CONTEXT() REPRESENTATION_CONTEXT('2D SPACE',''
  ) );
#4913 = ORIENTED_EDGE('',*,*,#4914,.T.);
#4914 = EDGE_CURVE('',#4889,#4915,#4917,.T.);
#4915 = VERTEX_POINT('',#4916);
#4916 = CARTESIAN_POINT('',(-60.38766884018,-26.08172281569,290.3));
#4917 = SURFACE_CURVE('',#4918,(#4922,#4928),.PCURVE_S1.);
#4918 = LINE('',#4919,#4920);
#4919 = CARTESIAN_POINT('',(-55.55415604584,-7.929744460237,290.3));
#4920 = VECTOR('',#4921,1.);
#4921 = DIRECTION('',(-0.257313992141,-0.966327847807,0.));
#4922 = PCURVE('',#3702,#4923);
#4923 = DEFINITIONAL_REPRESENTATION('',(#4924),#4927);
#4924 = B_SPLINE_CURVE_WITH_KNOTS('',1,(#4925,#4926),.UNSPECIFIED.,.F.,
  .F.,(2,2),(14.557482564334,18.784492650859),.PIECEWISE_BEZIER_KNOTS.);
#4925 = CARTESIAN_POINT('',(6.9970450402,-103.2999998257));
#4926 = CARTESIAN_POINT('',(11.081722595365,-104.3876686825));
#4927 = ( GEOMETRIC_REPRESENTATION_CONTEXT(2) 
PARAMETRIC_REPRESENTATION_CONTEXT() REPRESENTATION_CONTEXT('2D SPACE',''
  ) );
#4928 = PCURVE('',#4929,#4934);
#4929 = PLANE('',#4930);
#4930 = AXIS2_PLACEMENT_3D('',#4931,#4932,#4933);
#4931 = CARTESIAN_POINT('',(-60.38766884018,-26.08172281569,286.3));
#4932 = DIRECTION('',(-0.966327847807,0.257313992141,0.));
#4933 = DIRECTION('',(0.257313992141,0.966327847807,0.));
#4934 = DEFINITIONAL_REPRESENTATION('',(#4935),#4938);
#4935 = B_SPLINE_CURVE_WITH_KNOTS('',1,(#4936,#4937),.UNSPECIFIED.,.F.,
  .F.,(2,2),(14.557482564334,18.784492650859),.PIECEWISE_BEZIER_KNOTS.);
#4936 = CARTESIAN_POINT('',(4.227010086524,-4.));
#4937 = CARTESIAN_POINT('',(0.,-4.));
#4938 = ( GEOMETRIC_REPRESENTATION_CONTEXT(2) 
PARAMETRIC_REPRESENTATION_CONTEXT() REPRESENTATION_CONTEXT('2D SPACE',''
  ) );
#4939 = ORIENTED_EDGE('',*,*,#4940,.T.);
#4940 = EDGE_CURVE('',#4915,#4941,#4943,.T.);
#4941 = VERTEX_POINT('',#4942);
#4942 = CARTESIAN_POINT('',(-67.58933628726,-25.01411692651,290.3));
#4943 = SURFACE_CURVE('',#4944,(#4948,#4954),.PCURVE_S1.);
#4944 = LINE('',#4945,#4946);
#4945 = CARTESIAN_POINT('',(-13.72077103361,-32.9998227272,290.3));
#4946 = VECTOR('',#4947,1.);
#4947 = DIRECTION('',(-0.989189675054,0.146641695187,0.));
#4948 = PCURVE('',#3702,#4949);
#4949 = DEFINITIONAL_REPRESENTATION('',(#4950),#4953);
#4950 = B_SPLINE_CURVE_WITH_KNOTS('',1,(#4951,#4952),.UNSPECIFIED.,.F.,
  .F.,(2,2),(47.176895375542,54.457265994739),.PIECEWISE_BEZIER_KNOTS.);
#4951 = CARTESIAN_POINT('',(11.081722595365,-104.3876686825));
#4952 = CARTESIAN_POINT('',(10.014116677004,-111.5893361252));
#4953 = ( GEOMETRIC_REPRESENTATION_CONTEXT(2) 
PARAMETRIC_REPRESENTATION_CONTEXT() REPRESENTATION_CONTEXT('2D SPACE',''
  ) );
#4954 = PCURVE('',#4955,#4960);
#4955 = PLANE('',#4956);
#4956 = AXIS2_PLACEMENT_3D('',#4957,#4958,#4959);
#4957 = CARTESIAN_POINT('',(-67.58933628726,-25.01411692651,286.3));
#4958 = DIRECTION('',(0.146641695187,0.989189675054,-0.));
#4959 = DIRECTION('',(0.989189675054,-0.146641695187,0.));
#4960 = DEFINITIONAL_REPRESENTATION('',(#4961),#4964);
#4961 = B_SPLINE_CURVE_WITH_KNOTS('',1,(#4962,#4963),.UNSPECIFIED.,.F.,
  .F.,(2,2),(47.176895375542,54.457265994739),.PIECEWISE_BEZIER_KNOTS.);
#4962 = CARTESIAN_POINT('',(7.280370619197,-4.));
#4963 = CARTESIAN_POINT('',(0.,-4.));
#4964 = ( GEOMETRIC_REPRESENTATION_CONTEXT(2) 
PARAMETRIC_REPRESENTATION_CONTEXT() REPRESENTATION_CONTEXT('2D SPACE',''
  ) );
#4965 = ORIENTED_EDGE('',*,*,#4966,.T.);
#4966 = EDGE_CURVE('',#4941,#4967,#4969,.T.);
#4967 = VERTEX_POINT('',#4968);
#4968 = CARTESIAN_POINT('',(-70.0084526746,-28.48045363491,290.3));
#4969 = SURFACE_CURVE('',#4970,(#4974,#4980),.PCURVE_S1.);
#4970 = LINE('',#4971,#4972);
#4971 = CARTESIAN_POINT('',(-48.17477171205,2.804890962827,290.3));
#4972 = VECTOR('',#4973,1.);
#4973 = DIRECTION('',(-0.572299648647,-0.820044579373,0.));
#4974 = PCURVE('',#3702,#4975);
#4975 = DEFINITIONAL_REPRESENTATION('',(#4976),#4979);
#4976 = B_SPLINE_CURVE_WITH_KNOTS('',1,(#4977,#4978),.UNSPECIFIED.,.F.,
  .F.,(2,2),(33.9237751082,38.150785194724),.PIECEWISE_BEZIER_KNOTS.);
#4977 = CARTESIAN_POINT('',(10.014116677004,-111.5893361252));
#4978 = CARTESIAN_POINT('',(13.480453375612,-114.0084525266));
#4979 = ( GEOMETRIC_REPRESENTATION_CONTEXT(2) 
PARAMETRIC_REPRESENTATION_CONTEXT() REPRESENTATION_CONTEXT('2D SPACE',''
  ) );
#4980 = PCURVE('',#4981,#4986);
#4981 = PLANE('',#4982);
#4982 = AXIS2_PLACEMENT_3D('',#4983,#4984,#4985);
#4983 = CARTESIAN_POINT('',(-70.0084526746,-28.48045363491,286.3));
#4984 = DIRECTION('',(-0.820044579373,0.572299648647,0.));
#4985 = DIRECTION('',(0.572299648647,0.820044579373,0.));
#4986 = DEFINITIONAL_REPRESENTATION('',(#4987),#4990);
#4987 = B_SPLINE_CURVE_WITH_KNOTS('',1,(#4988,#4989),.UNSPECIFIED.,.F.,
  .F.,(2,2),(33.9237751082,38.150785194724),.PIECEWISE_BEZIER_KNOTS.);
#4988 = CARTESIAN_POINT('',(4.227010086524,-4.));
#4989 = CARTESIAN_POINT('',(0.,-4.));
#4990 = ( GEOMETRIC_REPRESENTATION_CONTEXT(2) 
PARAMETRIC_REPRESENTATION_CONTEXT() REPRESENTATION_CONTEXT('2D SPACE',''
  ) );
#4991 = ORIENTED_EDGE('',*,*,#4992,.T.);
#4992 = EDGE_CURVE('',#4967,#4993,#4995,.T.);
#4993 = VERTEX_POINT('',#4994);
#4994 = CARTESIAN_POINT('',(-76.41066371274,-25.01411692651,290.3));
#4995 = SURFACE_CURVE('',#4996,(#5000,#5006),.PCURVE_S1.);
#4996 = LINE('',#4997,#4998);
#4997 = CARTESIAN_POINT('',(-31.94975727365,-49.08649928955,290.3));
#4998 = VECTOR('',#4999,1.);
#4999 = DIRECTION('',(-0.8793798246,0.476120913305,0.));
#5000 = PCURVE('',#3702,#5001);
#5001 = DEFINITIONAL_REPRESENTATION('',(#5002),#5005);
#5002 = B_SPLINE_CURVE_WITH_KNOTS('',1,(#5003,#5004),.UNSPECIFIED.,.F.,
  .F.,(2,2),(43.279018162882,50.55938878208),.PIECEWISE_BEZIER_KNOTS.);
#5003 = CARTESIAN_POINT('',(13.480453375612,-114.0084525266));
#5004 = CARTESIAN_POINT('',(10.014116641268,-120.4106635507));
#5005 = ( GEOMETRIC_REPRESENTATION_CONTEXT(2) 
PARAMETRIC_REPRESENTATION_CONTEXT() REPRESENTATION_CONTEXT('2D SPACE',''
  ) );
#5006 = PCURVE('',#5007,#5012);
#5007 = PLANE('',#5008);
#5008 = AXIS2_PLACEMENT_3D('',#5009,#5010,#5011);
#5009 = CARTESIAN_POINT('',(-76.41066371274,-25.01411692651,286.3));
#5010 = DIRECTION('',(0.476120913305,0.8793798246,-0.));
#5011 = DIRECTION('',(0.8793798246,-0.476120913305,0.));
#5012 = DEFINITIONAL_REPRESENTATION('',(#5013),#5016);
#5013 = B_SPLINE_CURVE_WITH_KNOTS('',1,(#5014,#5015),.UNSPECIFIED.,.F.,
  .F.,(2,2),(43.279018162882,50.55938878208),.PIECEWISE_BEZIER_KNOTS.);
#5014 = CARTESIAN_POINT('',(7.280370619197,-4.));
#5015 = CARTESIAN_POINT('',(0.,-4.));
#5016 = ( GEOMETRIC_REPRESENTATION_CONTEXT(2) 
PARAMETRIC_REPRESENTATION_CONTEXT() REPRESENTATION_CONTEXT('2D SPACE',''
  ) );
#5017 = ORIENTED_EDGE('',*,*,#5018,.T.);
#5018 = EDGE_CURVE('',#4993,#5019,#5021,.T.);
#5019 = VERTEX_POINT('',#5020);
#5020 = CARTESIAN_POINT('',(-79.86944650857,-27.44402141903,290.3));
#5021 = SURFACE_CURVE('',#5022,(#5026,#5032),.PCURVE_S1.);
#5022 = LINE('',#5023,#5024);
#5023 = CARTESIAN_POINT('',(-35.47464955494,3.744729922163,290.3));
#5024 = VECTOR('',#5025,1.);
#5025 = DIRECTION('',(-0.818257521282,-0.574851832097,0.));
#5026 = PCURVE('',#3702,#5027);
#5027 = DEFINITIONAL_REPRESENTATION('',(#5028),#5031);
#5028 = B_SPLINE_CURVE_WITH_KNOTS('',1,(#5029,#5030),.UNSPECIFIED.,.F.,
  .F.,(2,2),(50.028277275883,54.255287362407),.PIECEWISE_BEZIER_KNOTS.);
#5029 = CARTESIAN_POINT('',(10.014116641268,-120.4106635507));
#5030 = CARTESIAN_POINT('',(12.444021119785,-123.8694463564));
#5031 = ( GEOMETRIC_REPRESENTATION_CONTEXT(2) 
PARAMETRIC_REPRESENTATION_CONTEXT() REPRESENTATION_CONTEXT('2D SPACE',''
  ) );
#5032 = PCURVE('',#5033,#5038);
#5033 = PLANE('',#5034);
#5034 = AXIS2_PLACEMENT_3D('',#5035,#5036,#5037);
#5035 = CARTESIAN_POINT('',(-79.86944650857,-27.44402141903,286.3));
#5036 = DIRECTION('',(-0.574851832097,0.818257521282,0.));
#5037 = DIRECTION('',(0.818257521282,0.574851832097,0.));
#5038 = DEFINITIONAL_REPRESENTATION('',(#5039),#5042);
#5039 = B_SPLINE_CURVE_WITH_KNOTS('',1,(#5040,#5041),.UNSPECIFIED.,.F.,
  .F.,(2,2),(50.028277275883,54.255287362407),.PIECEWISE_BEZIER_KNOTS.);
#5040 = CARTESIAN_POINT('',(4.227010086524,-4.));
#5041 = CARTESIAN_POINT('',(0.,-4.));
#5042 = ( GEOMETRIC_REPRESENTATION_CONTEXT(2) 
PARAMETRIC_REPRESENTATION_CONTEXT() REPRESENTATION_CONTEXT('2D SPACE',''
  ) );
#5043 = ORIENTED_EDGE('',*,*,#5044,.T.);
#5044 = EDGE_CURVE('',#5019,#5045,#5047,.T.);
#5045 = VERTEX_POINT('',#5046);
#5046 = CARTESIAN_POINT('',(-84.7,-21.99704525612,290.3));
#5047 = SURFACE_CURVE('',#5048,(#5052,#5058),.PCURVE_S1.);
#5048 = LINE('',#5049,#5050);
#5049 = CARTESIAN_POINT('',(-58.10745235215,-51.98304446017,290.3));
#5050 = VECTOR('',#5051,1.);
#5051 = DIRECTION('',(-0.663503789036,0.748172922482,0.));
#5052 = PCURVE('',#3702,#5053);
#5053 = DEFINITIONAL_REPRESENTATION('',(#5054),#5057);
#5054 = B_SPLINE_CURVE_WITH_KNOTS('',1,(#5055,#5056),.UNSPECIFIED.,.F.,
  .F.,(2,2),(32.7985981633,40.078968782497),.PIECEWISE_BEZIER_KNOTS.);
#5055 = CARTESIAN_POINT('',(12.444021119785,-123.8694463564));
#5056 = CARTESIAN_POINT('',(6.997044937301,-128.6999998257));
#5057 = ( GEOMETRIC_REPRESENTATION_CONTEXT(2) 
PARAMETRIC_REPRESENTATION_CONTEXT() REPRESENTATION_CONTEXT('2D SPACE',''
  ) );
#5058 = PCURVE('',#5059,#5064);
#5059 = PLANE('',#5060);
#5060 = AXIS2_PLACEMENT_3D('',#5061,#5062,#5063);
#5061 = CARTESIAN_POINT('',(-84.7,-21.99704525612,286.3));
#5062 = DIRECTION('',(0.748172922482,0.663503789036,-0.));
#5063 = DIRECTION('',(0.663503789036,-0.748172922482,0.));
#5064 = DEFINITIONAL_REPRESENTATION('',(#5065),#5068);
#5065 = B_SPLINE_CURVE_WITH_KNOTS('',1,(#5066,#5067),.UNSPECIFIED.,.F.,
  .F.,(2,2),(32.7985981633,40.078968782497),.PIECEWISE_BEZIER_KNOTS.);
#5066 = CARTESIAN_POINT('',(7.280370619197,-4.));
#5067 = CARTESIAN_POINT('',(0.,-4.));
#5068 = ( GEOMETRIC_REPRESENTATION_CONTEXT(2) 
PARAMETRIC_REPRESENTATION_CONTEXT() REPRESENTATION_CONTEXT('2D SPACE',''
  ) );
#5069 = ORIENTED_EDGE('',*,*,#5070,.T.);
#5070 = EDGE_CURVE('',#5045,#5071,#5073,.T.);
#5071 = VERTEX_POINT('',#5072);
#5072 = CARTESIAN_POINT('',(-88.78126895295,-23.0974351894,290.3));
#5073 = SURFACE_CURVE('',#5074,(#5078,#5084),.PCURVE_S1.);
#5074 = LINE('',#5075,#5076);
#5075 = CARTESIAN_POINT('',(-25.87217892533,-6.135914109507,290.3));
#5076 = VECTOR('',#5077,1.);
#5077 = DIRECTION('',(-0.965521460656,-0.26032346996,0.));
#5078 = PCURVE('',#3702,#5079);
#5079 = DEFINITIONAL_REPRESENTATION('',(#5080),#5083);
#5080 = B_SPLINE_CURVE_WITH_KNOTS('',1,(#5081,#5082),.UNSPECIFIED.,.F.,
  .F.,(2,2),(60.928548428824,65.155558515348),.PIECEWISE_BEZIER_KNOTS.);
#5081 = CARTESIAN_POINT('',(6.997044937301,-128.6999998257));
#5082 = CARTESIAN_POINT('',(8.097434854047,-132.7812687831));
#5083 = ( GEOMETRIC_REPRESENTATION_CONTEXT(2) 
PARAMETRIC_REPRESENTATION_CONTEXT() REPRESENTATION_CONTEXT('2D SPACE',''
  ) );
#5084 = PCURVE('',#5085,#5090);
#5085 = PLANE('',#5086);
#5086 = AXIS2_PLACEMENT_3D('',#5087,#5088,#5089);
#5087 = CARTESIAN_POINT('',(-88.78126895295,-23.0974351894,286.3));
#5088 = DIRECTION('',(-0.26032346996,0.965521460656,0.));
#5089 = DIRECTION('',(0.965521460656,0.26032346996,0.));
#5090 = DEFINITIONAL_REPRESENTATION('',(#5091),#5094);
#5091 = B_SPLINE_CURVE_WITH_KNOTS('',1,(#5092,#5093),.UNSPECIFIED.,.F.,
  .F.,(2,2),(60.928548428824,65.155558515348),.PIECEWISE_BEZIER_KNOTS.);
#5092 = CARTESIAN_POINT('',(4.227010086524,-4.));
#5093 = CARTESIAN_POINT('',(0.,-4.));
#5094 = ( GEOMETRIC_REPRESENTATION_CONTEXT(2) 
PARAMETRIC_REPRESENTATION_CONTEXT() REPRESENTATION_CONTEXT('2D SPACE',''
  ) );
#5095 = ORIENTED_EDGE('',*,*,#5096,.T.);
#5096 = EDGE_CURVE('',#5071,#5097,#5099,.T.);
#5097 = VERTEX_POINT('',#5098);
#5098 = CARTESIAN_POINT('',(-91.45752885522,-16.32680528603,290.3));
#5099 = SURFACE_CURVE('',#5100,(#5104,#5110),.PCURVE_S1.);
#5100 = LINE('',#5101,#5102);
#5101 = CARTESIAN_POINT('',(-82.53217880936,-38.90691488869,290.3));
#5102 = VECTOR('',#5103,1.);
#5103 = DIRECTION('',(-0.367599404241,0.929984235351,0.));
#5104 = PCURVE('',#3702,#5105);
#5105 = DEFINITIONAL_REPRESENTATION('',(#5106),#5109);
#5106 = B_SPLINE_CURVE_WITH_KNOTS('',1,(#5107,#5108),.UNSPECIFIED.,.F.,
  .F.,(2,2),(16.999728703269,24.280099322466),.PIECEWISE_BEZIER_KNOTS.);
#5107 = CARTESIAN_POINT('',(8.097434854047,-132.7812687831));
#5108 = CARTESIAN_POINT('',(1.326804939839,-135.457528658));
#5109 = ( GEOMETRIC_REPRESENTATION_CONTEXT(2) 
PARAMETRIC_REPRESENTATION_CONTEXT() REPRESENTATION_CONTEXT('2D SPACE',''
  ) );
#5110 = PCURVE('',#5111,#5116);
#5111 = PLANE('',#5112);
#5112 = AXIS2_PLACEMENT_3D('',#5113,#5114,#5115);
#5113 = CARTESIAN_POINT('',(-91.45752885522,-16.32680528603,286.3));
#5114 = DIRECTION('',(0.929984235351,0.367599404241,-0.));
#5115 = DIRECTION('',(0.367599404241,-0.929984235351,0.));
#5116 = DEFINITIONAL_REPRESENTATION('',(#5117),#5120);
#5117 = B_SPLINE_CURVE_WITH_KNOTS('',1,(#5118,#5119),.UNSPECIFIED.,.F.,
  .F.,(2,2),(16.999728703269,24.280099322466),.PIECEWISE_BEZIER_KNOTS.);
#5118 = CARTESIAN_POINT('',(7.280370619197,-4.));
#5119 = CARTESIAN_POINT('',(0.,-4.));
#5120 = ( GEOMETRIC_REPRESENTATION_CONTEXT(2) 
PARAMETRIC_REPRESENTATION_CONTEXT() REPRESENTATION_CONTEXT('2D SPACE',''
  ) );
#5121 = ORIENTED_EDGE('',*,*,#5122,.T.);
#5122 = EDGE_CURVE('',#5097,#4029,#5123,.T.);
#5123 = SURFACE_CURVE('',#5124,(#5128,#5134),.PCURVE_S1.);
#5124 = LINE('',#5125,#5126);
#5125 = CARTESIAN_POINT('',(-26.38740920728,-21.91757343413,290.3));
#5126 = VECTOR('',#5127,1.);
#5127 = DIRECTION('',(-0.996329262296,8.560374461888E-02,0.));
#5128 = PCURVE('',#3702,#5129);
#5129 = DEFINITIONAL_REPRESENTATION('',(#5130),#5133);
#5130 = B_SPLINE_CURVE_WITH_KNOTS('',1,(#5131,#5132),.UNSPECIFIED.,.F.,
  .F.,(2,2),(65.309854995108,67.861693264345),.PIECEWISE_BEZIER_KNOTS.);
#5131 = CARTESIAN_POINT('',(1.326804939839,-135.457528658));
#5132 = CARTESIAN_POINT('',(1.10835801803,-137.9999997974));
#5133 = ( GEOMETRIC_REPRESENTATION_CONTEXT(2) 
PARAMETRIC_REPRESENTATION_CONTEXT() REPRESENTATION_CONTEXT('2D SPACE',''
  ) );
#5134 = PCURVE('',#4070,#5135);
#5135 = DEFINITIONAL_REPRESENTATION('',(#5136),#5139);
#5136 = B_SPLINE_CURVE_WITH_KNOTS('',1,(#5137,#5138),.UNSPECIFIED.,.F.,
  .F.,(2,2),(65.309854995108,67.861693264345),.PIECEWISE_BEZIER_KNOTS.);
#5137 = CARTESIAN_POINT('',(4.227010086524,-4.));
#5138 = CARTESIAN_POINT('',(1.675171817287,-4.));
#5139 = ( GEOMETRIC_REPRESENTATION_CONTEXT(2) 
PARAMETRIC_REPRESENTATION_CONTEXT() REPRESENTATION_CONTEXT('2D SPACE',''
  ) );
#5140 = FACE_BOUND('',#5141,.T.);
#5141 = EDGE_LOOP('',(#5142,#5173,#5201,#5230,#5256,#5282,#5311,#5339,
    #5368,#5389,#5410,#5439,#5467,#5496,#5517,#5543,#5572,#5600,#5629,
    #5650));
#5142 = ORIENTED_EDGE('',*,*,#5143,.F.);
#5143 = EDGE_CURVE('',#5144,#5146,#5148,.T.);
#5144 = VERTEX_POINT('',#5145);
#5145 = CARTESIAN_POINT('',(-32.,-5.,290.3));
#5146 = VERTEX_POINT('',#5147);
#5147 = CARTESIAN_POINT('',(-31.88283267892,-6.932776783103,290.3));
#5148 = SURFACE_CURVE('',#5149,(#5154,#5161),.PCURVE_S1.);
#5149 = CIRCLE('',#5150,16.);
#5150 = AXIS2_PLACEMENT_3D('',#5151,#5152,#5153);
#5151 = CARTESIAN_POINT('',(-16.,-5.,290.3));
#5152 = DIRECTION('',(0.,0.,1.));
#5153 = DIRECTION('',(1.,0.,0.));
#5154 = PCURVE('',#3702,#5155);
#5155 = DEFINITIONAL_REPRESENTATION('',(#5156),#5160);
#5156 = CIRCLE('',#5157,16.);
#5157 = AXIS2_PLACEMENT_2D('',#5158,#5159);
#5158 = CARTESIAN_POINT('',(-10.00000004051,-59.99999975693));
#5159 = DIRECTION('',(4.051126706559E-09,1.));
#5160 = ( GEOMETRIC_REPRESENTATION_CONTEXT(2) 
PARAMETRIC_REPRESENTATION_CONTEXT() REPRESENTATION_CONTEXT('2D SPACE',''
  ) );
#5161 = PCURVE('',#5162,#5167);
#5162 = CYLINDRICAL_SURFACE('',#5163,16.);
#5163 = AXIS2_PLACEMENT_3D('',#5164,#5165,#5166);
#5164 = CARTESIAN_POINT('',(-16.,-5.,290.3));
#5165 = DIRECTION('',(0.,0.,1.));
#5166 = DIRECTION('',(1.,0.,0.));
#5167 = DEFINITIONAL_REPRESENTATION('',(#5168),#5172);
#5168 = LINE('',#5169,#5170);
#5169 = CARTESIAN_POINT('',(0.,0.));
#5170 = VECTOR('',#5171,1.);
#5171 = DIRECTION('',(1.,0.));
#5172 = ( GEOMETRIC_REPRESENTATION_CONTEXT(2) 
PARAMETRIC_REPRESENTATION_CONTEXT() REPRESENTATION_CONTEXT('2D SPACE',''
  ) );
#5173 = ORIENTED_EDGE('',*,*,#5174,.T.);
#5174 = EDGE_CURVE('',#5144,#5175,#5177,.T.);
#5175 = VERTEX_POINT('',#5176);
#5176 = CARTESIAN_POINT('',(-32.,5.,290.3));
#5177 = SURFACE_CURVE('',#5178,(#5182,#5189),.PCURVE_S1.);
#5178 = LINE('',#5179,#5180);
#5179 = CARTESIAN_POINT('',(-32.,0.,290.3));
#5180 = VECTOR('',#5181,1.);
#5181 = DIRECTION('',(0.,1.,0.));
#5182 = PCURVE('',#3702,#5183);
#5183 = DEFINITIONAL_REPRESENTATION('',(#5184),#5188);
#5184 = LINE('',#5185,#5186);
#5185 = CARTESIAN_POINT('',(-15.00000010532,-75.99999973667));
#5186 = VECTOR('',#5187,1.);
#5187 = DIRECTION('',(-1.,4.051126706559E-09));
#5188 = ( GEOMETRIC_REPRESENTATION_CONTEXT(2) 
PARAMETRIC_REPRESENTATION_CONTEXT() REPRESENTATION_CONTEXT('2D SPACE',''
  ) );
#5189 = PCURVE('',#5190,#5195);
#5190 = PLANE('',#5191);
#5191 = AXIS2_PLACEMENT_3D('',#5192,#5193,#5194);
#5192 = CARTESIAN_POINT('',(-32.,-5.,290.3));
#5193 = DIRECTION('',(1.,0.,0.));
#5194 = DIRECTION('',(-0.,1.,0.));
#5195 = DEFINITIONAL_REPRESENTATION('',(#5196),#5200);
#5196 = LINE('',#5197,#5198);
#5197 = CARTESIAN_POINT('',(5.,0.));
#5198 = VECTOR('',#5199,1.);
#5199 = DIRECTION('',(1.,0.));
#5200 = ( GEOMETRIC_REPRESENTATION_CONTEXT(2) 
PARAMETRIC_REPRESENTATION_CONTEXT() REPRESENTATION_CONTEXT('2D SPACE',''
  ) );
#5201 = ORIENTED_EDGE('',*,*,#5202,.F.);
#5202 = EDGE_CURVE('',#5203,#5175,#5205,.T.);
#5203 = VERTEX_POINT('',#5204);
#5204 = CARTESIAN_POINT('',(-31.88283267892,6.932776783103,290.3));
#5205 = SURFACE_CURVE('',#5206,(#5211,#5218),.PCURVE_S1.);
#5206 = CIRCLE('',#5207,16.);
#5207 = AXIS2_PLACEMENT_3D('',#5208,#5209,#5210);
#5208 = CARTESIAN_POINT('',(-16.,5.,290.3));
#5209 = DIRECTION('',(0.,0.,1.));
#5210 = DIRECTION('',(1.,0.,0.));
#5211 = PCURVE('',#3702,#5212);
#5212 = DEFINITIONAL_REPRESENTATION('',(#5213),#5217);
#5213 = CIRCLE('',#5214,16.);
#5214 = AXIS2_PLACEMENT_2D('',#5215,#5216);
#5215 = CARTESIAN_POINT('',(-20.00000004051,-59.99999971642));
#5216 = DIRECTION('',(4.051126706559E-09,1.));
#5217 = ( GEOMETRIC_REPRESENTATION_CONTEXT(2) 
PARAMETRIC_REPRESENTATION_CONTEXT() REPRESENTATION_CONTEXT('2D SPACE',''
  ) );
#5218 = PCURVE('',#5219,#5224);
#5219 = CYLINDRICAL_SURFACE('',#5220,16.);
#5220 = AXIS2_PLACEMENT_3D('',#5221,#5222,#5223);
#5221 = CARTESIAN_POINT('',(-16.,5.,290.3));
#5222 = DIRECTION('',(0.,0.,1.));
#5223 = DIRECTION('',(1.,0.,0.));
#5224 = DEFINITIONAL_REPRESENTATION('',(#5225),#5229);
#5225 = LINE('',#5226,#5227);
#5226 = CARTESIAN_POINT('',(0.,0.));
#5227 = VECTOR('',#5228,1.);
#5228 = DIRECTION('',(1.,0.));
#5229 = ( GEOMETRIC_REPRESENTATION_CONTEXT(2) 
PARAMETRIC_REPRESENTATION_CONTEXT() REPRESENTATION_CONTEXT('2D SPACE',''
  ) );
#5230 = ORIENTED_EDGE('',*,*,#5231,.T.);
#5231 = EDGE_CURVE('',#5203,#5232,#5234,.T.);
#5232 = VERTEX_POINT('',#5233);
#5233 = CARTESIAN_POINT('',(-31.88283267892,14.,290.3));
#5234 = SURFACE_CURVE('',#5235,(#5239,#5245),.PCURVE_S1.);
#5235 = LINE('',#5236,#5237);
#5236 = CARTESIAN_POINT('',(-31.88283267892,0.,290.3));
#5237 = VECTOR('',#5238,1.);
#5238 = DIRECTION('',(-0.,1.,0.));
#5239 = PCURVE('',#3702,#5240);
#5240 = DEFINITIONAL_REPRESENTATION('',(#5241),#5244);
#5241 = B_SPLINE_CURVE_WITH_KNOTS('',1,(#5242,#5243),.UNSPECIFIED.,.F.,
  .F.,(2,2),(-14.0000006,14.0000006),.PIECEWISE_BEZIER_KNOTS.);
#5242 = CARTESIAN_POINT('',(-0.999999504855,-75.88283247231));
#5243 = CARTESIAN_POINT('',(-29.00000070485,-75.88283235888));
#5244 = ( GEOMETRIC_REPRESENTATION_CONTEXT(2) 
PARAMETRIC_REPRESENTATION_CONTEXT() REPRESENTATION_CONTEXT('2D SPACE',''
  ) );
#5245 = PCURVE('',#5246,#5251);
#5246 = CYLINDRICAL_SURFACE('',#5247,141.375);
#5247 = AXIS2_PLACEMENT_3D('',#5248,#5249,#5250);
#5248 = CARTESIAN_POINT('',(15.,0.,156.925));
#5249 = DIRECTION('',(-0.,1.,0.));
#5250 = DIRECTION('',(-0.403183023873,-0.,0.915119363395));
#5251 = DEFINITIONAL_REPRESENTATION('',(#5252),#5255);
#5252 = B_SPLINE_CURVE_WITH_KNOTS('',1,(#5253,#5254),.UNSPECIFIED.,.F.,
  .F.,(2,2),(-14.0000006,14.0000006),.PIECEWISE_BEZIER_KNOTS.);
#5253 = CARTESIAN_POINT('',(7.69718117087E-02,-14.0000006));
#5254 = CARTESIAN_POINT('',(7.69718117087E-02,14.0000006));
#5255 = ( GEOMETRIC_REPRESENTATION_CONTEXT(2) 
PARAMETRIC_REPRESENTATION_CONTEXT() REPRESENTATION_CONTEXT('2D SPACE',''
  ) );
#5256 = ORIENTED_EDGE('',*,*,#5257,.F.);
#5257 = EDGE_CURVE('',#5258,#5232,#5260,.T.);
#5258 = VERTEX_POINT('',#5259);
#5259 = CARTESIAN_POINT('',(-29.22875655532,14.,290.3));
#5260 = SURFACE_CURVE('',#5261,(#5265,#5271),.PCURVE_S1.);
#5261 = LINE('',#5262,#5263);
#5262 = CARTESIAN_POINT('',(29.499999898722,14.,290.3));
#5263 = VECTOR('',#5264,1.);
#5264 = DIRECTION('',(-1.,0.,0.));
#5265 = PCURVE('',#3702,#5266);
#5266 = DEFINITIONAL_REPRESENTATION('',(#5267),#5270);
#5267 = B_SPLINE_CURVE_WITH_KNOTS('',1,(#5268,#5269),.UNSPECIFIED.,.F.,
  .F.,(2,2),(-42.50000010127,71.499999898722),.PIECEWISE_BEZIER_KNOTS.);
#5268 = CARTESIAN_POINT('',(-28.99999968401,28.000000320039));
#5269 = CARTESIAN_POINT('',(-29.00000014584,-85.99999967996));
#5270 = ( GEOMETRIC_REPRESENTATION_CONTEXT(2) 
PARAMETRIC_REPRESENTATION_CONTEXT() REPRESENTATION_CONTEXT('2D SPACE',''
  ) );
#5271 = PCURVE('',#5272,#5277);
#5272 = PLANE('',#5273);
#5273 = AXIS2_PLACEMENT_3D('',#5274,#5275,#5276);
#5274 = CARTESIAN_POINT('',(15.,14.,291.64386610114));
#5275 = DIRECTION('',(0.,1.,0.));
#5276 = DIRECTION('',(0.,-0.,1.));
#5277 = DEFINITIONAL_REPRESENTATION('',(#5278),#5281);
#5278 = B_SPLINE_CURVE_WITH_KNOTS('',1,(#5279,#5280),.UNSPECIFIED.,.F.,
  .F.,(2,2),(-42.50000010127,71.499999898722),.PIECEWISE_BEZIER_KNOTS.);
#5279 = CARTESIAN_POINT('',(-1.343866101147,57.));
#5280 = CARTESIAN_POINT('',(-1.343866101147,-57.));
#5281 = ( GEOMETRIC_REPRESENTATION_CONTEXT(2) 
PARAMETRIC_REPRESENTATION_CONTEXT() REPRESENTATION_CONTEXT('2D SPACE',''
  ) );
#5282 = ORIENTED_EDGE('',*,*,#5283,.F.);
#5283 = EDGE_CURVE('',#5284,#5258,#5286,.T.);
#5284 = VERTEX_POINT('',#5285);
#5285 = CARTESIAN_POINT('',(-16.,21.,290.3));
#5286 = SURFACE_CURVE('',#5287,(#5292,#5299),.PCURVE_S1.);
#5287 = CIRCLE('',#5288,16.);
#5288 = AXIS2_PLACEMENT_3D('',#5289,#5290,#5291);
#5289 = CARTESIAN_POINT('',(-16.,5.,290.3));
#5290 = DIRECTION('',(0.,0.,1.));
#5291 = DIRECTION('',(1.,0.,0.));
#5292 = PCURVE('',#3702,#5293);
#5293 = DEFINITIONAL_REPRESENTATION('',(#5294),#5298);
#5294 = CIRCLE('',#5295,16.);
#5295 = AXIS2_PLACEMENT_2D('',#5296,#5297);
#5296 = CARTESIAN_POINT('',(-20.00000004051,-59.99999971642));
#5297 = DIRECTION('',(4.051126706559E-09,1.));
#5298 = ( GEOMETRIC_REPRESENTATION_CONTEXT(2) 
PARAMETRIC_REPRESENTATION_CONTEXT() REPRESENTATION_CONTEXT('2D SPACE',''
  ) );
#5299 = PCURVE('',#5300,#5305);
#5300 = CYLINDRICAL_SURFACE('',#5301,16.);
#5301 = AXIS2_PLACEMENT_3D('',#5302,#5303,#5304);
#5302 = CARTESIAN_POINT('',(-16.,5.,290.3));
#5303 = DIRECTION('',(0.,0.,1.));
#5304 = DIRECTION('',(1.,0.,0.));
#5305 = DEFINITIONAL_REPRESENTATION('',(#5306),#5310);
#5306 = LINE('',#5307,#5308);
#5307 = CARTESIAN_POINT('',(0.,0.));
#5308 = VECTOR('',#5309,1.);
#5309 = DIRECTION('',(1.,0.));
#5310 = ( GEOMETRIC_REPRESENTATION_CONTEXT(2) 
PARAMETRIC_REPRESENTATION_CONTEXT() REPRESENTATION_CONTEXT('2D SPACE',''
  ) );
#5311 = ORIENTED_EDGE('',*,*,#5312,.T.);
#5312 = EDGE_CURVE('',#5284,#5313,#5315,.T.);
#5313 = VERTEX_POINT('',#5314);
#5314 = CARTESIAN_POINT('',(46.,21.,290.3));
#5315 = SURFACE_CURVE('',#5316,(#5320,#5327),.PCURVE_S1.);
#5316 = LINE('',#5317,#5318);
#5317 = CARTESIAN_POINT('',(15.,21.,290.3));
#5318 = VECTOR('',#5319,1.);
#5319 = DIRECTION('',(1.,0.,0.));
#5320 = PCURVE('',#3702,#5321);
#5321 = DEFINITIONAL_REPRESENTATION('',(#5322),#5326);
#5322 = LINE('',#5323,#5324);
#5323 = CARTESIAN_POINT('',(-35.99999991492,-28.9999996516));
#5324 = VECTOR('',#5325,1.);
#5325 = DIRECTION('',(4.051126706559E-09,1.));
#5326 = ( GEOMETRIC_REPRESENTATION_CONTEXT(2) 
PARAMETRIC_REPRESENTATION_CONTEXT() REPRESENTATION_CONTEXT('2D SPACE',''
  ) );
#5327 = PCURVE('',#5328,#5333);
#5328 = PLANE('',#5329);
#5329 = AXIS2_PLACEMENT_3D('',#5330,#5331,#5332);
#5330 = CARTESIAN_POINT('',(-16.,21.,290.3));
#5331 = DIRECTION('',(0.,-1.,0.));
#5332 = DIRECTION('',(1.,0.,0.));
#5333 = DEFINITIONAL_REPRESENTATION('',(#5334),#5338);
#5334 = LINE('',#5335,#5336);
#5335 = CARTESIAN_POINT('',(31.,0.));
#5336 = VECTOR('',#5337,1.);
#5337 = DIRECTION('',(1.,0.));
#5338 = ( GEOMETRIC_REPRESENTATION_CONTEXT(2) 
PARAMETRIC_REPRESENTATION_CONTEXT() REPRESENTATION_CONTEXT('2D SPACE',''
  ) );
#5339 = ORIENTED_EDGE('',*,*,#5340,.F.);
#5340 = EDGE_CURVE('',#5341,#5313,#5343,.T.);
#5341 = VERTEX_POINT('',#5342);
#5342 = CARTESIAN_POINT('',(59.228756555323,14.,290.3));
#5343 = SURFACE_CURVE('',#5344,(#5349,#5356),.PCURVE_S1.);
#5344 = CIRCLE('',#5345,16.);
#5345 = AXIS2_PLACEMENT_3D('',#5346,#5347,#5348);
#5346 = CARTESIAN_POINT('',(46.,5.,290.3));
#5347 = DIRECTION('',(0.,0.,1.));
#5348 = DIRECTION('',(1.,0.,0.));
#5349 = PCURVE('',#3702,#5350);
#5350 = DEFINITIONAL_REPRESENTATION('',(#5351),#5355);
#5351 = CIRCLE('',#5352,16.);
#5352 = AXIS2_PLACEMENT_2D('',#5353,#5354);
#5353 = CARTESIAN_POINT('',(-19.99999978934,2.000000283579));
#5354 = DIRECTION('',(4.051126706559E-09,1.));
#5355 = ( GEOMETRIC_REPRESENTATION_CONTEXT(2) 
PARAMETRIC_REPRESENTATION_CONTEXT() REPRESENTATION_CONTEXT('2D SPACE',''
  ) );
#5356 = PCURVE('',#5357,#5362);
#5357 = CYLINDRICAL_SURFACE('',#5358,16.);
#5358 = AXIS2_PLACEMENT_3D('',#5359,#5360,#5361);
#5359 = CARTESIAN_POINT('',(46.,5.,290.3));
#5360 = DIRECTION('',(0.,0.,1.));
#5361 = DIRECTION('',(1.,0.,0.));
#5362 = DEFINITIONAL_REPRESENTATION('',(#5363),#5367);
#5363 = LINE('',#5364,#5365);
#5364 = CARTESIAN_POINT('',(0.,0.));
#5365 = VECTOR('',#5366,1.);
#5366 = DIRECTION('',(1.,0.));
#5367 = ( GEOMETRIC_REPRESENTATION_CONTEXT(2) 
PARAMETRIC_REPRESENTATION_CONTEXT() REPRESENTATION_CONTEXT('2D SPACE',''
  ) );
#5368 = ORIENTED_EDGE('',*,*,#5369,.F.);
#5369 = EDGE_CURVE('',#5370,#5341,#5372,.T.);
#5370 = VERTEX_POINT('',#5371);
#5371 = CARTESIAN_POINT('',(61.882832678924,14.,290.3));
#5372 = SURFACE_CURVE('',#5373,(#5377,#5383),.PCURVE_S1.);
#5373 = LINE('',#5374,#5375);
#5374 = CARTESIAN_POINT('',(29.499999898722,14.,290.3));
#5375 = VECTOR('',#5376,1.);
#5376 = DIRECTION('',(-1.,0.,0.));
#5377 = PCURVE('',#3702,#5378);
#5378 = DEFINITIONAL_REPRESENTATION('',(#5379),#5382);
#5379 = B_SPLINE_CURVE_WITH_KNOTS('',1,(#5380,#5381),.UNSPECIFIED.,.F.,
  .F.,(2,2),(-42.50000010127,71.499999898722),.PIECEWISE_BEZIER_KNOTS.);
#5380 = CARTESIAN_POINT('',(-28.99999968401,28.000000320039));
#5381 = CARTESIAN_POINT('',(-29.00000014584,-85.99999967996));
#5382 = ( GEOMETRIC_REPRESENTATION_CONTEXT(2) 
PARAMETRIC_REPRESENTATION_CONTEXT() REPRESENTATION_CONTEXT('2D SPACE',''
  ) );
#5383 = PCURVE('',#5272,#5384);
#5384 = DEFINITIONAL_REPRESENTATION('',(#5385),#5388);
#5385 = B_SPLINE_CURVE_WITH_KNOTS('',1,(#5386,#5387),.UNSPECIFIED.,.F.,
  .F.,(2,2),(-42.50000010127,71.499999898722),.PIECEWISE_BEZIER_KNOTS.);
#5386 = CARTESIAN_POINT('',(-1.343866101147,57.));
#5387 = CARTESIAN_POINT('',(-1.343866101147,-57.));
#5388 = ( GEOMETRIC_REPRESENTATION_CONTEXT(2) 
PARAMETRIC_REPRESENTATION_CONTEXT() REPRESENTATION_CONTEXT('2D SPACE',''
  ) );
#5389 = ORIENTED_EDGE('',*,*,#5390,.F.);
#5390 = EDGE_CURVE('',#5391,#5370,#5393,.T.);
#5391 = VERTEX_POINT('',#5392);
#5392 = CARTESIAN_POINT('',(61.882832678924,6.932776783103,290.3));
#5393 = SURFACE_CURVE('',#5394,(#5398,#5404),.PCURVE_S1.);
#5394 = LINE('',#5395,#5396);
#5395 = CARTESIAN_POINT('',(61.882832678924,0.,290.3));
#5396 = VECTOR('',#5397,1.);
#5397 = DIRECTION('',(-0.,1.,0.));
#5398 = PCURVE('',#3702,#5399);
#5399 = DEFINITIONAL_REPRESENTATION('',(#5400),#5403);
#5400 = B_SPLINE_CURVE_WITH_KNOTS('',1,(#5401,#5402),.UNSPECIFIED.,.F.,
  .F.,(2,2),(-14.0000006,14.0000006),.PIECEWISE_BEZIER_KNOTS.);
#5401 = CARTESIAN_POINT('',(-0.999999124998,17.882832885532));
#5402 = CARTESIAN_POINT('',(-29.00000032499,17.882832998963));
#5403 = ( GEOMETRIC_REPRESENTATION_CONTEXT(2) 
PARAMETRIC_REPRESENTATION_CONTEXT() REPRESENTATION_CONTEXT('2D SPACE',''
  ) );
#5404 = PCURVE('',#5246,#5405);
#5405 = DEFINITIONAL_REPRESENTATION('',(#5406),#5409);
#5406 = B_SPLINE_CURVE_WITH_KNOTS('',1,(#5407,#5408),.UNSPECIFIED.,.F.,
  .F.,(2,2),(-14.0000006,14.0000006),.PIECEWISE_BEZIER_KNOTS.);
#5407 = CARTESIAN_POINT('',(0.753013094032,-14.0000006));
#5408 = CARTESIAN_POINT('',(0.753013094032,14.0000006));
#5409 = ( GEOMETRIC_REPRESENTATION_CONTEXT(2) 
PARAMETRIC_REPRESENTATION_CONTEXT() REPRESENTATION_CONTEXT('2D SPACE',''
  ) );
#5410 = ORIENTED_EDGE('',*,*,#5411,.F.);
#5411 = EDGE_CURVE('',#5412,#5391,#5414,.T.);
#5412 = VERTEX_POINT('',#5413);
#5413 = CARTESIAN_POINT('',(62.,5.,290.3));
#5414 = SURFACE_CURVE('',#5415,(#5420,#5427),.PCURVE_S1.);
#5415 = CIRCLE('',#5416,16.);
#5416 = AXIS2_PLACEMENT_3D('',#5417,#5418,#5419);
#5417 = CARTESIAN_POINT('',(46.,5.,290.3));
#5418 = DIRECTION('',(0.,0.,1.));
#5419 = DIRECTION('',(1.,0.,0.));
#5420 = PCURVE('',#3702,#5421);
#5421 = DEFINITIONAL_REPRESENTATION('',(#5422),#5426);
#5422 = CIRCLE('',#5423,16.);
#5423 = AXIS2_PLACEMENT_2D('',#5424,#5425);
#5424 = CARTESIAN_POINT('',(-19.99999978934,2.000000283579));
#5425 = DIRECTION('',(4.051126706559E-09,1.));
#5426 = ( GEOMETRIC_REPRESENTATION_CONTEXT(2) 
PARAMETRIC_REPRESENTATION_CONTEXT() REPRESENTATION_CONTEXT('2D SPACE',''
  ) );
#5427 = PCURVE('',#5428,#5433);
#5428 = CYLINDRICAL_SURFACE('',#5429,16.);
#5429 = AXIS2_PLACEMENT_3D('',#5430,#5431,#5432);
#5430 = CARTESIAN_POINT('',(46.,5.,290.3));
#5431 = DIRECTION('',(0.,0.,1.));
#5432 = DIRECTION('',(1.,0.,0.));
#5433 = DEFINITIONAL_REPRESENTATION('',(#5434),#5438);
#5434 = LINE('',#5435,#5436);
#5435 = CARTESIAN_POINT('',(0.,0.));
#5436 = VECTOR('',#5437,1.);
#5437 = DIRECTION('',(1.,0.));
#5438 = ( GEOMETRIC_REPRESENTATION_CONTEXT(2) 
PARAMETRIC_REPRESENTATION_CONTEXT() REPRESENTATION_CONTEXT('2D SPACE',''
  ) );
#5439 = ORIENTED_EDGE('',*,*,#5440,.F.);
#5440 = EDGE_CURVE('',#5441,#5412,#5443,.T.);
#5441 = VERTEX_POINT('',#5442);
#5442 = CARTESIAN_POINT('',(62.,-5.,290.3));
#5443 = SURFACE_CURVE('',#5444,(#5448,#5455),.PCURVE_S1.);
#5444 = LINE('',#5445,#5446);
#5445 = CARTESIAN_POINT('',(62.,0.,290.3));
#5446 = VECTOR('',#5447,1.);
#5447 = DIRECTION('',(0.,1.,0.));
#5448 = PCURVE('',#3702,#5449);
#5449 = DEFINITIONAL_REPRESENTATION('',(#5450),#5454);
#5450 = LINE('',#5451,#5452);
#5451 = CARTESIAN_POINT('',(-14.99999972452,18.000000263323));
#5452 = VECTOR('',#5453,1.);
#5453 = DIRECTION('',(-1.,4.051126706559E-09));
#5454 = ( GEOMETRIC_REPRESENTATION_CONTEXT(2) 
PARAMETRIC_REPRESENTATION_CONTEXT() REPRESENTATION_CONTEXT('2D SPACE',''
  ) );
#5455 = PCURVE('',#5456,#5461);
#5456 = PLANE('',#5457);
#5457 = AXIS2_PLACEMENT_3D('',#5458,#5459,#5460);
#5458 = CARTESIAN_POINT('',(62.,-5.,290.3));
#5459 = DIRECTION('',(1.,0.,0.));
#5460 = DIRECTION('',(-0.,1.,0.));
#5461 = DEFINITIONAL_REPRESENTATION('',(#5462),#5466);
#5462 = LINE('',#5463,#5464);
#5463 = CARTESIAN_POINT('',(5.,0.));
#5464 = VECTOR('',#5465,1.);
#5465 = DIRECTION('',(1.,0.));
#5466 = ( GEOMETRIC_REPRESENTATION_CONTEXT(2) 
PARAMETRIC_REPRESENTATION_CONTEXT() REPRESENTATION_CONTEXT('2D SPACE',''
  ) );
#5467 = ORIENTED_EDGE('',*,*,#5468,.F.);
#5468 = EDGE_CURVE('',#5469,#5441,#5471,.T.);
#5469 = VERTEX_POINT('',#5470);
#5470 = CARTESIAN_POINT('',(61.882832678924,-6.932776783103,290.3));
#5471 = SURFACE_CURVE('',#5472,(#5477,#5484),.PCURVE_S1.);
#5472 = CIRCLE('',#5473,16.);
#5473 = AXIS2_PLACEMENT_3D('',#5474,#5475,#5476);
#5474 = CARTESIAN_POINT('',(46.,-5.,290.3));
#5475 = DIRECTION('',(0.,0.,1.));
#5476 = DIRECTION('',(1.,0.,0.));
#5477 = PCURVE('',#3702,#5478);
#5478 = DEFINITIONAL_REPRESENTATION('',(#5479),#5483);
#5479 = CIRCLE('',#5480,16.);
#5480 = AXIS2_PLACEMENT_2D('',#5481,#5482);
#5481 = CARTESIAN_POINT('',(-9.999999789341,2.000000243068));
#5482 = DIRECTION('',(4.051126706559E-09,1.));
#5483 = ( GEOMETRIC_REPRESENTATION_CONTEXT(2) 
PARAMETRIC_REPRESENTATION_CONTEXT() REPRESENTATION_CONTEXT('2D SPACE',''
  ) );
#5484 = PCURVE('',#5485,#5490);
#5485 = CYLINDRICAL_SURFACE('',#5486,16.);
#5486 = AXIS2_PLACEMENT_3D('',#5487,#5488,#5489);
#5487 = CARTESIAN_POINT('',(46.,-5.,290.3));
#5488 = DIRECTION('',(0.,0.,1.));
#5489 = DIRECTION('',(1.,0.,0.));
#5490 = DEFINITIONAL_REPRESENTATION('',(#5491),#5495);
#5491 = LINE('',#5492,#5493);
#5492 = CARTESIAN_POINT('',(0.,0.));
#5493 = VECTOR('',#5494,1.);
#5494 = DIRECTION('',(1.,0.));
#5495 = ( GEOMETRIC_REPRESENTATION_CONTEXT(2) 
PARAMETRIC_REPRESENTATION_CONTEXT() REPRESENTATION_CONTEXT('2D SPACE',''
  ) );
#5496 = ORIENTED_EDGE('',*,*,#5497,.F.);
#5497 = EDGE_CURVE('',#5498,#5469,#5500,.T.);
#5498 = VERTEX_POINT('',#5499);
#5499 = CARTESIAN_POINT('',(61.882832678924,-14.,290.3));
#5500 = SURFACE_CURVE('',#5501,(#5505,#5511),.PCURVE_S1.);
#5501 = LINE('',#5502,#5503);
#5502 = CARTESIAN_POINT('',(61.882832678924,0.,290.3));
#5503 = VECTOR('',#5504,1.);
#5504 = DIRECTION('',(-0.,1.,0.));
#5505 = PCURVE('',#3702,#5506);
#5506 = DEFINITIONAL_REPRESENTATION('',(#5507),#5510);
#5507 = B_SPLINE_CURVE_WITH_KNOTS('',1,(#5508,#5509),.UNSPECIFIED.,.F.,
  .F.,(2,2),(-14.0000006,14.0000006),.PIECEWISE_BEZIER_KNOTS.);
#5508 = CARTESIAN_POINT('',(-0.999999124998,17.882832885532));
#5509 = CARTESIAN_POINT('',(-29.00000032499,17.882832998963));
#5510 = ( GEOMETRIC_REPRESENTATION_CONTEXT(2) 
PARAMETRIC_REPRESENTATION_CONTEXT() REPRESENTATION_CONTEXT('2D SPACE',''
  ) );
#5511 = PCURVE('',#5246,#5512);
#5512 = DEFINITIONAL_REPRESENTATION('',(#5513),#5516);
#5513 = B_SPLINE_CURVE_WITH_KNOTS('',1,(#5514,#5515),.UNSPECIFIED.,.F.,
  .F.,(2,2),(-14.0000006,14.0000006),.PIECEWISE_BEZIER_KNOTS.);
#5514 = CARTESIAN_POINT('',(0.753013094032,-14.0000006));
#5515 = CARTESIAN_POINT('',(0.753013094032,14.0000006));
#5516 = ( GEOMETRIC_REPRESENTATION_CONTEXT(2) 
PARAMETRIC_REPRESENTATION_CONTEXT() REPRESENTATION_CONTEXT('2D SPACE',''
  ) );
#5517 = ORIENTED_EDGE('',*,*,#5518,.T.);
#5518 = EDGE_CURVE('',#5498,#5519,#5521,.T.);
#5519 = VERTEX_POINT('',#5520);
#5520 = CARTESIAN_POINT('',(59.228756555323,-14.,290.3));
#5521 = SURFACE_CURVE('',#5522,(#5526,#5532),.PCURVE_S1.);
#5522 = LINE('',#5523,#5524);
#5523 = CARTESIAN_POINT('',(29.499999898722,-14.,290.3));
#5524 = VECTOR('',#5525,1.);
#5525 = DIRECTION('',(-1.,0.,0.));
#5526 = PCURVE('',#3702,#5527);
#5527 = DEFINITIONAL_REPRESENTATION('',(#5528),#5531);
#5528 = B_SPLINE_CURVE_WITH_KNOTS('',1,(#5529,#5530),.UNSPECIFIED.,.F.,
  .F.,(2,2),(-42.50000010127,71.499999898722),.PIECEWISE_BEZIER_KNOTS.);
#5529 = CARTESIAN_POINT('',(-0.999999684012,28.000000206607));
#5530 = CARTESIAN_POINT('',(-1.000000145841,-85.99999979339));
#5531 = ( GEOMETRIC_REPRESENTATION_CONTEXT(2) 
PARAMETRIC_REPRESENTATION_CONTEXT() REPRESENTATION_CONTEXT('2D SPACE',''
  ) );
#5532 = PCURVE('',#5533,#5538);
#5533 = PLANE('',#5534);
#5534 = AXIS2_PLACEMENT_3D('',#5535,#5536,#5537);
#5535 = CARTESIAN_POINT('',(15.,-14.,291.64386610114));
#5536 = DIRECTION('',(0.,1.,0.));
#5537 = DIRECTION('',(0.,-0.,1.));
#5538 = DEFINITIONAL_REPRESENTATION('',(#5539),#5542);
#5539 = B_SPLINE_CURVE_WITH_KNOTS('',1,(#5540,#5541),.UNSPECIFIED.,.F.,
  .F.,(2,2),(-42.50000010127,71.499999898722),.PIECEWISE_BEZIER_KNOTS.);
#5540 = CARTESIAN_POINT('',(-1.343866101147,57.));
#5541 = CARTESIAN_POINT('',(-1.343866101147,-57.));
#5542 = ( GEOMETRIC_REPRESENTATION_CONTEXT(2) 
PARAMETRIC_REPRESENTATION_CONTEXT() REPRESENTATION_CONTEXT('2D SPACE',''
  ) );
#5543 = ORIENTED_EDGE('',*,*,#5544,.F.);
#5544 = EDGE_CURVE('',#5545,#5519,#5547,.T.);
#5545 = VERTEX_POINT('',#5546);
#5546 = CARTESIAN_POINT('',(46.,-21.,290.3));
#5547 = SURFACE_CURVE('',#5548,(#5553,#5560),.PCURVE_S1.);
#5548 = CIRCLE('',#5549,16.);
#5549 = AXIS2_PLACEMENT_3D('',#5550,#5551,#5552);
#5550 = CARTESIAN_POINT('',(46.,-5.,290.3));
#5551 = DIRECTION('',(0.,0.,1.));
#5552 = DIRECTION('',(1.,0.,0.));
#5553 = PCURVE('',#3702,#5554);
#5554 = DEFINITIONAL_REPRESENTATION('',(#5555),#5559);
#5555 = CIRCLE('',#5556,16.);
#5556 = AXIS2_PLACEMENT_2D('',#5557,#5558);
#5557 = CARTESIAN_POINT('',(-9.999999789341,2.000000243068));
#5558 = DIRECTION('',(4.051126706559E-09,1.));
#5559 = ( GEOMETRIC_REPRESENTATION_CONTEXT(2) 
PARAMETRIC_REPRESENTATION_CONTEXT() REPRESENTATION_CONTEXT('2D SPACE',''
  ) );
#5560 = PCURVE('',#5561,#5566);
#5561 = CYLINDRICAL_SURFACE('',#5562,16.);
#5562 = AXIS2_PLACEMENT_3D('',#5563,#5564,#5565);
#5563 = CARTESIAN_POINT('',(46.,-5.,290.3));
#5564 = DIRECTION('',(0.,0.,1.));
#5565 = DIRECTION('',(1.,0.,0.));
#5566 = DEFINITIONAL_REPRESENTATION('',(#5567),#5571);
#5567 = LINE('',#5568,#5569);
#5568 = CARTESIAN_POINT('',(0.,0.));
#5569 = VECTOR('',#5570,1.);
#5570 = DIRECTION('',(1.,0.));
#5571 = ( GEOMETRIC_REPRESENTATION_CONTEXT(2) 
PARAMETRIC_REPRESENTATION_CONTEXT() REPRESENTATION_CONTEXT('2D SPACE',''
  ) );
#5572 = ORIENTED_EDGE('',*,*,#5573,.F.);
#5573 = EDGE_CURVE('',#5574,#5545,#5576,.T.);
#5574 = VERTEX_POINT('',#5575);
#5575 = CARTESIAN_POINT('',(-16.,-21.,290.3));
#5576 = SURFACE_CURVE('',#5577,(#5581,#5588),.PCURVE_S1.);
#5577 = LINE('',#5578,#5579);
#5578 = CARTESIAN_POINT('',(15.,-21.,290.3));
#5579 = VECTOR('',#5580,1.);
#5580 = DIRECTION('',(1.,0.,0.));
#5581 = PCURVE('',#3702,#5582);
#5582 = DEFINITIONAL_REPRESENTATION('',(#5583),#5587);
#5583 = LINE('',#5584,#5585);
#5584 = CARTESIAN_POINT('',(6.000000085074,-28.99999982175));
#5585 = VECTOR('',#5586,1.);
#5586 = DIRECTION('',(4.051126706559E-09,1.));
#5587 = ( GEOMETRIC_REPRESENTATION_CONTEXT(2) 
PARAMETRIC_REPRESENTATION_CONTEXT() REPRESENTATION_CONTEXT('2D SPACE',''
  ) );
#5588 = PCURVE('',#5589,#5594);
#5589 = PLANE('',#5590);
#5590 = AXIS2_PLACEMENT_3D('',#5591,#5592,#5593);
#5591 = CARTESIAN_POINT('',(-16.,-21.,290.3));
#5592 = DIRECTION('',(0.,-1.,0.));
#5593 = DIRECTION('',(1.,0.,0.));
#5594 = DEFINITIONAL_REPRESENTATION('',(#5595),#5599);
#5595 = LINE('',#5596,#5597);
#5596 = CARTESIAN_POINT('',(31.,0.));
#5597 = VECTOR('',#5598,1.);
#5598 = DIRECTION('',(1.,0.));
#5599 = ( GEOMETRIC_REPRESENTATION_CONTEXT(2) 
PARAMETRIC_REPRESENTATION_CONTEXT() REPRESENTATION_CONTEXT('2D SPACE',''
  ) );
#5600 = ORIENTED_EDGE('',*,*,#5601,.F.);
#5601 = EDGE_CURVE('',#5602,#5574,#5604,.T.);
#5602 = VERTEX_POINT('',#5603);
#5603 = CARTESIAN_POINT('',(-29.22875655532,-14.,290.3));
#5604 = SURFACE_CURVE('',#5605,(#5610,#5617),.PCURVE_S1.);
#5605 = CIRCLE('',#5606,16.);
#5606 = AXIS2_PLACEMENT_3D('',#5607,#5608,#5609);
#5607 = CARTESIAN_POINT('',(-16.,-5.,290.3));
#5608 = DIRECTION('',(0.,0.,1.));
#5609 = DIRECTION('',(1.,0.,0.));
#5610 = PCURVE('',#3702,#5611);
#5611 = DEFINITIONAL_REPRESENTATION('',(#5612),#5616);
#5612 = CIRCLE('',#5613,16.);
#5613 = AXIS2_PLACEMENT_2D('',#5614,#5615);
#5614 = CARTESIAN_POINT('',(-10.00000004051,-59.99999975693));
#5615 = DIRECTION('',(4.051126706559E-09,1.));
#5616 = ( GEOMETRIC_REPRESENTATION_CONTEXT(2) 
PARAMETRIC_REPRESENTATION_CONTEXT() REPRESENTATION_CONTEXT('2D SPACE',''
  ) );
#5617 = PCURVE('',#5618,#5623);
#5618 = CYLINDRICAL_SURFACE('',#5619,16.);
#5619 = AXIS2_PLACEMENT_3D('',#5620,#5621,#5622);
#5620 = CARTESIAN_POINT('',(-16.,-5.,290.3));
#5621 = DIRECTION('',(0.,0.,1.));
#5622 = DIRECTION('',(1.,0.,0.));
#5623 = DEFINITIONAL_REPRESENTATION('',(#5624),#5628);
#5624 = LINE('',#5625,#5626);
#5625 = CARTESIAN_POINT('',(0.,0.));
#5626 = VECTOR('',#5627,1.);
#5627 = DIRECTION('',(1.,0.));
#5628 = ( GEOMETRIC_REPRESENTATION_CONTEXT(2) 
PARAMETRIC_REPRESENTATION_CONTEXT() REPRESENTATION_CONTEXT('2D SPACE',''
  ) );
#5629 = ORIENTED_EDGE('',*,*,#5630,.T.);
#5630 = EDGE_CURVE('',#5602,#5631,#5633,.T.);
#5631 = VERTEX_POINT('',#5632);
#5632 = CARTESIAN_POINT('',(-31.88283267892,-14.,290.3));
#5633 = SURFACE_CURVE('',#5634,(#5638,#5644),.PCURVE_S1.);
#5634 = LINE('',#5635,#5636);
#5635 = CARTESIAN_POINT('',(29.499999898722,-14.,290.3));
#5636 = VECTOR('',#5637,1.);
#5637 = DIRECTION('',(-1.,0.,0.));
#5638 = PCURVE('',#3702,#5639);
#5639 = DEFINITIONAL_REPRESENTATION('',(#5640),#5643);
#5640 = B_SPLINE_CURVE_WITH_KNOTS('',1,(#5641,#5642),.UNSPECIFIED.,.F.,
  .F.,(2,2),(-42.50000010127,71.499999898722),.PIECEWISE_BEZIER_KNOTS.);
#5641 = CARTESIAN_POINT('',(-0.999999684012,28.000000206607));
#5642 = CARTESIAN_POINT('',(-1.000000145841,-85.99999979339));
#5643 = ( GEOMETRIC_REPRESENTATION_CONTEXT(2) 
PARAMETRIC_REPRESENTATION_CONTEXT() REPRESENTATION_CONTEXT('2D SPACE',''
  ) );
#5644 = PCURVE('',#5533,#5645);
#5645 = DEFINITIONAL_REPRESENTATION('',(#5646),#5649);
#5646 = B_SPLINE_CURVE_WITH_KNOTS('',1,(#5647,#5648),.UNSPECIFIED.,.F.,
  .F.,(2,2),(-42.50000010127,71.499999898722),.PIECEWISE_BEZIER_KNOTS.);
#5647 = CARTESIAN_POINT('',(-1.343866101147,57.));
#5648 = CARTESIAN_POINT('',(-1.343866101147,-57.));
#5649 = ( GEOMETRIC_REPRESENTATION_CONTEXT(2) 
PARAMETRIC_REPRESENTATION_CONTEXT() REPRESENTATION_CONTEXT('2D SPACE',''
  ) );
#5650 = ORIENTED_EDGE('',*,*,#5651,.T.);
#5651 = EDGE_CURVE('',#5631,#5146,#5652,.T.);
#5652 = SURFACE_CURVE('',#5653,(#5657,#5663),.PCURVE_S1.);
#5653 = LINE('',#5654,#5655);
#5654 = CARTESIAN_POINT('',(-31.88283267892,0.,290.3));
#5655 = VECTOR('',#5656,1.);
#5656 = DIRECTION('',(-0.,1.,0.));
#5657 = PCURVE('',#3702,#5658);
#5658 = DEFINITIONAL_REPRESENTATION('',(#5659),#5662);
#5659 = B_SPLINE_CURVE_WITH_KNOTS('',1,(#5660,#5661),.UNSPECIFIED.,.F.,
  .F.,(2,2),(-14.0000006,14.0000006),.PIECEWISE_BEZIER_KNOTS.);
#5660 = CARTESIAN_POINT('',(-0.999999504855,-75.88283247231));
#5661 = CARTESIAN_POINT('',(-29.00000070485,-75.88283235888));
#5662 = ( GEOMETRIC_REPRESENTATION_CONTEXT(2) 
PARAMETRIC_REPRESENTATION_CONTEXT() REPRESENTATION_CONTEXT('2D SPACE',''
  ) );
#5663 = PCURVE('',#5246,#5664);
#5664 = DEFINITIONAL_REPRESENTATION('',(#5665),#5668);
#5665 = B_SPLINE_CURVE_WITH_KNOTS('',1,(#5666,#5667),.UNSPECIFIED.,.F.,
  .F.,(2,2),(-14.0000006,14.0000006),.PIECEWISE_BEZIER_KNOTS.);
#5666 = CARTESIAN_POINT('',(7.69718117087E-02,-14.0000006));
#5667 = CARTESIAN_POINT('',(7.69718117087E-02,14.0000006));
#5668 = ( GEOMETRIC_REPRESENTATION_CONTEXT(2) 
PARAMETRIC_REPRESENTATION_CONTEXT() REPRESENTATION_CONTEXT('2D SPACE',''
  ) );
#5669 = ADVANCED_FACE('',(#5670),#3812,.T.);
#5670 = FACE_BOUND('',#5671,.T.);
#5671 = EDGE_LOOP('',(#5672,#5673,#5674,#5675,#5702,#5736,#5851,#5876,
    #6006,#6040));
#5672 = ORIENTED_EDGE('',*,*,#3829,.F.);
#5673 = ORIENTED_EDGE('',*,*,#3798,.T.);
#5674 = ORIENTED_EDGE('',*,*,#4181,.T.);
#5675 = ORIENTED_EDGE('',*,*,#5676,.F.);
#5676 = EDGE_CURVE('',#5677,#4158,#5679,.T.);
#5677 = VERTEX_POINT('',#5678);
#5678 = CARTESIAN_POINT('',(-38.,74.,258.));
#5679 = SURFACE_CURVE('',#5680,(#5684,#5690),.PCURVE_S1.);
#5680 = LINE('',#5681,#5682);
#5681 = CARTESIAN_POINT('',(64.,74.,258.));
#5682 = VECTOR('',#5683,1.);
#5683 = DIRECTION('',(-1.,0.,0.));
#5684 = PCURVE('',#3812,#5685);
#5685 = DEFINITIONAL_REPRESENTATION('',(#5686),#5689);
#5686 = B_SPLINE_CURVE_WITH_KNOTS('',1,(#5687,#5688),.UNSPECIFIED.,.F.,
  .F.,(2,2),(0.,128.),.PIECEWISE_BEZIER_KNOTS.);
#5687 = CARTESIAN_POINT('',(0.,1.));
#5688 = CARTESIAN_POINT('',(134.8,1.));
#5689 = ( GEOMETRIC_REPRESENTATION_CONTEXT(2) 
PARAMETRIC_REPRESENTATION_CONTEXT() REPRESENTATION_CONTEXT('2D SPACE',''
  ) );
#5690 = PCURVE('',#5691,#5696);
#5691 = B_SPLINE_SURFACE_WITH_KNOTS('',1,1,(
    (#5692,#5693)
    ,(#5694,#5695
    )),.UNSPECIFIED.,.F.,.F.,.F.,(2,2),(2,2),(0.,128.),(0.,1.),
  .PIECEWISE_BEZIER_KNOTS.);
#5692 = CARTESIAN_POINT('',(64.,74.,258.));
#5693 = CARTESIAN_POINT('',(54.,70.,276.));
#5694 = CARTESIAN_POINT('',(-64.,74.,258.));
#5695 = CARTESIAN_POINT('',(-54.,70.,276.));
#5696 = DEFINITIONAL_REPRESENTATION('',(#5697),#5701);
#5697 = LINE('',#5698,#5699);
#5698 = CARTESIAN_POINT('',(0.,0.));
#5699 = VECTOR('',#5700,1.);
#5700 = DIRECTION('',(1.,0.));
#5701 = ( GEOMETRIC_REPRESENTATION_CONTEXT(2) 
PARAMETRIC_REPRESENTATION_CONTEXT() REPRESENTATION_CONTEXT('2D SPACE',''
  ) );
#5702 = ORIENTED_EDGE('',*,*,#5703,.F.);
#5703 = EDGE_CURVE('',#5704,#5677,#5706,.T.);
#5704 = VERTEX_POINT('',#5705);
#5705 = CARTESIAN_POINT('',(-38.,74.3465,253.8));
#5706 = SURFACE_CURVE('',#5707,(#5713,#5722),.PCURVE_S1.);
#5707 = B_SPLINE_CURVE_WITH_KNOTS('',4,(#5708,#5709,#5710,#5711,#5712),
  .UNSPECIFIED.,.F.,.F.,(5,5),(0.,1.),.PIECEWISE_BEZIER_KNOTS.);
#5708 = CARTESIAN_POINT('',(-38.,74.3465,253.8));
#5709 = CARTESIAN_POINT('',(-38.,74.259864684356,254.8501250381));
#5710 = CARTESIAN_POINT('',(-38.,74.173236121693,255.9001682219));
#5711 = CARTESIAN_POINT('',(-38.,74.086614495196,256.95012733095));
#5712 = CARTESIAN_POINT('',(-38.,74.,258.));
#5713 = PCURVE('',#3812,#5714);
#5714 = DEFINITIONAL_REPRESENTATION('',(#5715),#5721);
#5715 = B_SPLINE_CURVE_WITH_KNOTS('',4,(#5716,#5717,#5718,#5719,#5720),
  .UNSPECIFIED.,.F.,.F.,(5,5),(0.,1.),.PIECEWISE_BEZIER_KNOTS.);
#5716 = CARTESIAN_POINT('',(106.97721667988,0.79));
#5717 = CARTESIAN_POINT('',(107.08639513354,0.842506251905));
#5718 = CARTESIAN_POINT('',(107.19636822104,0.895008411095));
#5719 = CARTESIAN_POINT('',(107.30714874033,0.947506366548));
#5720 = CARTESIAN_POINT('',(107.41875,1.));
#5721 = ( GEOMETRIC_REPRESENTATION_CONTEXT(2) 
PARAMETRIC_REPRESENTATION_CONTEXT() REPRESENTATION_CONTEXT('2D SPACE',''
  ) );
#5722 = PCURVE('',#5723,#5728);
#5723 = PLANE('',#5724);
#5724 = AXIS2_PLACEMENT_3D('',#5725,#5726,#5727);
#5725 = CARTESIAN_POINT('',(-38.,75.65,253.8));
#5726 = DIRECTION('',(-1.,0.,0.));
#5727 = DIRECTION('',(0.,0.,1.));
#5728 = DEFINITIONAL_REPRESENTATION('',(#5729),#5735);
#5729 = B_SPLINE_CURVE_WITH_KNOTS('',4,(#5730,#5731,#5732,#5733,#5734),
  .UNSPECIFIED.,.F.,.F.,(5,5),(0.,1.),.PIECEWISE_BEZIER_KNOTS.);
#5730 = CARTESIAN_POINT('',(-1.06581410364E-14,-1.3035));
#5731 = CARTESIAN_POINT('',(1.050125038103,-1.390135315644));
#5732 = CARTESIAN_POINT('',(2.1001682219,-1.476763878307));
#5733 = CARTESIAN_POINT('',(3.150127330954,-1.563385504804));
#5734 = CARTESIAN_POINT('',(4.2,-1.65));
#5735 = ( GEOMETRIC_REPRESENTATION_CONTEXT(2) 
PARAMETRIC_REPRESENTATION_CONTEXT() REPRESENTATION_CONTEXT('2D SPACE',''
  ) );
#5736 = ORIENTED_EDGE('',*,*,#5737,.T.);
#5737 = EDGE_CURVE('',#5704,#5738,#5740,.T.);
#5738 = VERTEX_POINT('',#5739);
#5739 = CARTESIAN_POINT('',(-31.7,74.86625,247.5));
#5740 = SURFACE_CURVE('',#5741,(#5774,#5810),.PCURVE_S1.);
#5741 = B_SPLINE_CURVE_WITH_KNOTS('',7,(#5742,#5743,#5744,#5745,#5746,
    #5747,#5748,#5749,#5750,#5751,#5752,#5753,#5754,#5755,#5756,#5757,
    #5758,#5759,#5760,#5761,#5762,#5763,#5764,#5765,#5766,#5767,#5768,
    #5769,#5770,#5771,#5772,#5773),.UNSPECIFIED.,.F.,.F.,(8,6,6,6,6,8),(
    0.,0.14048444408,0.259389126408,0.420311747776,0.711116267822,1.),
  .UNSPECIFIED.);
#5742 = CARTESIAN_POINT('',(-38.,74.3465,253.8));
#5743 = CARTESIAN_POINT('',(-38.,74.366758688054,253.5544401448));
#5744 = CARTESIAN_POINT('',(-37.98883324106,74.386924361391,
    253.31000774071));
#5745 = CARTESIAN_POINT('',(-37.96668518242,74.406894267523,
    253.06794827245));
#5746 = CARTESIAN_POINT('',(-37.9339520935,74.42658242414,
    252.82930394982));
#5747 = CARTESIAN_POINT('',(-37.89116048503,74.445917455773,
    252.59493993002));
#5748 = CARTESIAN_POINT('',(-37.83891032151,74.464841002981,
    252.36556360023));
#5749 = CARTESIAN_POINT('',(-37.72615438773,74.498935895839,
    251.95229217165));
#5750 = CARTESIAN_POINT('',(-37.66814314303,74.514238923022,
    251.76680093307));
#5751 = CARTESIAN_POINT('',(-37.60418344554,74.529190974994,
    251.58556393946));
#5752 = CARTESIAN_POINT('',(-37.53465634549,74.543773626388,
    251.40880452862));
#5753 = CARTESIAN_POINT('',(-37.45993632696,74.557974014437,
    251.23667861288));
#5754 = CARTESIAN_POINT('',(-37.38037885605,74.571784016346,
    251.06928465035));
#5755 = CARTESIAN_POINT('',(-37.18252844052,74.603355507236,
    250.68659991229));
#5756 = CARTESIAN_POINT('',(-37.06049675102,74.620786608963,
    250.47531383075));
#5757 = CARTESIAN_POINT('',(-36.93100909155,74.637484772834,
    250.27291184443));
#5758 = CARTESIAN_POINT('',(-36.79479744961,74.653448627174,
    250.0794105797));
#5759 = CARTESIAN_POINT('',(-36.6525195907,74.668682275473,
    249.89476029729));
#5760 = CARTESIAN_POINT('',(-36.50474907967,74.683194184232,
    249.71885837295));
#5761 = CARTESIAN_POINT('',(-36.07586855016,74.721937567299,
    249.24924160849));
#5762 = CARTESIAN_POINT('',(-35.78354776053,74.744547049721,
    248.9751872761));
#5763 = CARTESIAN_POINT('',(-35.47778006041,74.764904998848,
    248.72842425639));
#5764 = CARTESIAN_POINT('',(-35.16086189924,74.783070927049,
    248.50823118728));
#5765 = CARTESIAN_POINT('',(-34.83472137517,74.799103997955,
    248.31389093388));
#5766 = CARTESIAN_POINT('',(-34.50088813804,74.813057496762,
    248.144757615));
#5767 = CARTESIAN_POINT('',(-33.82230268379,74.836808068926,
    247.8568718918));
#5768 = CARTESIAN_POINT('',(-33.47780777398,74.846626013324,
    247.73786650515));
#5769 = CARTESIAN_POINT('',(-33.12819726409,74.854465272944,
    247.64284517643));
#5770 = CARTESIAN_POINT('',(-32.77459366611,74.860345623169,
    247.57156820401));
#5771 = CARTESIAN_POINT('',(-32.4180487488,74.864274961268,
    247.52393986341));
#5772 = CARTESIAN_POINT('',(-32.05954771674,74.86625,247.5));
#5773 = CARTESIAN_POINT('',(-31.7,74.86625,247.5));
#5774 = PCURVE('',#3812,#5775);
#5775 = DEFINITIONAL_REPRESENTATION('',(#5776),#5809);
#5776 = B_SPLINE_CURVE_WITH_KNOTS('',7,(#5777,#5778,#5779,#5780,#5781,
    #5782,#5783,#5784,#5785,#5786,#5787,#5788,#5789,#5790,#5791,#5792,
    #5793,#5794,#5795,#5796,#5797,#5798,#5799,#5800,#5801,#5802,#5803,
    #5804,#5805,#5806,#5807,#5808),.UNSPECIFIED.,.F.,.F.,(8,6,6,6,6,8),(
    0.,0.14048444408,0.259389126408,0.420311747776,0.711116267822,1.),
  .UNSPECIFIED.);
#5777 = CARTESIAN_POINT('',(106.97721667645,0.79));
#5778 = CARTESIAN_POINT('',(106.95168653071,0.77772200724));
#5779 = CARTESIAN_POINT('',(106.91468178122,0.765500387036));
#5780 = CARTESIAN_POINT('',(106.86655587568,0.753397413623));
#5781 = CARTESIAN_POINT('',(106.80785797642,0.741465197491));
#5782 = CARTESIAN_POINT('',(106.73924944342,0.729746996501));
#5783 = CARTESIAN_POINT('',(106.66144582911,0.718278180012));
#5784 = CARTESIAN_POINT('',(106.50217352831,0.697614608583));
#5785 = CARTESIAN_POINT('',(106.42309464942,0.688340046653));
#5786 = CARTESIAN_POINT('',(106.33837711078,0.679278196973));
#5787 = CARTESIAN_POINT('',(106.24844565012,0.670440226431));
#5788 = CARTESIAN_POINT('',(106.15370887731,0.661833930644));
#5789 = CARTESIAN_POINT('',(106.05454777121,0.653464232517));
#5790 = CARTESIAN_POINT('',(105.81157687948,0.634329995615));
#5791 = CARTESIAN_POINT('',(105.66439000315,0.623765691538));
#5792 = CARTESIAN_POINT('',(105.51058075498,0.613645592222));
#5793 = CARTESIAN_POINT('',(105.35090623783,0.603970528985));
#5794 = CARTESIAN_POINT('',(105.18603586607,0.594738014865));
#5795 = CARTESIAN_POINT('',(105.01654378149,0.585942918648));
#5796 = CARTESIAN_POINT('',(104.52911053565,0.562462080425));
#5797 = CARTESIAN_POINT('',(104.20193358871,0.548759363805));
#5798 = CARTESIAN_POINT('',(103.86408337609,0.53642121282));
#5799 = CARTESIAN_POINT('',(103.51778075202,0.525411559364));
#5800 = CARTESIAN_POINT('',(103.16485599704,0.515694546694));
#5801 = CARTESIAN_POINT('',(102.80673184183,0.50723788075));
#5802 = CARTESIAN_POINT('',(102.08448230423,0.49284359459));
#5803 = CARTESIAN_POINT('',(101.72059377596,0.486893325258));
#5804 = CARTESIAN_POINT('',(101.35385442444,0.482142258822));
#5805 = CARTESIAN_POINT('',(100.98530145984,0.478578410201));
#5806 = CARTESIAN_POINT('',(100.61591040344,0.476196993171));
#5807 = CARTESIAN_POINT('',(100.24659901358,0.475));
#5808 = CARTESIAN_POINT('',(99.878224519267,0.475));
#5809 = ( GEOMETRIC_REPRESENTATION_CONTEXT(2) 
PARAMETRIC_REPRESENTATION_CONTEXT() REPRESENTATION_CONTEXT('2D SPACE',''
  ) );
#5810 = PCURVE('',#5811,#5816);
#5811 = CYLINDRICAL_SURFACE('',#5812,6.3);
#5812 = AXIS2_PLACEMENT_3D('',#5813,#5814,#5815);
#5813 = CARTESIAN_POINT('',(-31.7,75.65,253.8));
#5814 = DIRECTION('',(-0.,1.,-0.));
#5815 = DIRECTION('',(1.,0.,0.));
#5816 = DEFINITIONAL_REPRESENTATION('',(#5817),#5850);
#5817 = B_SPLINE_CURVE_WITH_KNOTS('',7,(#5818,#5819,#5820,#5821,#5822,
    #5823,#5824,#5825,#5826,#5827,#5828,#5829,#5830,#5831,#5832,#5833,
    #5834,#5835,#5836,#5837,#5838,#5839,#5840,#5841,#5842,#5843,#5844,
    #5845,#5846,#5847,#5848,#5849),.UNSPECIFIED.,.F.,.F.,(8,6,6,6,6,8),(
    0.,0.14048444408,0.259389126408,0.420311747776,0.711116267822,1.),
  .UNSPECIFIED.);
#5818 = CARTESIAN_POINT('',(-3.14159265359,-1.3035));
#5819 = CARTESIAN_POINT('',(-3.180570408383,-1.283241311946));
#5820 = CARTESIAN_POINT('',(-3.21936918437,-1.263075638609));
#5821 = CARTESIAN_POINT('',(-3.257888111733,-1.243105732477));
#5822 = CARTESIAN_POINT('',(-3.296054223332,-1.223417575861));
#5823 = CARTESIAN_POINT('',(-3.333812549136,-1.204082544227));
#5824 = CARTESIAN_POINT('',(-3.371120604797,-1.185158997019));
#5825 = CARTESIAN_POINT('',(-3.439117013318,-1.151064104161));
#5826 = CARTESIAN_POINT('',(-3.469945495584,-1.135761076978));
#5827 = CARTESIAN_POINT('',(-3.500420644982,-1.120809025006));
#5828 = CARTESIAN_POINT('',(-3.530536679117,-1.106226373612));
#5829 = CARTESIAN_POINT('',(-3.56029343671,-1.092025985563));
#5830 = CARTESIAN_POINT('',(-3.589695704929,-1.078215983654));
#5831 = CARTESIAN_POINT('',(-3.658077349202,-1.046644492764));
#5832 = CARTESIAN_POINT('',(-3.69676463568,-1.029213391037));
#5833 = CARTESIAN_POINT('',(-3.734842189811,-1.012515227166));
#5834 = CARTESIAN_POINT('',(-3.772339032858,-0.996551372826));
#5835 = CARTESIAN_POINT('',(-3.80928683265,-0.981317724527));
#5836 = CARTESIAN_POINT('',(-3.845721312563,-0.966805815768));
#5837 = CARTESIAN_POINT('',(-3.946671498978,-0.928062432701));
#5838 = CARTESIAN_POINT('',(-4.010082905751,-0.905452950279));
#5839 = CARTESIAN_POINT('',(-4.072183059999,-0.885095001152));
#5840 = CARTESIAN_POINT('',(-4.133161957719,-0.866929072951));
#5841 = CARTESIAN_POINT('',(-4.193196987195,-0.850896002045));
#5842 = CARTESIAN_POINT('',(-4.252462951926,-0.836942503238));
#5843 = CARTESIAN_POINT('',(-4.369467258551,-0.813191931074));
#5844 = CARTESIAN_POINT('',(-4.427183750955,-0.803373986676));
#5845 = CARTESIAN_POINT('',(-4.484484217872,-0.795534727056));
#5846 = CARTESIAN_POINT('',(-4.541515261409,-0.789654376831));
#5847 = CARTESIAN_POINT('',(-4.598412850213,-0.785725038732));
#5848 = CARTESIAN_POINT('',(-4.655317914235,-0.78375));
#5849 = CARTESIAN_POINT('',(-4.712388980385,-0.78375));
#5850 = ( GEOMETRIC_REPRESENTATION_CONTEXT(2) 
PARAMETRIC_REPRESENTATION_CONTEXT() REPRESENTATION_CONTEXT('2D SPACE',''
  ) );
#5851 = ORIENTED_EDGE('',*,*,#5852,.T.);
#5852 = EDGE_CURVE('',#5738,#5853,#5855,.T.);
#5853 = VERTEX_POINT('',#5854);
#5854 = CARTESIAN_POINT('',(31.7,74.86625,247.5));
#5855 = SURFACE_CURVE('',#5856,(#5859,#5865),.PCURVE_S1.);
#5856 = B_SPLINE_CURVE_WITH_KNOTS('',1,(#5857,#5858),.UNSPECIFIED.,.F.,
  .F.,(2,2),(0.,1.),.PIECEWISE_BEZIER_KNOTS.);
#5857 = CARTESIAN_POINT('',(-31.7,74.86625,247.5));
#5858 = CARTESIAN_POINT('',(31.7,74.86625,247.5));
#5859 = PCURVE('',#3812,#5860);
#5860 = DEFINITIONAL_REPRESENTATION('',(#5861),#5864);
#5861 = B_SPLINE_CURVE_WITH_KNOTS('',1,(#5862,#5863),.UNSPECIFIED.,.F.,
  .F.,(2,2),(0.,1.),.PIECEWISE_BEZIER_KNOTS.);
#5862 = CARTESIAN_POINT('',(99.878224519267,0.475));
#5863 = CARTESIAN_POINT('',(34.921775480733,0.475));
#5864 = ( GEOMETRIC_REPRESENTATION_CONTEXT(2) 
PARAMETRIC_REPRESENTATION_CONTEXT() REPRESENTATION_CONTEXT('2D SPACE',''
  ) );
#5865 = PCURVE('',#5866,#5871);
#5866 = PLANE('',#5867);
#5867 = AXIS2_PLACEMENT_3D('',#5868,#5869,#5870);
#5868 = CARTESIAN_POINT('',(-31.7,75.65,247.5));
#5869 = DIRECTION('',(-0.,0.,1.));
#5870 = DIRECTION('',(1.,0.,0.));
#5871 = DEFINITIONAL_REPRESENTATION('',(#5872),#5875);
#5872 = B_SPLINE_CURVE_WITH_KNOTS('',1,(#5873,#5874),.UNSPECIFIED.,.F.,
  .F.,(2,2),(0.,1.),.PIECEWISE_BEZIER_KNOTS.);
#5873 = CARTESIAN_POINT('',(0.,-0.78375));
#5874 = CARTESIAN_POINT('',(63.4,-0.78375));
#5875 = ( GEOMETRIC_REPRESENTATION_CONTEXT(2) 
PARAMETRIC_REPRESENTATION_CONTEXT() REPRESENTATION_CONTEXT('2D SPACE',''
  ) );
#5876 = ORIENTED_EDGE('',*,*,#5877,.T.);
#5877 = EDGE_CURVE('',#5853,#5878,#5880,.T.);
#5878 = VERTEX_POINT('',#5879);
#5879 = CARTESIAN_POINT('',(38.,74.3465,253.8));
#5880 = SURFACE_CURVE('',#5881,(#5919,#5960),.PCURVE_S1.);
#5881 = B_SPLINE_CURVE_WITH_KNOTS('',8,(#5882,#5883,#5884,#5885,#5886,
    #5887,#5888,#5889,#5890,#5891,#5892,#5893,#5894,#5895,#5896,#5897,
    #5898,#5899,#5900,#5901,#5902,#5903,#5904,#5905,#5906,#5907,#5908,
    #5909,#5910,#5911,#5912,#5913,#5914,#5915,#5916,#5917,#5918),
  .UNSPECIFIED.,.F.,.F.,(9,7,7,7,7,9),(0.,0.404334001363,0.57941624739,
    0.741428656952,0.859304565448,1.),.UNSPECIFIED.);
#5882 = CARTESIAN_POINT('',(31.7,74.86625,247.5));
#5883 = CARTESIAN_POINT('',(32.140373150731,74.86625,247.5));
#5884 = CARTESIAN_POINT('',(32.579029641135,74.863347660569,
    247.53517987188));
#5885 = CARTESIAN_POINT('',(33.014601556504,74.857582635326,
    247.60505896575));
#5886 = CARTESIAN_POINT('',(33.445469183422,74.848953865027,
    247.70965012088));
#5887 = CARTESIAN_POINT('',(33.869797140011,74.837440085018,
    247.84921109069));
#5888 = CARTESIAN_POINT('',(34.285520239783,74.822998008993,
    248.02426655765));
#5889 = CARTESIAN_POINT('',(34.690348770906,74.805565731031,
    248.23556689658));
#5890 = CARTESIAN_POINT('',(35.2511053644,74.7761340077,248.59231505818)
  );
#5891 = CARTESIAN_POINT('',(35.417970146754,74.766660580633,
    248.70714447717));
#5892 = CARTESIAN_POINT('',(35.582031550356,74.756598978419,
    248.82910329188));
#5893 = CARTESIAN_POINT('',(35.743030789729,74.745940682181,
    248.95829476143));
#5894 = CARTESIAN_POINT('',(35.900676091279,74.734677055223,
    249.09482357305));
#5895 = CARTESIAN_POINT('',(36.054643139726,74.722799425658,
    249.2387948405));
#5896 = CARTESIAN_POINT('',(36.204574477549,74.710298984487,
    249.39031533955));
#5897 = CARTESIAN_POINT('',(36.484719454222,74.685014349793,
    249.69679576008));
#5898 = CARTESIAN_POINT('',(36.615552968609,74.672322498799,
    249.8506363782));
#5899 = CARTESIAN_POINT('',(36.742273134206,74.659083451773,
    250.01110967548));
#5900 = CARTESIAN_POINT('',(36.864526212375,74.645291383889,
    250.17828625588));
#5901 = CARTESIAN_POINT('',(36.98191387887,74.630942572694,
    250.35221124007));
#5902 = CARTESIAN_POINT('',(37.093997110479,74.616035830943,
    250.53289901887));
#5903 = CARTESIAN_POINT('',(37.200300071662,74.600572939444,
    250.72032800674));
#5904 = CARTESIAN_POINT('',(37.373081469058,74.57290782275,
    251.05566275454));
#5905 = CARTESIAN_POINT('',(37.442513748626,74.560965818806,
    251.2004143175));
#5906 = CARTESIAN_POINT('',(37.50841309105,74.548735688771,
    251.34865831792));
#5907 = CARTESIAN_POINT('',(37.570566625861,74.536221954641,
    251.50033994374));
#5908 = CARTESIAN_POINT('',(37.628750846582,74.523431335844,
    251.65537774734));
#5909 = CARTESIAN_POINT('',(37.682736096354,74.510373045404,
    251.8136600557));
#5910 = CARTESIAN_POINT('',(37.732291053548,74.497059086097,
    251.97504138064));
#5911 = CARTESIAN_POINT('',(37.830774802517,74.467325991988,
    252.33544252135));
#5912 = CARTESIAN_POINT('',(37.877732129873,74.450802749842,
    252.53572424434));
#5913 = CARTESIAN_POINT('',(37.917657001856,74.433963877023,
    252.73983179366));
#5914 = CARTESIAN_POINT('',(37.950167463482,74.41684446386,252.947339832
    ));
#5915 = CARTESIAN_POINT('',(37.974914255805,74.399486019226,
    253.1577452215));
#5916 = CARTESIAN_POINT('',(37.9915992697,74.381937000258,
    253.37046060293));
#5917 = CARTESIAN_POINT('',(38.,74.364253486718,253.5848062216));
#5918 = CARTESIAN_POINT('',(38.,74.3465,253.8));
#5919 = PCURVE('',#3812,#5920);
#5920 = DEFINITIONAL_REPRESENTATION('',(#5921),#5959);
#5921 = B_SPLINE_CURVE_WITH_KNOTS('',8,(#5922,#5923,#5924,#5925,#5926,
    #5927,#5928,#5929,#5930,#5931,#5932,#5933,#5934,#5935,#5936,#5937,
    #5938,#5939,#5940,#5941,#5942,#5943,#5944,#5945,#5946,#5947,#5948,
    #5949,#5950,#5951,#5952,#5953,#5954,#5955,#5956,#5957,#5958),
  .UNSPECIFIED.,.F.,.F.,(9,7,7,7,7,9),(0.,0.404334001363,0.57941624739,
    0.741428656952,0.859304565448,1.),.UNSPECIFIED.);
#5922 = CARTESIAN_POINT('',(34.921775480733,0.475));
#5923 = CARTESIAN_POINT('',(34.470591314749,0.475));
#5924 = CARTESIAN_POINT('',(34.018213321696,0.476758993594));
#5925 = CARTESIAN_POINT('',(33.565919298734,0.480252948288));
#5926 = CARTESIAN_POINT('',(33.115205829962,0.485482506044));
#5927 = CARTESIAN_POINT('',(32.66777024281,0.492460554535));
#5928 = CARTESIAN_POINT('',(32.225525071412,0.501213327883));
#5929 = CARTESIAN_POINT('',(31.790600607734,0.511778344829));
#5930 = CARTESIAN_POINT('',(31.181307203774,0.529615752909));
#5931 = CARTESIAN_POINT('',(30.999072200824,0.535357223859));
#5932 = CARTESIAN_POINT('',(30.818922298086,0.541455164594));
#5933 = CARTESIAN_POINT('',(30.641102804225,0.547914738072));
#5934 = CARTESIAN_POINT('',(30.465893438345,0.554741178653));
#5935 = CARTESIAN_POINT('',(30.293608227703,0.561939742025));
#5936 = CARTESIAN_POINT('',(30.124596326658,0.569515766978));
#5937 = CARTESIAN_POINT('',(29.806234706069,0.584839788004));
#5938 = CARTESIAN_POINT('',(29.65637783719,0.59253181891));
#5939 = CARTESIAN_POINT('',(29.509973201552,0.600555483774));
#5940 = CARTESIAN_POINT('',(29.36737377827,0.608914312794));
#5941 = CARTESIAN_POINT('',(29.228982518235,0.617610562004));
#5942 = CARTESIAN_POINT('',(29.095249388145,0.626644950944));
#5943 = CARTESIAN_POINT('',(28.966668414545,0.636016400337));
#5944 = CARTESIAN_POINT('',(28.754360558872,0.652783137727));
#5945 = CARTESIAN_POINT('',(28.667964366858,0.660020715875));
#5946 = CARTESIAN_POINT('',(28.584794887398,0.667432915896));
#5947 = CARTESIAN_POINT('',(28.505079692083,0.675016997187));
#5948 = CARTESIAN_POINT('',(28.429061043903,0.682768887367));
#5949 = CARTESIAN_POINT('',(28.356991752642,0.690683002785));
#5950 = CARTESIAN_POINT('',(28.289131030269,0.698752069032));
#5951 = CARTESIAN_POINT('',(28.150077898112,0.716772126068));
#5952 = CARTESIAN_POINT('',(28.080774110044,0.726786212217));
#5953 = CARTESIAN_POINT('',(28.018291900742,0.736991589683));
#5954 = CARTESIAN_POINT('',(27.963083378128,0.7473669916));
#5955 = CARTESIAN_POINT('',(27.915577582424,0.757887261075));
#5956 = CARTESIAN_POINT('',(27.87616179261,0.768523030147));
#5957 = CARTESIAN_POINT('',(27.845156396377,0.77924031108));
#5958 = CARTESIAN_POINT('',(27.822783323547,0.79));
#5959 = ( GEOMETRIC_REPRESENTATION_CONTEXT(2) 
PARAMETRIC_REPRESENTATION_CONTEXT() REPRESENTATION_CONTEXT('2D SPACE',''
  ) );
#5960 = PCURVE('',#5961,#5966);
#5961 = CYLINDRICAL_SURFACE('',#5962,6.3);
#5962 = AXIS2_PLACEMENT_3D('',#5963,#5964,#5965);
#5963 = CARTESIAN_POINT('',(31.7,75.65,253.8));
#5964 = DIRECTION('',(-0.,1.,-0.));
#5965 = DIRECTION('',(1.,0.,0.));
#5966 = DEFINITIONAL_REPRESENTATION('',(#5967),#6005);
#5967 = B_SPLINE_CURVE_WITH_KNOTS('',8,(#5968,#5969,#5970,#5971,#5972,
    #5973,#5974,#5975,#5976,#5977,#5978,#5979,#5980,#5981,#5982,#5983,
    #5984,#5985,#5986,#5987,#5988,#5989,#5990,#5991,#5992,#5993,#5994,
    #5995,#5996,#5997,#5998,#5999,#6000,#6001,#6002,#6003,#6004),
  .UNSPECIFIED.,.F.,.F.,(9,7,7,7,7,9),(0.,0.404334001363,0.57941624739,
    0.741428656952,0.859304565448,1.),.UNSPECIFIED.);
#5968 = CARTESIAN_POINT('',(-4.712388980385,-0.78375));
#5969 = CARTESIAN_POINT('',(-4.782289480501,-0.78375));
#5970 = CARTESIAN_POINT('',(-4.851917534368,-0.786652339431));
#5971 = CARTESIAN_POINT('',(-4.921576155395,-0.792417364674));
#5972 = CARTESIAN_POINT('',(-4.991512739614,-0.801046134973));
#5973 = CARTESIAN_POINT('',(-5.061959171196,-0.812559914982));
#5974 = CARTESIAN_POINT('',(-5.13315774767,-0.827001991007));
#5975 = CARTESIAN_POINT('',(-5.205377615086,-0.844434268969));
#5976 = CARTESIAN_POINT('',(-5.310872550292,-0.8738659923));
#5977 = CARTESIAN_POINT('',(-5.343003604335,-0.883339419367));
#5978 = CARTESIAN_POINT('',(-5.375415987931,-0.893401021581));
#5979 = CARTESIAN_POINT('',(-5.408136554102,-0.904059317819));
#5980 = CARTESIAN_POINT('',(-5.441191940132,-0.915322944777));
#5981 = CARTESIAN_POINT('',(-5.474609435944,-0.927200574342));
#5982 = CARTESIAN_POINT('',(-5.508418102505,-0.939701015513));
#5983 = CARTESIAN_POINT('',(-5.574326766816,-0.964985650207));
#5984 = CARTESIAN_POINT('',(-5.606362039762,-0.977677501201));
#5985 = CARTESIAN_POINT('',(-5.638782270877,-0.990916548227));
#5986 = CARTESIAN_POINT('',(-5.671610952381,-1.004708616111));
#5987 = CARTESIAN_POINT('',(-5.704869301972,-1.019057427306));
#5988 = CARTESIAN_POINT('',(-5.73857680785,-1.033964169057));
#5989 = CARTESIAN_POINT('',(-5.772751773751,-1.049427060556));
#5990 = CARTESIAN_POINT('',(-5.832629621267,-1.07709217725));
#5991 = CARTESIAN_POINT('',(-5.8581022103,-1.089034181194));
#5992 = CARTESIAN_POINT('',(-5.883835089505,-1.101264311229));
#5993 = CARTESIAN_POINT('',(-5.909831643544,-1.113778045359));
#5994 = CARTESIAN_POINT('',(-5.936092940142,-1.126568664156));
#5995 = CARTESIAN_POINT('',(-5.962617486932,-1.139626954596));
#5996 = CARTESIAN_POINT('',(-5.989400988283,-1.152940913903));
#5997 = CARTESIAN_POINT('',(-6.048704927396,-1.182674008012));
#5998 = CARTESIAN_POINT('',(-6.081336045282,-1.199197250158));
#5999 = CARTESIAN_POINT('',(-6.114309975817,-1.216036122977));
#6000 = CARTESIAN_POINT('',(-6.147601522078,-1.23315553614));
#6001 = CARTESIAN_POINT('',(-6.181179350795,-1.250513980774));
#6002 = CARTESIAN_POINT('',(-6.215004464406,-1.268062999742));
#6003 = CARTESIAN_POINT('',(-6.249027564577,-1.285746513282));
#6004 = CARTESIAN_POINT('',(-6.28318530718,-1.3035));
#6005 = ( GEOMETRIC_REPRESENTATION_CONTEXT(2) 
PARAMETRIC_REPRESENTATION_CONTEXT() REPRESENTATION_CONTEXT('2D SPACE',''
  ) );
#6006 = ORIENTED_EDGE('',*,*,#6007,.T.);
#6007 = EDGE_CURVE('',#5878,#6008,#6010,.T.);
#6008 = VERTEX_POINT('',#6009);
#6009 = CARTESIAN_POINT('',(38.,74.,258.));
#6010 = SURFACE_CURVE('',#6011,(#6017,#6026),.PCURVE_S1.);
#6011 = B_SPLINE_CURVE_WITH_KNOTS('',4,(#6012,#6013,#6014,#6015,#6016),
  .UNSPECIFIED.,.F.,.F.,(5,5),(0.,1.),.PIECEWISE_BEZIER_KNOTS.);
#6012 = CARTESIAN_POINT('',(38.,74.3465,253.8));
#6013 = CARTESIAN_POINT('',(38.,74.259864684356,254.8501250381));
#6014 = CARTESIAN_POINT('',(38.,74.173236121693,255.9001682219));
#6015 = CARTESIAN_POINT('',(38.,74.086614495196,256.95012733095));
#6016 = CARTESIAN_POINT('',(38.,74.,258.));
#6017 = PCURVE('',#3812,#6018);
#6018 = DEFINITIONAL_REPRESENTATION('',(#6019),#6025);
#6019 = B_SPLINE_CURVE_WITH_KNOTS('',4,(#6020,#6021,#6022,#6023,#6024),
  .UNSPECIFIED.,.F.,.F.,(5,5),(0.,1.),.PIECEWISE_BEZIER_KNOTS.);
#6020 = CARTESIAN_POINT('',(27.822783320111,0.79));
#6021 = CARTESIAN_POINT('',(27.71360486646,0.842506251905));
#6022 = CARTESIAN_POINT('',(27.603631778957,0.895008411095));
#6023 = CARTESIAN_POINT('',(27.492851259666,0.947506366548));
#6024 = CARTESIAN_POINT('',(27.38125,1.));
#6025 = ( GEOMETRIC_REPRESENTATION_CONTEXT(2) 
PARAMETRIC_REPRESENTATION_CONTEXT() REPRESENTATION_CONTEXT('2D SPACE',''
  ) );
#6026 = PCURVE('',#6027,#6032);
#6027 = PLANE('',#6028);
#6028 = AXIS2_PLACEMENT_3D('',#6029,#6030,#6031);
#6029 = CARTESIAN_POINT('',(38.,75.65,253.8));
#6030 = DIRECTION('',(-1.,0.,0.));
#6031 = DIRECTION('',(0.,0.,1.));
#6032 = DEFINITIONAL_REPRESENTATION('',(#6033),#6039);
#6033 = B_SPLINE_CURVE_WITH_KNOTS('',4,(#6034,#6035,#6036,#6037,#6038),
  .UNSPECIFIED.,.F.,.F.,(5,5),(0.,1.),.PIECEWISE_BEZIER_KNOTS.);
#6034 = CARTESIAN_POINT('',(-1.06581410364E-14,-1.3035));
#6035 = CARTESIAN_POINT('',(1.050125038103,-1.390135315644));
#6036 = CARTESIAN_POINT('',(2.1001682219,-1.476763878307));
#6037 = CARTESIAN_POINT('',(3.150127330954,-1.563385504804));
#6038 = CARTESIAN_POINT('',(4.2,-1.65));
#6039 = ( GEOMETRIC_REPRESENTATION_CONTEXT(2) 
PARAMETRIC_REPRESENTATION_CONTEXT() REPRESENTATION_CONTEXT('2D SPACE',''
  ) );
#6040 = ORIENTED_EDGE('',*,*,#6041,.F.);
#6041 = EDGE_CURVE('',#3830,#6008,#6042,.T.);
#6042 = SURFACE_CURVE('',#6043,(#6047,#6053),.PCURVE_S1.);
#6043 = LINE('',#6044,#6045);
#6044 = CARTESIAN_POINT('',(64.,74.,258.));
#6045 = VECTOR('',#6046,1.);
#6046 = DIRECTION('',(-1.,0.,0.));
#6047 = PCURVE('',#3812,#6048);
#6048 = DEFINITIONAL_REPRESENTATION('',(#6049),#6052);
#6049 = B_SPLINE_CURVE_WITH_KNOTS('',1,(#6050,#6051),.UNSPECIFIED.,.F.,
  .F.,(2,2),(0.,128.),.PIECEWISE_BEZIER_KNOTS.);
#6050 = CARTESIAN_POINT('',(0.,1.));
#6051 = CARTESIAN_POINT('',(134.8,1.));
#6052 = ( GEOMETRIC_REPRESENTATION_CONTEXT(2) 
PARAMETRIC_REPRESENTATION_CONTEXT() REPRESENTATION_CONTEXT('2D SPACE',''
  ) );
#6053 = PCURVE('',#5691,#6054);
#6054 = DEFINITIONAL_REPRESENTATION('',(#6055),#6059);
#6055 = LINE('',#6056,#6057);
#6056 = CARTESIAN_POINT('',(0.,0.));
#6057 = VECTOR('',#6058,1.);
#6058 = DIRECTION('',(1.,0.));
#6059 = ( GEOMETRIC_REPRESENTATION_CONTEXT(2) 
PARAMETRIC_REPRESENTATION_CONTEXT() REPRESENTATION_CONTEXT('2D SPACE',''
  ) );
#6060 = ADVANCED_FACE('',(#6061),#3866,.T.);
#6061 = FACE_BOUND('',#6062,.T.);
#6062 = EDGE_LOOP('',(#6063,#6064,#6086,#6108));
#6063 = ORIENTED_EDGE('',*,*,#3851,.T.);
#6064 = ORIENTED_EDGE('',*,*,#6065,.T.);
#6065 = EDGE_CURVE('',#3830,#6066,#6068,.T.);
#6066 = VERTEX_POINT('',#6067);
#6067 = CARTESIAN_POINT('',(54.,70.,276.));
#6068 = SURFACE_CURVE('',#6069,(#6072,#6079),.PCURVE_S1.);
#6069 = B_SPLINE_CURVE_WITH_KNOTS('',1,(#6070,#6071),.UNSPECIFIED.,.F.,
  .F.,(2,2),(0.,1.),.PIECEWISE_BEZIER_KNOTS.);
#6070 = CARTESIAN_POINT('',(64.,74.,258.));
#6071 = CARTESIAN_POINT('',(54.,70.,276.));
#6072 = PCURVE('',#3866,#6073);
#6073 = DEFINITIONAL_REPRESENTATION('',(#6074),#6078);
#6074 = LINE('',#6075,#6076);
#6075 = CARTESIAN_POINT('',(1.570796318693,0.));
#6076 = VECTOR('',#6077,1.);
#6077 = DIRECTION('',(0.,1.));
#6078 = ( GEOMETRIC_REPRESENTATION_CONTEXT(2) 
PARAMETRIC_REPRESENTATION_CONTEXT() REPRESENTATION_CONTEXT('2D SPACE',''
  ) );
#6079 = PCURVE('',#5691,#6080);
#6080 = DEFINITIONAL_REPRESENTATION('',(#6081),#6085);
#6081 = LINE('',#6082,#6083);
#6082 = CARTESIAN_POINT('',(0.,0.));
#6083 = VECTOR('',#6084,1.);
#6084 = DIRECTION('',(0.,1.));
#6085 = ( GEOMETRIC_REPRESENTATION_CONTEXT(2) 
PARAMETRIC_REPRESENTATION_CONTEXT() REPRESENTATION_CONTEXT('2D SPACE',''
  ) );
#6086 = ORIENTED_EDGE('',*,*,#6087,.F.);
#6087 = EDGE_CURVE('',#3900,#6066,#6088,.T.);
#6088 = SURFACE_CURVE('',#6089,(#6094,#6101),.PCURVE_S1.);
#6089 = CIRCLE('',#6090,44.00000017825);
#6090 = AXIS2_PLACEMENT_3D('',#6091,#6092,#6093);
#6091 = CARTESIAN_POINT('',(53.99999982175,25.99999982175,276.));
#6092 = DIRECTION('',(0.,0.,1.));
#6093 = DIRECTION('',(1.,4.051126125206E-09,-0.));
#6094 = PCURVE('',#3866,#6095);
#6095 = DEFINITIONAL_REPRESENTATION('',(#6096),#6100);
#6096 = LINE('',#6097,#6098);
#6097 = CARTESIAN_POINT('',(0.,1.));
#6098 = VECTOR('',#6099,1.);
#6099 = DIRECTION('',(1.,0.));
#6100 = ( GEOMETRIC_REPRESENTATION_CONTEXT(2) 
PARAMETRIC_REPRESENTATION_CONTEXT() REPRESENTATION_CONTEXT('2D SPACE',''
  ) );
#6101 = PCURVE('',#4246,#6102);
#6102 = DEFINITIONAL_REPRESENTATION('',(#6103),#6107);
#6103 = LINE('',#6104,#6105);
#6104 = CARTESIAN_POINT('',(0.,0.));
#6105 = VECTOR('',#6106,1.);
#6106 = DIRECTION('',(1.,0.));
#6107 = ( GEOMETRIC_REPRESENTATION_CONTEXT(2) 
PARAMETRIC_REPRESENTATION_CONTEXT() REPRESENTATION_CONTEXT('2D SPACE',''
  ) );
#6108 = ORIENTED_EDGE('',*,*,#3899,.F.);
#6109 = ADVANCED_FACE('',(#6110),#3934,.T.);
#6110 = FACE_BOUND('',#6111,.T.);
#6111 = EDGE_LOOP('',(#6112,#6113,#6133,#6134));
#6112 = ORIENTED_EDGE('',*,*,#3921,.T.);
#6113 = ORIENTED_EDGE('',*,*,#6114,.T.);
#6114 = EDGE_CURVE('',#3900,#4208,#6115,.T.);
#6115 = SURFACE_CURVE('',#6116,(#6119,#6126),.PCURVE_S1.);
#6116 = B_SPLINE_CURVE_WITH_KNOTS('',1,(#6117,#6118),.UNSPECIFIED.,.F.,
  .F.,(2,2),(0.,1.),.PIECEWISE_BEZIER_KNOTS.);
#6117 = CARTESIAN_POINT('',(98.,26.,276.));
#6118 = CARTESIAN_POINT('',(94.,15.,290.3));
#6119 = PCURVE('',#3934,#6120);
#6120 = DEFINITIONAL_REPRESENTATION('',(#6121),#6125);
#6121 = LINE('',#6122,#6123);
#6122 = CARTESIAN_POINT('',(52.,0.));
#6123 = VECTOR('',#6124,1.);
#6124 = DIRECTION('',(0.,1.));
#6125 = ( GEOMETRIC_REPRESENTATION_CONTEXT(2) 
PARAMETRIC_REPRESENTATION_CONTEXT() REPRESENTATION_CONTEXT('2D SPACE',''
  ) );
#6126 = PCURVE('',#4246,#6127);
#6127 = DEFINITIONAL_REPRESENTATION('',(#6128),#6132);
#6128 = LINE('',#6129,#6130);
#6129 = CARTESIAN_POINT('',(0.,0.));
#6130 = VECTOR('',#6131,1.);
#6131 = DIRECTION('',(0.,1.));
#6132 = ( GEOMETRIC_REPRESENTATION_CONTEXT(2) 
PARAMETRIC_REPRESENTATION_CONTEXT() REPRESENTATION_CONTEXT('2D SPACE',''
  ) );
#6133 = ORIENTED_EDGE('',*,*,#4207,.F.);
#6134 = ORIENTED_EDGE('',*,*,#3951,.F.);
#6135 = ADVANCED_FACE('',(#6136),#4014,.T.);
#6136 = FACE_BOUND('',#6137,.T.);
#6137 = EDGE_LOOP('',(#6138,#6158,#6159,#6160,#6204,#6229,#6262));
#6138 = ORIENTED_EDGE('',*,*,#6139,.F.);
#6139 = EDGE_CURVE('',#4090,#4302,#6140,.T.);
#6140 = SURFACE_CURVE('',#6141,(#6144,#6151),.PCURVE_S1.);
#6141 = B_SPLINE_CURVE_WITH_KNOTS('',1,(#6142,#6143),.UNSPECIFIED.,.F.,
  .F.,(2,2),(0.,1.),.PIECEWISE_BEZIER_KNOTS.);
#6142 = CARTESIAN_POINT('',(-98.,26.,276.));
#6143 = CARTESIAN_POINT('',(-94.,15.,290.3));
#6144 = PCURVE('',#4014,#6145);
#6145 = DEFINITIONAL_REPRESENTATION('',(#6146),#6150);
#6146 = LINE('',#6147,#6148);
#6147 = CARTESIAN_POINT('',(0.,0.));
#6148 = VECTOR('',#6149,1.);
#6149 = DIRECTION('',(0.,1.));
#6150 = ( GEOMETRIC_REPRESENTATION_CONTEXT(2) 
PARAMETRIC_REPRESENTATION_CONTEXT() REPRESENTATION_CONTEXT('2D SPACE',''
  ) );
#6151 = PCURVE('',#4318,#6152);
#6152 = DEFINITIONAL_REPRESENTATION('',(#6153),#6157);
#6153 = LINE('',#6154,#6155);
#6154 = CARTESIAN_POINT('',(1.570796318693,0.));
#6155 = VECTOR('',#6156,1.);
#6156 = DIRECTION('',(0.,1.));
#6157 = ( GEOMETRIC_REPRESENTATION_CONTEXT(2) 
PARAMETRIC_REPRESENTATION_CONTEXT() REPRESENTATION_CONTEXT('2D SPACE',''
  ) );
#6158 = ORIENTED_EDGE('',*,*,#4089,.T.);
#6159 = ORIENTED_EDGE('',*,*,#3999,.T.);
#6160 = ORIENTED_EDGE('',*,*,#6161,.F.);
#6161 = EDGE_CURVE('',#6162,#4000,#6164,.T.);
#6162 = VERTEX_POINT('',#6163);
#6163 = CARTESIAN_POINT('',(-95.11888111888,-16.01222508047,286.3));
#6164 = SURFACE_CURVE('',#6165,(#6176,#6190),.PCURVE_S1.);
#6165 = B_SPLINE_CURVE_WITH_KNOTS('',5,(#6166,#6167,#6168,#6169,#6170,
    #6171,#6172,#6173,#6174,#6175),.UNSPECIFIED.,.F.,.F.,(6,4,6),(0.,
    0.111035568267,1.),.UNSPECIFIED.);
#6166 = CARTESIAN_POINT('',(-95.11888111888,-16.01222508047,286.3));
#6167 = CARTESIAN_POINT('',(-95.10169293773,-16.01370187407,
    286.36144774761));
#6168 = CARTESIAN_POINT('',(-95.08455949141,-16.01517396489,
    286.42269981819));
#6169 = CARTESIAN_POINT('',(-95.06748104322,-16.01664133032,
    286.48375527048));
#6170 = CARTESIAN_POINT('',(-95.05045784554,-16.01810394867,
    286.54461320217));
#6171 = CARTESIAN_POINT('',(-94.89764459912,-16.03123353004,
    287.09092055813));
#6172 = CARTESIAN_POINT('',(-94.76535481249,-16.04259975358,
    287.56385654533));
#6173 = CARTESIAN_POINT('',(-94.63674843231,-16.05364950203,
    288.02362435447));
#6174 = CARTESIAN_POINT('',(-94.51189781385,-16.0643765587,
    288.46996531548));
#6175 = CARTESIAN_POINT('',(-94.39082862481,-16.07477871824,
    288.90278766628));
#6176 = PCURVE('',#4014,#6177);
#6177 = DEFINITIONAL_REPRESENTATION('',(#6178),#6189);
#6178 = B_SPLINE_CURVE_WITH_KNOTS('',5,(#6179,#6180,#6181,#6182,#6183,
    #6184,#6185,#6186,#6187,#6188),.UNSPECIFIED.,.F.,.F.,(6,4,6),(0.,
    0.111035568267,1.),.UNSPECIFIED.);
#6179 = CARTESIAN_POINT('',(49.030349264688,0.72027972028));
#6180 = CARTESIAN_POINT('',(49.092693039689,0.724576765568));
#6181 = CARTESIAN_POINT('',(49.1552458252,0.728860127146));
#6182 = CARTESIAN_POINT('',(49.218006803308,0.733129739195));
#6183 = CARTESIAN_POINT('',(49.280975114321,0.737385538614));
#6184 = CARTESIAN_POINT('',(49.849934623665,0.775588850219));
#6185 = CARTESIAN_POINT('',(50.368955406982,0.808661296876));
#6186 = CARTESIAN_POINT('',(50.900737901773,0.840812891921));
#6187 = CARTESIAN_POINT('',(51.444664009354,0.872025546537));
#6188 = CARTESIAN_POINT('',(52.,0.902292843796));
#6189 = ( GEOMETRIC_REPRESENTATION_CONTEXT(2) 
PARAMETRIC_REPRESENTATION_CONTEXT() REPRESENTATION_CONTEXT('2D SPACE',''
  ) );
#6190 = PCURVE('',#4070,#6191);
#6191 = DEFINITIONAL_REPRESENTATION('',(#6192),#6203);
#6192 = B_SPLINE_CURVE_WITH_KNOTS('',5,(#6193,#6194,#6195,#6196,#6197,
    #6198,#6199,#6200,#6201,#6202),.UNSPECIFIED.,.F.,.F.,(6,4,6),(0.,
    0.111035568267,1.),.UNSPECIFIED.);
#6193 = CARTESIAN_POINT('',(0.552168443088,0.));
#6194 = CARTESIAN_POINT('',(0.569419949997,-6.144774761595E-02));
#6195 = CARTESIAN_POINT('',(0.586616520411,-0.122699818193));
#6196 = CARTESIAN_POINT('',(0.603757890076,-0.183755270484));
#6197 = CARTESIAN_POINT('',(0.620843805667,-0.244613202177));
#6198 = CARTESIAN_POINT('',(0.774220056074,-0.790920558132));
#6199 = CARTESIAN_POINT('',(0.906997232892,-1.263856545332));
#6200 = CARTESIAN_POINT('',(1.036077432628,-1.723624354475));
#6201 = CARTESIAN_POINT('',(1.161388033439,-2.169965315484));
#6202 = CARTESIAN_POINT('',(1.282903273045,-2.60278766628));
#6203 = ( GEOMETRIC_REPRESENTATION_CONTEXT(2) 
PARAMETRIC_REPRESENTATION_CONTEXT() REPRESENTATION_CONTEXT('2D SPACE',''
  ) );
#6204 = ORIENTED_EDGE('',*,*,#6205,.T.);
#6205 = EDGE_CURVE('',#6162,#6206,#6208,.T.);
#6206 = VERTEX_POINT('',#6207);
#6207 = CARTESIAN_POINT('',(-95.11888111888,14.077175688982,286.3));
#6208 = SURFACE_CURVE('',#6209,(#6212,#6218),.PCURVE_S1.);
#6209 = B_SPLINE_CURVE_WITH_KNOTS('',1,(#6210,#6211),.UNSPECIFIED.,.F.,
  .F.,(2,2),(0.,1.),.PIECEWISE_BEZIER_KNOTS.);
#6210 = CARTESIAN_POINT('',(-95.11888111888,-18.07692307692,286.3));
#6211 = CARTESIAN_POINT('',(-95.11888111888,18.076923076923,286.3));
#6212 = PCURVE('',#4014,#6213);
#6213 = DEFINITIONAL_REPRESENTATION('',(#6214),#6217);
#6214 = B_SPLINE_CURVE_WITH_KNOTS('',1,(#6215,#6216),.UNSPECIFIED.,.F.,
  .F.,(2,2),(0.,1.),.PIECEWISE_BEZIER_KNOTS.);
#6215 = CARTESIAN_POINT('',(52.,0.72027972028));
#6216 = CARTESIAN_POINT('',(0.,0.72027972028));
#6217 = ( GEOMETRIC_REPRESENTATION_CONTEXT(2) 
PARAMETRIC_REPRESENTATION_CONTEXT() REPRESENTATION_CONTEXT('2D SPACE',''
  ) );
#6218 = PCURVE('',#6219,#6224);
#6219 = PLANE('',#6220);
#6220 = AXIS2_PLACEMENT_3D('',#6221,#6222,#6223);
#6221 = CARTESIAN_POINT('',(-72.,1.505075709848E-15,286.3));
#6222 = DIRECTION('',(0.,0.,1.));
#6223 = DIRECTION('',(1.,0.,-0.));
#6224 = DEFINITIONAL_REPRESENTATION('',(#6225),#6228);
#6225 = B_SPLINE_CURVE_WITH_KNOTS('',1,(#6226,#6227),.UNSPECIFIED.,.F.,
  .F.,(2,2),(0.,1.),.PIECEWISE_BEZIER_KNOTS.);
#6226 = CARTESIAN_POINT('',(-23.11888111888,-18.07692307692));
#6227 = CARTESIAN_POINT('',(-23.11888111888,18.076923076923));
#6228 = ( GEOMETRIC_REPRESENTATION_CONTEXT(2) 
PARAMETRIC_REPRESENTATION_CONTEXT() REPRESENTATION_CONTEXT('2D SPACE',''
  ) );
#6229 = ORIENTED_EDGE('',*,*,#6230,.T.);
#6230 = EDGE_CURVE('',#6206,#4347,#6231,.T.);
#6231 = SURFACE_CURVE('',#6232,(#6240,#6251),.PCURVE_S1.);
#6232 = B_SPLINE_CURVE_WITH_KNOTS('',6,(#6233,#6234,#6235,#6236,#6237,
    #6238,#6239),.UNSPECIFIED.,.F.,.F.,(7,7),(0.,1.),
  .PIECEWISE_BEZIER_KNOTS.);
#6233 = CARTESIAN_POINT('',(-95.11888111888,14.077175688982,286.3));
#6234 = CARTESIAN_POINT('',(-94.91115862036,14.204805768522,
    287.04260793219));
#6235 = CARTESIAN_POINT('',(-94.71169552094,14.327361059482,
    287.75568851262));
#6236 = CARTESIAN_POINT('',(-94.52083345555,14.444631652513,
    288.43802039639));
#6237 = CARTESIAN_POINT('',(-94.3386754834,14.556554225369,
    289.08923514681));
#6238 = CARTESIAN_POINT('',(-94.1651344927,14.663182301794,
    289.70964418857));
#6239 = CARTESIAN_POINT('',(-94.,14.764645208265,290.3));
#6240 = PCURVE('',#4014,#6241);
#6241 = DEFINITIONAL_REPRESENTATION('',(#6242),#6250);
#6242 = B_SPLINE_CURVE_WITH_KNOTS('',6,(#6243,#6244,#6245,#6246,#6247,
    #6248,#6249),.UNSPECIFIED.,.F.,.F.,(7,7),(0.,1.),
  .PIECEWISE_BEZIER_KNOTS.);
#6243 = CARTESIAN_POINT('',(5.752828157975,0.72027972028));
#6244 = CARTESIAN_POINT('',(4.929440621682,0.772210344909));
#6245 = CARTESIAN_POINT('',(4.07634638528,0.822076119764));
#6246 = CARTESIAN_POINT('',(3.195328176169,0.869791636111));
#6247 = CARTESIAN_POINT('',(2.288588109213,0.915331129148));
#6248 = CARTESIAN_POINT('',(1.358607930425,0.958716376824));
#6249 = CARTESIAN_POINT('',(0.407948305675,1.));
#6250 = ( GEOMETRIC_REPRESENTATION_CONTEXT(2) 
PARAMETRIC_REPRESENTATION_CONTEXT() REPRESENTATION_CONTEXT('2D SPACE',''
  ) );
#6251 = PCURVE('',#4383,#6252);
#6252 = DEFINITIONAL_REPRESENTATION('',(#6253),#6261);
#6253 = B_SPLINE_CURVE_WITH_KNOTS('',6,(#6254,#6255,#6256,#6257,#6258,
    #6259,#6260),.UNSPECIFIED.,.F.,.F.,(7,7),(0.,1.),
  .PIECEWISE_BEZIER_KNOTS.);
#6254 = CARTESIAN_POINT('',(4.297247226138,0.));
#6255 = CARTESIAN_POINT('',(4.053447977589,-0.742607932195));
#6256 = CARTESIAN_POINT('',(3.819342600946,-1.455688512625));
#6257 = CARTESIAN_POINT('',(3.595332065492,-2.138020396394));
#6258 = CARTESIAN_POINT('',(3.381537329515,-2.789235146819));
#6259 = CARTESIAN_POINT('',(3.177856151848,-3.409644188579));
#6260 = CARTESIAN_POINT('',(2.984041492777,-4.));
#6261 = ( GEOMETRIC_REPRESENTATION_CONTEXT(2) 
PARAMETRIC_REPRESENTATION_CONTEXT() REPRESENTATION_CONTEXT('2D SPACE',''
  ) );
#6262 = ORIENTED_EDGE('',*,*,#4346,.F.);
#6263 = ADVANCED_FACE('',(#6264),#4070,.F.);
#6264 = FACE_BOUND('',#6265,.F.);
#6265 = EDGE_LOOP('',(#6266,#6289,#6317,#6345,#6366,#6367,#6368));
#6266 = ORIENTED_EDGE('',*,*,#6267,.F.);
#6267 = EDGE_CURVE('',#6268,#6162,#6270,.T.);
#6268 = VERTEX_POINT('',#6269);
#6269 = CARTESIAN_POINT('',(-95.66902269644,-15.96495739409,286.3));
#6270 = SURFACE_CURVE('',#6271,(#6275,#6282),.PCURVE_S1.);
#6271 = LINE('',#6272,#6273);
#6272 = CARTESIAN_POINT('',(-95.66902269644,-15.96495739409,286.3));
#6273 = VECTOR('',#6274,1.);
#6274 = DIRECTION('',(0.996329262296,-8.560374461888E-02,0.));
#6275 = PCURVE('',#4070,#6276);
#6276 = DEFINITIONAL_REPRESENTATION('',(#6277),#6281);
#6277 = LINE('',#6278,#6279);
#6278 = CARTESIAN_POINT('',(0.,0.));
#6279 = VECTOR('',#6280,1.);
#6280 = DIRECTION('',(1.,0.));
#6281 = ( GEOMETRIC_REPRESENTATION_CONTEXT(2) 
PARAMETRIC_REPRESENTATION_CONTEXT() REPRESENTATION_CONTEXT('2D SPACE',''
  ) );
#6282 = PCURVE('',#6219,#6283);
#6283 = DEFINITIONAL_REPRESENTATION('',(#6284),#6288);
#6284 = LINE('',#6285,#6286);
#6285 = CARTESIAN_POINT('',(-23.66902269644,-15.96495739409));
#6286 = VECTOR('',#6287,1.);
#6287 = DIRECTION('',(0.996329262296,-8.560374461888E-02));
#6288 = ( GEOMETRIC_REPRESENTATION_CONTEXT(2) 
PARAMETRIC_REPRESENTATION_CONTEXT() REPRESENTATION_CONTEXT('2D SPACE',''
  ) );
#6289 = ORIENTED_EDGE('',*,*,#6290,.T.);
#6290 = EDGE_CURVE('',#6268,#6291,#6293,.T.);
#6291 = VERTEX_POINT('',#6292);
#6292 = CARTESIAN_POINT('',(-95.66902269644,-15.96495739409,292.3));
#6293 = SURFACE_CURVE('',#6294,(#6298,#6305),.PCURVE_S1.);
#6294 = LINE('',#6295,#6296);
#6295 = CARTESIAN_POINT('',(-95.66902269644,-15.96495739409,286.3));
#6296 = VECTOR('',#6297,1.);
#6297 = DIRECTION('',(0.,0.,1.));
#6298 = PCURVE('',#4070,#6299);
#6299 = DEFINITIONAL_REPRESENTATION('',(#6300),#6304);
#6300 = LINE('',#6301,#6302);
#6301 = CARTESIAN_POINT('',(0.,0.));
#6302 = VECTOR('',#6303,1.);
#6303 = DIRECTION('',(0.,-1.));
#6304 = ( GEOMETRIC_REPRESENTATION_CONTEXT(2) 
PARAMETRIC_REPRESENTATION_CONTEXT() REPRESENTATION_CONTEXT('2D SPACE',''
  ) );
#6305 = PCURVE('',#6306,#6311);
#6306 = PLANE('',#6307);
#6307 = AXIS2_PLACEMENT_3D('',#6308,#6309,#6310);
#6308 = CARTESIAN_POINT('',(-95.86819256796,-8.687311640472,286.3));
#6309 = DIRECTION('',(0.999625724332,2.735710610535E-02,-0.));
#6310 = DIRECTION('',(2.735710610535E-02,-0.999625724332,0.));
#6311 = DEFINITIONAL_REPRESENTATION('',(#6312),#6316);
#6312 = LINE('',#6313,#6314);
#6313 = CARTESIAN_POINT('',(7.280370619197,0.));
#6314 = VECTOR('',#6315,1.);
#6315 = DIRECTION('',(0.,-1.));
#6316 = ( GEOMETRIC_REPRESENTATION_CONTEXT(2) 
PARAMETRIC_REPRESENTATION_CONTEXT() REPRESENTATION_CONTEXT('2D SPACE',''
  ) );
#6317 = ORIENTED_EDGE('',*,*,#6318,.T.);
#6318 = EDGE_CURVE('',#6291,#6319,#6321,.T.);
#6319 = VERTEX_POINT('',#6320);
#6320 = CARTESIAN_POINT('',(-91.45752885522,-16.32680528603,292.3));
#6321 = SURFACE_CURVE('',#6322,(#6326,#6333),.PCURVE_S1.);
#6322 = LINE('',#6323,#6324);
#6323 = CARTESIAN_POINT('',(-95.66902269644,-15.96495739409,292.3));
#6324 = VECTOR('',#6325,1.);
#6325 = DIRECTION('',(0.996329262296,-8.560374461888E-02,0.));
#6326 = PCURVE('',#4070,#6327);
#6327 = DEFINITIONAL_REPRESENTATION('',(#6328),#6332);
#6328 = LINE('',#6329,#6330);
#6329 = CARTESIAN_POINT('',(0.,-6.));
#6330 = VECTOR('',#6331,1.);
#6331 = DIRECTION('',(1.,0.));
#6332 = ( GEOMETRIC_REPRESENTATION_CONTEXT(2) 
PARAMETRIC_REPRESENTATION_CONTEXT() REPRESENTATION_CONTEXT('2D SPACE',''
  ) );
#6333 = PCURVE('',#6334,#6339);
#6334 = PLANE('',#6335);
#6335 = AXIS2_PLACEMENT_3D('',#6336,#6337,#6338);
#6336 = CARTESIAN_POINT('',(-72.,1.505075709848E-15,292.3));
#6337 = DIRECTION('',(0.,0.,1.));
#6338 = DIRECTION('',(1.,0.,-0.));
#6339 = DEFINITIONAL_REPRESENTATION('',(#6340),#6344);
#6340 = LINE('',#6341,#6342);
#6341 = CARTESIAN_POINT('',(-23.66902269644,-15.96495739409));
#6342 = VECTOR('',#6343,1.);
#6343 = DIRECTION('',(0.996329262296,-8.560374461888E-02));
#6344 = ( GEOMETRIC_REPRESENTATION_CONTEXT(2) 
PARAMETRIC_REPRESENTATION_CONTEXT() REPRESENTATION_CONTEXT('2D SPACE',''
  ) );
#6345 = ORIENTED_EDGE('',*,*,#6346,.F.);
#6346 = EDGE_CURVE('',#5097,#6319,#6347,.T.);
#6347 = SURFACE_CURVE('',#6348,(#6352,#6359),.PCURVE_S1.);
#6348 = LINE('',#6349,#6350);
#6349 = CARTESIAN_POINT('',(-91.45752885522,-16.32680528603,286.3));
#6350 = VECTOR('',#6351,1.);
#6351 = DIRECTION('',(0.,0.,1.));
#6352 = PCURVE('',#4070,#6353);
#6353 = DEFINITIONAL_REPRESENTATION('',(#6354),#6358);
#6354 = LINE('',#6355,#6356);
#6355 = CARTESIAN_POINT('',(4.227010086524,0.));
#6356 = VECTOR('',#6357,1.);
#6357 = DIRECTION('',(0.,-1.));
#6358 = ( GEOMETRIC_REPRESENTATION_CONTEXT(2) 
PARAMETRIC_REPRESENTATION_CONTEXT() REPRESENTATION_CONTEXT('2D SPACE',''
  ) );
#6359 = PCURVE('',#5111,#6360);
#6360 = DEFINITIONAL_REPRESENTATION('',(#6361),#6365);
#6361 = LINE('',#6362,#6363);
#6362 = CARTESIAN_POINT('',(0.,0.));
#6363 = VECTOR('',#6364,1.);
#6364 = DIRECTION('',(0.,-1.));
#6365 = ( GEOMETRIC_REPRESENTATION_CONTEXT(2) 
PARAMETRIC_REPRESENTATION_CONTEXT() REPRESENTATION_CONTEXT('2D SPACE',''
  ) );
#6366 = ORIENTED_EDGE('',*,*,#5122,.T.);
#6367 = ORIENTED_EDGE('',*,*,#4052,.T.);
#6368 = ORIENTED_EDGE('',*,*,#6161,.F.);
#6369 = ADVANCED_FACE('',(#6370),#4124,.T.);
#6370 = FACE_BOUND('',#6371,.T.);
#6371 = EDGE_LOOP('',(#6372,#6373,#6374,#6398));
#6372 = ORIENTED_EDGE('',*,*,#4157,.T.);
#6373 = ORIENTED_EDGE('',*,*,#4111,.T.);
#6374 = ORIENTED_EDGE('',*,*,#6375,.F.);
#6375 = EDGE_CURVE('',#6376,#4090,#6378,.T.);
#6376 = VERTEX_POINT('',#6377);
#6377 = CARTESIAN_POINT('',(-54.,70.,276.));
#6378 = SURFACE_CURVE('',#6379,(#6384,#6391),.PCURVE_S1.);
#6379 = CIRCLE('',#6380,44.00000017825);
#6380 = AXIS2_PLACEMENT_3D('',#6381,#6382,#6383);
#6381 = CARTESIAN_POINT('',(-53.99999982175,25.99999982175,276.));
#6382 = DIRECTION('',(0.,0.,1.));
#6383 = DIRECTION('',(-4.051126286693E-09,1.,0.));
#6384 = PCURVE('',#4124,#6385);
#6385 = DEFINITIONAL_REPRESENTATION('',(#6386),#6390);
#6386 = LINE('',#6387,#6388);
#6387 = CARTESIAN_POINT('',(0.,1.));
#6388 = VECTOR('',#6389,1.);
#6389 = DIRECTION('',(1.,0.));
#6390 = ( GEOMETRIC_REPRESENTATION_CONTEXT(2) 
PARAMETRIC_REPRESENTATION_CONTEXT() REPRESENTATION_CONTEXT('2D SPACE',''
  ) );
#6391 = PCURVE('',#4318,#6392);
#6392 = DEFINITIONAL_REPRESENTATION('',(#6393),#6397);
#6393 = LINE('',#6394,#6395);
#6394 = CARTESIAN_POINT('',(0.,0.));
#6395 = VECTOR('',#6396,1.);
#6396 = DIRECTION('',(1.,0.));
#6397 = ( GEOMETRIC_REPRESENTATION_CONTEXT(2) 
PARAMETRIC_REPRESENTATION_CONTEXT() REPRESENTATION_CONTEXT('2D SPACE',''
  ) );
#6398 = ORIENTED_EDGE('',*,*,#6399,.F.);
#6399 = EDGE_CURVE('',#4158,#6376,#6400,.T.);
#6400 = SURFACE_CURVE('',#6401,(#6404,#6411),.PCURVE_S1.);
#6401 = B_SPLINE_CURVE_WITH_KNOTS('',1,(#6402,#6403),.UNSPECIFIED.,.F.,
  .F.,(2,2),(0.,1.),.PIECEWISE_BEZIER_KNOTS.);
#6402 = CARTESIAN_POINT('',(-64.,74.,258.));
#6403 = CARTESIAN_POINT('',(-54.,70.,276.));
#6404 = PCURVE('',#4124,#6405);
#6405 = DEFINITIONAL_REPRESENTATION('',(#6406),#6410);
#6406 = LINE('',#6407,#6408);
#6407 = CARTESIAN_POINT('',(0.,0.));
#6408 = VECTOR('',#6409,1.);
#6409 = DIRECTION('',(0.,1.));
#6410 = ( GEOMETRIC_REPRESENTATION_CONTEXT(2) 
PARAMETRIC_REPRESENTATION_CONTEXT() REPRESENTATION_CONTEXT('2D SPACE',''
  ) );
#6411 = PCURVE('',#5691,#6412);
#6412 = DEFINITIONAL_REPRESENTATION('',(#6413),#6417);
#6413 = LINE('',#6414,#6415);
#6414 = CARTESIAN_POINT('',(128.,0.));
#6415 = VECTOR('',#6416,1.);
#6416 = DIRECTION('',(0.,1.));
#6417 = ( GEOMETRIC_REPRESENTATION_CONTEXT(2) 
PARAMETRIC_REPRESENTATION_CONTEXT() REPRESENTATION_CONTEXT('2D SPACE',''
  ) );
#6418 = ADVANCED_FACE('',(#6419),#5111,.F.);
#6419 = FACE_BOUND('',#6420,.F.);
#6420 = EDGE_LOOP('',(#6421,#6422,#6423,#6446));
#6421 = ORIENTED_EDGE('',*,*,#5096,.T.);
#6422 = ORIENTED_EDGE('',*,*,#6346,.T.);
#6423 = ORIENTED_EDGE('',*,*,#6424,.T.);
#6424 = EDGE_CURVE('',#6319,#6425,#6427,.T.);
#6425 = VERTEX_POINT('',#6426);
#6426 = CARTESIAN_POINT('',(-88.78126895295,-23.0974351894,292.3));
#6427 = SURFACE_CURVE('',#6428,(#6432,#6439),.PCURVE_S1.);
#6428 = LINE('',#6429,#6430);
#6429 = CARTESIAN_POINT('',(-91.45752885522,-16.32680528603,292.3));
#6430 = VECTOR('',#6431,1.);
#6431 = DIRECTION('',(0.367599404241,-0.929984235351,0.));
#6432 = PCURVE('',#5111,#6433);
#6433 = DEFINITIONAL_REPRESENTATION('',(#6434),#6438);
#6434 = LINE('',#6435,#6436);
#6435 = CARTESIAN_POINT('',(0.,-6.));
#6436 = VECTOR('',#6437,1.);
#6437 = DIRECTION('',(1.,0.));
#6438 = ( GEOMETRIC_REPRESENTATION_CONTEXT(2) 
PARAMETRIC_REPRESENTATION_CONTEXT() REPRESENTATION_CONTEXT('2D SPACE',''
  ) );
#6439 = PCURVE('',#6334,#6440);
#6440 = DEFINITIONAL_REPRESENTATION('',(#6441),#6445);
#6441 = LINE('',#6442,#6443);
#6442 = CARTESIAN_POINT('',(-19.45752885522,-16.32680528603));
#6443 = VECTOR('',#6444,1.);
#6444 = DIRECTION('',(0.367599404241,-0.929984235351));
#6445 = ( GEOMETRIC_REPRESENTATION_CONTEXT(2) 
PARAMETRIC_REPRESENTATION_CONTEXT() REPRESENTATION_CONTEXT('2D SPACE',''
  ) );
#6446 = ORIENTED_EDGE('',*,*,#6447,.F.);
#6447 = EDGE_CURVE('',#5071,#6425,#6448,.T.);
#6448 = SURFACE_CURVE('',#6449,(#6453,#6460),.PCURVE_S1.);
#6449 = LINE('',#6450,#6451);
#6450 = CARTESIAN_POINT('',(-88.78126895295,-23.0974351894,286.3));
#6451 = VECTOR('',#6452,1.);
#6452 = DIRECTION('',(0.,0.,1.));
#6453 = PCURVE('',#5111,#6454);
#6454 = DEFINITIONAL_REPRESENTATION('',(#6455),#6459);
#6455 = LINE('',#6456,#6457);
#6456 = CARTESIAN_POINT('',(7.280370619197,0.));
#6457 = VECTOR('',#6458,1.);
#6458 = DIRECTION('',(0.,-1.));
#6459 = ( GEOMETRIC_REPRESENTATION_CONTEXT(2) 
PARAMETRIC_REPRESENTATION_CONTEXT() REPRESENTATION_CONTEXT('2D SPACE',''
  ) );
#6460 = PCURVE('',#5085,#6461);
#6461 = DEFINITIONAL_REPRESENTATION('',(#6462),#6466);
#6462 = LINE('',#6463,#6464);
#6463 = CARTESIAN_POINT('',(0.,0.));
#6464 = VECTOR('',#6465,1.);
#6465 = DIRECTION('',(0.,-1.));
#6466 = ( GEOMETRIC_REPRESENTATION_CONTEXT(2) 
PARAMETRIC_REPRESENTATION_CONTEXT() REPRESENTATION_CONTEXT('2D SPACE',''
  ) );
#6467 = ADVANCED_FACE('',(#6468),#5085,.F.);
#6468 = FACE_BOUND('',#6469,.F.);
#6469 = EDGE_LOOP('',(#6470,#6471,#6472,#6495));
#6470 = ORIENTED_EDGE('',*,*,#5070,.T.);
#6471 = ORIENTED_EDGE('',*,*,#6447,.T.);
#6472 = ORIENTED_EDGE('',*,*,#6473,.T.);
#6473 = EDGE_CURVE('',#6425,#6474,#6476,.T.);
#6474 = VERTEX_POINT('',#6475);
#6475 = CARTESIAN_POINT('',(-84.7,-21.99704525612,292.3));
#6476 = SURFACE_CURVE('',#6477,(#6481,#6488),.PCURVE_S1.);
#6477 = LINE('',#6478,#6479);
#6478 = CARTESIAN_POINT('',(-88.78126895295,-23.0974351894,292.3));
#6479 = VECTOR('',#6480,1.);
#6480 = DIRECTION('',(0.965521460656,0.26032346996,0.));
#6481 = PCURVE('',#5085,#6482);
#6482 = DEFINITIONAL_REPRESENTATION('',(#6483),#6487);
#6483 = LINE('',#6484,#6485);
#6484 = CARTESIAN_POINT('',(0.,-6.));
#6485 = VECTOR('',#6486,1.);
#6486 = DIRECTION('',(1.,0.));
#6487 = ( GEOMETRIC_REPRESENTATION_CONTEXT(2) 
PARAMETRIC_REPRESENTATION_CONTEXT() REPRESENTATION_CONTEXT('2D SPACE',''
  ) );
#6488 = PCURVE('',#6334,#6489);
#6489 = DEFINITIONAL_REPRESENTATION('',(#6490),#6494);
#6490 = LINE('',#6491,#6492);
#6491 = CARTESIAN_POINT('',(-16.78126895295,-23.0974351894));
#6492 = VECTOR('',#6493,1.);
#6493 = DIRECTION('',(0.965521460656,0.26032346996));
#6494 = ( GEOMETRIC_REPRESENTATION_CONTEXT(2) 
PARAMETRIC_REPRESENTATION_CONTEXT() REPRESENTATION_CONTEXT('2D SPACE',''
  ) );
#6495 = ORIENTED_EDGE('',*,*,#6496,.F.);
#6496 = EDGE_CURVE('',#5045,#6474,#6497,.T.);
#6497 = SURFACE_CURVE('',#6498,(#6502,#6509),.PCURVE_S1.);
#6498 = LINE('',#6499,#6500);
#6499 = CARTESIAN_POINT('',(-84.7,-21.99704525612,286.3));
#6500 = VECTOR('',#6501,1.);
#6501 = DIRECTION('',(0.,0.,1.));
#6502 = PCURVE('',#5085,#6503);
#6503 = DEFINITIONAL_REPRESENTATION('',(#6504),#6508);
#6504 = LINE('',#6505,#6506);
#6505 = CARTESIAN_POINT('',(4.227010086524,0.));
#6506 = VECTOR('',#6507,1.);
#6507 = DIRECTION('',(0.,-1.));
#6508 = ( GEOMETRIC_REPRESENTATION_CONTEXT(2) 
PARAMETRIC_REPRESENTATION_CONTEXT() REPRESENTATION_CONTEXT('2D SPACE',''
  ) );
#6509 = PCURVE('',#5059,#6510);
#6510 = DEFINITIONAL_REPRESENTATION('',(#6511),#6515);
#6511 = LINE('',#6512,#6513);
#6512 = CARTESIAN_POINT('',(0.,0.));
#6513 = VECTOR('',#6514,1.);
#6514 = DIRECTION('',(0.,-1.));
#6515 = ( GEOMETRIC_REPRESENTATION_CONTEXT(2) 
PARAMETRIC_REPRESENTATION_CONTEXT() REPRESENTATION_CONTEXT('2D SPACE',''
  ) );
#6516 = ADVANCED_FACE('',(#6517),#5059,.F.);
#6517 = FACE_BOUND('',#6518,.F.);
#6518 = EDGE_LOOP('',(#6519,#6520,#6521,#6544));
#6519 = ORIENTED_EDGE('',*,*,#5044,.T.);
#6520 = ORIENTED_EDGE('',*,*,#6496,.T.);
#6521 = ORIENTED_EDGE('',*,*,#6522,.T.);
#6522 = EDGE_CURVE('',#6474,#6523,#6525,.T.);
#6523 = VERTEX_POINT('',#6524);
#6524 = CARTESIAN_POINT('',(-79.86944650857,-27.44402141903,292.3));
#6525 = SURFACE_CURVE('',#6526,(#6530,#6537),.PCURVE_S1.);
#6526 = LINE('',#6527,#6528);
#6527 = CARTESIAN_POINT('',(-84.7,-21.99704525612,292.3));
#6528 = VECTOR('',#6529,1.);
#6529 = DIRECTION('',(0.663503789036,-0.748172922482,0.));
#6530 = PCURVE('',#5059,#6531);
#6531 = DEFINITIONAL_REPRESENTATION('',(#6532),#6536);
#6532 = LINE('',#6533,#6534);
#6533 = CARTESIAN_POINT('',(0.,-6.));
#6534 = VECTOR('',#6535,1.);
#6535 = DIRECTION('',(1.,0.));
#6536 = ( GEOMETRIC_REPRESENTATION_CONTEXT(2) 
PARAMETRIC_REPRESENTATION_CONTEXT() REPRESENTATION_CONTEXT('2D SPACE',''
  ) );
#6537 = PCURVE('',#6334,#6538);
#6538 = DEFINITIONAL_REPRESENTATION('',(#6539),#6543);
#6539 = LINE('',#6540,#6541);
#6540 = CARTESIAN_POINT('',(-12.7,-21.99704525612));
#6541 = VECTOR('',#6542,1.);
#6542 = DIRECTION('',(0.663503789036,-0.748172922482));
#6543 = ( GEOMETRIC_REPRESENTATION_CONTEXT(2) 
PARAMETRIC_REPRESENTATION_CONTEXT() REPRESENTATION_CONTEXT('2D SPACE',''
  ) );
#6544 = ORIENTED_EDGE('',*,*,#6545,.F.);
#6545 = EDGE_CURVE('',#5019,#6523,#6546,.T.);
#6546 = SURFACE_CURVE('',#6547,(#6551,#6558),.PCURVE_S1.);
#6547 = LINE('',#6548,#6549);
#6548 = CARTESIAN_POINT('',(-79.86944650857,-27.44402141903,286.3));
#6549 = VECTOR('',#6550,1.);
#6550 = DIRECTION('',(0.,0.,1.));
#6551 = PCURVE('',#5059,#6552);
#6552 = DEFINITIONAL_REPRESENTATION('',(#6553),#6557);
#6553 = LINE('',#6554,#6555);
#6554 = CARTESIAN_POINT('',(7.280370619197,0.));
#6555 = VECTOR('',#6556,1.);
#6556 = DIRECTION('',(0.,-1.));
#6557 = ( GEOMETRIC_REPRESENTATION_CONTEXT(2) 
PARAMETRIC_REPRESENTATION_CONTEXT() REPRESENTATION_CONTEXT('2D SPACE',''
  ) );
#6558 = PCURVE('',#5033,#6559);
#6559 = DEFINITIONAL_REPRESENTATION('',(#6560),#6564);
#6560 = LINE('',#6561,#6562);
#6561 = CARTESIAN_POINT('',(0.,0.));
#6562 = VECTOR('',#6563,1.);
#6563 = DIRECTION('',(0.,-1.));
#6564 = ( GEOMETRIC_REPRESENTATION_CONTEXT(2) 
PARAMETRIC_REPRESENTATION_CONTEXT() REPRESENTATION_CONTEXT('2D SPACE',''
  ) );
#6565 = ADVANCED_FACE('',(#6566),#5033,.F.);
#6566 = FACE_BOUND('',#6567,.F.);
#6567 = EDGE_LOOP('',(#6568,#6569,#6570,#6593));
#6568 = ORIENTED_EDGE('',*,*,#5018,.T.);
#6569 = ORIENTED_EDGE('',*,*,#6545,.T.);
#6570 = ORIENTED_EDGE('',*,*,#6571,.T.);
#6571 = EDGE_CURVE('',#6523,#6572,#6574,.T.);
#6572 = VERTEX_POINT('',#6573);
#6573 = CARTESIAN_POINT('',(-76.41066371274,-25.01411692651,292.3));
#6574 = SURFACE_CURVE('',#6575,(#6579,#6586),.PCURVE_S1.);
#6575 = LINE('',#6576,#6577);
#6576 = CARTESIAN_POINT('',(-79.86944650857,-27.44402141903,292.3));
#6577 = VECTOR('',#6578,1.);
#6578 = DIRECTION('',(0.818257521282,0.574851832097,0.));
#6579 = PCURVE('',#5033,#6580);
#6580 = DEFINITIONAL_REPRESENTATION('',(#6581),#6585);
#6581 = LINE('',#6582,#6583);
#6582 = CARTESIAN_POINT('',(0.,-6.));
#6583 = VECTOR('',#6584,1.);
#6584 = DIRECTION('',(1.,0.));
#6585 = ( GEOMETRIC_REPRESENTATION_CONTEXT(2) 
PARAMETRIC_REPRESENTATION_CONTEXT() REPRESENTATION_CONTEXT('2D SPACE',''
  ) );
#6586 = PCURVE('',#6334,#6587);
#6587 = DEFINITIONAL_REPRESENTATION('',(#6588),#6592);
#6588 = LINE('',#6589,#6590);
#6589 = CARTESIAN_POINT('',(-7.869446508575,-27.44402141903));
#6590 = VECTOR('',#6591,1.);
#6591 = DIRECTION('',(0.818257521282,0.574851832097));
#6592 = ( GEOMETRIC_REPRESENTATION_CONTEXT(2) 
PARAMETRIC_REPRESENTATION_CONTEXT() REPRESENTATION_CONTEXT('2D SPACE',''
  ) );
#6593 = ORIENTED_EDGE('',*,*,#6594,.F.);
#6594 = EDGE_CURVE('',#4993,#6572,#6595,.T.);
#6595 = SURFACE_CURVE('',#6596,(#6600,#6607),.PCURVE_S1.);
#6596 = LINE('',#6597,#6598);
#6597 = CARTESIAN_POINT('',(-76.41066371274,-25.01411692651,286.3));
#6598 = VECTOR('',#6599,1.);
#6599 = DIRECTION('',(0.,0.,1.));
#6600 = PCURVE('',#5033,#6601);
#6601 = DEFINITIONAL_REPRESENTATION('',(#6602),#6606);
#6602 = LINE('',#6603,#6604);
#6603 = CARTESIAN_POINT('',(4.227010086524,0.));
#6604 = VECTOR('',#6605,1.);
#6605 = DIRECTION('',(0.,-1.));
#6606 = ( GEOMETRIC_REPRESENTATION_CONTEXT(2) 
PARAMETRIC_REPRESENTATION_CONTEXT() REPRESENTATION_CONTEXT('2D SPACE',''
  ) );
#6607 = PCURVE('',#5007,#6608);
#6608 = DEFINITIONAL_REPRESENTATION('',(#6609),#6613);
#6609 = LINE('',#6610,#6611);
#6610 = CARTESIAN_POINT('',(0.,0.));
#6611 = VECTOR('',#6612,1.);
#6612 = DIRECTION('',(0.,-1.));
#6613 = ( GEOMETRIC_REPRESENTATION_CONTEXT(2) 
PARAMETRIC_REPRESENTATION_CONTEXT() REPRESENTATION_CONTEXT('2D SPACE',''
  ) );
#6614 = ADVANCED_FACE('',(#6615),#5007,.F.);
#6615 = FACE_BOUND('',#6616,.F.);
#6616 = EDGE_LOOP('',(#6617,#6618,#6619,#6642));
#6617 = ORIENTED_EDGE('',*,*,#4992,.T.);
#6618 = ORIENTED_EDGE('',*,*,#6594,.T.);
#6619 = ORIENTED_EDGE('',*,*,#6620,.T.);
#6620 = EDGE_CURVE('',#6572,#6621,#6623,.T.);
#6621 = VERTEX_POINT('',#6622);
#6622 = CARTESIAN_POINT('',(-70.0084526746,-28.48045363491,292.3));
#6623 = SURFACE_CURVE('',#6624,(#6628,#6635),.PCURVE_S1.);
#6624 = LINE('',#6625,#6626);
#6625 = CARTESIAN_POINT('',(-76.41066371274,-25.01411692651,292.3));
#6626 = VECTOR('',#6627,1.);
#6627 = DIRECTION('',(0.8793798246,-0.476120913305,0.));
#6628 = PCURVE('',#5007,#6629);
#6629 = DEFINITIONAL_REPRESENTATION('',(#6630),#6634);
#6630 = LINE('',#6631,#6632);
#6631 = CARTESIAN_POINT('',(0.,-6.));
#6632 = VECTOR('',#6633,1.);
#6633 = DIRECTION('',(1.,0.));
#6634 = ( GEOMETRIC_REPRESENTATION_CONTEXT(2) 
PARAMETRIC_REPRESENTATION_CONTEXT() REPRESENTATION_CONTEXT('2D SPACE',''
  ) );
#6635 = PCURVE('',#6334,#6636);
#6636 = DEFINITIONAL_REPRESENTATION('',(#6637),#6641);
#6637 = LINE('',#6638,#6639);
#6638 = CARTESIAN_POINT('',(-4.41066371274,-25.01411692651));
#6639 = VECTOR('',#6640,1.);
#6640 = DIRECTION('',(0.8793798246,-0.476120913305));
#6641 = ( GEOMETRIC_REPRESENTATION_CONTEXT(2) 
PARAMETRIC_REPRESENTATION_CONTEXT() REPRESENTATION_CONTEXT('2D SPACE',''
  ) );
#6642 = ORIENTED_EDGE('',*,*,#6643,.F.);
#6643 = EDGE_CURVE('',#4967,#6621,#6644,.T.);
#6644 = SURFACE_CURVE('',#6645,(#6649,#6656),.PCURVE_S1.);
#6645 = LINE('',#6646,#6647);
#6646 = CARTESIAN_POINT('',(-70.0084526746,-28.48045363491,286.3));
#6647 = VECTOR('',#6648,1.);
#6648 = DIRECTION('',(0.,0.,1.));
#6649 = PCURVE('',#5007,#6650);
#6650 = DEFINITIONAL_REPRESENTATION('',(#6651),#6655);
#6651 = LINE('',#6652,#6653);
#6652 = CARTESIAN_POINT('',(7.280370619197,0.));
#6653 = VECTOR('',#6654,1.);
#6654 = DIRECTION('',(0.,-1.));
#6655 = ( GEOMETRIC_REPRESENTATION_CONTEXT(2) 
PARAMETRIC_REPRESENTATION_CONTEXT() REPRESENTATION_CONTEXT('2D SPACE',''
  ) );
#6656 = PCURVE('',#4981,#6657);
#6657 = DEFINITIONAL_REPRESENTATION('',(#6658),#6662);
#6658 = LINE('',#6659,#6660);
#6659 = CARTESIAN_POINT('',(0.,0.));
#6660 = VECTOR('',#6661,1.);
#6661 = DIRECTION('',(0.,-1.));
#6662 = ( GEOMETRIC_REPRESENTATION_CONTEXT(2) 
PARAMETRIC_REPRESENTATION_CONTEXT() REPRESENTATION_CONTEXT('2D SPACE',''
  ) );
#6663 = ADVANCED_FACE('',(#6664),#4981,.F.);
#6664 = FACE_BOUND('',#6665,.F.);
#6665 = EDGE_LOOP('',(#6666,#6667,#6668,#6691));
#6666 = ORIENTED_EDGE('',*,*,#4966,.T.);
#6667 = ORIENTED_EDGE('',*,*,#6643,.T.);
#6668 = ORIENTED_EDGE('',*,*,#6669,.T.);
#6669 = EDGE_CURVE('',#6621,#6670,#6672,.T.);
#6670 = VERTEX_POINT('',#6671);
#6671 = CARTESIAN_POINT('',(-67.58933628726,-25.01411692651,292.3));
#6672 = SURFACE_CURVE('',#6673,(#6677,#6684),.PCURVE_S1.);
#6673 = LINE('',#6674,#6675);
#6674 = CARTESIAN_POINT('',(-70.0084526746,-28.48045363491,292.3));
#6675 = VECTOR('',#6676,1.);
#6676 = DIRECTION('',(0.572299648647,0.820044579373,0.));
#6677 = PCURVE('',#4981,#6678);
#6678 = DEFINITIONAL_REPRESENTATION('',(#6679),#6683);
#6679 = LINE('',#6680,#6681);
#6680 = CARTESIAN_POINT('',(0.,-6.));
#6681 = VECTOR('',#6682,1.);
#6682 = DIRECTION('',(1.,0.));
#6683 = ( GEOMETRIC_REPRESENTATION_CONTEXT(2) 
PARAMETRIC_REPRESENTATION_CONTEXT() REPRESENTATION_CONTEXT('2D SPACE',''
  ) );
#6684 = PCURVE('',#6334,#6685);
#6685 = DEFINITIONAL_REPRESENTATION('',(#6686),#6690);
#6686 = LINE('',#6687,#6688);
#6687 = CARTESIAN_POINT('',(1.991547325395,-28.48045363491));
#6688 = VECTOR('',#6689,1.);
#6689 = DIRECTION('',(0.572299648647,0.820044579373));
#6690 = ( GEOMETRIC_REPRESENTATION_CONTEXT(2) 
PARAMETRIC_REPRESENTATION_CONTEXT() REPRESENTATION_CONTEXT('2D SPACE',''
  ) );
#6691 = ORIENTED_EDGE('',*,*,#6692,.F.);
#6692 = EDGE_CURVE('',#4941,#6670,#6693,.T.);
#6693 = SURFACE_CURVE('',#6694,(#6698,#6705),.PCURVE_S1.);
#6694 = LINE('',#6695,#6696);
#6695 = CARTESIAN_POINT('',(-67.58933628726,-25.01411692651,286.3));
#6696 = VECTOR('',#6697,1.);
#6697 = DIRECTION('',(0.,0.,1.));
#6698 = PCURVE('',#4981,#6699);
#6699 = DEFINITIONAL_REPRESENTATION('',(#6700),#6704);
#6700 = LINE('',#6701,#6702);
#6701 = CARTESIAN_POINT('',(4.227010086524,0.));
#6702 = VECTOR('',#6703,1.);
#6703 = DIRECTION('',(0.,-1.));
#6704 = ( GEOMETRIC_REPRESENTATION_CONTEXT(2) 
PARAMETRIC_REPRESENTATION_CONTEXT() REPRESENTATION_CONTEXT('2D SPACE',''
  ) );
#6705 = PCURVE('',#4955,#6706);
#6706 = DEFINITIONAL_REPRESENTATION('',(#6707),#6711);
#6707 = LINE('',#6708,#6709);
#6708 = CARTESIAN_POINT('',(0.,0.));
#6709 = VECTOR('',#6710,1.);
#6710 = DIRECTION('',(0.,-1.));
#6711 = ( GEOMETRIC_REPRESENTATION_CONTEXT(2) 
PARAMETRIC_REPRESENTATION_CONTEXT() REPRESENTATION_CONTEXT('2D SPACE',''
  ) );
#6712 = ADVANCED_FACE('',(#6713),#4955,.F.);
#6713 = FACE_BOUND('',#6714,.F.);
#6714 = EDGE_LOOP('',(#6715,#6716,#6717,#6740));
#6715 = ORIENTED_EDGE('',*,*,#4940,.T.);
#6716 = ORIENTED_EDGE('',*,*,#6692,.T.);
#6717 = ORIENTED_EDGE('',*,*,#6718,.T.);
#6718 = EDGE_CURVE('',#6670,#6719,#6721,.T.);
#6719 = VERTEX_POINT('',#6720);
#6720 = CARTESIAN_POINT('',(-60.38766884018,-26.08172281569,292.3));
#6721 = SURFACE_CURVE('',#6722,(#6726,#6733),.PCURVE_S1.);
#6722 = LINE('',#6723,#6724);
#6723 = CARTESIAN_POINT('',(-67.58933628726,-25.01411692651,292.3));
#6724 = VECTOR('',#6725,1.);
#6725 = DIRECTION('',(0.989189675054,-0.146641695187,0.));
#6726 = PCURVE('',#4955,#6727);
#6727 = DEFINITIONAL_REPRESENTATION('',(#6728),#6732);
#6728 = LINE('',#6729,#6730);
#6729 = CARTESIAN_POINT('',(0.,-6.));
#6730 = VECTOR('',#6731,1.);
#6731 = DIRECTION('',(1.,0.));
#6732 = ( GEOMETRIC_REPRESENTATION_CONTEXT(2) 
PARAMETRIC_REPRESENTATION_CONTEXT() REPRESENTATION_CONTEXT('2D SPACE',''
  ) );
#6733 = PCURVE('',#6334,#6734);
#6734 = DEFINITIONAL_REPRESENTATION('',(#6735),#6739);
#6735 = LINE('',#6736,#6737);
#6736 = CARTESIAN_POINT('',(4.41066371274,-25.01411692651));
#6737 = VECTOR('',#6738,1.);
#6738 = DIRECTION('',(0.989189675054,-0.146641695187));
#6739 = ( GEOMETRIC_REPRESENTATION_CONTEXT(2) 
PARAMETRIC_REPRESENTATION_CONTEXT() REPRESENTATION_CONTEXT('2D SPACE',''
  ) );
#6740 = ORIENTED_EDGE('',*,*,#6741,.F.);
#6741 = EDGE_CURVE('',#4915,#6719,#6742,.T.);
#6742 = SURFACE_CURVE('',#6743,(#6747,#6754),.PCURVE_S1.);
#6743 = LINE('',#6744,#6745);
#6744 = CARTESIAN_POINT('',(-60.38766884018,-26.08172281569,286.3));
#6745 = VECTOR('',#6746,1.);
#6746 = DIRECTION('',(0.,0.,1.));
#6747 = PCURVE('',#4955,#6748);
#6748 = DEFINITIONAL_REPRESENTATION('',(#6749),#6753);
#6749 = LINE('',#6750,#6751);
#6750 = CARTESIAN_POINT('',(7.280370619197,0.));
#6751 = VECTOR('',#6752,1.);
#6752 = DIRECTION('',(0.,-1.));
#6753 = ( GEOMETRIC_REPRESENTATION_CONTEXT(2) 
PARAMETRIC_REPRESENTATION_CONTEXT() REPRESENTATION_CONTEXT('2D SPACE',''
  ) );
#6754 = PCURVE('',#4929,#6755);
#6755 = DEFINITIONAL_REPRESENTATION('',(#6756),#6760);
#6756 = LINE('',#6757,#6758);
#6757 = CARTESIAN_POINT('',(0.,0.));
#6758 = VECTOR('',#6759,1.);
#6759 = DIRECTION('',(0.,-1.));
#6760 = ( GEOMETRIC_REPRESENTATION_CONTEXT(2) 
PARAMETRIC_REPRESENTATION_CONTEXT() REPRESENTATION_CONTEXT('2D SPACE',''
  ) );
#6761 = ADVANCED_FACE('',(#6762),#4929,.F.);
#6762 = FACE_BOUND('',#6763,.F.);
#6763 = EDGE_LOOP('',(#6764,#6765,#6766,#6789));
#6764 = ORIENTED_EDGE('',*,*,#4914,.T.);
#6765 = ORIENTED_EDGE('',*,*,#6741,.T.);
#6766 = ORIENTED_EDGE('',*,*,#6767,.T.);
#6767 = EDGE_CURVE('',#6719,#6768,#6770,.T.);
#6768 = VERTEX_POINT('',#6769);
#6769 = CARTESIAN_POINT('',(-59.3,-21.99704525612,292.3));
#6770 = SURFACE_CURVE('',#6771,(#6775,#6782),.PCURVE_S1.);
#6771 = LINE('',#6772,#6773);
#6772 = CARTESIAN_POINT('',(-60.38766884018,-26.08172281569,292.3));
#6773 = VECTOR('',#6774,1.);
#6774 = DIRECTION('',(0.257313992141,0.966327847807,0.));
#6775 = PCURVE('',#4929,#6776);
#6776 = DEFINITIONAL_REPRESENTATION('',(#6777),#6781);
#6777 = LINE('',#6778,#6779);
#6778 = CARTESIAN_POINT('',(0.,-6.));
#6779 = VECTOR('',#6780,1.);
#6780 = DIRECTION('',(1.,0.));
#6781 = ( GEOMETRIC_REPRESENTATION_CONTEXT(2) 
PARAMETRIC_REPRESENTATION_CONTEXT() REPRESENTATION_CONTEXT('2D SPACE',''
  ) );
#6782 = PCURVE('',#6334,#6783);
#6783 = DEFINITIONAL_REPRESENTATION('',(#6784),#6788);
#6784 = LINE('',#6785,#6786);
#6785 = CARTESIAN_POINT('',(11.612331159814,-26.08172281569));
#6786 = VECTOR('',#6787,1.);
#6787 = DIRECTION('',(0.257313992141,0.966327847807));
#6788 = ( GEOMETRIC_REPRESENTATION_CONTEXT(2) 
PARAMETRIC_REPRESENTATION_CONTEXT() REPRESENTATION_CONTEXT('2D SPACE',''
  ) );
#6789 = ORIENTED_EDGE('',*,*,#6790,.F.);
#6790 = EDGE_CURVE('',#4889,#6768,#6791,.T.);
#6791 = SURFACE_CURVE('',#6792,(#6796,#6803),.PCURVE_S1.);
#6792 = LINE('',#6793,#6794);
#6793 = CARTESIAN_POINT('',(-59.3,-21.99704525612,286.3));
#6794 = VECTOR('',#6795,1.);
#6795 = DIRECTION('',(0.,0.,1.));
#6796 = PCURVE('',#4929,#6797);
#6797 = DEFINITIONAL_REPRESENTATION('',(#6798),#6802);
#6798 = LINE('',#6799,#6800);
#6799 = CARTESIAN_POINT('',(4.227010086524,0.));
#6800 = VECTOR('',#6801,1.);
#6801 = DIRECTION('',(0.,-1.));
#6802 = ( GEOMETRIC_REPRESENTATION_CONTEXT(2) 
PARAMETRIC_REPRESENTATION_CONTEXT() REPRESENTATION_CONTEXT('2D SPACE',''
  ) );
#6803 = PCURVE('',#4903,#6804);
#6804 = DEFINITIONAL_REPRESENTATION('',(#6805),#6809);
#6805 = LINE('',#6806,#6807);
#6806 = CARTESIAN_POINT('',(0.,0.));
#6807 = VECTOR('',#6808,1.);
#6808 = DIRECTION('',(0.,-1.));
#6809 = ( GEOMETRIC_REPRESENTATION_CONTEXT(2) 
PARAMETRIC_REPRESENTATION_CONTEXT() REPRESENTATION_CONTEXT('2D SPACE',''
  ) );
#6810 = ADVANCED_FACE('',(#6811),#4903,.F.);
#6811 = FACE_BOUND('',#6812,.F.);
#6812 = EDGE_LOOP('',(#6813,#6814,#6815,#6838));
#6813 = ORIENTED_EDGE('',*,*,#4888,.T.);
#6814 = ORIENTED_EDGE('',*,*,#6790,.T.);
#6815 = ORIENTED_EDGE('',*,*,#6816,.T.);
#6816 = EDGE_CURVE('',#6768,#6817,#6819,.T.);
#6817 = VERTEX_POINT('',#6818);
#6818 = CARTESIAN_POINT('',(-52.16750352339,-20.53715129966,292.3));
#6819 = SURFACE_CURVE('',#6820,(#6824,#6831),.PCURVE_S1.);
#6820 = LINE('',#6821,#6822);
#6821 = CARTESIAN_POINT('',(-59.3,-21.99704525612,292.3));
#6822 = VECTOR('',#6823,1.);
#6823 = DIRECTION('',(0.979688651811,0.200524675572,0.));
#6824 = PCURVE('',#4903,#6825);
#6825 = DEFINITIONAL_REPRESENTATION('',(#6826),#6830);
#6826 = LINE('',#6827,#6828);
#6827 = CARTESIAN_POINT('',(0.,-6.));
#6828 = VECTOR('',#6829,1.);
#6829 = DIRECTION('',(1.,0.));
#6830 = ( GEOMETRIC_REPRESENTATION_CONTEXT(2) 
PARAMETRIC_REPRESENTATION_CONTEXT() REPRESENTATION_CONTEXT('2D SPACE',''
  ) );
#6831 = PCURVE('',#6334,#6832);
#6832 = DEFINITIONAL_REPRESENTATION('',(#6833),#6837);
#6833 = LINE('',#6834,#6835);
#6834 = CARTESIAN_POINT('',(12.7,-21.99704525612));
#6835 = VECTOR('',#6836,1.);
#6836 = DIRECTION('',(0.979688651811,0.200524675572));
#6837 = ( GEOMETRIC_REPRESENTATION_CONTEXT(2) 
PARAMETRIC_REPRESENTATION_CONTEXT() REPRESENTATION_CONTEXT('2D SPACE',''
  ) );
#6838 = ORIENTED_EDGE('',*,*,#6839,.F.);
#6839 = EDGE_CURVE('',#4863,#6817,#6840,.T.);
#6840 = SURFACE_CURVE('',#6841,(#6845,#6852),.PCURVE_S1.);
#6841 = LINE('',#6842,#6843);
#6842 = CARTESIAN_POINT('',(-52.16750352339,-20.53715129966,286.3));
#6843 = VECTOR('',#6844,1.);
#6844 = DIRECTION('',(0.,0.,1.));
#6845 = PCURVE('',#4903,#6846);
#6846 = DEFINITIONAL_REPRESENTATION('',(#6847),#6851);
#6847 = LINE('',#6848,#6849);
#6848 = CARTESIAN_POINT('',(7.280370619197,0.));
#6849 = VECTOR('',#6850,1.);
#6850 = DIRECTION('',(0.,-1.));
#6851 = ( GEOMETRIC_REPRESENTATION_CONTEXT(2) 
PARAMETRIC_REPRESENTATION_CONTEXT() REPRESENTATION_CONTEXT('2D SPACE',''
  ) );
#6852 = PCURVE('',#4877,#6853);
#6853 = DEFINITIONAL_REPRESENTATION('',(#6854),#6858);
#6854 = LINE('',#6855,#6856);
#6855 = CARTESIAN_POINT('',(0.,0.));
#6856 = VECTOR('',#6857,1.);
#6857 = DIRECTION('',(0.,-1.));
#6858 = ( GEOMETRIC_REPRESENTATION_CONTEXT(2) 
PARAMETRIC_REPRESENTATION_CONTEXT() REPRESENTATION_CONTEXT('2D SPACE',''
  ) );
#6859 = ADVANCED_FACE('',(#6860),#4877,.F.);
#6860 = FACE_BOUND('',#6861,.F.);
#6861 = EDGE_LOOP('',(#6862,#6863,#6864,#6887));
#6862 = ORIENTED_EDGE('',*,*,#4862,.T.);
#6863 = ORIENTED_EDGE('',*,*,#6839,.T.);
#6864 = ORIENTED_EDGE('',*,*,#6865,.T.);
#6865 = EDGE_CURVE('',#6817,#6866,#6868,.T.);
#6866 = VERTEX_POINT('',#6867);
#6867 = CARTESIAN_POINT('',(-52.54247114477,-16.32680528603,292.3));
#6868 = SURFACE_CURVE('',#6869,(#6873,#6880),.PCURVE_S1.);
#6869 = LINE('',#6870,#6871);
#6870 = CARTESIAN_POINT('',(-52.16750352339,-20.53715129966,292.3));
#6871 = VECTOR('',#6872,1.);
#6872 = DIRECTION('',(-8.870752936637E-02,0.996057716317,0.));
#6873 = PCURVE('',#4877,#6874);
#6874 = DEFINITIONAL_REPRESENTATION('',(#6875),#6879);
#6875 = LINE('',#6876,#6877);
#6876 = CARTESIAN_POINT('',(0.,-6.));
#6877 = VECTOR('',#6878,1.);
#6878 = DIRECTION('',(1.,0.));
#6879 = ( GEOMETRIC_REPRESENTATION_CONTEXT(2) 
PARAMETRIC_REPRESENTATION_CONTEXT() REPRESENTATION_CONTEXT('2D SPACE',''
  ) );
#6880 = PCURVE('',#6334,#6881);
#6881 = DEFINITIONAL_REPRESENTATION('',(#6882),#6886);
#6882 = LINE('',#6883,#6884);
#6883 = CARTESIAN_POINT('',(19.832496476604,-20.53715129966));
#6884 = VECTOR('',#6885,1.);
#6885 = DIRECTION('',(-8.870752936637E-02,0.996057716317));
#6886 = ( GEOMETRIC_REPRESENTATION_CONTEXT(2) 
PARAMETRIC_REPRESENTATION_CONTEXT() REPRESENTATION_CONTEXT('2D SPACE',''
  ) );
#6887 = ORIENTED_EDGE('',*,*,#6888,.F.);
#6888 = EDGE_CURVE('',#4837,#6866,#6889,.T.);
#6889 = SURFACE_CURVE('',#6890,(#6894,#6901),.PCURVE_S1.);
#6890 = LINE('',#6891,#6892);
#6891 = CARTESIAN_POINT('',(-52.54247114477,-16.32680528603,286.3));
#6892 = VECTOR('',#6893,1.);
#6893 = DIRECTION('',(0.,0.,1.));
#6894 = PCURVE('',#4877,#6895);
#6895 = DEFINITIONAL_REPRESENTATION('',(#6896),#6900);
#6896 = LINE('',#6897,#6898);
#6897 = CARTESIAN_POINT('',(4.227010086524,0.));
#6898 = VECTOR('',#6899,1.);
#6899 = DIRECTION('',(0.,-1.));
#6900 = ( GEOMETRIC_REPRESENTATION_CONTEXT(2) 
PARAMETRIC_REPRESENTATION_CONTEXT() REPRESENTATION_CONTEXT('2D SPACE',''
  ) );
#6901 = PCURVE('',#4851,#6902);
#6902 = DEFINITIONAL_REPRESENTATION('',(#6903),#6907);
#6903 = LINE('',#6904,#6905);
#6904 = CARTESIAN_POINT('',(0.,0.));
#6905 = VECTOR('',#6906,1.);
#6906 = DIRECTION('',(0.,-1.));
#6907 = ( GEOMETRIC_REPRESENTATION_CONTEXT(2) 
PARAMETRIC_REPRESENTATION_CONTEXT() REPRESENTATION_CONTEXT('2D SPACE',''
  ) );
#6908 = ADVANCED_FACE('',(#6909),#4851,.F.);
#6909 = FACE_BOUND('',#6910,.F.);
#6910 = EDGE_LOOP('',(#6911,#6912,#6913,#6936));
#6911 = ORIENTED_EDGE('',*,*,#4836,.T.);
#6912 = ORIENTED_EDGE('',*,*,#6888,.T.);
#6913 = ORIENTED_EDGE('',*,*,#6914,.T.);
#6914 = EDGE_CURVE('',#6866,#6915,#6917,.T.);
#6915 = VERTEX_POINT('',#6916);
#6916 = CARTESIAN_POINT('',(-46.33942997815,-12.51549624082,292.3));
#6917 = SURFACE_CURVE('',#6918,(#6922,#6929),.PCURVE_S1.);
#6918 = LINE('',#6919,#6920);
#6919 = CARTESIAN_POINT('',(-52.54247114477,-16.32680528603,292.3));
#6920 = VECTOR('',#6921,1.);
#6921 = DIRECTION('',(0.852022718495,0.523504811027,0.));
#6922 = PCURVE('',#4851,#6923);
#6923 = DEFINITIONAL_REPRESENTATION('',(#6924),#6928);
#6924 = LINE('',#6925,#6926);
#6925 = CARTESIAN_POINT('',(0.,-6.));
#6926 = VECTOR('',#6927,1.);
#6927 = DIRECTION('',(1.,0.));
#6928 = ( GEOMETRIC_REPRESENTATION_CONTEXT(2) 
PARAMETRIC_REPRESENTATION_CONTEXT() REPRESENTATION_CONTEXT('2D SPACE',''
  ) );
#6929 = PCURVE('',#6334,#6930);
#6930 = DEFINITIONAL_REPRESENTATION('',(#6931),#6935);
#6931 = LINE('',#6932,#6933);
#6932 = CARTESIAN_POINT('',(19.457528855222,-16.32680528603));
#6933 = VECTOR('',#6934,1.);
#6934 = DIRECTION('',(0.852022718495,0.523504811027));
#6935 = ( GEOMETRIC_REPRESENTATION_CONTEXT(2) 
PARAMETRIC_REPRESENTATION_CONTEXT() REPRESENTATION_CONTEXT('2D SPACE',''
  ) );
#6936 = ORIENTED_EDGE('',*,*,#6937,.F.);
#6937 = EDGE_CURVE('',#4811,#6915,#6938,.T.);
#6938 = SURFACE_CURVE('',#6939,(#6943,#6950),.PCURVE_S1.);
#6939 = LINE('',#6940,#6941);
#6940 = CARTESIAN_POINT('',(-46.33942997815,-12.51549624082,286.3));
#6941 = VECTOR('',#6942,1.);
#6942 = DIRECTION('',(0.,0.,1.));
#6943 = PCURVE('',#4851,#6944);
#6944 = DEFINITIONAL_REPRESENTATION('',(#6945),#6949);
#6945 = LINE('',#6946,#6947);
#6946 = CARTESIAN_POINT('',(7.280370619197,0.));
#6947 = VECTOR('',#6948,1.);
#6948 = DIRECTION('',(0.,-1.));
#6949 = ( GEOMETRIC_REPRESENTATION_CONTEXT(2) 
PARAMETRIC_REPRESENTATION_CONTEXT() REPRESENTATION_CONTEXT('2D SPACE',''
  ) );
#6950 = PCURVE('',#4825,#6951);
#6951 = DEFINITIONAL_REPRESENTATION('',(#6952),#6956);
#6952 = LINE('',#6953,#6954);
#6953 = CARTESIAN_POINT('',(0.,0.));
#6954 = VECTOR('',#6955,1.);
#6955 = DIRECTION('',(0.,-1.));
#6956 = ( GEOMETRIC_REPRESENTATION_CONTEXT(2) 
PARAMETRIC_REPRESENTATION_CONTEXT() REPRESENTATION_CONTEXT('2D SPACE',''
  ) );
#6957 = ADVANCED_FACE('',(#6958),#4825,.F.);
#6958 = FACE_BOUND('',#6959,.F.);
#6959 = EDGE_LOOP('',(#6960,#6961,#6962,#6985));
#6960 = ORIENTED_EDGE('',*,*,#4810,.T.);
#6961 = ORIENTED_EDGE('',*,*,#6937,.T.);
#6962 = ORIENTED_EDGE('',*,*,#6963,.T.);
#6963 = EDGE_CURVE('',#6915,#6964,#6966,.T.);
#6964 = VERTEX_POINT('',#6965);
#6965 = CARTESIAN_POINT('',(-48.13180743203,-8.687311640472,292.3));
#6966 = SURFACE_CURVE('',#6967,(#6971,#6978),.PCURVE_S1.);
#6967 = LINE('',#6968,#6969);
#6968 = CARTESIAN_POINT('',(-46.33942997815,-12.51549624082,292.3));
#6969 = VECTOR('',#6970,1.);
#6970 = DIRECTION('',(-0.424029613649,0.905648323992,0.));
#6971 = PCURVE('',#4825,#6972);
#6972 = DEFINITIONAL_REPRESENTATION('',(#6973),#6977);
#6973 = LINE('',#6974,#6975);
#6974 = CARTESIAN_POINT('',(0.,-6.));
#6975 = VECTOR('',#6976,1.);
#6976 = DIRECTION('',(1.,0.));
#6977 = ( GEOMETRIC_REPRESENTATION_CONTEXT(2) 
PARAMETRIC_REPRESENTATION_CONTEXT() REPRESENTATION_CONTEXT('2D SPACE',''
  ) );
#6978 = PCURVE('',#6334,#6979);
#6979 = DEFINITIONAL_REPRESENTATION('',(#6980),#6984);
#6980 = LINE('',#6981,#6982);
#6981 = CARTESIAN_POINT('',(25.660570021841,-12.51549624082));
#6982 = VECTOR('',#6983,1.);
#6983 = DIRECTION('',(-0.424029613649,0.905648323992));
#6984 = ( GEOMETRIC_REPRESENTATION_CONTEXT(2) 
PARAMETRIC_REPRESENTATION_CONTEXT() REPRESENTATION_CONTEXT('2D SPACE',''
  ) );
#6985 = ORIENTED_EDGE('',*,*,#6986,.F.);
#6986 = EDGE_CURVE('',#4785,#6964,#6987,.T.);
#6987 = SURFACE_CURVE('',#6988,(#6992,#6999),.PCURVE_S1.);
#6988 = LINE('',#6989,#6990);
#6989 = CARTESIAN_POINT('',(-48.13180743203,-8.687311640472,286.3));
#6990 = VECTOR('',#6991,1.);
#6991 = DIRECTION('',(0.,0.,1.));
#6992 = PCURVE('',#4825,#6993);
#6993 = DEFINITIONAL_REPRESENTATION('',(#6994),#6998);
#6994 = LINE('',#6995,#6996);
#6995 = CARTESIAN_POINT('',(4.227010086524,0.));
#6996 = VECTOR('',#6997,1.);
#6997 = DIRECTION('',(0.,-1.));
#6998 = ( GEOMETRIC_REPRESENTATION_CONTEXT(2) 
PARAMETRIC_REPRESENTATION_CONTEXT() REPRESENTATION_CONTEXT('2D SPACE',''
  ) );
#6999 = PCURVE('',#4799,#7000);
#7000 = DEFINITIONAL_REPRESENTATION('',(#7001),#7005);
#7001 = LINE('',#7002,#7003);
#7002 = CARTESIAN_POINT('',(0.,0.));
#7003 = VECTOR('',#7004,1.);
#7004 = DIRECTION('',(0.,-1.));
#7005 = ( GEOMETRIC_REPRESENTATION_CONTEXT(2) 
PARAMETRIC_REPRESENTATION_CONTEXT() REPRESENTATION_CONTEXT('2D SPACE',''
  ) );
#7006 = ADVANCED_FACE('',(#7007),#4799,.F.);
#7007 = FACE_BOUND('',#7008,.F.);
#7008 = EDGE_LOOP('',(#7009,#7010,#7011,#7034));
#7009 = ORIENTED_EDGE('',*,*,#4784,.T.);
#7010 = ORIENTED_EDGE('',*,*,#6986,.T.);
#7011 = ORIENTED_EDGE('',*,*,#7012,.T.);
#7012 = EDGE_CURVE('',#6964,#7013,#7015,.T.);
#7013 = VERTEX_POINT('',#7014);
#7014 = CARTESIAN_POINT('',(-43.60639988723,-2.984287626292,292.3));
#7015 = SURFACE_CURVE('',#7016,(#7020,#7027),.PCURVE_S1.);
#7016 = LINE('',#7017,#7018);
#7017 = CARTESIAN_POINT('',(-48.13180743203,-8.687311640472,292.3));
#7018 = VECTOR('',#7019,1.);
#7019 = DIRECTION('',(0.621590270812,0.783342540164,0.));
#7020 = PCURVE('',#4799,#7021);
#7021 = DEFINITIONAL_REPRESENTATION('',(#7022),#7026);
#7022 = LINE('',#7023,#7024);
#7023 = CARTESIAN_POINT('',(0.,-6.));
#7024 = VECTOR('',#7025,1.);
#7025 = DIRECTION('',(1.,0.));
#7026 = ( GEOMETRIC_REPRESENTATION_CONTEXT(2) 
PARAMETRIC_REPRESENTATION_CONTEXT() REPRESENTATION_CONTEXT('2D SPACE',''
  ) );
#7027 = PCURVE('',#6334,#7028);
#7028 = DEFINITIONAL_REPRESENTATION('',(#7029),#7033);
#7029 = LINE('',#7030,#7031);
#7030 = CARTESIAN_POINT('',(23.868192567962,-8.687311640472));
#7031 = VECTOR('',#7032,1.);
#7032 = DIRECTION('',(0.621590270812,0.783342540164));
#7033 = ( GEOMETRIC_REPRESENTATION_CONTEXT(2) 
PARAMETRIC_REPRESENTATION_CONTEXT() REPRESENTATION_CONTEXT('2D SPACE',''
  ) );
#7034 = ORIENTED_EDGE('',*,*,#7035,.F.);
#7035 = EDGE_CURVE('',#4759,#7013,#7036,.T.);
#7036 = SURFACE_CURVE('',#7037,(#7041,#7048),.PCURVE_S1.);
#7037 = LINE('',#7038,#7039);
#7038 = CARTESIAN_POINT('',(-43.60639988723,-2.984287626292,286.3));
#7039 = VECTOR('',#7040,1.);
#7040 = DIRECTION('',(0.,0.,1.));
#7041 = PCURVE('',#4799,#7042);
#7042 = DEFINITIONAL_REPRESENTATION('',(#7043),#7047);
#7043 = LINE('',#7044,#7045);
#7044 = CARTESIAN_POINT('',(7.280370619197,0.));
#7045 = VECTOR('',#7046,1.);
#7046 = DIRECTION('',(0.,-1.));
#7047 = ( GEOMETRIC_REPRESENTATION_CONTEXT(2) 
PARAMETRIC_REPRESENTATION_CONTEXT() REPRESENTATION_CONTEXT('2D SPACE',''
  ) );
#7048 = PCURVE('',#4773,#7049);
#7049 = DEFINITIONAL_REPRESENTATION('',(#7050),#7054);
#7050 = LINE('',#7051,#7052);
#7051 = CARTESIAN_POINT('',(0.,0.));
#7052 = VECTOR('',#7053,1.);
#7053 = DIRECTION('',(0.,-1.));
#7054 = ( GEOMETRIC_REPRESENTATION_CONTEXT(2) 
PARAMETRIC_REPRESENTATION_CONTEXT() REPRESENTATION_CONTEXT('2D SPACE',''
  ) );
#7055 = ADVANCED_FACE('',(#7056),#4773,.F.);
#7056 = FACE_BOUND('',#7057,.F.);
#7057 = EDGE_LOOP('',(#7058,#7059,#7060,#7083));
#7058 = ORIENTED_EDGE('',*,*,#4758,.T.);
#7059 = ORIENTED_EDGE('',*,*,#7035,.T.);
#7060 = ORIENTED_EDGE('',*,*,#7061,.T.);
#7061 = EDGE_CURVE('',#7013,#7062,#7064,.T.);
#7062 = VERTEX_POINT('',#7063);
#7063 = CARTESIAN_POINT('',(-46.6,0.,292.3));
#7064 = SURFACE_CURVE('',#7065,(#7069,#7076),.PCURVE_S1.);
#7065 = LINE('',#7066,#7067);
#7066 = CARTESIAN_POINT('',(-43.60639988723,-2.984287626292,292.3));
#7067 = VECTOR('',#7068,1.);
#7068 = DIRECTION('',(-0.708207468515,0.706004377847,0.));
#7069 = PCURVE('',#4773,#7070);
#7070 = DEFINITIONAL_REPRESENTATION('',(#7071),#7075);
#7071 = LINE('',#7072,#7073);
#7072 = CARTESIAN_POINT('',(0.,-6.));
#7073 = VECTOR('',#7074,1.);
#7074 = DIRECTION('',(1.,0.));
#7075 = ( GEOMETRIC_REPRESENTATION_CONTEXT(2) 
PARAMETRIC_REPRESENTATION_CONTEXT() REPRESENTATION_CONTEXT('2D SPACE',''
  ) );
#7076 = PCURVE('',#6334,#7077);
#7077 = DEFINITIONAL_REPRESENTATION('',(#7078),#7082);
#7078 = LINE('',#7079,#7080);
#7079 = CARTESIAN_POINT('',(28.393600112764,-2.984287626292));
#7080 = VECTOR('',#7081,1.);
#7081 = DIRECTION('',(-0.708207468515,0.706004377847));
#7082 = ( GEOMETRIC_REPRESENTATION_CONTEXT(2) 
PARAMETRIC_REPRESENTATION_CONTEXT() REPRESENTATION_CONTEXT('2D SPACE',''
  ) );
#7083 = ORIENTED_EDGE('',*,*,#7084,.F.);
#7084 = EDGE_CURVE('',#4733,#7062,#7085,.T.);
#7085 = SURFACE_CURVE('',#7086,(#7090,#7097),.PCURVE_S1.);
#7086 = LINE('',#7087,#7088);
#7087 = CARTESIAN_POINT('',(-46.6,0.,286.3));
#7088 = VECTOR('',#7089,1.);
#7089 = DIRECTION('',(0.,0.,1.));
#7090 = PCURVE('',#4773,#7091);
#7091 = DEFINITIONAL_REPRESENTATION('',(#7092),#7096);
#7092 = LINE('',#7093,#7094);
#7093 = CARTESIAN_POINT('',(4.227010086524,0.));
#7094 = VECTOR('',#7095,1.);
#7095 = DIRECTION('',(0.,-1.));
#7096 = ( GEOMETRIC_REPRESENTATION_CONTEXT(2) 
PARAMETRIC_REPRESENTATION_CONTEXT() REPRESENTATION_CONTEXT('2D SPACE',''
  ) );
#7097 = PCURVE('',#4747,#7098);
#7098 = DEFINITIONAL_REPRESENTATION('',(#7099),#7103);
#7099 = LINE('',#7100,#7101);
#7100 = CARTESIAN_POINT('',(0.,0.));
#7101 = VECTOR('',#7102,1.);
#7102 = DIRECTION('',(0.,-1.));
#7103 = ( GEOMETRIC_REPRESENTATION_CONTEXT(2) 
PARAMETRIC_REPRESENTATION_CONTEXT() REPRESENTATION_CONTEXT('2D SPACE',''
  ) );
#7104 = ADVANCED_FACE('',(#7105),#4747,.F.);
#7105 = FACE_BOUND('',#7106,.F.);
#7106 = EDGE_LOOP('',(#7107,#7108,#7109,#7132));
#7107 = ORIENTED_EDGE('',*,*,#4732,.T.);
#7108 = ORIENTED_EDGE('',*,*,#7084,.T.);
#7109 = ORIENTED_EDGE('',*,*,#7110,.T.);
#7110 = EDGE_CURVE('',#7062,#7111,#7113,.T.);
#7111 = VERTEX_POINT('',#7112);
#7112 = CARTESIAN_POINT('',(-44.29805701482,6.906870119371,292.3));
#7113 = SURFACE_CURVE('',#7114,(#7118,#7125),.PCURVE_S1.);
#7114 = LINE('',#7115,#7116);
#7115 = CARTESIAN_POINT('',(-46.6,0.,292.3));
#7116 = VECTOR('',#7117,1.);
#7117 = DIRECTION('',(0.316184862775,0.948697598053,0.));
#7118 = PCURVE('',#4747,#7119);
#7119 = DEFINITIONAL_REPRESENTATION('',(#7120),#7124);
#7120 = LINE('',#7121,#7122);
#7121 = CARTESIAN_POINT('',(0.,-6.));
#7122 = VECTOR('',#7123,1.);
#7123 = DIRECTION('',(1.,0.));
#7124 = ( GEOMETRIC_REPRESENTATION_CONTEXT(2) 
PARAMETRIC_REPRESENTATION_CONTEXT() REPRESENTATION_CONTEXT('2D SPACE',''
  ) );
#7125 = PCURVE('',#6334,#7126);
#7126 = DEFINITIONAL_REPRESENTATION('',(#7127),#7131);
#7127 = LINE('',#7128,#7129);
#7128 = CARTESIAN_POINT('',(25.4,-1.505075709848E-15));
#7129 = VECTOR('',#7130,1.);
#7130 = DIRECTION('',(0.316184862775,0.948697598053));
#7131 = ( GEOMETRIC_REPRESENTATION_CONTEXT(2) 
PARAMETRIC_REPRESENTATION_CONTEXT() REPRESENTATION_CONTEXT('2D SPACE',''
  ) );
#7132 = ORIENTED_EDGE('',*,*,#7133,.F.);
#7133 = EDGE_CURVE('',#4707,#7111,#7134,.T.);
#7134 = SURFACE_CURVE('',#7135,(#7139,#7146),.PCURVE_S1.);
#7135 = LINE('',#7136,#7137);
#7136 = CARTESIAN_POINT('',(-44.29805701482,6.906870119371,286.3));
#7137 = VECTOR('',#7138,1.);
#7138 = DIRECTION('',(0.,0.,1.));
#7139 = PCURVE('',#4747,#7140);
#7140 = DEFINITIONAL_REPRESENTATION('',(#7141),#7145);
#7141 = LINE('',#7142,#7143);
#7142 = CARTESIAN_POINT('',(7.280370619197,0.));
#7143 = VECTOR('',#7144,1.);
#7144 = DIRECTION('',(0.,-1.));
#7145 = ( GEOMETRIC_REPRESENTATION_CONTEXT(2) 
PARAMETRIC_REPRESENTATION_CONTEXT() REPRESENTATION_CONTEXT('2D SPACE',''
  ) );
#7146 = PCURVE('',#4721,#7147);
#7147 = DEFINITIONAL_REPRESENTATION('',(#7148),#7152);
#7148 = LINE('',#7149,#7150);
#7149 = CARTESIAN_POINT('',(0.,0.));
#7150 = VECTOR('',#7151,1.);
#7151 = DIRECTION('',(0.,-1.));
#7152 = ( GEOMETRIC_REPRESENTATION_CONTEXT(2) 
PARAMETRIC_REPRESENTATION_CONTEXT() REPRESENTATION_CONTEXT('2D SPACE',''
  ) );
#7153 = ADVANCED_FACE('',(#7154),#4721,.F.);
#7154 = FACE_BOUND('',#7155,.F.);
#7155 = EDGE_LOOP('',(#7156,#7157,#7158,#7181));
#7156 = ORIENTED_EDGE('',*,*,#4706,.T.);
#7157 = ORIENTED_EDGE('',*,*,#7133,.T.);
#7158 = ORIENTED_EDGE('',*,*,#7159,.T.);
#7159 = EDGE_CURVE('',#7111,#7160,#7162,.T.);
#7160 = VERTEX_POINT('',#7161);
#7161 = CARTESIAN_POINT('',(-48.13180743203,8.687311640472,292.3));
#7162 = SURFACE_CURVE('',#7163,(#7167,#7174),.PCURVE_S1.);
#7163 = LINE('',#7164,#7165);
#7164 = CARTESIAN_POINT('',(-44.29805701482,6.906870119371,292.3));
#7165 = VECTOR('',#7166,1.);
#7166 = DIRECTION('',(-0.906965050649,0.42120588422,0.));
#7167 = PCURVE('',#4721,#7168);
#7168 = DEFINITIONAL_REPRESENTATION('',(#7169),#7173);
#7169 = LINE('',#7170,#7171);
#7170 = CARTESIAN_POINT('',(0.,-6.));
#7171 = VECTOR('',#7172,1.);
#7172 = DIRECTION('',(1.,0.));
#7173 = ( GEOMETRIC_REPRESENTATION_CONTEXT(2) 
PARAMETRIC_REPRESENTATION_CONTEXT() REPRESENTATION_CONTEXT('2D SPACE',''
  ) );
#7174 = PCURVE('',#6334,#7175);
#7175 = DEFINITIONAL_REPRESENTATION('',(#7176),#7180);
#7176 = LINE('',#7177,#7178);
#7177 = CARTESIAN_POINT('',(27.70194298518,6.906870119371));
#7178 = VECTOR('',#7179,1.);
#7179 = DIRECTION('',(-0.906965050649,0.42120588422));
#7180 = ( GEOMETRIC_REPRESENTATION_CONTEXT(2) 
PARAMETRIC_REPRESENTATION_CONTEXT() REPRESENTATION_CONTEXT('2D SPACE',''
  ) );
#7181 = ORIENTED_EDGE('',*,*,#7182,.F.);
#7182 = EDGE_CURVE('',#4681,#7160,#7183,.T.);
#7183 = SURFACE_CURVE('',#7184,(#7188,#7195),.PCURVE_S1.);
#7184 = LINE('',#7185,#7186);
#7185 = CARTESIAN_POINT('',(-48.13180743203,8.687311640472,286.3));
#7186 = VECTOR('',#7187,1.);
#7187 = DIRECTION('',(0.,0.,1.));
#7188 = PCURVE('',#4721,#7189);
#7189 = DEFINITIONAL_REPRESENTATION('',(#7190),#7194);
#7190 = LINE('',#7191,#7192);
#7191 = CARTESIAN_POINT('',(4.227010086524,0.));
#7192 = VECTOR('',#7193,1.);
#7193 = DIRECTION('',(0.,-1.));
#7194 = ( GEOMETRIC_REPRESENTATION_CONTEXT(2) 
PARAMETRIC_REPRESENTATION_CONTEXT() REPRESENTATION_CONTEXT('2D SPACE',''
  ) );
#7195 = PCURVE('',#4695,#7196);
#7196 = DEFINITIONAL_REPRESENTATION('',(#7197),#7201);
#7197 = LINE('',#7198,#7199);
#7198 = CARTESIAN_POINT('',(0.,0.));
#7199 = VECTOR('',#7200,1.);
#7200 = DIRECTION('',(0.,-1.));
#7201 = ( GEOMETRIC_REPRESENTATION_CONTEXT(2) 
PARAMETRIC_REPRESENTATION_CONTEXT() REPRESENTATION_CONTEXT('2D SPACE',''
  ) );
#7202 = ADVANCED_FACE('',(#7203),#4695,.F.);
#7203 = FACE_BOUND('',#7204,.F.);
#7204 = EDGE_LOOP('',(#7205,#7206,#7207,#7230));
#7205 = ORIENTED_EDGE('',*,*,#4680,.T.);
#7206 = ORIENTED_EDGE('',*,*,#7182,.T.);
#7207 = ORIENTED_EDGE('',*,*,#7208,.T.);
#7208 = EDGE_CURVE('',#7160,#7209,#7211,.T.);
#7209 = VERTEX_POINT('',#7210);
#7210 = CARTESIAN_POINT('',(-48.33097730355,15.96495739409,292.3));
#7211 = SURFACE_CURVE('',#7212,(#7216,#7223),.PCURVE_S1.);
#7212 = LINE('',#7213,#7214);
#7213 = CARTESIAN_POINT('',(-48.13180743203,8.687311640472,292.3));
#7214 = VECTOR('',#7215,1.);
#7215 = DIRECTION('',(-2.735710610535E-02,0.999625724332,0.));
#7216 = PCURVE('',#4695,#7217);
#7217 = DEFINITIONAL_REPRESENTATION('',(#7218),#7222);
#7218 = LINE('',#7219,#7220);
#7219 = CARTESIAN_POINT('',(0.,-6.));
#7220 = VECTOR('',#7221,1.);
#7221 = DIRECTION('',(1.,0.));
#7222 = ( GEOMETRIC_REPRESENTATION_CONTEXT(2) 
PARAMETRIC_REPRESENTATION_CONTEXT() REPRESENTATION_CONTEXT('2D SPACE',''
  ) );
#7223 = PCURVE('',#6334,#7224);
#7224 = DEFINITIONAL_REPRESENTATION('',(#7225),#7229);
#7225 = LINE('',#7226,#7227);
#7226 = CARTESIAN_POINT('',(23.868192567962,8.687311640472));
#7227 = VECTOR('',#7228,1.);
#7228 = DIRECTION('',(-2.735710610535E-02,0.999625724332));
#7229 = ( GEOMETRIC_REPRESENTATION_CONTEXT(2) 
PARAMETRIC_REPRESENTATION_CONTEXT() REPRESENTATION_CONTEXT('2D SPACE',''
  ) );
#7230 = ORIENTED_EDGE('',*,*,#7231,.F.);
#7231 = EDGE_CURVE('',#4655,#7209,#7232,.T.);
#7232 = SURFACE_CURVE('',#7233,(#7237,#7244),.PCURVE_S1.);
#7233 = LINE('',#7234,#7235);
#7234 = CARTESIAN_POINT('',(-48.33097730355,15.96495739409,286.3));
#7235 = VECTOR('',#7236,1.);
#7236 = DIRECTION('',(0.,0.,1.));
#7237 = PCURVE('',#4695,#7238);
#7238 = DEFINITIONAL_REPRESENTATION('',(#7239),#7243);
#7239 = LINE('',#7240,#7241);
#7240 = CARTESIAN_POINT('',(7.280370619197,0.));
#7241 = VECTOR('',#7242,1.);
#7242 = DIRECTION('',(0.,-1.));
#7243 = ( GEOMETRIC_REPRESENTATION_CONTEXT(2) 
PARAMETRIC_REPRESENTATION_CONTEXT() REPRESENTATION_CONTEXT('2D SPACE',''
  ) );
#7244 = PCURVE('',#4669,#7245);
#7245 = DEFINITIONAL_REPRESENTATION('',(#7246),#7250);
#7246 = LINE('',#7247,#7248);
#7247 = CARTESIAN_POINT('',(0.,0.));
#7248 = VECTOR('',#7249,1.);
#7249 = DIRECTION('',(0.,-1.));
#7250 = ( GEOMETRIC_REPRESENTATION_CONTEXT(2) 
PARAMETRIC_REPRESENTATION_CONTEXT() REPRESENTATION_CONTEXT('2D SPACE',''
  ) );
#7251 = ADVANCED_FACE('',(#7252),#4669,.F.);
#7252 = FACE_BOUND('',#7253,.F.);
#7253 = EDGE_LOOP('',(#7254,#7255,#7256,#7279));
#7254 = ORIENTED_EDGE('',*,*,#4654,.T.);
#7255 = ORIENTED_EDGE('',*,*,#7231,.T.);
#7256 = ORIENTED_EDGE('',*,*,#7257,.T.);
#7257 = EDGE_CURVE('',#7209,#7258,#7260,.T.);
#7258 = VERTEX_POINT('',#7259);
#7259 = CARTESIAN_POINT('',(-52.54247114477,16.326805286038,292.3));
#7260 = SURFACE_CURVE('',#7261,(#7265,#7272),.PCURVE_S1.);
#7261 = LINE('',#7262,#7263);
#7262 = CARTESIAN_POINT('',(-48.33097730355,15.96495739409,292.3));
#7263 = VECTOR('',#7264,1.);
#7264 = DIRECTION('',(-0.996329262296,8.560374461888E-02,0.));
#7265 = PCURVE('',#4669,#7266);
#7266 = DEFINITIONAL_REPRESENTATION('',(#7267),#7271);
#7267 = LINE('',#7268,#7269);
#7268 = CARTESIAN_POINT('',(0.,-6.));
#7269 = VECTOR('',#7270,1.);
#7270 = DIRECTION('',(1.,0.));
#7271 = ( GEOMETRIC_REPRESENTATION_CONTEXT(2) 
PARAMETRIC_REPRESENTATION_CONTEXT() REPRESENTATION_CONTEXT('2D SPACE',''
  ) );
#7272 = PCURVE('',#6334,#7273);
#7273 = DEFINITIONAL_REPRESENTATION('',(#7274),#7278);
#7274 = LINE('',#7275,#7276);
#7275 = CARTESIAN_POINT('',(23.669022696446,15.96495739409));
#7276 = VECTOR('',#7277,1.);
#7277 = DIRECTION('',(-0.996329262296,8.560374461888E-02));
#7278 = ( GEOMETRIC_REPRESENTATION_CONTEXT(2) 
PARAMETRIC_REPRESENTATION_CONTEXT() REPRESENTATION_CONTEXT('2D SPACE',''
  ) );
#7279 = ORIENTED_EDGE('',*,*,#7280,.F.);
#7280 = EDGE_CURVE('',#4629,#7258,#7281,.T.);
#7281 = SURFACE_CURVE('',#7282,(#7286,#7293),.PCURVE_S1.);
#7282 = LINE('',#7283,#7284);
#7283 = CARTESIAN_POINT('',(-52.54247114477,16.326805286038,286.3));
#7284 = VECTOR('',#7285,1.);
#7285 = DIRECTION('',(0.,0.,1.));
#7286 = PCURVE('',#4669,#7287);
#7287 = DEFINITIONAL_REPRESENTATION('',(#7288),#7292);
#7288 = LINE('',#7289,#7290);
#7289 = CARTESIAN_POINT('',(4.227010086524,0.));
#7290 = VECTOR('',#7291,1.);
#7291 = DIRECTION('',(0.,-1.));
#7292 = ( GEOMETRIC_REPRESENTATION_CONTEXT(2) 
PARAMETRIC_REPRESENTATION_CONTEXT() REPRESENTATION_CONTEXT('2D SPACE',''
  ) );
#7293 = PCURVE('',#4643,#7294);
#7294 = DEFINITIONAL_REPRESENTATION('',(#7295),#7299);
#7295 = LINE('',#7296,#7297);
#7296 = CARTESIAN_POINT('',(0.,0.));
#7297 = VECTOR('',#7298,1.);
#7298 = DIRECTION('',(0.,-1.));
#7299 = ( GEOMETRIC_REPRESENTATION_CONTEXT(2) 
PARAMETRIC_REPRESENTATION_CONTEXT() REPRESENTATION_CONTEXT('2D SPACE',''
  ) );
#7300 = ADVANCED_FACE('',(#7301),#4643,.F.);
#7301 = FACE_BOUND('',#7302,.F.);
#7302 = EDGE_LOOP('',(#7303,#7304,#7305,#7328));
#7303 = ORIENTED_EDGE('',*,*,#4628,.T.);
#7304 = ORIENTED_EDGE('',*,*,#7280,.T.);
#7305 = ORIENTED_EDGE('',*,*,#7306,.T.);
#7306 = EDGE_CURVE('',#7258,#7307,#7309,.T.);
#7307 = VERTEX_POINT('',#7308);
#7308 = CARTESIAN_POINT('',(-55.21873104705,23.097435189405,292.3));
#7309 = SURFACE_CURVE('',#7310,(#7314,#7321),.PCURVE_S1.);
#7310 = LINE('',#7311,#7312);
#7311 = CARTESIAN_POINT('',(-52.54247114477,16.326805286038,292.3));
#7312 = VECTOR('',#7313,1.);
#7313 = DIRECTION('',(-0.367599404241,0.929984235351,0.));
#7314 = PCURVE('',#4643,#7315);
#7315 = DEFINITIONAL_REPRESENTATION('',(#7316),#7320);
#7316 = LINE('',#7317,#7318);
#7317 = CARTESIAN_POINT('',(0.,-6.));
#7318 = VECTOR('',#7319,1.);
#7319 = DIRECTION('',(1.,0.));
#7320 = ( GEOMETRIC_REPRESENTATION_CONTEXT(2) 
PARAMETRIC_REPRESENTATION_CONTEXT() REPRESENTATION_CONTEXT('2D SPACE',''
  ) );
#7321 = PCURVE('',#6334,#7322);
#7322 = DEFINITIONAL_REPRESENTATION('',(#7323),#7327);
#7323 = LINE('',#7324,#7325);
#7324 = CARTESIAN_POINT('',(19.457528855222,16.326805286038));
#7325 = VECTOR('',#7326,1.);
#7326 = DIRECTION('',(-0.367599404241,0.929984235351));
#7327 = ( GEOMETRIC_REPRESENTATION_CONTEXT(2) 
PARAMETRIC_REPRESENTATION_CONTEXT() REPRESENTATION_CONTEXT('2D SPACE',''
  ) );
#7328 = ORIENTED_EDGE('',*,*,#7329,.F.);
#7329 = EDGE_CURVE('',#4603,#7307,#7330,.T.);
#7330 = SURFACE_CURVE('',#7331,(#7335,#7342),.PCURVE_S1.);
#7331 = LINE('',#7332,#7333);
#7332 = CARTESIAN_POINT('',(-55.21873104705,23.097435189405,286.3));
#7333 = VECTOR('',#7334,1.);
#7334 = DIRECTION('',(0.,0.,1.));
#7335 = PCURVE('',#4643,#7336);
#7336 = DEFINITIONAL_REPRESENTATION('',(#7337),#7341);
#7337 = LINE('',#7338,#7339);
#7338 = CARTESIAN_POINT('',(7.280370619197,0.));
#7339 = VECTOR('',#7340,1.);
#7340 = DIRECTION('',(0.,-1.));
#7341 = ( GEOMETRIC_REPRESENTATION_CONTEXT(2) 
PARAMETRIC_REPRESENTATION_CONTEXT() REPRESENTATION_CONTEXT('2D SPACE',''
  ) );
#7342 = PCURVE('',#4617,#7343);
#7343 = DEFINITIONAL_REPRESENTATION('',(#7344),#7348);
#7344 = LINE('',#7345,#7346);
#7345 = CARTESIAN_POINT('',(0.,0.));
#7346 = VECTOR('',#7347,1.);
#7347 = DIRECTION('',(0.,-1.));
#7348 = ( GEOMETRIC_REPRESENTATION_CONTEXT(2) 
PARAMETRIC_REPRESENTATION_CONTEXT() REPRESENTATION_CONTEXT('2D SPACE',''
  ) );
#7349 = ADVANCED_FACE('',(#7350),#4617,.F.);
#7350 = FACE_BOUND('',#7351,.F.);
#7351 = EDGE_LOOP('',(#7352,#7353,#7354,#7377));
#7352 = ORIENTED_EDGE('',*,*,#4602,.T.);
#7353 = ORIENTED_EDGE('',*,*,#7329,.T.);
#7354 = ORIENTED_EDGE('',*,*,#7355,.T.);
#7355 = EDGE_CURVE('',#7307,#7356,#7358,.T.);
#7356 = VERTEX_POINT('',#7357);
#7357 = CARTESIAN_POINT('',(-59.3,21.997045256125,292.3));
#7358 = SURFACE_CURVE('',#7359,(#7363,#7370),.PCURVE_S1.);
#7359 = LINE('',#7360,#7361);
#7360 = CARTESIAN_POINT('',(-55.21873104705,23.097435189405,292.3));
#7361 = VECTOR('',#7362,1.);
#7362 = DIRECTION('',(-0.965521460656,-0.26032346996,0.));
#7363 = PCURVE('',#4617,#7364);
#7364 = DEFINITIONAL_REPRESENTATION('',(#7365),#7369);
#7365 = LINE('',#7366,#7367);
#7366 = CARTESIAN_POINT('',(0.,-6.));
#7367 = VECTOR('',#7368,1.);
#7368 = DIRECTION('',(1.,0.));
#7369 = ( GEOMETRIC_REPRESENTATION_CONTEXT(2) 
PARAMETRIC_REPRESENTATION_CONTEXT() REPRESENTATION_CONTEXT('2D SPACE',''
  ) );
#7370 = PCURVE('',#6334,#7371);
#7371 = DEFINITIONAL_REPRESENTATION('',(#7372),#7376);
#7372 = LINE('',#7373,#7374);
#7373 = CARTESIAN_POINT('',(16.78126895295,23.097435189405));
#7374 = VECTOR('',#7375,1.);
#7375 = DIRECTION('',(-0.965521460656,-0.26032346996));
#7376 = ( GEOMETRIC_REPRESENTATION_CONTEXT(2) 
PARAMETRIC_REPRESENTATION_CONTEXT() REPRESENTATION_CONTEXT('2D SPACE',''
  ) );
#7377 = ORIENTED_EDGE('',*,*,#7378,.F.);
#7378 = EDGE_CURVE('',#4577,#7356,#7379,.T.);
#7379 = SURFACE_CURVE('',#7380,(#7384,#7391),.PCURVE_S1.);
#7380 = LINE('',#7381,#7382);
#7381 = CARTESIAN_POINT('',(-59.3,21.997045256125,286.3));
#7382 = VECTOR('',#7383,1.);
#7383 = DIRECTION('',(0.,0.,1.));
#7384 = PCURVE('',#4617,#7385);
#7385 = DEFINITIONAL_REPRESENTATION('',(#7386),#7390);
#7386 = LINE('',#7387,#7388);
#7387 = CARTESIAN_POINT('',(4.227010086524,0.));
#7388 = VECTOR('',#7389,1.);
#7389 = DIRECTION('',(0.,-1.));
#7390 = ( GEOMETRIC_REPRESENTATION_CONTEXT(2) 
PARAMETRIC_REPRESENTATION_CONTEXT() REPRESENTATION_CONTEXT('2D SPACE',''
  ) );
#7391 = PCURVE('',#4591,#7392);
#7392 = DEFINITIONAL_REPRESENTATION('',(#7393),#7397);
#7393 = LINE('',#7394,#7395);
#7394 = CARTESIAN_POINT('',(0.,0.));
#7395 = VECTOR('',#7396,1.);
#7396 = DIRECTION('',(0.,-1.));
#7397 = ( GEOMETRIC_REPRESENTATION_CONTEXT(2) 
PARAMETRIC_REPRESENTATION_CONTEXT() REPRESENTATION_CONTEXT('2D SPACE',''
  ) );
#7398 = ADVANCED_FACE('',(#7399),#4591,.F.);
#7399 = FACE_BOUND('',#7400,.F.);
#7400 = EDGE_LOOP('',(#7401,#7402,#7403,#7426));
#7401 = ORIENTED_EDGE('',*,*,#4576,.T.);
#7402 = ORIENTED_EDGE('',*,*,#7378,.T.);
#7403 = ORIENTED_EDGE('',*,*,#7404,.T.);
#7404 = EDGE_CURVE('',#7356,#7405,#7407,.T.);
#7405 = VERTEX_POINT('',#7406);
#7406 = CARTESIAN_POINT('',(-64.13055349142,27.444021419039,292.3));
#7407 = SURFACE_CURVE('',#7408,(#7412,#7419),.PCURVE_S1.);
#7408 = LINE('',#7409,#7410);
#7409 = CARTESIAN_POINT('',(-59.3,21.997045256125,292.3));
#7410 = VECTOR('',#7411,1.);
#7411 = DIRECTION('',(-0.663503789036,0.748172922482,0.));
#7412 = PCURVE('',#4591,#7413);
#7413 = DEFINITIONAL_REPRESENTATION('',(#7414),#7418);
#7414 = LINE('',#7415,#7416);
#7415 = CARTESIAN_POINT('',(0.,-6.));
#7416 = VECTOR('',#7417,1.);
#7417 = DIRECTION('',(1.,0.));
#7418 = ( GEOMETRIC_REPRESENTATION_CONTEXT(2) 
PARAMETRIC_REPRESENTATION_CONTEXT() REPRESENTATION_CONTEXT('2D SPACE',''
  ) );
#7419 = PCURVE('',#6334,#7420);
#7420 = DEFINITIONAL_REPRESENTATION('',(#7421),#7425);
#7421 = LINE('',#7422,#7423);
#7422 = CARTESIAN_POINT('',(12.7,21.997045256125));
#7423 = VECTOR('',#7424,1.);
#7424 = DIRECTION('',(-0.663503789036,0.748172922482));
#7425 = ( GEOMETRIC_REPRESENTATION_CONTEXT(2) 
PARAMETRIC_REPRESENTATION_CONTEXT() REPRESENTATION_CONTEXT('2D SPACE',''
  ) );
#7426 = ORIENTED_EDGE('',*,*,#7427,.F.);
#7427 = EDGE_CURVE('',#4551,#7405,#7428,.T.);
#7428 = SURFACE_CURVE('',#7429,(#7433,#7440),.PCURVE_S1.);
#7429 = LINE('',#7430,#7431);
#7430 = CARTESIAN_POINT('',(-64.13055349142,27.444021419039,286.3));
#7431 = VECTOR('',#7432,1.);
#7432 = DIRECTION('',(0.,0.,1.));
#7433 = PCURVE('',#4591,#7434);
#7434 = DEFINITIONAL_REPRESENTATION('',(#7435),#7439);
#7435 = LINE('',#7436,#7437);
#7436 = CARTESIAN_POINT('',(7.280370619197,0.));
#7437 = VECTOR('',#7438,1.);
#7438 = DIRECTION('',(0.,-1.));
#7439 = ( GEOMETRIC_REPRESENTATION_CONTEXT(2) 
PARAMETRIC_REPRESENTATION_CONTEXT() REPRESENTATION_CONTEXT('2D SPACE',''
  ) );
#7440 = PCURVE('',#4565,#7441);
#7441 = DEFINITIONAL_REPRESENTATION('',(#7442),#7446);
#7442 = LINE('',#7443,#7444);
#7443 = CARTESIAN_POINT('',(0.,0.));
#7444 = VECTOR('',#7445,1.);
#7445 = DIRECTION('',(0.,-1.));
#7446 = ( GEOMETRIC_REPRESENTATION_CONTEXT(2) 
PARAMETRIC_REPRESENTATION_CONTEXT() REPRESENTATION_CONTEXT('2D SPACE',''
  ) );
#7447 = ADVANCED_FACE('',(#7448),#4565,.F.);
#7448 = FACE_BOUND('',#7449,.F.);
#7449 = EDGE_LOOP('',(#7450,#7451,#7452,#7475));
#7450 = ORIENTED_EDGE('',*,*,#4550,.T.);
#7451 = ORIENTED_EDGE('',*,*,#7427,.T.);
#7452 = ORIENTED_EDGE('',*,*,#7453,.T.);
#7453 = EDGE_CURVE('',#7405,#7454,#7456,.T.);
#7454 = VERTEX_POINT('',#7455);
#7455 = CARTESIAN_POINT('',(-67.58933628726,25.01411692651,292.3));
#7456 = SURFACE_CURVE('',#7457,(#7461,#7468),.PCURVE_S1.);
#7457 = LINE('',#7458,#7459);
#7458 = CARTESIAN_POINT('',(-64.13055349142,27.444021419039,292.3));
#7459 = VECTOR('',#7460,1.);
#7460 = DIRECTION('',(-0.818257521282,-0.574851832097,0.));
#7461 = PCURVE('',#4565,#7462);
#7462 = DEFINITIONAL_REPRESENTATION('',(#7463),#7467);
#7463 = LINE('',#7464,#7465);
#7464 = CARTESIAN_POINT('',(0.,-6.));
#7465 = VECTOR('',#7466,1.);
#7466 = DIRECTION('',(1.,0.));
#7467 = ( GEOMETRIC_REPRESENTATION_CONTEXT(2) 
PARAMETRIC_REPRESENTATION_CONTEXT() REPRESENTATION_CONTEXT('2D SPACE',''
  ) );
#7468 = PCURVE('',#6334,#7469);
#7469 = DEFINITIONAL_REPRESENTATION('',(#7470),#7474);
#7470 = LINE('',#7471,#7472);
#7471 = CARTESIAN_POINT('',(7.869446508575,27.444021419039));
#7472 = VECTOR('',#7473,1.);
#7473 = DIRECTION('',(-0.818257521282,-0.574851832097));
#7474 = ( GEOMETRIC_REPRESENTATION_CONTEXT(2) 
PARAMETRIC_REPRESENTATION_CONTEXT() REPRESENTATION_CONTEXT('2D SPACE',''
  ) );
#7475 = ORIENTED_EDGE('',*,*,#7476,.F.);
#7476 = EDGE_CURVE('',#4525,#7454,#7477,.T.);
#7477 = SURFACE_CURVE('',#7478,(#7482,#7489),.PCURVE_S1.);
#7478 = LINE('',#7479,#7480);
#7479 = CARTESIAN_POINT('',(-67.58933628726,25.01411692651,286.3));
#7480 = VECTOR('',#7481,1.);
#7481 = DIRECTION('',(0.,0.,1.));
#7482 = PCURVE('',#4565,#7483);
#7483 = DEFINITIONAL_REPRESENTATION('',(#7484),#7488);
#7484 = LINE('',#7485,#7486);
#7485 = CARTESIAN_POINT('',(4.227010086524,0.));
#7486 = VECTOR('',#7487,1.);
#7487 = DIRECTION('',(0.,-1.));
#7488 = ( GEOMETRIC_REPRESENTATION_CONTEXT(2) 
PARAMETRIC_REPRESENTATION_CONTEXT() REPRESENTATION_CONTEXT('2D SPACE',''
  ) );
#7489 = PCURVE('',#4539,#7490);
#7490 = DEFINITIONAL_REPRESENTATION('',(#7491),#7495);
#7491 = LINE('',#7492,#7493);
#7492 = CARTESIAN_POINT('',(0.,0.));
#7493 = VECTOR('',#7494,1.);
#7494 = DIRECTION('',(0.,-1.));
#7495 = ( GEOMETRIC_REPRESENTATION_CONTEXT(2) 
PARAMETRIC_REPRESENTATION_CONTEXT() REPRESENTATION_CONTEXT('2D SPACE',''
  ) );
#7496 = ADVANCED_FACE('',(#7497),#4539,.F.);
#7497 = FACE_BOUND('',#7498,.F.);
#7498 = EDGE_LOOP('',(#7499,#7500,#7501,#7524));
#7499 = ORIENTED_EDGE('',*,*,#4524,.T.);
#7500 = ORIENTED_EDGE('',*,*,#7476,.T.);
#7501 = ORIENTED_EDGE('',*,*,#7502,.T.);
#7502 = EDGE_CURVE('',#7454,#7503,#7505,.T.);
#7503 = VERTEX_POINT('',#7504);
#7504 = CARTESIAN_POINT('',(-73.99154732539,28.480453634918,292.3));
#7505 = SURFACE_CURVE('',#7506,(#7510,#7517),.PCURVE_S1.);
#7506 = LINE('',#7507,#7508);
#7507 = CARTESIAN_POINT('',(-67.58933628726,25.01411692651,292.3));
#7508 = VECTOR('',#7509,1.);
#7509 = DIRECTION('',(-0.8793798246,0.476120913305,0.));
#7510 = PCURVE('',#4539,#7511);
#7511 = DEFINITIONAL_REPRESENTATION('',(#7512),#7516);
#7512 = LINE('',#7513,#7514);
#7513 = CARTESIAN_POINT('',(0.,-6.));
#7514 = VECTOR('',#7515,1.);
#7515 = DIRECTION('',(1.,0.));
#7516 = ( GEOMETRIC_REPRESENTATION_CONTEXT(2) 
PARAMETRIC_REPRESENTATION_CONTEXT() REPRESENTATION_CONTEXT('2D SPACE',''
  ) );
#7517 = PCURVE('',#6334,#7518);
#7518 = DEFINITIONAL_REPRESENTATION('',(#7519),#7523);
#7519 = LINE('',#7520,#7521);
#7520 = CARTESIAN_POINT('',(4.41066371274,25.01411692651));
#7521 = VECTOR('',#7522,1.);
#7522 = DIRECTION('',(-0.8793798246,0.476120913305));
#7523 = ( GEOMETRIC_REPRESENTATION_CONTEXT(2) 
PARAMETRIC_REPRESENTATION_CONTEXT() REPRESENTATION_CONTEXT('2D SPACE',''
  ) );
#7524 = ORIENTED_EDGE('',*,*,#7525,.F.);
#7525 = EDGE_CURVE('',#4499,#7503,#7526,.T.);
#7526 = SURFACE_CURVE('',#7527,(#7531,#7538),.PCURVE_S1.);
#7527 = LINE('',#7528,#7529);
#7528 = CARTESIAN_POINT('',(-73.99154732539,28.480453634918,286.3));
#7529 = VECTOR('',#7530,1.);
#7530 = DIRECTION('',(0.,0.,1.));
#7531 = PCURVE('',#4539,#7532);
#7532 = DEFINITIONAL_REPRESENTATION('',(#7533),#7537);
#7533 = LINE('',#7534,#7535);
#7534 = CARTESIAN_POINT('',(7.280370619197,0.));
#7535 = VECTOR('',#7536,1.);
#7536 = DIRECTION('',(0.,-1.));
#7537 = ( GEOMETRIC_REPRESENTATION_CONTEXT(2) 
PARAMETRIC_REPRESENTATION_CONTEXT() REPRESENTATION_CONTEXT('2D SPACE',''
  ) );
#7538 = PCURVE('',#4513,#7539);
#7539 = DEFINITIONAL_REPRESENTATION('',(#7540),#7544);
#7540 = LINE('',#7541,#7542);
#7541 = CARTESIAN_POINT('',(0.,0.));
#7542 = VECTOR('',#7543,1.);
#7543 = DIRECTION('',(0.,-1.));
#7544 = ( GEOMETRIC_REPRESENTATION_CONTEXT(2) 
PARAMETRIC_REPRESENTATION_CONTEXT() REPRESENTATION_CONTEXT('2D SPACE',''
  ) );
#7545 = ADVANCED_FACE('',(#7546),#4513,.F.);
#7546 = FACE_BOUND('',#7547,.F.);
#7547 = EDGE_LOOP('',(#7548,#7549,#7550,#7573));
#7548 = ORIENTED_EDGE('',*,*,#4498,.T.);
#7549 = ORIENTED_EDGE('',*,*,#7525,.T.);
#7550 = ORIENTED_EDGE('',*,*,#7551,.T.);
#7551 = EDGE_CURVE('',#7503,#7552,#7554,.T.);
#7552 = VERTEX_POINT('',#7553);
#7553 = CARTESIAN_POINT('',(-76.41066371274,25.01411692651,292.3));
#7554 = SURFACE_CURVE('',#7555,(#7559,#7566),.PCURVE_S1.);
#7555 = LINE('',#7556,#7557);
#7556 = CARTESIAN_POINT('',(-73.99154732539,28.480453634918,292.3));
#7557 = VECTOR('',#7558,1.);
#7558 = DIRECTION('',(-0.572299648647,-0.820044579373,0.));
#7559 = PCURVE('',#4513,#7560);
#7560 = DEFINITIONAL_REPRESENTATION('',(#7561),#7565);
#7561 = LINE('',#7562,#7563);
#7562 = CARTESIAN_POINT('',(0.,-6.));
#7563 = VECTOR('',#7564,1.);
#7564 = DIRECTION('',(1.,0.));
#7565 = ( GEOMETRIC_REPRESENTATION_CONTEXT(2) 
PARAMETRIC_REPRESENTATION_CONTEXT() REPRESENTATION_CONTEXT('2D SPACE',''
  ) );
#7566 = PCURVE('',#6334,#7567);
#7567 = DEFINITIONAL_REPRESENTATION('',(#7568),#7572);
#7568 = LINE('',#7569,#7570);
#7569 = CARTESIAN_POINT('',(-1.991547325395,28.480453634918));
#7570 = VECTOR('',#7571,1.);
#7571 = DIRECTION('',(-0.572299648647,-0.820044579373));
#7572 = ( GEOMETRIC_REPRESENTATION_CONTEXT(2) 
PARAMETRIC_REPRESENTATION_CONTEXT() REPRESENTATION_CONTEXT('2D SPACE',''
  ) );
#7573 = ORIENTED_EDGE('',*,*,#7574,.F.);
#7574 = EDGE_CURVE('',#4473,#7552,#7575,.T.);
#7575 = SURFACE_CURVE('',#7576,(#7580,#7587),.PCURVE_S1.);
#7576 = LINE('',#7577,#7578);
#7577 = CARTESIAN_POINT('',(-76.41066371274,25.01411692651,286.3));
#7578 = VECTOR('',#7579,1.);
#7579 = DIRECTION('',(0.,0.,1.));
#7580 = PCURVE('',#4513,#7581);
#7581 = DEFINITIONAL_REPRESENTATION('',(#7582),#7586);
#7582 = LINE('',#7583,#7584);
#7583 = CARTESIAN_POINT('',(4.227010086524,0.));
#7584 = VECTOR('',#7585,1.);
#7585 = DIRECTION('',(0.,-1.));
#7586 = ( GEOMETRIC_REPRESENTATION_CONTEXT(2) 
PARAMETRIC_REPRESENTATION_CONTEXT() REPRESENTATION_CONTEXT('2D SPACE',''
  ) );
#7587 = PCURVE('',#4487,#7588);
#7588 = DEFINITIONAL_REPRESENTATION('',(#7589),#7593);
#7589 = LINE('',#7590,#7591);
#7590 = CARTESIAN_POINT('',(0.,0.));
#7591 = VECTOR('',#7592,1.);
#7592 = DIRECTION('',(0.,-1.));
#7593 = ( GEOMETRIC_REPRESENTATION_CONTEXT(2) 
PARAMETRIC_REPRESENTATION_CONTEXT() REPRESENTATION_CONTEXT('2D SPACE',''
  ) );
#7594 = ADVANCED_FACE('',(#7595),#4487,.F.);
#7595 = FACE_BOUND('',#7596,.F.);
#7596 = EDGE_LOOP('',(#7597,#7598,#7599,#7622));
#7597 = ORIENTED_EDGE('',*,*,#4472,.T.);
#7598 = ORIENTED_EDGE('',*,*,#7574,.T.);
#7599 = ORIENTED_EDGE('',*,*,#7600,.T.);
#7600 = EDGE_CURVE('',#7552,#7601,#7603,.T.);
#7601 = VERTEX_POINT('',#7602);
#7602 = CARTESIAN_POINT('',(-83.61233115981,26.081722815696,292.3));
#7603 = SURFACE_CURVE('',#7604,(#7608,#7615),.PCURVE_S1.);
#7604 = LINE('',#7605,#7606);
#7605 = CARTESIAN_POINT('',(-76.41066371274,25.01411692651,292.3));
#7606 = VECTOR('',#7607,1.);
#7607 = DIRECTION('',(-0.989189675054,0.146641695187,0.));
#7608 = PCURVE('',#4487,#7609);
#7609 = DEFINITIONAL_REPRESENTATION('',(#7610),#7614);
#7610 = LINE('',#7611,#7612);
#7611 = CARTESIAN_POINT('',(0.,-6.));
#7612 = VECTOR('',#7613,1.);
#7613 = DIRECTION('',(1.,0.));
#7614 = ( GEOMETRIC_REPRESENTATION_CONTEXT(2) 
PARAMETRIC_REPRESENTATION_CONTEXT() REPRESENTATION_CONTEXT('2D SPACE',''
  ) );
#7615 = PCURVE('',#6334,#7616);
#7616 = DEFINITIONAL_REPRESENTATION('',(#7617),#7621);
#7617 = LINE('',#7618,#7619);
#7618 = CARTESIAN_POINT('',(-4.41066371274,25.01411692651));
#7619 = VECTOR('',#7620,1.);
#7620 = DIRECTION('',(-0.989189675054,0.146641695187));
#7621 = ( GEOMETRIC_REPRESENTATION_CONTEXT(2) 
PARAMETRIC_REPRESENTATION_CONTEXT() REPRESENTATION_CONTEXT('2D SPACE',''
  ) );
#7622 = ORIENTED_EDGE('',*,*,#7623,.F.);
#7623 = EDGE_CURVE('',#4447,#7601,#7624,.T.);
#7624 = SURFACE_CURVE('',#7625,(#7629,#7636),.PCURVE_S1.);
#7625 = LINE('',#7626,#7627);
#7626 = CARTESIAN_POINT('',(-83.61233115981,26.081722815696,286.3));
#7627 = VECTOR('',#7628,1.);
#7628 = DIRECTION('',(0.,0.,1.));
#7629 = PCURVE('',#4487,#7630);
#7630 = DEFINITIONAL_REPRESENTATION('',(#7631),#7635);
#7631 = LINE('',#7632,#7633);
#7632 = CARTESIAN_POINT('',(7.280370619197,0.));
#7633 = VECTOR('',#7634,1.);
#7634 = DIRECTION('',(0.,-1.));
#7635 = ( GEOMETRIC_REPRESENTATION_CONTEXT(2) 
PARAMETRIC_REPRESENTATION_CONTEXT() REPRESENTATION_CONTEXT('2D SPACE',''
  ) );
#7636 = PCURVE('',#4461,#7637);
#7637 = DEFINITIONAL_REPRESENTATION('',(#7638),#7642);
#7638 = LINE('',#7639,#7640);
#7639 = CARTESIAN_POINT('',(0.,0.));
#7640 = VECTOR('',#7641,1.);
#7641 = DIRECTION('',(0.,-1.));
#7642 = ( GEOMETRIC_REPRESENTATION_CONTEXT(2) 
PARAMETRIC_REPRESENTATION_CONTEXT() REPRESENTATION_CONTEXT('2D SPACE',''
  ) );
#7643 = ADVANCED_FACE('',(#7644),#4461,.F.);
#7644 = FACE_BOUND('',#7645,.F.);
#7645 = EDGE_LOOP('',(#7646,#7647,#7648,#7671));
#7646 = ORIENTED_EDGE('',*,*,#4446,.T.);
#7647 = ORIENTED_EDGE('',*,*,#7623,.T.);
#7648 = ORIENTED_EDGE('',*,*,#7649,.T.);
#7649 = EDGE_CURVE('',#7601,#7650,#7652,.T.);
#7650 = VERTEX_POINT('',#7651);
#7651 = CARTESIAN_POINT('',(-84.7,21.997045256125,292.3));
#7652 = SURFACE_CURVE('',#7653,(#7657,#7664),.PCURVE_S1.);
#7653 = LINE('',#7654,#7655);
#7654 = CARTESIAN_POINT('',(-83.61233115981,26.081722815696,292.3));
#7655 = VECTOR('',#7656,1.);
#7656 = DIRECTION('',(-0.257313992141,-0.966327847807,0.));
#7657 = PCURVE('',#4461,#7658);
#7658 = DEFINITIONAL_REPRESENTATION('',(#7659),#7663);
#7659 = LINE('',#7660,#7661);
#7660 = CARTESIAN_POINT('',(0.,-6.));
#7661 = VECTOR('',#7662,1.);
#7662 = DIRECTION('',(1.,0.));
#7663 = ( GEOMETRIC_REPRESENTATION_CONTEXT(2) 
PARAMETRIC_REPRESENTATION_CONTEXT() REPRESENTATION_CONTEXT('2D SPACE',''
  ) );
#7664 = PCURVE('',#6334,#7665);
#7665 = DEFINITIONAL_REPRESENTATION('',(#7666),#7670);
#7666 = LINE('',#7667,#7668);
#7667 = CARTESIAN_POINT('',(-11.61233115981,26.081722815696));
#7668 = VECTOR('',#7669,1.);
#7669 = DIRECTION('',(-0.257313992141,-0.966327847807));
#7670 = ( GEOMETRIC_REPRESENTATION_CONTEXT(2) 
PARAMETRIC_REPRESENTATION_CONTEXT() REPRESENTATION_CONTEXT('2D SPACE',''
  ) );
#7671 = ORIENTED_EDGE('',*,*,#7672,.F.);
#7672 = EDGE_CURVE('',#4421,#7650,#7673,.T.);
#7673 = SURFACE_CURVE('',#7674,(#7678,#7685),.PCURVE_S1.);
#7674 = LINE('',#7675,#7676);
#7675 = CARTESIAN_POINT('',(-84.7,21.997045256125,286.3));
#7676 = VECTOR('',#7677,1.);
#7677 = DIRECTION('',(0.,0.,1.));
#7678 = PCURVE('',#4461,#7679);
#7679 = DEFINITIONAL_REPRESENTATION('',(#7680),#7684);
#7680 = LINE('',#7681,#7682);
#7681 = CARTESIAN_POINT('',(4.227010086524,0.));
#7682 = VECTOR('',#7683,1.);
#7683 = DIRECTION('',(0.,-1.));
#7684 = ( GEOMETRIC_REPRESENTATION_CONTEXT(2) 
PARAMETRIC_REPRESENTATION_CONTEXT() REPRESENTATION_CONTEXT('2D SPACE',''
  ) );
#7685 = PCURVE('',#4435,#7686);
#7686 = DEFINITIONAL_REPRESENTATION('',(#7687),#7691);
#7687 = LINE('',#7688,#7689);
#7688 = CARTESIAN_POINT('',(0.,0.));
#7689 = VECTOR('',#7690,1.);
#7690 = DIRECTION('',(0.,-1.));
#7691 = ( GEOMETRIC_REPRESENTATION_CONTEXT(2) 
PARAMETRIC_REPRESENTATION_CONTEXT() REPRESENTATION_CONTEXT('2D SPACE',''
  ) );
#7692 = ADVANCED_FACE('',(#7693),#4435,.F.);
#7693 = FACE_BOUND('',#7694,.F.);
#7694 = EDGE_LOOP('',(#7695,#7696,#7697,#7720));
#7695 = ORIENTED_EDGE('',*,*,#4420,.T.);
#7696 = ORIENTED_EDGE('',*,*,#7672,.T.);
#7697 = ORIENTED_EDGE('',*,*,#7698,.T.);
#7698 = EDGE_CURVE('',#7650,#7699,#7701,.T.);
#7699 = VERTEX_POINT('',#7700);
#7700 = CARTESIAN_POINT('',(-91.8324964766,20.537151299668,292.3));
#7701 = SURFACE_CURVE('',#7702,(#7706,#7713),.PCURVE_S1.);
#7702 = LINE('',#7703,#7704);
#7703 = CARTESIAN_POINT('',(-84.7,21.997045256125,292.3));
#7704 = VECTOR('',#7705,1.);
#7705 = DIRECTION('',(-0.979688651811,-0.200524675572,0.));
#7706 = PCURVE('',#4435,#7707);
#7707 = DEFINITIONAL_REPRESENTATION('',(#7708),#7712);
#7708 = LINE('',#7709,#7710);
#7709 = CARTESIAN_POINT('',(0.,-6.));
#7710 = VECTOR('',#7711,1.);
#7711 = DIRECTION('',(1.,0.));
#7712 = ( GEOMETRIC_REPRESENTATION_CONTEXT(2) 
PARAMETRIC_REPRESENTATION_CONTEXT() REPRESENTATION_CONTEXT('2D SPACE',''
  ) );
#7713 = PCURVE('',#6334,#7714);
#7714 = DEFINITIONAL_REPRESENTATION('',(#7715),#7719);
#7715 = LINE('',#7716,#7717);
#7716 = CARTESIAN_POINT('',(-12.7,21.997045256125));
#7717 = VECTOR('',#7718,1.);
#7718 = DIRECTION('',(-0.979688651811,-0.200524675572));
#7719 = ( GEOMETRIC_REPRESENTATION_CONTEXT(2) 
PARAMETRIC_REPRESENTATION_CONTEXT() REPRESENTATION_CONTEXT('2D SPACE',''
  ) );
#7720 = ORIENTED_EDGE('',*,*,#7721,.F.);
#7721 = EDGE_CURVE('',#4395,#7699,#7722,.T.);
#7722 = SURFACE_CURVE('',#7723,(#7727,#7734),.PCURVE_S1.);
#7723 = LINE('',#7724,#7725);
#7724 = CARTESIAN_POINT('',(-91.8324964766,20.537151299668,286.3));
#7725 = VECTOR('',#7726,1.);
#7726 = DIRECTION('',(0.,0.,1.));
#7727 = PCURVE('',#4435,#7728);
#7728 = DEFINITIONAL_REPRESENTATION('',(#7729),#7733);
#7729 = LINE('',#7730,#7731);
#7730 = CARTESIAN_POINT('',(7.280370619197,0.));
#7731 = VECTOR('',#7732,1.);
#7732 = DIRECTION('',(0.,-1.));
#7733 = ( GEOMETRIC_REPRESENTATION_CONTEXT(2) 
PARAMETRIC_REPRESENTATION_CONTEXT() REPRESENTATION_CONTEXT('2D SPACE',''
  ) );
#7734 = PCURVE('',#4409,#7735);
#7735 = DEFINITIONAL_REPRESENTATION('',(#7736),#7740);
#7736 = LINE('',#7737,#7738);
#7737 = CARTESIAN_POINT('',(0.,0.));
#7738 = VECTOR('',#7739,1.);
#7739 = DIRECTION('',(0.,-1.));
#7740 = ( GEOMETRIC_REPRESENTATION_CONTEXT(2) 
PARAMETRIC_REPRESENTATION_CONTEXT() REPRESENTATION_CONTEXT('2D SPACE',''
  ) );
#7741 = ADVANCED_FACE('',(#7742),#4409,.F.);
#7742 = FACE_BOUND('',#7743,.F.);
#7743 = EDGE_LOOP('',(#7744,#7745,#7746,#7769));
#7744 = ORIENTED_EDGE('',*,*,#4394,.T.);
#7745 = ORIENTED_EDGE('',*,*,#7721,.T.);
#7746 = ORIENTED_EDGE('',*,*,#7747,.T.);
#7747 = EDGE_CURVE('',#7699,#7748,#7750,.T.);
#7748 = VERTEX_POINT('',#7749);
#7749 = CARTESIAN_POINT('',(-91.45752885522,16.326805286038,292.3));
#7750 = SURFACE_CURVE('',#7751,(#7755,#7762),.PCURVE_S1.);
#7751 = LINE('',#7752,#7753);
#7752 = CARTESIAN_POINT('',(-91.8324964766,20.537151299668,292.3));
#7753 = VECTOR('',#7754,1.);
#7754 = DIRECTION('',(8.870752936638E-02,-0.996057716317,0.));
#7755 = PCURVE('',#4409,#7756);
#7756 = DEFINITIONAL_REPRESENTATION('',(#7757),#7761);
#7757 = LINE('',#7758,#7759);
#7758 = CARTESIAN_POINT('',(0.,-6.));
#7759 = VECTOR('',#7760,1.);
#7760 = DIRECTION('',(1.,0.));
#7761 = ( GEOMETRIC_REPRESENTATION_CONTEXT(2) 
PARAMETRIC_REPRESENTATION_CONTEXT() REPRESENTATION_CONTEXT('2D SPACE',''
  ) );
#7762 = PCURVE('',#6334,#7763);
#7763 = DEFINITIONAL_REPRESENTATION('',(#7764),#7768);
#7764 = LINE('',#7765,#7766);
#7765 = CARTESIAN_POINT('',(-19.8324964766,20.537151299668));
#7766 = VECTOR('',#7767,1.);
#7767 = DIRECTION('',(8.870752936638E-02,-0.996057716317));
#7768 = ( GEOMETRIC_REPRESENTATION_CONTEXT(2) 
PARAMETRIC_REPRESENTATION_CONTEXT() REPRESENTATION_CONTEXT('2D SPACE',''
  ) );
#7769 = ORIENTED_EDGE('',*,*,#7770,.F.);
#7770 = EDGE_CURVE('',#4369,#7748,#7771,.T.);
#7771 = SURFACE_CURVE('',#7772,(#7776,#7783),.PCURVE_S1.);
#7772 = LINE('',#7773,#7774);
#7773 = CARTESIAN_POINT('',(-91.45752885522,16.326805286038,286.3));
#7774 = VECTOR('',#7775,1.);
#7775 = DIRECTION('',(0.,0.,1.));
#7776 = PCURVE('',#4409,#7777);
#7777 = DEFINITIONAL_REPRESENTATION('',(#7778),#7782);
#7778 = LINE('',#7779,#7780);
#7779 = CARTESIAN_POINT('',(4.227010086524,0.));
#7780 = VECTOR('',#7781,1.);
#7781 = DIRECTION('',(0.,-1.));
#7782 = ( GEOMETRIC_REPRESENTATION_CONTEXT(2) 
PARAMETRIC_REPRESENTATION_CONTEXT() REPRESENTATION_CONTEXT('2D SPACE',''
  ) );
#7783 = PCURVE('',#4383,#7784);
#7784 = DEFINITIONAL_REPRESENTATION('',(#7785),#7789);
#7785 = LINE('',#7786,#7787);
#7786 = CARTESIAN_POINT('',(0.,0.));
#7787 = VECTOR('',#7788,1.);
#7788 = DIRECTION('',(0.,-1.));
#7789 = ( GEOMETRIC_REPRESENTATION_CONTEXT(2) 
PARAMETRIC_REPRESENTATION_CONTEXT() REPRESENTATION_CONTEXT('2D SPACE',''
  ) );
#7790 = ADVANCED_FACE('',(#7791),#4383,.F.);
#7791 = FACE_BOUND('',#7792,.F.);
#7792 = EDGE_LOOP('',(#7793,#7794,#7795,#7818,#7846,#7867));
#7793 = ORIENTED_EDGE('',*,*,#4368,.T.);
#7794 = ORIENTED_EDGE('',*,*,#7770,.T.);
#7795 = ORIENTED_EDGE('',*,*,#7796,.T.);
#7796 = EDGE_CURVE('',#7748,#7797,#7799,.T.);
#7797 = VERTEX_POINT('',#7798);
#7798 = CARTESIAN_POINT('',(-97.66057002184,12.515496240828,292.3));
#7799 = SURFACE_CURVE('',#7800,(#7804,#7811),.PCURVE_S1.);
#7800 = LINE('',#7801,#7802);
#7801 = CARTESIAN_POINT('',(-91.45752885522,16.326805286038,292.3));
#7802 = VECTOR('',#7803,1.);
#7803 = DIRECTION('',(-0.852022718495,-0.523504811027,0.));
#7804 = PCURVE('',#4383,#7805);
#7805 = DEFINITIONAL_REPRESENTATION('',(#7806),#7810);
#7806 = LINE('',#7807,#7808);
#7807 = CARTESIAN_POINT('',(0.,-6.));
#7808 = VECTOR('',#7809,1.);
#7809 = DIRECTION('',(1.,0.));
#7810 = ( GEOMETRIC_REPRESENTATION_CONTEXT(2) 
PARAMETRIC_REPRESENTATION_CONTEXT() REPRESENTATION_CONTEXT('2D SPACE',''
  ) );
#7811 = PCURVE('',#6334,#7812);
#7812 = DEFINITIONAL_REPRESENTATION('',(#7813),#7817);
#7813 = LINE('',#7814,#7815);
#7814 = CARTESIAN_POINT('',(-19.45752885522,16.326805286038));
#7815 = VECTOR('',#7816,1.);
#7816 = DIRECTION('',(-0.852022718495,-0.523504811027));
#7817 = ( GEOMETRIC_REPRESENTATION_CONTEXT(2) 
PARAMETRIC_REPRESENTATION_CONTEXT() REPRESENTATION_CONTEXT('2D SPACE',''
  ) );
#7818 = ORIENTED_EDGE('',*,*,#7819,.F.);
#7819 = EDGE_CURVE('',#7820,#7797,#7822,.T.);
#7820 = VERTEX_POINT('',#7821);
#7821 = CARTESIAN_POINT('',(-97.66057002184,12.515496240828,286.3));
#7822 = SURFACE_CURVE('',#7823,(#7827,#7834),.PCURVE_S1.);
#7823 = LINE('',#7824,#7825);
#7824 = CARTESIAN_POINT('',(-97.66057002184,12.515496240828,286.3));
#7825 = VECTOR('',#7826,1.);
#7826 = DIRECTION('',(0.,0.,1.));
#7827 = PCURVE('',#4383,#7828);
#7828 = DEFINITIONAL_REPRESENTATION('',(#7829),#7833);
#7829 = LINE('',#7830,#7831);
#7830 = CARTESIAN_POINT('',(7.280370619197,0.));
#7831 = VECTOR('',#7832,1.);
#7832 = DIRECTION('',(0.,-1.));
#7833 = ( GEOMETRIC_REPRESENTATION_CONTEXT(2) 
PARAMETRIC_REPRESENTATION_CONTEXT() REPRESENTATION_CONTEXT('2D SPACE',''
  ) );
#7834 = PCURVE('',#7835,#7840);
#7835 = PLANE('',#7836);
#7836 = AXIS2_PLACEMENT_3D('',#7837,#7838,#7839);
#7837 = CARTESIAN_POINT('',(-97.66057002184,12.515496240828,286.3));
#7838 = DIRECTION('',(0.905648323992,0.424029613649,-0.));
#7839 = DIRECTION('',(0.424029613649,-0.905648323992,0.));
#7840 = DEFINITIONAL_REPRESENTATION('',(#7841),#7845);
#7841 = LINE('',#7842,#7843);
#7842 = CARTESIAN_POINT('',(0.,0.));
#7843 = VECTOR('',#7844,1.);
#7844 = DIRECTION('',(0.,-1.));
#7845 = ( GEOMETRIC_REPRESENTATION_CONTEXT(2) 
PARAMETRIC_REPRESENTATION_CONTEXT() REPRESENTATION_CONTEXT('2D SPACE',''
  ) );
#7846 = ORIENTED_EDGE('',*,*,#7847,.F.);
#7847 = EDGE_CURVE('',#6206,#7820,#7848,.T.);
#7848 = SURFACE_CURVE('',#7849,(#7853,#7860),.PCURVE_S1.);
#7849 = LINE('',#7850,#7851);
#7850 = CARTESIAN_POINT('',(-91.45752885522,16.326805286038,286.3));
#7851 = VECTOR('',#7852,1.);
#7852 = DIRECTION('',(-0.852022718495,-0.523504811027,0.));
#7853 = PCURVE('',#4383,#7854);
#7854 = DEFINITIONAL_REPRESENTATION('',(#7855),#7859);
#7855 = LINE('',#7856,#7857);
#7856 = CARTESIAN_POINT('',(0.,0.));
#7857 = VECTOR('',#7858,1.);
#7858 = DIRECTION('',(1.,0.));
#7859 = ( GEOMETRIC_REPRESENTATION_CONTEXT(2) 
PARAMETRIC_REPRESENTATION_CONTEXT() REPRESENTATION_CONTEXT('2D SPACE',''
  ) );
#7860 = PCURVE('',#6219,#7861);
#7861 = DEFINITIONAL_REPRESENTATION('',(#7862),#7866);
#7862 = LINE('',#7863,#7864);
#7863 = CARTESIAN_POINT('',(-19.45752885522,16.326805286038));
#7864 = VECTOR('',#7865,1.);
#7865 = DIRECTION('',(-0.852022718495,-0.523504811027));
#7866 = ( GEOMETRIC_REPRESENTATION_CONTEXT(2) 
PARAMETRIC_REPRESENTATION_CONTEXT() REPRESENTATION_CONTEXT('2D SPACE',''
  ) );
#7867 = ORIENTED_EDGE('',*,*,#6230,.T.);
#7868 = ADVANCED_FACE('',(#7869),#4318,.T.);
#7869 = FACE_BOUND('',#7870,.T.);
#7870 = EDGE_LOOP('',(#7871,#7872,#7873,#7874));
#7871 = ORIENTED_EDGE('',*,*,#6375,.T.);
#7872 = ORIENTED_EDGE('',*,*,#6139,.T.);
#7873 = ORIENTED_EDGE('',*,*,#4301,.F.);
#7874 = ORIENTED_EDGE('',*,*,#7875,.F.);
#7875 = EDGE_CURVE('',#6376,#4275,#7876,.T.);
#7876 = SURFACE_CURVE('',#7877,(#7880,#7887),.PCURVE_S1.);
#7877 = B_SPLINE_CURVE_WITH_KNOTS('',1,(#7878,#7879),.UNSPECIFIED.,.F.,
  .F.,(2,2),(0.,1.),.PIECEWISE_BEZIER_KNOTS.);
#7878 = CARTESIAN_POINT('',(-54.,70.,276.));
#7879 = CARTESIAN_POINT('',(-44.,65.,290.3));
#7880 = PCURVE('',#4318,#7881);
#7881 = DEFINITIONAL_REPRESENTATION('',(#7882),#7886);
#7882 = LINE('',#7883,#7884);
#7883 = CARTESIAN_POINT('',(0.,0.));
#7884 = VECTOR('',#7885,1.);
#7885 = DIRECTION('',(0.,1.));
#7886 = ( GEOMETRIC_REPRESENTATION_CONTEXT(2) 
PARAMETRIC_REPRESENTATION_CONTEXT() REPRESENTATION_CONTEXT('2D SPACE',''
  ) );
#7887 = PCURVE('',#4290,#7888);
#7888 = DEFINITIONAL_REPRESENTATION('',(#7889),#7893);
#7889 = LINE('',#7890,#7891);
#7890 = CARTESIAN_POINT('',(108.,0.));
#7891 = VECTOR('',#7892,1.);
#7892 = DIRECTION('',(0.,1.));
#7893 = ( GEOMETRIC_REPRESENTATION_CONTEXT(2) 
PARAMETRIC_REPRESENTATION_CONTEXT() REPRESENTATION_CONTEXT('2D SPACE',''
  ) );
#7894 = ADVANCED_FACE('',(#7895),#4290,.T.);
#7895 = FACE_BOUND('',#7896,.T.);
#7896 = EDGE_LOOP('',(#7897,#7917,#7918,#7919));
#7897 = ORIENTED_EDGE('',*,*,#7898,.T.);
#7898 = EDGE_CURVE('',#6066,#6376,#7899,.T.);
#7899 = SURFACE_CURVE('',#7900,(#7904,#7911),.PCURVE_S1.);
#7900 = LINE('',#7901,#7902);
#7901 = CARTESIAN_POINT('',(54.,70.,276.));
#7902 = VECTOR('',#7903,1.);
#7903 = DIRECTION('',(-1.,0.,0.));
#7904 = PCURVE('',#4290,#7905);
#7905 = DEFINITIONAL_REPRESENTATION('',(#7906),#7910);
#7906 = LINE('',#7907,#7908);
#7907 = CARTESIAN_POINT('',(0.,0.));
#7908 = VECTOR('',#7909,1.);
#7909 = DIRECTION('',(1.,0.));
#7910 = ( GEOMETRIC_REPRESENTATION_CONTEXT(2) 
PARAMETRIC_REPRESENTATION_CONTEXT() REPRESENTATION_CONTEXT('2D SPACE',''
  ) );
#7911 = PCURVE('',#5691,#7912);
#7912 = DEFINITIONAL_REPRESENTATION('',(#7913),#7916);
#7913 = B_SPLINE_CURVE_WITH_KNOTS('',1,(#7914,#7915),.UNSPECIFIED.,.F.,
  .F.,(2,2),(0.,108.),.PIECEWISE_BEZIER_KNOTS.);
#7914 = CARTESIAN_POINT('',(0.,1.));
#7915 = CARTESIAN_POINT('',(128.,1.));
#7916 = ( GEOMETRIC_REPRESENTATION_CONTEXT(2) 
PARAMETRIC_REPRESENTATION_CONTEXT() REPRESENTATION_CONTEXT('2D SPACE',''
  ) );
#7917 = ORIENTED_EDGE('',*,*,#7875,.T.);
#7918 = ORIENTED_EDGE('',*,*,#4274,.F.);
#7919 = ORIENTED_EDGE('',*,*,#7920,.F.);
#7920 = EDGE_CURVE('',#6066,#4230,#7921,.T.);
#7921 = SURFACE_CURVE('',#7922,(#7925,#7932),.PCURVE_S1.);
#7922 = B_SPLINE_CURVE_WITH_KNOTS('',1,(#7923,#7924),.UNSPECIFIED.,.F.,
  .F.,(2,2),(0.,1.),.PIECEWISE_BEZIER_KNOTS.);
#7923 = CARTESIAN_POINT('',(54.,70.,276.));
#7924 = CARTESIAN_POINT('',(44.,65.,290.3));
#7925 = PCURVE('',#4290,#7926);
#7926 = DEFINITIONAL_REPRESENTATION('',(#7927),#7931);
#7927 = LINE('',#7928,#7929);
#7928 = CARTESIAN_POINT('',(0.,0.));
#7929 = VECTOR('',#7930,1.);
#7930 = DIRECTION('',(0.,1.));
#7931 = ( GEOMETRIC_REPRESENTATION_CONTEXT(2) 
PARAMETRIC_REPRESENTATION_CONTEXT() REPRESENTATION_CONTEXT('2D SPACE',''
  ) );
#7932 = PCURVE('',#4246,#7933);
#7933 = DEFINITIONAL_REPRESENTATION('',(#7934),#7938);
#7934 = LINE('',#7935,#7936);
#7935 = CARTESIAN_POINT('',(1.570796318693,0.));
#7936 = VECTOR('',#7937,1.);
#7937 = DIRECTION('',(0.,1.));
#7938 = ( GEOMETRIC_REPRESENTATION_CONTEXT(2) 
PARAMETRIC_REPRESENTATION_CONTEXT() REPRESENTATION_CONTEXT('2D SPACE',''
  ) );
#7939 = ADVANCED_FACE('',(#7940),#4246,.T.);
#7940 = FACE_BOUND('',#7941,.T.);
#7941 = EDGE_LOOP('',(#7942,#7943,#7944,#7945));
#7942 = ORIENTED_EDGE('',*,*,#6087,.T.);
#7943 = ORIENTED_EDGE('',*,*,#7920,.T.);
#7944 = ORIENTED_EDGE('',*,*,#4229,.F.);
#7945 = ORIENTED_EDGE('',*,*,#6114,.F.);
#7946 = ADVANCED_FACE('',(#7947),#5162,.F.);
#7947 = FACE_BOUND('',#7948,.F.);
#7948 = EDGE_LOOP('',(#7949,#7950,#7973));
#7949 = ORIENTED_EDGE('',*,*,#5143,.F.);
#7950 = ORIENTED_EDGE('',*,*,#7951,.T.);
#7951 = EDGE_CURVE('',#5144,#7952,#7954,.T.);
#7952 = VERTEX_POINT('',#7953);
#7953 = CARTESIAN_POINT('',(-32.,-5.,290.25875650974));
#7954 = SURFACE_CURVE('',#7955,(#7959,#7966),.PCURVE_S1.);
#7955 = LINE('',#7956,#7957);
#7956 = CARTESIAN_POINT('',(-32.,-5.,290.3));
#7957 = VECTOR('',#7958,1.);
#7958 = DIRECTION('',(-0.,-0.,-1.));
#7959 = PCURVE('',#5162,#7960);
#7960 = DEFINITIONAL_REPRESENTATION('',(#7961),#7965);
#7961 = LINE('',#7962,#7963);
#7962 = CARTESIAN_POINT('',(3.14159265359,0.));
#7963 = VECTOR('',#7964,1.);
#7964 = DIRECTION('',(0.,-1.));
#7965 = ( GEOMETRIC_REPRESENTATION_CONTEXT(2) 
PARAMETRIC_REPRESENTATION_CONTEXT() REPRESENTATION_CONTEXT('2D SPACE',''
  ) );
#7966 = PCURVE('',#5190,#7967);
#7967 = DEFINITIONAL_REPRESENTATION('',(#7968),#7972);
#7968 = LINE('',#7969,#7970);
#7969 = CARTESIAN_POINT('',(0.,0.));
#7970 = VECTOR('',#7971,1.);
#7971 = DIRECTION('',(0.,-1.));
#7972 = ( GEOMETRIC_REPRESENTATION_CONTEXT(2) 
PARAMETRIC_REPRESENTATION_CONTEXT() REPRESENTATION_CONTEXT('2D SPACE',''
  ) );
#7973 = ORIENTED_EDGE('',*,*,#7974,.T.);
#7974 = EDGE_CURVE('',#7952,#5146,#7975,.T.);
#7975 = SURFACE_CURVE('',#7976,(#7982,#7991),.PCURVE_S1.);
#7976 = B_SPLINE_CURVE_WITH_KNOTS('',4,(#7977,#7978,#7979,#7980,#7981),
  .UNSPECIFIED.,.F.,.F.,(5,5),(0.,1.),.PIECEWISE_BEZIER_KNOTS.);
#7977 = CARTESIAN_POINT('',(-32.,-5.,290.25875650974));
#7978 = CARTESIAN_POINT('',(-32.,-5.483937333082,290.25875650974));
#7979 = CARTESIAN_POINT('',(-31.98048371619,-5.967873832902,
    290.26563596672));
#7980 = CARTESIAN_POINT('',(-31.94145122155,-6.451075194117,
    290.27939491498));
#7981 = CARTESIAN_POINT('',(-31.882830972,-6.932790809835,290.3000006));
#7982 = PCURVE('',#5162,#7983);
#7983 = DEFINITIONAL_REPRESENTATION('',(#7984),#7990);
#7984 = B_SPLINE_CURVE_WITH_KNOTS('',4,(#7985,#7986,#7987,#7988,#7989),
  .UNSPECIFIED.,.F.,.F.,(5,5),(0.,1.),.PIECEWISE_BEZIER_KNOTS.);
#7985 = CARTESIAN_POINT('',(3.14159265359,-4.124349025489E-02));
#7986 = CARTESIAN_POINT('',(3.171838736907,-4.124349025489E-02));
#7987 = CARTESIAN_POINT('',(3.202084818319,-3.436403327971E-02));
#7988 = CARTESIAN_POINT('',(3.23235849005,-2.06050850118E-02));
#7989 = CARTESIAN_POINT('',(3.262687819662,6.000000000034E-07));
#7990 = ( GEOMETRIC_REPRESENTATION_CONTEXT(2) 
PARAMETRIC_REPRESENTATION_CONTEXT() REPRESENTATION_CONTEXT('2D SPACE',''
  ) );
#7991 = PCURVE('',#5246,#7992);
#7992 = DEFINITIONAL_REPRESENTATION('',(#7993),#7999);
#7993 = B_SPLINE_CURVE_WITH_KNOTS('',4,(#7994,#7995,#7996,#7997,#7998),
  .UNSPECIFIED.,.F.,.F.,(5,5),(0.,1.),.PIECEWISE_BEZIER_KNOTS.);
#7994 = CARTESIAN_POINT('',(7.609319553523E-02,-5.));
#7995 = CARTESIAN_POINT('',(7.609319553523E-02,-5.483937333082));
#7996 = CARTESIAN_POINT('',(7.623956719695E-02,-5.967873832902));
#7997 = CARTESIAN_POINT('',(7.653230998526E-02,-6.451075194117));
#7998 = CARTESIAN_POINT('',(7.697182450656E-02,-6.932790809835));
#7999 = ( GEOMETRIC_REPRESENTATION_CONTEXT(2) 
PARAMETRIC_REPRESENTATION_CONTEXT() REPRESENTATION_CONTEXT('2D SPACE',''
  ) );
#8000 = ADVANCED_FACE('',(#8001),#5190,.T.);
#8001 = FACE_BOUND('',#8002,.T.);
#8002 = EDGE_LOOP('',(#8003,#8004,#8005,#8026));
#8003 = ORIENTED_EDGE('',*,*,#5174,.F.);
#8004 = ORIENTED_EDGE('',*,*,#7951,.T.);
#8005 = ORIENTED_EDGE('',*,*,#8006,.T.);
#8006 = EDGE_CURVE('',#7952,#8007,#8009,.T.);
#8007 = VERTEX_POINT('',#8008);
#8008 = CARTESIAN_POINT('',(-32.,5.,290.25875650974));
#8009 = SURFACE_CURVE('',#8010,(#8014,#8020),.PCURVE_S1.);
#8010 = LINE('',#8011,#8012);
#8011 = CARTESIAN_POINT('',(-32.,0.,290.25875650974));
#8012 = VECTOR('',#8013,1.);
#8013 = DIRECTION('',(-0.,1.,0.));
#8014 = PCURVE('',#5190,#8015);
#8015 = DEFINITIONAL_REPRESENTATION('',(#8016),#8019);
#8016 = B_SPLINE_CURVE_WITH_KNOTS('',1,(#8017,#8018),.UNSPECIFIED.,.F.,
  .F.,(2,2),(-6.,6.),.PIECEWISE_BEZIER_KNOTS.);
#8017 = CARTESIAN_POINT('',(-1.,-4.124349025489E-02));
#8018 = CARTESIAN_POINT('',(11.,-4.124349025489E-02));
#8019 = ( GEOMETRIC_REPRESENTATION_CONTEXT(2) 
PARAMETRIC_REPRESENTATION_CONTEXT() REPRESENTATION_CONTEXT('2D SPACE',''
  ) );
#8020 = PCURVE('',#5246,#8021);
#8021 = DEFINITIONAL_REPRESENTATION('',(#8022),#8025);
#8022 = B_SPLINE_CURVE_WITH_KNOTS('',1,(#8023,#8024),.UNSPECIFIED.,.F.,
  .F.,(2,2),(-6.,6.),.PIECEWISE_BEZIER_KNOTS.);
#8023 = CARTESIAN_POINT('',(7.609319553523E-02,-6.));
#8024 = CARTESIAN_POINT('',(7.609319553523E-02,6.));
#8025 = ( GEOMETRIC_REPRESENTATION_CONTEXT(2) 
PARAMETRIC_REPRESENTATION_CONTEXT() REPRESENTATION_CONTEXT('2D SPACE',''
  ) );
#8026 = ORIENTED_EDGE('',*,*,#8027,.F.);
#8027 = EDGE_CURVE('',#5175,#8007,#8028,.T.);
#8028 = SURFACE_CURVE('',#8029,(#8033,#8040),.PCURVE_S1.);
#8029 = LINE('',#8030,#8031);
#8030 = CARTESIAN_POINT('',(-32.,5.,290.3));
#8031 = VECTOR('',#8032,1.);
#8032 = DIRECTION('',(-0.,-0.,-1.));
#8033 = PCURVE('',#5190,#8034);
#8034 = DEFINITIONAL_REPRESENTATION('',(#8035),#8039);
#8035 = LINE('',#8036,#8037);
#8036 = CARTESIAN_POINT('',(10.,0.));
#8037 = VECTOR('',#8038,1.);
#8038 = DIRECTION('',(0.,-1.));
#8039 = ( GEOMETRIC_REPRESENTATION_CONTEXT(2) 
PARAMETRIC_REPRESENTATION_CONTEXT() REPRESENTATION_CONTEXT('2D SPACE',''
  ) );
#8040 = PCURVE('',#5219,#8041);
#8041 = DEFINITIONAL_REPRESENTATION('',(#8042),#8046);
#8042 = LINE('',#8043,#8044);
#8043 = CARTESIAN_POINT('',(3.14159265359,0.));
#8044 = VECTOR('',#8045,1.);
#8045 = DIRECTION('',(0.,-1.));
#8046 = ( GEOMETRIC_REPRESENTATION_CONTEXT(2) 
PARAMETRIC_REPRESENTATION_CONTEXT() REPRESENTATION_CONTEXT('2D SPACE',''
  ) );
#8047 = ADVANCED_FACE('',(#8048),#5246,.T.);
#8048 = FACE_BOUND('',#8049,.T.);
#8049 = EDGE_LOOP('',(#8050,#8051,#8073,#8074,#8103,#8124,#8151,#8152,
    #8174,#8175,#8202,#8203));
#8050 = ORIENTED_EDGE('',*,*,#5651,.F.);
#8051 = ORIENTED_EDGE('',*,*,#8052,.T.);
#8052 = EDGE_CURVE('',#5631,#5498,#8053,.T.);
#8053 = SURFACE_CURVE('',#8054,(#8059,#8066),.PCURVE_S1.);
#8054 = CIRCLE('',#8055,141.375);
#8055 = AXIS2_PLACEMENT_3D('',#8056,#8057,#8058);
#8056 = CARTESIAN_POINT('',(15.,-14.,156.925));
#8057 = DIRECTION('',(-0.,1.,0.));
#8058 = DIRECTION('',(-0.403183023873,-0.,0.915119363395));
#8059 = PCURVE('',#5246,#8060);
#8060 = DEFINITIONAL_REPRESENTATION('',(#8061),#8065);
#8061 = LINE('',#8062,#8063);
#8062 = CARTESIAN_POINT('',(0.,-14.));
#8063 = VECTOR('',#8064,1.);
#8064 = DIRECTION('',(1.,0.));
#8065 = ( GEOMETRIC_REPRESENTATION_CONTEXT(2) 
PARAMETRIC_REPRESENTATION_CONTEXT() REPRESENTATION_CONTEXT('2D SPACE',''
  ) );
#8066 = PCURVE('',#5533,#8067);
#8067 = DEFINITIONAL_REPRESENTATION('',(#8068),#8072);
#8068 = CIRCLE('',#8069,141.375);
#8069 = AXIS2_PLACEMENT_2D('',#8070,#8071);
#8070 = CARTESIAN_POINT('',(-134.7188661011,7.105427357601E-15));
#8071 = DIRECTION('',(0.915119363395,-0.403183023873));
#8072 = ( GEOMETRIC_REPRESENTATION_CONTEXT(2) 
PARAMETRIC_REPRESENTATION_CONTEXT() REPRESENTATION_CONTEXT('2D SPACE',''
  ) );
#8073 = ORIENTED_EDGE('',*,*,#5497,.T.);
#8074 = ORIENTED_EDGE('',*,*,#8075,.T.);
#8075 = EDGE_CURVE('',#5469,#8076,#8078,.T.);
#8076 = VERTEX_POINT('',#8077);
#8077 = CARTESIAN_POINT('',(62.,-5.,290.25875650974));
#8078 = SURFACE_CURVE('',#8079,(#8085,#8094),.PCURVE_S1.);
#8079 = B_SPLINE_CURVE_WITH_KNOTS('',4,(#8080,#8081,#8082,#8083,#8084),
  .UNSPECIFIED.,.F.,.F.,(5,5),(0.,1.),.PIECEWISE_BEZIER_KNOTS.);
#8080 = CARTESIAN_POINT('',(61.882830972009,-6.932790809835,290.3000006)
  );
#8081 = CARTESIAN_POINT('',(61.941451221551,-6.451075194117,
    290.27939491498));
#8082 = CARTESIAN_POINT('',(61.980483716192,-5.967873832902,
    290.26563596672));
#8083 = CARTESIAN_POINT('',(62.,-5.483937333082,290.25875650974));
#8084 = CARTESIAN_POINT('',(62.,-5.,290.25875650974));
#8085 = PCURVE('',#5246,#8086);
#8086 = DEFINITIONAL_REPRESENTATION('',(#8087),#8093);
#8087 = B_SPLINE_CURVE_WITH_KNOTS('',4,(#8088,#8089,#8090,#8091,#8092),
  .UNSPECIFIED.,.F.,.F.,(5,5),(0.,1.),.PIECEWISE_BEZIER_KNOTS.);
#8088 = CARTESIAN_POINT('',(0.753013081234,-6.932790809835));
#8089 = CARTESIAN_POINT('',(0.753452595756,-6.451075194117));
#8090 = CARTESIAN_POINT('',(0.753745338544,-5.967873832902));
#8091 = CARTESIAN_POINT('',(0.753891710206,-5.483937333082));
#8092 = CARTESIAN_POINT('',(0.753891710206,-5.));
#8093 = ( GEOMETRIC_REPRESENTATION_CONTEXT(2) 
PARAMETRIC_REPRESENTATION_CONTEXT() REPRESENTATION_CONTEXT('2D SPACE',''
  ) );
#8094 = PCURVE('',#5485,#8095);
#8095 = DEFINITIONAL_REPRESENTATION('',(#8096),#8102);
#8096 = B_SPLINE_CURVE_WITH_KNOTS('',4,(#8097,#8098,#8099,#8100,#8101),
  .UNSPECIFIED.,.F.,.F.,(5,5),(0.,1.),.PIECEWISE_BEZIER_KNOTS.);
#8097 = CARTESIAN_POINT('',(6.162090141108,6.000000000034E-07));
#8098 = CARTESIAN_POINT('',(6.192419470719,-2.06050850118E-02));
#8099 = CARTESIAN_POINT('',(6.222693142451,-3.436403327957E-02));
#8100 = CARTESIAN_POINT('',(6.252939223862,-4.124349025489E-02));
#8101 = CARTESIAN_POINT('',(6.28318530718,-4.124349025489E-02));
#8102 = ( GEOMETRIC_REPRESENTATION_CONTEXT(2) 
PARAMETRIC_REPRESENTATION_CONTEXT() REPRESENTATION_CONTEXT('2D SPACE',''
  ) );
#8103 = ORIENTED_EDGE('',*,*,#8104,.T.);
#8104 = EDGE_CURVE('',#8076,#8105,#8107,.T.);
#8105 = VERTEX_POINT('',#8106);
#8106 = CARTESIAN_POINT('',(62.,5.,290.25875650974));
#8107 = SURFACE_CURVE('',#8108,(#8112,#8118),.PCURVE_S1.);
#8108 = LINE('',#8109,#8110);
#8109 = CARTESIAN_POINT('',(62.,0.,290.25875650974));
#8110 = VECTOR('',#8111,1.);
#8111 = DIRECTION('',(-0.,1.,0.));
#8112 = PCURVE('',#5246,#8113);
#8113 = DEFINITIONAL_REPRESENTATION('',(#8114),#8117);
#8114 = B_SPLINE_CURVE_WITH_KNOTS('',1,(#8115,#8116),.UNSPECIFIED.,.F.,
  .F.,(2,2),(-6.,6.),.PIECEWISE_BEZIER_KNOTS.);
#8115 = CARTESIAN_POINT('',(0.753891710206,-6.));
#8116 = CARTESIAN_POINT('',(0.753891710206,6.));
#8117 = ( GEOMETRIC_REPRESENTATION_CONTEXT(2) 
PARAMETRIC_REPRESENTATION_CONTEXT() REPRESENTATION_CONTEXT('2D SPACE',''
  ) );
#8118 = PCURVE('',#5456,#8119);
#8119 = DEFINITIONAL_REPRESENTATION('',(#8120),#8123);
#8120 = B_SPLINE_CURVE_WITH_KNOTS('',1,(#8121,#8122),.UNSPECIFIED.,.F.,
  .F.,(2,2),(-6.,6.),.PIECEWISE_BEZIER_KNOTS.);
#8121 = CARTESIAN_POINT('',(-1.,-4.124349025489E-02));
#8122 = CARTESIAN_POINT('',(11.,-4.124349025489E-02));
#8123 = ( GEOMETRIC_REPRESENTATION_CONTEXT(2) 
PARAMETRIC_REPRESENTATION_CONTEXT() REPRESENTATION_CONTEXT('2D SPACE',''
  ) );
#8124 = ORIENTED_EDGE('',*,*,#8125,.T.);
#8125 = EDGE_CURVE('',#8105,#5391,#8126,.T.);
#8126 = SURFACE_CURVE('',#8127,(#8133,#8142),.PCURVE_S1.);
#8127 = B_SPLINE_CURVE_WITH_KNOTS('',4,(#8128,#8129,#8130,#8131,#8132),
  .UNSPECIFIED.,.F.,.F.,(5,5),(0.,1.),.PIECEWISE_BEZIER_KNOTS.);
#8128 = CARTESIAN_POINT('',(62.,5.,290.25875650974));
#8129 = CARTESIAN_POINT('',(62.,5.483937333082,290.25875650974));
#8130 = CARTESIAN_POINT('',(61.980483716192,5.967873832903,
    290.26563596672));
#8131 = CARTESIAN_POINT('',(61.941451221551,6.451075194118,
    290.27939491498));
#8132 = CARTESIAN_POINT('',(61.882830972009,6.932790809835,290.3000006)
  );
#8133 = PCURVE('',#5246,#8134);
#8134 = DEFINITIONAL_REPRESENTATION('',(#8135),#8141);
#8135 = B_SPLINE_CURVE_WITH_KNOTS('',4,(#8136,#8137,#8138,#8139,#8140),
  .UNSPECIFIED.,.F.,.F.,(5,5),(0.,1.),.PIECEWISE_BEZIER_KNOTS.);
#8136 = CARTESIAN_POINT('',(0.753891710206,5.));
#8137 = CARTESIAN_POINT('',(0.753891710206,5.483937333082));
#8138 = CARTESIAN_POINT('',(0.753745338544,5.967873832903));
#8139 = CARTESIAN_POINT('',(0.753452595756,6.451075194118));
#8140 = CARTESIAN_POINT('',(0.753013081234,6.932790809835));
#8141 = ( GEOMETRIC_REPRESENTATION_CONTEXT(2) 
PARAMETRIC_REPRESENTATION_CONTEXT() REPRESENTATION_CONTEXT('2D SPACE',''
  ) );
#8142 = PCURVE('',#5428,#8143);
#8143 = DEFINITIONAL_REPRESENTATION('',(#8144),#8150);
#8144 = B_SPLINE_CURVE_WITH_KNOTS('',4,(#8145,#8146,#8147,#8148,#8149),
  .UNSPECIFIED.,.F.,.F.,(5,5),(0.,1.),.PIECEWISE_BEZIER_KNOTS.);
#8145 = CARTESIAN_POINT('',(0.,-4.124349025489E-02));
#8146 = CARTESIAN_POINT('',(3.02460833176E-02,-4.124349025489E-02));
#8147 = CARTESIAN_POINT('',(6.049216472874E-02,-3.436403327956E-02));
#8148 = CARTESIAN_POINT('',(9.076583646014E-02,-2.06050850118E-02));
#8149 = CARTESIAN_POINT('',(0.121095166072,6.000000000034E-07));
#8150 = ( GEOMETRIC_REPRESENTATION_CONTEXT(2) 
PARAMETRIC_REPRESENTATION_CONTEXT() REPRESENTATION_CONTEXT('2D SPACE',''
  ) );
#8151 = ORIENTED_EDGE('',*,*,#5390,.T.);
#8152 = ORIENTED_EDGE('',*,*,#8153,.F.);
#8153 = EDGE_CURVE('',#5232,#5370,#8154,.T.);
#8154 = SURFACE_CURVE('',#8155,(#8160,#8167),.PCURVE_S1.);
#8155 = CIRCLE('',#8156,141.375);
#8156 = AXIS2_PLACEMENT_3D('',#8157,#8158,#8159);
#8157 = CARTESIAN_POINT('',(15.,14.,156.925));
#8158 = DIRECTION('',(-0.,1.,0.));
#8159 = DIRECTION('',(-0.403183023873,-0.,0.915119363395));
#8160 = PCURVE('',#5246,#8161);
#8161 = DEFINITIONAL_REPRESENTATION('',(#8162),#8166);
#8162 = LINE('',#8163,#8164);
#8163 = CARTESIAN_POINT('',(-0.,14.));
#8164 = VECTOR('',#8165,1.);
#8165 = DIRECTION('',(1.,-0.));
#8166 = ( GEOMETRIC_REPRESENTATION_CONTEXT(2) 
PARAMETRIC_REPRESENTATION_CONTEXT() REPRESENTATION_CONTEXT('2D SPACE',''
  ) );
#8167 = PCURVE('',#5272,#8168);
#8168 = DEFINITIONAL_REPRESENTATION('',(#8169),#8173);
#8169 = CIRCLE('',#8170,141.375);
#8170 = AXIS2_PLACEMENT_2D('',#8171,#8172);
#8171 = CARTESIAN_POINT('',(-134.7188661011,7.105427357601E-15));
#8172 = DIRECTION('',(0.915119363395,-0.403183023873));
#8173 = ( GEOMETRIC_REPRESENTATION_CONTEXT(2) 
PARAMETRIC_REPRESENTATION_CONTEXT() REPRESENTATION_CONTEXT('2D SPACE',''
  ) );
#8174 = ORIENTED_EDGE('',*,*,#5231,.F.);
#8175 = ORIENTED_EDGE('',*,*,#8176,.T.);
#8176 = EDGE_CURVE('',#5203,#8007,#8177,.T.);
#8177 = SURFACE_CURVE('',#8178,(#8184,#8193),.PCURVE_S1.);
#8178 = B_SPLINE_CURVE_WITH_KNOTS('',4,(#8179,#8180,#8181,#8182,#8183),
  .UNSPECIFIED.,.F.,.F.,(5,5),(0.,1.),.PIECEWISE_BEZIER_KNOTS.);
#8179 = CARTESIAN_POINT('',(-31.882830972,6.932790809834,290.3000006));
#8180 = CARTESIAN_POINT('',(-31.94145122155,6.451075194117,
    290.27939491498));
#8181 = CARTESIAN_POINT('',(-31.98048371619,5.967873832902,
    290.26563596672));
#8182 = CARTESIAN_POINT('',(-32.,5.483937333082,290.25875650974));
#8183 = CARTESIAN_POINT('',(-32.,5.,290.25875650974));
#8184 = PCURVE('',#5246,#8185);
#8185 = DEFINITIONAL_REPRESENTATION('',(#8186),#8192);
#8186 = B_SPLINE_CURVE_WITH_KNOTS('',4,(#8187,#8188,#8189,#8190,#8191),
  .UNSPECIFIED.,.F.,.F.,(5,5),(0.,1.),.PIECEWISE_BEZIER_KNOTS.);
#8187 = CARTESIAN_POINT('',(7.697182450656E-02,6.932790809834));
#8188 = CARTESIAN_POINT('',(7.653230998526E-02,6.451075194117));
#8189 = CARTESIAN_POINT('',(7.623956719695E-02,5.967873832902));
#8190 = CARTESIAN_POINT('',(7.609319553523E-02,5.483937333082));
#8191 = CARTESIAN_POINT('',(7.609319553523E-02,5.));
#8192 = ( GEOMETRIC_REPRESENTATION_CONTEXT(2) 
PARAMETRIC_REPRESENTATION_CONTEXT() REPRESENTATION_CONTEXT('2D SPACE',''
  ) );
#8193 = PCURVE('',#5219,#8194);
#8194 = DEFINITIONAL_REPRESENTATION('',(#8195),#8201);
#8195 = B_SPLINE_CURVE_WITH_KNOTS('',4,(#8196,#8197,#8198,#8199,#8200),
  .UNSPECIFIED.,.F.,.F.,(5,5),(0.,1.),.PIECEWISE_BEZIER_KNOTS.);
#8196 = CARTESIAN_POINT('',(3.020497487518,6.000000000034E-07));
#8197 = CARTESIAN_POINT('',(3.05082681713,-2.06050850118E-02));
#8198 = CARTESIAN_POINT('',(3.081100488861,-3.436403327972E-02));
#8199 = CARTESIAN_POINT('',(3.111346570272,-4.124349025489E-02));
#8200 = CARTESIAN_POINT('',(3.14159265359,-4.124349025489E-02));
#8201 = ( GEOMETRIC_REPRESENTATION_CONTEXT(2) 
PARAMETRIC_REPRESENTATION_CONTEXT() REPRESENTATION_CONTEXT('2D SPACE',''
  ) );
#8202 = ORIENTED_EDGE('',*,*,#8006,.F.);
#8203 = ORIENTED_EDGE('',*,*,#7974,.T.);
#8204 = ADVANCED_FACE('',(#8205),#5219,.F.);
#8205 = FACE_BOUND('',#8206,.F.);
#8206 = EDGE_LOOP('',(#8207,#8208,#8209));
#8207 = ORIENTED_EDGE('',*,*,#5202,.F.);
#8208 = ORIENTED_EDGE('',*,*,#8176,.T.);
#8209 = ORIENTED_EDGE('',*,*,#8027,.F.);
#8210 = ADVANCED_FACE('',(#8211),#5533,.F.);
#8211 = FACE_BOUND('',#8212,.F.);
#8212 = EDGE_LOOP('',(#8213,#8214,#8215,#8216,#8237,#8270));
#8213 = ORIENTED_EDGE('',*,*,#5630,.T.);
#8214 = ORIENTED_EDGE('',*,*,#8052,.T.);
#8215 = ORIENTED_EDGE('',*,*,#5518,.T.);
#8216 = ORIENTED_EDGE('',*,*,#8217,.F.);
#8217 = EDGE_CURVE('',#8218,#5519,#8220,.T.);
#8218 = VERTEX_POINT('',#8219);
#8219 = CARTESIAN_POINT('',(59.228756555323,-14.,288.70343713077));
#8220 = SURFACE_CURVE('',#8221,(#8225,#8231),.PCURVE_S1.);
#8221 = LINE('',#8222,#8223);
#8222 = CARTESIAN_POINT('',(59.228756555323,-14.,290.3));
#8223 = VECTOR('',#8224,1.);
#8224 = DIRECTION('',(0.,0.,1.));
#8225 = PCURVE('',#5533,#8226);
#8226 = DEFINITIONAL_REPRESENTATION('',(#8227),#8230);
#8227 = B_SPLINE_CURVE_WITH_KNOTS('',1,(#8228,#8229),.UNSPECIFIED.,.F.,
  .F.,(2,2),(-5.2,6.000000212225E-07),.PIECEWISE_BEZIER_KNOTS.);
#8228 = CARTESIAN_POINT('',(-6.543866101147,44.228756555323));
#8229 = CARTESIAN_POINT('',(-1.343865501147,44.228756555323));
#8230 = ( GEOMETRIC_REPRESENTATION_CONTEXT(2) 
PARAMETRIC_REPRESENTATION_CONTEXT() REPRESENTATION_CONTEXT('2D SPACE',''
  ) );
#8231 = PCURVE('',#5561,#8232);
#8232 = DEFINITIONAL_REPRESENTATION('',(#8233),#8236);
#8233 = B_SPLINE_CURVE_WITH_KNOTS('',1,(#8234,#8235),.UNSPECIFIED.,.F.,
  .F.,(2,2),(-5.2,6.000000212225E-07),.PIECEWISE_BEZIER_KNOTS.);
#8234 = CARTESIAN_POINT('',(5.685778890534,-5.2));
#8235 = CARTESIAN_POINT('',(5.685778890534,6.000000212225E-07));
#8236 = ( GEOMETRIC_REPRESENTATION_CONTEXT(2) 
PARAMETRIC_REPRESENTATION_CONTEXT() REPRESENTATION_CONTEXT('2D SPACE',''
  ) );
#8237 = ORIENTED_EDGE('',*,*,#8238,.T.);
#8238 = EDGE_CURVE('',#8218,#8239,#8241,.T.);
#8239 = VERTEX_POINT('',#8240);
#8240 = CARTESIAN_POINT('',(-29.22875655532,-14.,288.70343713077));
#8241 = SURFACE_CURVE('',#8242,(#8247,#8258),.PCURVE_S1.);
#8242 = CIRCLE('',#8243,273.75);
#8243 = AXIS2_PLACEMENT_3D('',#8244,#8245,#8246);
#8244 = CARTESIAN_POINT('',(15.,-14.,18.549999999998));
#8245 = DIRECTION('',(0.,-1.,0.));
#8246 = DIRECTION('',(0.208219178082,0.,0.978082191781));
#8247 = PCURVE('',#5533,#8248);
#8248 = DEFINITIONAL_REPRESENTATION('',(#8249),#8257);
#8249 = ( BOUNDED_CURVE() B_SPLINE_CURVE(2,(#8250,#8251,#8252,#8253,
#8254,#8255,#8256),.UNSPECIFIED.,.T.,.F.) B_SPLINE_CURVE_WITH_KNOTS((1,2
    ,2,2,2,1),(-2.094395102393,0.,2.094395102393,4.188790204786,
6.28318530718,8.377580409573),.UNSPECIFIED.) CURVE() 
GEOMETRIC_REPRESENTATION_ITEM() RATIONAL_B_SPLINE_CURVE((1.,0.5,1.,0.5,
1.,0.5,1.)) REPRESENTATION_ITEM('') );
#8250 = CARTESIAN_POINT('',(-5.343866101147,57.));
#8251 = CARTESIAN_POINT('',(93.383029930279,-406.7566037265));
#8252 = CARTESIAN_POINT('',(-357.6054180854,-260.3783018632));
#8253 = CARTESIAN_POINT('',(-808.5938661011,-114.));
#8254 = CARTESIAN_POINT('',(-456.3323141168,203.37830186328));
#8255 = CARTESIAN_POINT('',(-104.0707621325,520.75660372657));
#8256 = CARTESIAN_POINT('',(-5.343866101147,57.));
#8257 = ( GEOMETRIC_REPRESENTATION_CONTEXT(2) 
PARAMETRIC_REPRESENTATION_CONTEXT() REPRESENTATION_CONTEXT('2D SPACE',''
  ) );
#8258 = PCURVE('',#8259,#8264);
#8259 = CYLINDRICAL_SURFACE('',#8260,273.75);
#8260 = AXIS2_PLACEMENT_3D('',#8261,#8262,#8263);
#8261 = CARTESIAN_POINT('',(15.,0.,18.549999999998));
#8262 = DIRECTION('',(-0.,1.,-0.));
#8263 = DIRECTION('',(0.208219178082,0.,0.978082191781));
#8264 = DEFINITIONAL_REPRESENTATION('',(#8265),#8269);
#8265 = LINE('',#8266,#8267);
#8266 = CARTESIAN_POINT('',(-0.,-14.));
#8267 = VECTOR('',#8268,1.);
#8268 = DIRECTION('',(-1.,0.));
#8269 = ( GEOMETRIC_REPRESENTATION_CONTEXT(2) 
PARAMETRIC_REPRESENTATION_CONTEXT() REPRESENTATION_CONTEXT('2D SPACE',''
  ) );
#8270 = ORIENTED_EDGE('',*,*,#8271,.T.);
#8271 = EDGE_CURVE('',#8239,#5602,#8272,.T.);
#8272 = SURFACE_CURVE('',#8273,(#8277,#8283),.PCURVE_S1.);
#8273 = LINE('',#8274,#8275);
#8274 = CARTESIAN_POINT('',(-29.22875655532,-14.,290.3));
#8275 = VECTOR('',#8276,1.);
#8276 = DIRECTION('',(0.,0.,1.));
#8277 = PCURVE('',#5533,#8278);
#8278 = DEFINITIONAL_REPRESENTATION('',(#8279),#8282);
#8279 = B_SPLINE_CURVE_WITH_KNOTS('',1,(#8280,#8281),.UNSPECIFIED.,.F.,
  .F.,(2,2),(-5.2,6.000000212225E-07),.PIECEWISE_BEZIER_KNOTS.);
#8280 = CARTESIAN_POINT('',(-6.543866101147,-44.22875655532));
#8281 = CARTESIAN_POINT('',(-1.343865501147,-44.22875655532));
#8282 = ( GEOMETRIC_REPRESENTATION_CONTEXT(2) 
PARAMETRIC_REPRESENTATION_CONTEXT() REPRESENTATION_CONTEXT('2D SPACE',''
  ) );
#8283 = PCURVE('',#5618,#8284);
#8284 = DEFINITIONAL_REPRESENTATION('',(#8285),#8288);
#8285 = B_SPLINE_CURVE_WITH_KNOTS('',1,(#8286,#8287),.UNSPECIFIED.,.F.,
  .F.,(2,2),(-5.2,6.000000212225E-07),.PIECEWISE_BEZIER_KNOTS.);
#8286 = CARTESIAN_POINT('',(3.738999070235,-5.2));
#8287 = CARTESIAN_POINT('',(3.738999070235,6.000000212225E-07));
#8288 = ( GEOMETRIC_REPRESENTATION_CONTEXT(2) 
PARAMETRIC_REPRESENTATION_CONTEXT() REPRESENTATION_CONTEXT('2D SPACE',''
  ) );
#8289 = ADVANCED_FACE('',(#8290),#5618,.F.);
#8290 = FACE_BOUND('',#8291,.F.);
#8291 = EDGE_LOOP('',(#8292,#8330,#8358,#8387,#8408,#8409));
#8292 = ORIENTED_EDGE('',*,*,#8293,.F.);
#8293 = EDGE_CURVE('',#8294,#8239,#8296,.T.);
#8294 = VERTEX_POINT('',#8295);
#8295 = CARTESIAN_POINT('',(-32.,-5.,288.23511731276));
#8296 = SURFACE_CURVE('',#8297,(#8306,#8318),.PCURVE_S1.);
#8297 = B_SPLINE_CURVE_WITH_KNOTS('',7,(#8298,#8299,#8300,#8301,#8302,
    #8303,#8304,#8305),.UNSPECIFIED.,.F.,.F.,(8,8),(0.,1.),
  .PIECEWISE_BEZIER_KNOTS.);
#8298 = CARTESIAN_POINT('',(-32.,-5.,288.23511731276));
#8299 = CARTESIAN_POINT('',(-32.,-6.329403640158,288.23511731276));
#8300 = CARTESIAN_POINT('',(-31.87113461478,-7.65806693301,
    288.25757561962));
#8301 = CARTESIAN_POINT('',(-31.61365301136,-8.978823933877,
    288.30244886201));
#8302 = CARTESIAN_POINT('',(-31.22547512098,-10.28405216175,
    288.36969965769));
#8303 = CARTESIAN_POINT('',(-30.70253709002,-11.56465787073,
    288.45924145305));
#8304 = CARTESIAN_POINT('',(-30.03919470105,-12.80876801249,
    288.57075449126));
#8305 = CARTESIAN_POINT('',(-29.22875614712,-14.0000006,288.7034371976)
  );
#8306 = PCURVE('',#5618,#8307);
#8307 = DEFINITIONAL_REPRESENTATION('',(#8308),#8317);
#8308 = B_SPLINE_CURVE_WITH_KNOTS('',7,(#8309,#8310,#8311,#8312,#8313,
    #8314,#8315,#8316),.UNSPECIFIED.,.F.,.F.,(8,8),(0.,1.),
  .PIECEWISE_BEZIER_KNOTS.);
#8309 = CARTESIAN_POINT('',(3.14159265359,-2.064882687235));
#8310 = CARTESIAN_POINT('',(3.2246803811,-2.064882687235));
#8311 = CARTESIAN_POINT('',(3.307721791245,-2.042424380377));
#8312 = CARTESIAN_POINT('',(3.391206199978,-1.997551137986));
#8313 = CARTESIAN_POINT('',(3.4755884904,-1.930300342304));
#8314 = CARTESIAN_POINT('',(3.561340554006,-1.840758546947));
#8315 = CARTESIAN_POINT('',(3.648950393379,-1.729245508738));
#8316 = CARTESIAN_POINT('',(3.738999115591,-1.596562802398));
#8317 = ( GEOMETRIC_REPRESENTATION_CONTEXT(2) 
PARAMETRIC_REPRESENTATION_CONTEXT() REPRESENTATION_CONTEXT('2D SPACE',''
  ) );
#8318 = PCURVE('',#8259,#8319);
#8319 = DEFINITIONAL_REPRESENTATION('',(#8320),#8329);
#8320 = B_SPLINE_CURVE_WITH_KNOTS('',7,(#8321,#8322,#8323,#8324,#8325,
    #8326,#8327,#8328),.UNSPECIFIED.,.F.,.F.,(8,8),(0.,1.),
  .PIECEWISE_BEZIER_KNOTS.);
#8321 = CARTESIAN_POINT('',(-0.382298254231,-5.));
#8322 = CARTESIAN_POINT('',(-0.382298254231,-6.329403640158));
#8323 = CARTESIAN_POINT('',(-0.381820417782,-7.65806693301));
#8324 = CARTESIAN_POINT('',(-0.380865668623,-8.978823933877));
#8325 = CARTESIAN_POINT('',(-0.379426545154,-10.28405216175));
#8326 = CARTESIAN_POINT('',(-0.37748847546,-11.56465787073));
#8327 = CARTESIAN_POINT('',(-0.375031328218,-12.80876801249));
#8328 = CARTESIAN_POINT('',(-0.372031408756,-14.0000006));
#8329 = ( GEOMETRIC_REPRESENTATION_CONTEXT(2) 
PARAMETRIC_REPRESENTATION_CONTEXT() REPRESENTATION_CONTEXT('2D SPACE',''
  ) );
#8330 = ORIENTED_EDGE('',*,*,#8331,.T.);
#8331 = EDGE_CURVE('',#8294,#8332,#8334,.T.);
#8332 = VERTEX_POINT('',#8333);
#8333 = CARTESIAN_POINT('',(-32.,-5.,256.3));
#8334 = SURFACE_CURVE('',#8335,(#8339,#8346),.PCURVE_S1.);
#8335 = LINE('',#8336,#8337);
#8336 = CARTESIAN_POINT('',(-32.,-5.,290.3));
#8337 = VECTOR('',#8338,1.);
#8338 = DIRECTION('',(-0.,-0.,-1.));
#8339 = PCURVE('',#5618,#8340);
#8340 = DEFINITIONAL_REPRESENTATION('',(#8341),#8345);
#8341 = LINE('',#8342,#8343);
#8342 = CARTESIAN_POINT('',(3.14159265359,0.));
#8343 = VECTOR('',#8344,1.);
#8344 = DIRECTION('',(0.,-1.));
#8345 = ( GEOMETRIC_REPRESENTATION_CONTEXT(2) 
PARAMETRIC_REPRESENTATION_CONTEXT() REPRESENTATION_CONTEXT('2D SPACE',''
  ) );
#8346 = PCURVE('',#8347,#8352);
#8347 = PLANE('',#8348);
#8348 = AXIS2_PLACEMENT_3D('',#8349,#8350,#8351);
#8349 = CARTESIAN_POINT('',(-32.,-5.,290.3));
#8350 = DIRECTION('',(1.,0.,0.));
#8351 = DIRECTION('',(-0.,1.,0.));
#8352 = DEFINITIONAL_REPRESENTATION('',(#8353),#8357);
#8353 = LINE('',#8354,#8355);
#8354 = CARTESIAN_POINT('',(0.,0.));
#8355 = VECTOR('',#8356,1.);
#8356 = DIRECTION('',(0.,-1.));
#8357 = ( GEOMETRIC_REPRESENTATION_CONTEXT(2) 
PARAMETRIC_REPRESENTATION_CONTEXT() REPRESENTATION_CONTEXT('2D SPACE',''
  ) );
#8358 = ORIENTED_EDGE('',*,*,#8359,.T.);
#8359 = EDGE_CURVE('',#8332,#8360,#8362,.T.);
#8360 = VERTEX_POINT('',#8361);
#8361 = CARTESIAN_POINT('',(-16.,-21.,256.3));
#8362 = SURFACE_CURVE('',#8363,(#8368,#8375),.PCURVE_S1.);
#8363 = CIRCLE('',#8364,16.);
#8364 = AXIS2_PLACEMENT_3D('',#8365,#8366,#8367);
#8365 = CARTESIAN_POINT('',(-16.,-5.,256.3));
#8366 = DIRECTION('',(0.,0.,1.));
#8367 = DIRECTION('',(1.,0.,0.));
#8368 = PCURVE('',#5618,#8369);
#8369 = DEFINITIONAL_REPRESENTATION('',(#8370),#8374);
#8370 = LINE('',#8371,#8372);
#8371 = CARTESIAN_POINT('',(0.,-34.));
#8372 = VECTOR('',#8373,1.);
#8373 = DIRECTION('',(1.,0.));
#8374 = ( GEOMETRIC_REPRESENTATION_CONTEXT(2) 
PARAMETRIC_REPRESENTATION_CONTEXT() REPRESENTATION_CONTEXT('2D SPACE',''
  ) );
#8375 = PCURVE('',#8376,#8381);
#8376 = PLANE('',#8377);
#8377 = AXIS2_PLACEMENT_3D('',#8378,#8379,#8380);
#8378 = CARTESIAN_POINT('',(15.,0.,256.3));
#8379 = DIRECTION('',(0.,0.,1.));
#8380 = DIRECTION('',(1.,0.,0.));
#8381 = DEFINITIONAL_REPRESENTATION('',(#8382),#8386);
#8382 = CIRCLE('',#8383,16.);
#8383 = AXIS2_PLACEMENT_2D('',#8384,#8385);
#8384 = CARTESIAN_POINT('',(-31.,-5.));
#8385 = DIRECTION('',(1.,0.));
#8386 = ( GEOMETRIC_REPRESENTATION_CONTEXT(2) 
PARAMETRIC_REPRESENTATION_CONTEXT() REPRESENTATION_CONTEXT('2D SPACE',''
  ) );
#8387 = ORIENTED_EDGE('',*,*,#8388,.F.);
#8388 = EDGE_CURVE('',#5574,#8360,#8389,.T.);
#8389 = SURFACE_CURVE('',#8390,(#8394,#8401),.PCURVE_S1.);
#8390 = LINE('',#8391,#8392);
#8391 = CARTESIAN_POINT('',(-16.,-21.,290.3));
#8392 = VECTOR('',#8393,1.);
#8393 = DIRECTION('',(-0.,-0.,-1.));
#8394 = PCURVE('',#5618,#8395);
#8395 = DEFINITIONAL_REPRESENTATION('',(#8396),#8400);
#8396 = LINE('',#8397,#8398);
#8397 = CARTESIAN_POINT('',(4.712388980385,0.));
#8398 = VECTOR('',#8399,1.);
#8399 = DIRECTION('',(0.,-1.));
#8400 = ( GEOMETRIC_REPRESENTATION_CONTEXT(2) 
PARAMETRIC_REPRESENTATION_CONTEXT() REPRESENTATION_CONTEXT('2D SPACE',''
  ) );
#8401 = PCURVE('',#5589,#8402);
#8402 = DEFINITIONAL_REPRESENTATION('',(#8403),#8407);
#8403 = LINE('',#8404,#8405);
#8404 = CARTESIAN_POINT('',(0.,0.));
#8405 = VECTOR('',#8406,1.);
#8406 = DIRECTION('',(0.,-1.));
#8407 = ( GEOMETRIC_REPRESENTATION_CONTEXT(2) 
PARAMETRIC_REPRESENTATION_CONTEXT() REPRESENTATION_CONTEXT('2D SPACE',''
  ) );
#8408 = ORIENTED_EDGE('',*,*,#5601,.F.);
#8409 = ORIENTED_EDGE('',*,*,#8271,.F.);
#8410 = ADVANCED_FACE('',(#8411),#5272,.T.);
#8411 = FACE_BOUND('',#8412,.T.);
#8412 = EDGE_LOOP('',(#8413,#8414,#8415,#8416,#8437,#8465));
#8413 = ORIENTED_EDGE('',*,*,#5257,.T.);
#8414 = ORIENTED_EDGE('',*,*,#8153,.T.);
#8415 = ORIENTED_EDGE('',*,*,#5369,.T.);
#8416 = ORIENTED_EDGE('',*,*,#8417,.F.);
#8417 = EDGE_CURVE('',#8418,#5341,#8420,.T.);
#8418 = VERTEX_POINT('',#8419);
#8419 = CARTESIAN_POINT('',(59.228756555323,14.,288.70343713077));
#8420 = SURFACE_CURVE('',#8421,(#8425,#8431),.PCURVE_S1.);
#8421 = LINE('',#8422,#8423);
#8422 = CARTESIAN_POINT('',(59.228756555323,14.,290.3));
#8423 = VECTOR('',#8424,1.);
#8424 = DIRECTION('',(0.,0.,1.));
#8425 = PCURVE('',#5272,#8426);
#8426 = DEFINITIONAL_REPRESENTATION('',(#8427),#8430);
#8427 = B_SPLINE_CURVE_WITH_KNOTS('',1,(#8428,#8429),.UNSPECIFIED.,.F.,
  .F.,(2,2),(-5.2,6.000000212225E-07),.PIECEWISE_BEZIER_KNOTS.);
#8428 = CARTESIAN_POINT('',(-6.543866101147,44.228756555323));
#8429 = CARTESIAN_POINT('',(-1.343865501147,44.228756555323));
#8430 = ( GEOMETRIC_REPRESENTATION_CONTEXT(2) 
PARAMETRIC_REPRESENTATION_CONTEXT() REPRESENTATION_CONTEXT('2D SPACE',''
  ) );
#8431 = PCURVE('',#5357,#8432);
#8432 = DEFINITIONAL_REPRESENTATION('',(#8433),#8436);
#8433 = B_SPLINE_CURVE_WITH_KNOTS('',1,(#8434,#8435),.UNSPECIFIED.,.F.,
  .F.,(2,2),(-5.2,6.000000212225E-07),.PIECEWISE_BEZIER_KNOTS.);
#8434 = CARTESIAN_POINT('',(0.597406416645,-5.2));
#8435 = CARTESIAN_POINT('',(0.597406416645,6.000000212225E-07));
#8436 = ( GEOMETRIC_REPRESENTATION_CONTEXT(2) 
PARAMETRIC_REPRESENTATION_CONTEXT() REPRESENTATION_CONTEXT('2D SPACE',''
  ) );
#8437 = ORIENTED_EDGE('',*,*,#8438,.T.);
#8438 = EDGE_CURVE('',#8418,#8439,#8441,.T.);
#8439 = VERTEX_POINT('',#8440);
#8440 = CARTESIAN_POINT('',(-29.22875655532,14.,288.70343713077));
#8441 = SURFACE_CURVE('',#8442,(#8447,#8458),.PCURVE_S1.);
#8442 = CIRCLE('',#8443,273.75);
#8443 = AXIS2_PLACEMENT_3D('',#8444,#8445,#8446);
#8444 = CARTESIAN_POINT('',(15.,14.,18.549999999998));
#8445 = DIRECTION('',(0.,-1.,0.));
#8446 = DIRECTION('',(0.208219178082,0.,0.978082191781));
#8447 = PCURVE('',#5272,#8448);
#8448 = DEFINITIONAL_REPRESENTATION('',(#8449),#8457);
#8449 = ( BOUNDED_CURVE() B_SPLINE_CURVE(2,(#8450,#8451,#8452,#8453,
#8454,#8455,#8456),.UNSPECIFIED.,.T.,.F.) B_SPLINE_CURVE_WITH_KNOTS((1,2
    ,2,2,2,1),(-2.094395102393,0.,2.094395102393,4.188790204786,
6.28318530718,8.377580409573),.UNSPECIFIED.) CURVE() 
GEOMETRIC_REPRESENTATION_ITEM() RATIONAL_B_SPLINE_CURVE((1.,0.5,1.,0.5,
1.,0.5,1.)) REPRESENTATION_ITEM('') );
#8450 = CARTESIAN_POINT('',(-5.343866101147,57.));
#8451 = CARTESIAN_POINT('',(93.383029930279,-406.7566037265));
#8452 = CARTESIAN_POINT('',(-357.6054180854,-260.3783018632));
#8453 = CARTESIAN_POINT('',(-808.5938661011,-114.));
#8454 = CARTESIAN_POINT('',(-456.3323141168,203.37830186328));
#8455 = CARTESIAN_POINT('',(-104.0707621325,520.75660372657));
#8456 = CARTESIAN_POINT('',(-5.343866101147,57.));
#8457 = ( GEOMETRIC_REPRESENTATION_CONTEXT(2) 
PARAMETRIC_REPRESENTATION_CONTEXT() REPRESENTATION_CONTEXT('2D SPACE',''
  ) );
#8458 = PCURVE('',#8259,#8459);
#8459 = DEFINITIONAL_REPRESENTATION('',(#8460),#8464);
#8460 = LINE('',#8461,#8462);
#8461 = CARTESIAN_POINT('',(0.,14.));
#8462 = VECTOR('',#8463,1.);
#8463 = DIRECTION('',(-1.,-0.));
#8464 = ( GEOMETRIC_REPRESENTATION_CONTEXT(2) 
PARAMETRIC_REPRESENTATION_CONTEXT() REPRESENTATION_CONTEXT('2D SPACE',''
  ) );
#8465 = ORIENTED_EDGE('',*,*,#8466,.T.);
#8466 = EDGE_CURVE('',#8439,#5258,#8467,.T.);
#8467 = SURFACE_CURVE('',#8468,(#8472,#8478),.PCURVE_S1.);
#8468 = LINE('',#8469,#8470);
#8469 = CARTESIAN_POINT('',(-29.22875655532,14.,290.3));
#8470 = VECTOR('',#8471,1.);
#8471 = DIRECTION('',(0.,0.,1.));
#8472 = PCURVE('',#5272,#8473);
#8473 = DEFINITIONAL_REPRESENTATION('',(#8474),#8477);
#8474 = B_SPLINE_CURVE_WITH_KNOTS('',1,(#8475,#8476),.UNSPECIFIED.,.F.,
  .F.,(2,2),(-5.2,6.000000212225E-07),.PIECEWISE_BEZIER_KNOTS.);
#8475 = CARTESIAN_POINT('',(-6.543866101147,-44.22875655532));
#8476 = CARTESIAN_POINT('',(-1.343865501147,-44.22875655532));
#8477 = ( GEOMETRIC_REPRESENTATION_CONTEXT(2) 
PARAMETRIC_REPRESENTATION_CONTEXT() REPRESENTATION_CONTEXT('2D SPACE',''
  ) );
#8478 = PCURVE('',#5300,#8479);
#8479 = DEFINITIONAL_REPRESENTATION('',(#8480),#8483);
#8480 = B_SPLINE_CURVE_WITH_KNOTS('',1,(#8481,#8482),.UNSPECIFIED.,.F.,
  .F.,(2,2),(-5.2,6.000000212225E-07),.PIECEWISE_BEZIER_KNOTS.);
#8481 = CARTESIAN_POINT('',(2.544186236944,-5.2));
#8482 = CARTESIAN_POINT('',(2.544186236944,6.000000212225E-07));
#8483 = ( GEOMETRIC_REPRESENTATION_CONTEXT(2) 
PARAMETRIC_REPRESENTATION_CONTEXT() REPRESENTATION_CONTEXT('2D SPACE',''
  ) );
#8484 = ADVANCED_FACE('',(#8485),#5589,.F.);
#8485 = FACE_BOUND('',#8486,.F.);
#8486 = EDGE_LOOP('',(#8487,#8488,#8511,#8532));
#8487 = ORIENTED_EDGE('',*,*,#8388,.T.);
#8488 = ORIENTED_EDGE('',*,*,#8489,.T.);
#8489 = EDGE_CURVE('',#8360,#8490,#8492,.T.);
#8490 = VERTEX_POINT('',#8491);
#8491 = CARTESIAN_POINT('',(46.,-21.,256.3));
#8492 = SURFACE_CURVE('',#8493,(#8497,#8504),.PCURVE_S1.);
#8493 = LINE('',#8494,#8495);
#8494 = CARTESIAN_POINT('',(15.,-21.,256.3));
#8495 = VECTOR('',#8496,1.);
#8496 = DIRECTION('',(1.,0.,0.));
#8497 = PCURVE('',#5589,#8498);
#8498 = DEFINITIONAL_REPRESENTATION('',(#8499),#8503);
#8499 = LINE('',#8500,#8501);
#8500 = CARTESIAN_POINT('',(31.,-34.));
#8501 = VECTOR('',#8502,1.);
#8502 = DIRECTION('',(1.,0.));
#8503 = ( GEOMETRIC_REPRESENTATION_CONTEXT(2) 
PARAMETRIC_REPRESENTATION_CONTEXT() REPRESENTATION_CONTEXT('2D SPACE',''
  ) );
#8504 = PCURVE('',#8376,#8505);
#8505 = DEFINITIONAL_REPRESENTATION('',(#8506),#8510);
#8506 = LINE('',#8507,#8508);
#8507 = CARTESIAN_POINT('',(0.,-21.));
#8508 = VECTOR('',#8509,1.);
#8509 = DIRECTION('',(1.,0.));
#8510 = ( GEOMETRIC_REPRESENTATION_CONTEXT(2) 
PARAMETRIC_REPRESENTATION_CONTEXT() REPRESENTATION_CONTEXT('2D SPACE',''
  ) );
#8511 = ORIENTED_EDGE('',*,*,#8512,.F.);
#8512 = EDGE_CURVE('',#5545,#8490,#8513,.T.);
#8513 = SURFACE_CURVE('',#8514,(#8518,#8525),.PCURVE_S1.);
#8514 = LINE('',#8515,#8516);
#8515 = CARTESIAN_POINT('',(46.,-21.,290.3));
#8516 = VECTOR('',#8517,1.);
#8517 = DIRECTION('',(-0.,-0.,-1.));
#8518 = PCURVE('',#5589,#8519);
#8519 = DEFINITIONAL_REPRESENTATION('',(#8520),#8524);
#8520 = LINE('',#8521,#8522);
#8521 = CARTESIAN_POINT('',(62.,0.));
#8522 = VECTOR('',#8523,1.);
#8523 = DIRECTION('',(0.,-1.));
#8524 = ( GEOMETRIC_REPRESENTATION_CONTEXT(2) 
PARAMETRIC_REPRESENTATION_CONTEXT() REPRESENTATION_CONTEXT('2D SPACE',''
  ) );
#8525 = PCURVE('',#5561,#8526);
#8526 = DEFINITIONAL_REPRESENTATION('',(#8527),#8531);
#8527 = LINE('',#8528,#8529);
#8528 = CARTESIAN_POINT('',(4.712388980385,0.));
#8529 = VECTOR('',#8530,1.);
#8530 = DIRECTION('',(0.,-1.));
#8531 = ( GEOMETRIC_REPRESENTATION_CONTEXT(2) 
PARAMETRIC_REPRESENTATION_CONTEXT() REPRESENTATION_CONTEXT('2D SPACE',''
  ) );
#8532 = ORIENTED_EDGE('',*,*,#5573,.F.);
#8533 = ADVANCED_FACE('',(#8534),#5300,.F.);
#8534 = FACE_BOUND('',#8535,.F.);
#8535 = EDGE_LOOP('',(#8536,#8537,#8560,#8584,#8607,#8643));
#8536 = ORIENTED_EDGE('',*,*,#5283,.F.);
#8537 = ORIENTED_EDGE('',*,*,#8538,.T.);
#8538 = EDGE_CURVE('',#5284,#8539,#8541,.T.);
#8539 = VERTEX_POINT('',#8540);
#8540 = CARTESIAN_POINT('',(-16.,21.,256.3));
#8541 = SURFACE_CURVE('',#8542,(#8546,#8553),.PCURVE_S1.);
#8542 = LINE('',#8543,#8544);
#8543 = CARTESIAN_POINT('',(-16.,21.,290.3));
#8544 = VECTOR('',#8545,1.);
#8545 = DIRECTION('',(-0.,-0.,-1.));
#8546 = PCURVE('',#5300,#8547);
#8547 = DEFINITIONAL_REPRESENTATION('',(#8548),#8552);
#8548 = LINE('',#8549,#8550);
#8549 = CARTESIAN_POINT('',(1.570796326795,0.));
#8550 = VECTOR('',#8551,1.);
#8551 = DIRECTION('',(0.,-1.));
#8552 = ( GEOMETRIC_REPRESENTATION_CONTEXT(2) 
PARAMETRIC_REPRESENTATION_CONTEXT() REPRESENTATION_CONTEXT('2D SPACE',''
  ) );
#8553 = PCURVE('',#5328,#8554);
#8554 = DEFINITIONAL_REPRESENTATION('',(#8555),#8559);
#8555 = LINE('',#8556,#8557);
#8556 = CARTESIAN_POINT('',(0.,0.));
#8557 = VECTOR('',#8558,1.);
#8558 = DIRECTION('',(0.,-1.));
#8559 = ( GEOMETRIC_REPRESENTATION_CONTEXT(2) 
PARAMETRIC_REPRESENTATION_CONTEXT() REPRESENTATION_CONTEXT('2D SPACE',''
  ) );
#8560 = ORIENTED_EDGE('',*,*,#8561,.T.);
#8561 = EDGE_CURVE('',#8539,#8562,#8564,.T.);
#8562 = VERTEX_POINT('',#8563);
#8563 = CARTESIAN_POINT('',(-32.,5.,256.3));
#8564 = SURFACE_CURVE('',#8565,(#8570,#8577),.PCURVE_S1.);
#8565 = CIRCLE('',#8566,16.);
#8566 = AXIS2_PLACEMENT_3D('',#8567,#8568,#8569);
#8567 = CARTESIAN_POINT('',(-16.,5.,256.3));
#8568 = DIRECTION('',(0.,0.,1.));
#8569 = DIRECTION('',(1.,0.,0.));
#8570 = PCURVE('',#5300,#8571);
#8571 = DEFINITIONAL_REPRESENTATION('',(#8572),#8576);
#8572 = LINE('',#8573,#8574);
#8573 = CARTESIAN_POINT('',(0.,-34.));
#8574 = VECTOR('',#8575,1.);
#8575 = DIRECTION('',(1.,0.));
#8576 = ( GEOMETRIC_REPRESENTATION_CONTEXT(2) 
PARAMETRIC_REPRESENTATION_CONTEXT() REPRESENTATION_CONTEXT('2D SPACE',''
  ) );
#8577 = PCURVE('',#8376,#8578);
#8578 = DEFINITIONAL_REPRESENTATION('',(#8579),#8583);
#8579 = CIRCLE('',#8580,16.);
#8580 = AXIS2_PLACEMENT_2D('',#8581,#8582);
#8581 = CARTESIAN_POINT('',(-31.,5.));
#8582 = DIRECTION('',(1.,0.));
#8583 = ( GEOMETRIC_REPRESENTATION_CONTEXT(2) 
PARAMETRIC_REPRESENTATION_CONTEXT() REPRESENTATION_CONTEXT('2D SPACE',''
  ) );
#8584 = ORIENTED_EDGE('',*,*,#8585,.F.);
#8585 = EDGE_CURVE('',#8586,#8562,#8588,.T.);
#8586 = VERTEX_POINT('',#8587);
#8587 = CARTESIAN_POINT('',(-32.,5.,288.23511731276));
#8588 = SURFACE_CURVE('',#8589,(#8593,#8600),.PCURVE_S1.);
#8589 = LINE('',#8590,#8591);
#8590 = CARTESIAN_POINT('',(-32.,5.,290.3));
#8591 = VECTOR('',#8592,1.);
#8592 = DIRECTION('',(-0.,-0.,-1.));
#8593 = PCURVE('',#5300,#8594);
#8594 = DEFINITIONAL_REPRESENTATION('',(#8595),#8599);
#8595 = LINE('',#8596,#8597);
#8596 = CARTESIAN_POINT('',(3.14159265359,0.));
#8597 = VECTOR('',#8598,1.);
#8598 = DIRECTION('',(0.,-1.));
#8599 = ( GEOMETRIC_REPRESENTATION_CONTEXT(2) 
PARAMETRIC_REPRESENTATION_CONTEXT() REPRESENTATION_CONTEXT('2D SPACE',''
  ) );
#8600 = PCURVE('',#8347,#8601);
#8601 = DEFINITIONAL_REPRESENTATION('',(#8602),#8606);
#8602 = LINE('',#8603,#8604);
#8603 = CARTESIAN_POINT('',(10.,0.));
#8604 = VECTOR('',#8605,1.);
#8605 = DIRECTION('',(0.,-1.));
#8606 = ( GEOMETRIC_REPRESENTATION_CONTEXT(2) 
PARAMETRIC_REPRESENTATION_CONTEXT() REPRESENTATION_CONTEXT('2D SPACE',''
  ) );
#8607 = ORIENTED_EDGE('',*,*,#8608,.F.);
#8608 = EDGE_CURVE('',#8439,#8586,#8609,.T.);
#8609 = SURFACE_CURVE('',#8610,(#8619,#8631),.PCURVE_S1.);
#8610 = B_SPLINE_CURVE_WITH_KNOTS('',7,(#8611,#8612,#8613,#8614,#8615,
    #8616,#8617,#8618),.UNSPECIFIED.,.F.,.F.,(8,8),(0.,1.),
  .PIECEWISE_BEZIER_KNOTS.);
#8611 = CARTESIAN_POINT('',(-29.22875614712,14.0000006,288.7034371976));
#8612 = CARTESIAN_POINT('',(-30.0391967534,12.808764995838,
    288.57075415525));
#8613 = CARTESIAN_POINT('',(-30.70254338891,11.564647221425,
    288.45924040652));
#8614 = CARTESIAN_POINT('',(-31.2254802727,10.284037325565,
    288.36969874898));
#8615 = CARTESIAN_POINT('',(-31.6136542787,8.978812518065,
    288.30244864289));
#8616 = CARTESIAN_POINT('',(-31.87113343727,7.658065567438,
    288.25757582439));
#8617 = CARTESIAN_POINT('',(-32.,6.329409588965,288.23511731276));
#8618 = CARTESIAN_POINT('',(-32.,5.,288.23511731276));
#8619 = PCURVE('',#5300,#8620);
#8620 = DEFINITIONAL_REPRESENTATION('',(#8621),#8630);
#8621 = B_SPLINE_CURVE_WITH_KNOTS('',7,(#8622,#8623,#8624,#8625,#8626,
    #8627,#8628,#8629),.UNSPECIFIED.,.F.,.F.,(8,8),(0.,1.),
  .PIECEWISE_BEZIER_KNOTS.);
#8622 = CARTESIAN_POINT('',(2.544186191589,-1.596562802398));
#8623 = CARTESIAN_POINT('',(2.634235141839,-1.729245844742));
#8624 = CARTESIAN_POINT('',(2.721845524932,-1.840759593479));
#8625 = CARTESIAN_POINT('',(2.807597774127,-1.930301251019));
#8626 = CARTESIAN_POINT('',(2.891979810555,-1.997551357106));
#8627 = CARTESIAN_POINT('',(2.975463600584,-2.042424175602));
#8628 = CARTESIAN_POINT('',(3.058504554279,-2.064882687235));
#8629 = CARTESIAN_POINT('',(3.14159265359,-2.064882687235));
#8630 = ( GEOMETRIC_REPRESENTATION_CONTEXT(2) 
PARAMETRIC_REPRESENTATION_CONTEXT() REPRESENTATION_CONTEXT('2D SPACE',''
  ) );
#8631 = PCURVE('',#8259,#8632);
#8632 = DEFINITIONAL_REPRESENTATION('',(#8633),#8642);
#8633 = B_SPLINE_CURVE_WITH_KNOTS('',7,(#8634,#8635,#8636,#8637,#8638,
    #8639,#8640,#8641),.UNSPECIFIED.,.F.,.F.,(8,8),(0.,1.),
  .PIECEWISE_BEZIER_KNOTS.);
#8634 = CARTESIAN_POINT('',(-0.372031408756,14.0000006));
#8635 = CARTESIAN_POINT('',(-0.375031335815,12.808764995838));
#8636 = CARTESIAN_POINT('',(-0.377488498785,11.564647221425));
#8637 = CARTESIAN_POINT('',(-0.379426564263,10.284037325565));
#8638 = CARTESIAN_POINT('',(-0.380865673322,8.978812518065));
#8639 = CARTESIAN_POINT('',(-0.381820413416,7.658065567438));
#8640 = CARTESIAN_POINT('',(-0.382298254231,6.329409588965));
#8641 = CARTESIAN_POINT('',(-0.382298254231,5.));
#8642 = ( GEOMETRIC_REPRESENTATION_CONTEXT(2) 
PARAMETRIC_REPRESENTATION_CONTEXT() REPRESENTATION_CONTEXT('2D SPACE',''
  ) );
#8643 = ORIENTED_EDGE('',*,*,#8466,.T.);
#8644 = ADVANCED_FACE('',(#8645),#5561,.F.);
#8645 = FACE_BOUND('',#8646,.F.);
#8646 = EDGE_LOOP('',(#8647,#8648,#8649,#8673,#8701,#8737));
#8647 = ORIENTED_EDGE('',*,*,#5544,.F.);
#8648 = ORIENTED_EDGE('',*,*,#8512,.T.);
#8649 = ORIENTED_EDGE('',*,*,#8650,.T.);
#8650 = EDGE_CURVE('',#8490,#8651,#8653,.T.);
#8651 = VERTEX_POINT('',#8652);
#8652 = CARTESIAN_POINT('',(62.,-5.,256.3));
#8653 = SURFACE_CURVE('',#8654,(#8659,#8666),.PCURVE_S1.);
#8654 = CIRCLE('',#8655,16.);
#8655 = AXIS2_PLACEMENT_3D('',#8656,#8657,#8658);
#8656 = CARTESIAN_POINT('',(46.,-5.,256.3));
#8657 = DIRECTION('',(0.,0.,1.));
#8658 = DIRECTION('',(1.,0.,0.));
#8659 = PCURVE('',#5561,#8660);
#8660 = DEFINITIONAL_REPRESENTATION('',(#8661),#8665);
#8661 = LINE('',#8662,#8663);
#8662 = CARTESIAN_POINT('',(0.,-34.));
#8663 = VECTOR('',#8664,1.);
#8664 = DIRECTION('',(1.,0.));
#8665 = ( GEOMETRIC_REPRESENTATION_CONTEXT(2) 
PARAMETRIC_REPRESENTATION_CONTEXT() REPRESENTATION_CONTEXT('2D SPACE',''
  ) );
#8666 = PCURVE('',#8376,#8667);
#8667 = DEFINITIONAL_REPRESENTATION('',(#8668),#8672);
#8668 = CIRCLE('',#8669,16.);
#8669 = AXIS2_PLACEMENT_2D('',#8670,#8671);
#8670 = CARTESIAN_POINT('',(31.,-5.));
#8671 = DIRECTION('',(1.,0.));
#8672 = ( GEOMETRIC_REPRESENTATION_CONTEXT(2) 
PARAMETRIC_REPRESENTATION_CONTEXT() REPRESENTATION_CONTEXT('2D SPACE',''
  ) );
#8673 = ORIENTED_EDGE('',*,*,#8674,.F.);
#8674 = EDGE_CURVE('',#8675,#8651,#8677,.T.);
#8675 = VERTEX_POINT('',#8676);
#8676 = CARTESIAN_POINT('',(62.,-5.,288.23511731276));
#8677 = SURFACE_CURVE('',#8678,(#8682,#8689),.PCURVE_S1.);
#8678 = LINE('',#8679,#8680);
#8679 = CARTESIAN_POINT('',(62.,-5.,290.3));
#8680 = VECTOR('',#8681,1.);
#8681 = DIRECTION('',(-0.,-0.,-1.));
#8682 = PCURVE('',#5561,#8683);
#8683 = DEFINITIONAL_REPRESENTATION('',(#8684),#8688);
#8684 = LINE('',#8685,#8686);
#8685 = CARTESIAN_POINT('',(6.28318530718,0.));
#8686 = VECTOR('',#8687,1.);
#8687 = DIRECTION('',(0.,-1.));
#8688 = ( GEOMETRIC_REPRESENTATION_CONTEXT(2) 
PARAMETRIC_REPRESENTATION_CONTEXT() REPRESENTATION_CONTEXT('2D SPACE',''
  ) );
#8689 = PCURVE('',#8690,#8695);
#8690 = PLANE('',#8691);
#8691 = AXIS2_PLACEMENT_3D('',#8692,#8693,#8694);
#8692 = CARTESIAN_POINT('',(62.,-5.,290.3));
#8693 = DIRECTION('',(1.,0.,0.));
#8694 = DIRECTION('',(-0.,1.,0.));
#8695 = DEFINITIONAL_REPRESENTATION('',(#8696),#8700);
#8696 = LINE('',#8697,#8698);
#8697 = CARTESIAN_POINT('',(0.,0.));
#8698 = VECTOR('',#8699,1.);
#8699 = DIRECTION('',(0.,-1.));
#8700 = ( GEOMETRIC_REPRESENTATION_CONTEXT(2) 
PARAMETRIC_REPRESENTATION_CONTEXT() REPRESENTATION_CONTEXT('2D SPACE',''
  ) );
#8701 = ORIENTED_EDGE('',*,*,#8702,.F.);
#8702 = EDGE_CURVE('',#8218,#8675,#8703,.T.);
#8703 = SURFACE_CURVE('',#8704,(#8713,#8725),.PCURVE_S1.);
#8704 = B_SPLINE_CURVE_WITH_KNOTS('',7,(#8705,#8706,#8707,#8708,#8709,
    #8710,#8711,#8712),.UNSPECIFIED.,.F.,.F.,(8,8),(0.,1.),
  .PIECEWISE_BEZIER_KNOTS.);
#8705 = CARTESIAN_POINT('',(59.228756147121,-14.0000006,288.7034371976)
  );
#8706 = CARTESIAN_POINT('',(60.039196753401,-12.80876499583,
    288.57075415525));
#8707 = CARTESIAN_POINT('',(60.70254338891,-11.56464722142,
    288.45924040652));
#8708 = CARTESIAN_POINT('',(61.225480272705,-10.28403732556,
    288.36969874898));
#8709 = CARTESIAN_POINT('',(61.613654278702,-8.978812518066,
    288.30244864289));
#8710 = CARTESIAN_POINT('',(61.871133437276,-7.658065567437,
    288.25757582439));
#8711 = CARTESIAN_POINT('',(62.,-6.329409588965,288.23511731276));
#8712 = CARTESIAN_POINT('',(62.,-5.,288.23511731276));
#8713 = PCURVE('',#5561,#8714);
#8714 = DEFINITIONAL_REPRESENTATION('',(#8715),#8724);
#8715 = B_SPLINE_CURVE_WITH_KNOTS('',7,(#8716,#8717,#8718,#8719,#8720,
    #8721,#8722,#8723),.UNSPECIFIED.,.F.,.F.,(8,8),(0.,1.),
  .PIECEWISE_BEZIER_KNOTS.);
#8716 = CARTESIAN_POINT('',(5.685778845178,-1.596562802398));
#8717 = CARTESIAN_POINT('',(5.775827795429,-1.729245844742));
#8718 = CARTESIAN_POINT('',(5.863438178521,-1.840759593479));
#8719 = CARTESIAN_POINT('',(5.949190427717,-1.930301251018));
#8720 = CARTESIAN_POINT('',(6.033572464145,-1.997551357107));
#8721 = CARTESIAN_POINT('',(6.117056254174,-2.042424175602));
#8722 = CARTESIAN_POINT('',(6.200097207869,-2.064882687235));
#8723 = CARTESIAN_POINT('',(6.28318530718,-2.064882687235));
#8724 = ( GEOMETRIC_REPRESENTATION_CONTEXT(2) 
PARAMETRIC_REPRESENTATION_CONTEXT() REPRESENTATION_CONTEXT('2D SPACE',''
  ) );
#8725 = PCURVE('',#8259,#8726);
#8726 = DEFINITIONAL_REPRESENTATION('',(#8727),#8736);
#8727 = B_SPLINE_CURVE_WITH_KNOTS('',7,(#8728,#8729,#8730,#8731,#8732,
    #8733,#8734,#8735),.UNSPECIFIED.,.F.,.F.,(8,8),(0.,1.),
  .PIECEWISE_BEZIER_KNOTS.);
#8728 = CARTESIAN_POINT('',(-4.747634616469E-02,-14.0000006));
#8729 = CARTESIAN_POINT('',(-4.447641910588E-02,-12.80876499583));
#8730 = CARTESIAN_POINT('',(-4.201925613551E-02,-11.56464722142));
#8731 = CARTESIAN_POINT('',(-4.008119065813E-02,-10.28403732556));
#8732 = CARTESIAN_POINT('',(-3.864208159901E-02,-8.978812518066));
#8733 = CARTESIAN_POINT('',(-3.768734150465E-02,-7.658065567437));
#8734 = CARTESIAN_POINT('',(-3.720950069006E-02,-6.329409588965));
#8735 = CARTESIAN_POINT('',(-3.720950069006E-02,-5.));
#8736 = ( GEOMETRIC_REPRESENTATION_CONTEXT(2) 
PARAMETRIC_REPRESENTATION_CONTEXT() REPRESENTATION_CONTEXT('2D SPACE',''
  ) );
#8737 = ORIENTED_EDGE('',*,*,#8217,.T.);
#8738 = ADVANCED_FACE('',(#8739),#5328,.T.);
#8739 = FACE_BOUND('',#8740,.T.);
#8740 = EDGE_LOOP('',(#8741,#8742,#8765,#8786));
#8741 = ORIENTED_EDGE('',*,*,#8538,.T.);
#8742 = ORIENTED_EDGE('',*,*,#8743,.T.);
#8743 = EDGE_CURVE('',#8539,#8744,#8746,.T.);
#8744 = VERTEX_POINT('',#8745);
#8745 = CARTESIAN_POINT('',(46.,21.,256.3));
#8746 = SURFACE_CURVE('',#8747,(#8751,#8758),.PCURVE_S1.);
#8747 = LINE('',#8748,#8749);
#8748 = CARTESIAN_POINT('',(15.,21.,256.3));
#8749 = VECTOR('',#8750,1.);
#8750 = DIRECTION('',(1.,0.,0.));
#8751 = PCURVE('',#5328,#8752);
#8752 = DEFINITIONAL_REPRESENTATION('',(#8753),#8757);
#8753 = LINE('',#8754,#8755);
#8754 = CARTESIAN_POINT('',(31.,-34.));
#8755 = VECTOR('',#8756,1.);
#8756 = DIRECTION('',(1.,0.));
#8757 = ( GEOMETRIC_REPRESENTATION_CONTEXT(2) 
PARAMETRIC_REPRESENTATION_CONTEXT() REPRESENTATION_CONTEXT('2D SPACE',''
  ) );
#8758 = PCURVE('',#8376,#8759);
#8759 = DEFINITIONAL_REPRESENTATION('',(#8760),#8764);
#8760 = LINE('',#8761,#8762);
#8761 = CARTESIAN_POINT('',(0.,21.));
#8762 = VECTOR('',#8763,1.);
#8763 = DIRECTION('',(1.,0.));
#8764 = ( GEOMETRIC_REPRESENTATION_CONTEXT(2) 
PARAMETRIC_REPRESENTATION_CONTEXT() REPRESENTATION_CONTEXT('2D SPACE',''
  ) );
#8765 = ORIENTED_EDGE('',*,*,#8766,.F.);
#8766 = EDGE_CURVE('',#5313,#8744,#8767,.T.);
#8767 = SURFACE_CURVE('',#8768,(#8772,#8779),.PCURVE_S1.);
#8768 = LINE('',#8769,#8770);
#8769 = CARTESIAN_POINT('',(46.,21.,290.3));
#8770 = VECTOR('',#8771,1.);
#8771 = DIRECTION('',(-0.,-0.,-1.));
#8772 = PCURVE('',#5328,#8773);
#8773 = DEFINITIONAL_REPRESENTATION('',(#8774),#8778);
#8774 = LINE('',#8775,#8776);
#8775 = CARTESIAN_POINT('',(62.,0.));
#8776 = VECTOR('',#8777,1.);
#8777 = DIRECTION('',(0.,-1.));
#8778 = ( GEOMETRIC_REPRESENTATION_CONTEXT(2) 
PARAMETRIC_REPRESENTATION_CONTEXT() REPRESENTATION_CONTEXT('2D SPACE',''
  ) );
#8779 = PCURVE('',#5357,#8780);
#8780 = DEFINITIONAL_REPRESENTATION('',(#8781),#8785);
#8781 = LINE('',#8782,#8783);
#8782 = CARTESIAN_POINT('',(1.570796326795,0.));
#8783 = VECTOR('',#8784,1.);
#8784 = DIRECTION('',(0.,-1.));
#8785 = ( GEOMETRIC_REPRESENTATION_CONTEXT(2) 
PARAMETRIC_REPRESENTATION_CONTEXT() REPRESENTATION_CONTEXT('2D SPACE',''
  ) );
#8786 = ORIENTED_EDGE('',*,*,#5312,.F.);
#8787 = ADVANCED_FACE('',(#8788),#5357,.F.);
#8788 = FACE_BOUND('',#8789,.F.);
#8789 = EDGE_LOOP('',(#8790,#8828,#8851,#8873,#8874,#8875));
#8790 = ORIENTED_EDGE('',*,*,#8791,.F.);
#8791 = EDGE_CURVE('',#8792,#8418,#8794,.T.);
#8792 = VERTEX_POINT('',#8793);
#8793 = CARTESIAN_POINT('',(62.,5.,288.23511731276));
#8794 = SURFACE_CURVE('',#8795,(#8804,#8816),.PCURVE_S1.);
#8795 = B_SPLINE_CURVE_WITH_KNOTS('',7,(#8796,#8797,#8798,#8799,#8800,
    #8801,#8802,#8803),.UNSPECIFIED.,.F.,.F.,(8,8),(0.,1.),
  .PIECEWISE_BEZIER_KNOTS.);
#8796 = CARTESIAN_POINT('',(62.,5.,288.23511731276));
#8797 = CARTESIAN_POINT('',(62.,6.329403640156,288.23511731276));
#8798 = CARTESIAN_POINT('',(61.871134614785,7.658066933012,
    288.25757561962));
#8799 = CARTESIAN_POINT('',(61.613653011366,8.978823933873,
    288.30244886201));
#8800 = CARTESIAN_POINT('',(61.225475120987,10.284052161756,
    288.36969965769));
#8801 = CARTESIAN_POINT('',(60.702537090021,11.564657870731,
    288.45924145305));
#8802 = CARTESIAN_POINT('',(60.039194701059,12.808768012497,
    288.57075449126));
#8803 = CARTESIAN_POINT('',(59.228756147121,14.0000006,288.7034371976));
#8804 = PCURVE('',#5357,#8805);
#8805 = DEFINITIONAL_REPRESENTATION('',(#8806),#8815);
#8806 = B_SPLINE_CURVE_WITH_KNOTS('',7,(#8807,#8808,#8809,#8810,#8811,
    #8812,#8813,#8814),.UNSPECIFIED.,.F.,.F.,(8,8),(0.,1.),
  .PIECEWISE_BEZIER_KNOTS.);
#8807 = CARTESIAN_POINT('',(0.,-2.064882687235));
#8808 = CARTESIAN_POINT('',(8.308772750978E-02,-2.064882687235));
#8809 = CARTESIAN_POINT('',(0.166129137655,-2.042424380377));
#8810 = CARTESIAN_POINT('',(0.249613546388,-1.997551137986));
#8811 = CARTESIAN_POINT('',(0.333995836811,-1.930300342303));
#8812 = CARTESIAN_POINT('',(0.419747900416,-1.840758546948));
#8813 = CARTESIAN_POINT('',(0.507357739789,-1.729245508738));
#8814 = CARTESIAN_POINT('',(0.597406462001,-1.596562802398));
#8815 = ( GEOMETRIC_REPRESENTATION_CONTEXT(2) 
PARAMETRIC_REPRESENTATION_CONTEXT() REPRESENTATION_CONTEXT('2D SPACE',''
  ) );
#8816 = PCURVE('',#8259,#8817);
#8817 = DEFINITIONAL_REPRESENTATION('',(#8818),#8827);
#8818 = B_SPLINE_CURVE_WITH_KNOTS('',7,(#8819,#8820,#8821,#8822,#8823,
    #8824,#8825,#8826),.UNSPECIFIED.,.F.,.F.,(8,8),(0.,1.),
  .PIECEWISE_BEZIER_KNOTS.);
#8819 = CARTESIAN_POINT('',(-3.720950069006E-02,5.));
#8820 = CARTESIAN_POINT('',(-3.720950069006E-02,6.329403640156));
#8821 = CARTESIAN_POINT('',(-3.768733713858E-02,7.658066933012));
#8822 = CARTESIAN_POINT('',(-3.864208629764E-02,8.978823933873));
#8823 = CARTESIAN_POINT('',(-4.008120976698E-02,10.284052161755));
#8824 = CARTESIAN_POINT('',(-4.201927946046E-02,11.564657870731));
#8825 = CARTESIAN_POINT('',(-4.447642670283E-02,12.808768012497));
#8826 = CARTESIAN_POINT('',(-4.747634616469E-02,14.0000006));
#8827 = ( GEOMETRIC_REPRESENTATION_CONTEXT(2) 
PARAMETRIC_REPRESENTATION_CONTEXT() REPRESENTATION_CONTEXT('2D SPACE',''
  ) );
#8828 = ORIENTED_EDGE('',*,*,#8829,.T.);
#8829 = EDGE_CURVE('',#8792,#8830,#8832,.T.);
#8830 = VERTEX_POINT('',#8831);
#8831 = CARTESIAN_POINT('',(62.,5.,256.3));
#8832 = SURFACE_CURVE('',#8833,(#8837,#8844),.PCURVE_S1.);
#8833 = LINE('',#8834,#8835);
#8834 = CARTESIAN_POINT('',(62.,5.,290.3));
#8835 = VECTOR('',#8836,1.);
#8836 = DIRECTION('',(-0.,-0.,-1.));
#8837 = PCURVE('',#5357,#8838);
#8838 = DEFINITIONAL_REPRESENTATION('',(#8839),#8843);
#8839 = LINE('',#8840,#8841);
#8840 = CARTESIAN_POINT('',(0.,0.));
#8841 = VECTOR('',#8842,1.);
#8842 = DIRECTION('',(0.,-1.));
#8843 = ( GEOMETRIC_REPRESENTATION_CONTEXT(2) 
PARAMETRIC_REPRESENTATION_CONTEXT() REPRESENTATION_CONTEXT('2D SPACE',''
  ) );
#8844 = PCURVE('',#8690,#8845);
#8845 = DEFINITIONAL_REPRESENTATION('',(#8846),#8850);
#8846 = LINE('',#8847,#8848);
#8847 = CARTESIAN_POINT('',(10.,0.));
#8848 = VECTOR('',#8849,1.);
#8849 = DIRECTION('',(0.,-1.));
#8850 = ( GEOMETRIC_REPRESENTATION_CONTEXT(2) 
PARAMETRIC_REPRESENTATION_CONTEXT() REPRESENTATION_CONTEXT('2D SPACE',''
  ) );
#8851 = ORIENTED_EDGE('',*,*,#8852,.T.);
#8852 = EDGE_CURVE('',#8830,#8744,#8853,.T.);
#8853 = SURFACE_CURVE('',#8854,(#8859,#8866),.PCURVE_S1.);
#8854 = CIRCLE('',#8855,16.);
#8855 = AXIS2_PLACEMENT_3D('',#8856,#8857,#8858);
#8856 = CARTESIAN_POINT('',(46.,5.,256.3));
#8857 = DIRECTION('',(0.,0.,1.));
#8858 = DIRECTION('',(1.,0.,0.));
#8859 = PCURVE('',#5357,#8860);
#8860 = DEFINITIONAL_REPRESENTATION('',(#8861),#8865);
#8861 = LINE('',#8862,#8863);
#8862 = CARTESIAN_POINT('',(0.,-34.));
#8863 = VECTOR('',#8864,1.);
#8864 = DIRECTION('',(1.,0.));
#8865 = ( GEOMETRIC_REPRESENTATION_CONTEXT(2) 
PARAMETRIC_REPRESENTATION_CONTEXT() REPRESENTATION_CONTEXT('2D SPACE',''
  ) );
#8866 = PCURVE('',#8376,#8867);
#8867 = DEFINITIONAL_REPRESENTATION('',(#8868),#8872);
#8868 = CIRCLE('',#8869,16.);
#8869 = AXIS2_PLACEMENT_2D('',#8870,#8871);
#8870 = CARTESIAN_POINT('',(31.,5.));
#8871 = DIRECTION('',(1.,0.));
#8872 = ( GEOMETRIC_REPRESENTATION_CONTEXT(2) 
PARAMETRIC_REPRESENTATION_CONTEXT() REPRESENTATION_CONTEXT('2D SPACE',''
  ) );
#8873 = ORIENTED_EDGE('',*,*,#8766,.F.);
#8874 = ORIENTED_EDGE('',*,*,#5340,.F.);
#8875 = ORIENTED_EDGE('',*,*,#8417,.F.);
#8876 = ADVANCED_FACE('',(#8877),#5485,.F.);
#8877 = FACE_BOUND('',#8878,.F.);
#8878 = EDGE_LOOP('',(#8879,#8880,#8881));
#8879 = ORIENTED_EDGE('',*,*,#5468,.F.);
#8880 = ORIENTED_EDGE('',*,*,#8075,.T.);
#8881 = ORIENTED_EDGE('',*,*,#8882,.F.);
#8882 = EDGE_CURVE('',#5441,#8076,#8883,.T.);
#8883 = SURFACE_CURVE('',#8884,(#8888,#8895),.PCURVE_S1.);
#8884 = LINE('',#8885,#8886);
#8885 = CARTESIAN_POINT('',(62.,-5.,290.3));
#8886 = VECTOR('',#8887,1.);
#8887 = DIRECTION('',(-0.,-0.,-1.));
#8888 = PCURVE('',#5485,#8889);
#8889 = DEFINITIONAL_REPRESENTATION('',(#8890),#8894);
#8890 = LINE('',#8891,#8892);
#8891 = CARTESIAN_POINT('',(6.28318530718,0.));
#8892 = VECTOR('',#8893,1.);
#8893 = DIRECTION('',(0.,-1.));
#8894 = ( GEOMETRIC_REPRESENTATION_CONTEXT(2) 
PARAMETRIC_REPRESENTATION_CONTEXT() REPRESENTATION_CONTEXT('2D SPACE',''
  ) );
#8895 = PCURVE('',#5456,#8896);
#8896 = DEFINITIONAL_REPRESENTATION('',(#8897),#8901);
#8897 = LINE('',#8898,#8899);
#8898 = CARTESIAN_POINT('',(0.,0.));
#8899 = VECTOR('',#8900,1.);
#8900 = DIRECTION('',(0.,-1.));
#8901 = ( GEOMETRIC_REPRESENTATION_CONTEXT(2) 
PARAMETRIC_REPRESENTATION_CONTEXT() REPRESENTATION_CONTEXT('2D SPACE',''
  ) );
#8902 = ADVANCED_FACE('',(#8903),#5456,.F.);
#8903 = FACE_BOUND('',#8904,.F.);
#8904 = EDGE_LOOP('',(#8905,#8906,#8907,#8908));
#8905 = ORIENTED_EDGE('',*,*,#5440,.F.);
#8906 = ORIENTED_EDGE('',*,*,#8882,.T.);
#8907 = ORIENTED_EDGE('',*,*,#8104,.T.);
#8908 = ORIENTED_EDGE('',*,*,#8909,.F.);
#8909 = EDGE_CURVE('',#5412,#8105,#8910,.T.);
#8910 = SURFACE_CURVE('',#8911,(#8915,#8922),.PCURVE_S1.);
#8911 = LINE('',#8912,#8913);
#8912 = CARTESIAN_POINT('',(62.,5.,290.3));
#8913 = VECTOR('',#8914,1.);
#8914 = DIRECTION('',(-0.,-0.,-1.));
#8915 = PCURVE('',#5456,#8916);
#8916 = DEFINITIONAL_REPRESENTATION('',(#8917),#8921);
#8917 = LINE('',#8918,#8919);
#8918 = CARTESIAN_POINT('',(10.,0.));
#8919 = VECTOR('',#8920,1.);
#8920 = DIRECTION('',(0.,-1.));
#8921 = ( GEOMETRIC_REPRESENTATION_CONTEXT(2) 
PARAMETRIC_REPRESENTATION_CONTEXT() REPRESENTATION_CONTEXT('2D SPACE',''
  ) );
#8922 = PCURVE('',#5428,#8923);
#8923 = DEFINITIONAL_REPRESENTATION('',(#8924),#8928);
#8924 = LINE('',#8925,#8926);
#8925 = CARTESIAN_POINT('',(0.,0.));
#8926 = VECTOR('',#8927,1.);
#8927 = DIRECTION('',(0.,-1.));
#8928 = ( GEOMETRIC_REPRESENTATION_CONTEXT(2) 
PARAMETRIC_REPRESENTATION_CONTEXT() REPRESENTATION_CONTEXT('2D SPACE',''
  ) );
#8929 = ADVANCED_FACE('',(#8930),#5428,.F.);
#8930 = FACE_BOUND('',#8931,.F.);
#8931 = EDGE_LOOP('',(#8932,#8933,#8934));
#8932 = ORIENTED_EDGE('',*,*,#5411,.F.);
#8933 = ORIENTED_EDGE('',*,*,#8909,.T.);
#8934 = ORIENTED_EDGE('',*,*,#8125,.T.);
#8935 = ADVANCED_FACE('',(#8936),#5691,.T.);
#8936 = FACE_BOUND('',#8937,.T.);
#8937 = EDGE_LOOP('',(#8938,#8939,#8940,#9014,#9039,#9111,#9112,#9113));
#8938 = ORIENTED_EDGE('',*,*,#6065,.F.);
#8939 = ORIENTED_EDGE('',*,*,#6041,.T.);
#8940 = ORIENTED_EDGE('',*,*,#8941,.T.);
#8941 = EDGE_CURVE('',#6008,#8942,#8944,.T.);
#8942 = VERTEX_POINT('',#8943);
#8943 = CARTESIAN_POINT('',(38.,73.15,261.825));
#8944 = SURFACE_CURVE('',#8945,(#8966,#8990),.PCURVE_S1.);
#8945 = B_SPLINE_CURVE_WITH_KNOTS('',4,(#8946,#8947,#8948,#8949,#8950,
    #8951,#8952,#8953,#8954,#8955,#8956,#8957,#8958,#8959,#8960,#8961,
    #8962,#8963,#8964,#8965),.UNSPECIFIED.,.F.,.F.,(5,3,3,3,3,3,5),(0.,
    0.497911986069,0.747486148412,0.874793795428,0.936131017162,
    0.969165991651,1.),.UNSPECIFIED.);
#8946 = CARTESIAN_POINT('',(38.,74.,258.));
#8947 = CARTESIAN_POINT('',(38.,73.893847331378,258.47768700879));
#8948 = CARTESIAN_POINT('',(38.,73.787804644011,258.95487910195));
#8949 = CARTESIAN_POINT('',(38.,73.681875812655,259.43155884305));
#8950 = CARTESIAN_POINT('',(38.,73.523028235763,260.14637293906));
#8951 = CARTESIAN_POINT('',(38.,73.470021118714,260.38490496578));
#8952 = CARTESIAN_POINT('',(38.,73.417044179771,260.62330119103));
#8953 = CARTESIAN_POINT('',(38.,73.33709012684,260.98309442922));
#8954 = CARTESIAN_POINT('',(38.,73.310090284267,261.10459372079));
#8955 = CARTESIAN_POINT('',(38.,73.28309850807,261.22605671368));
#8956 = CARTESIAN_POINT('',(38.,73.243114071731,261.40598667721));
#8957 = CARTESIAN_POINT('',(38.,73.230115161158,261.46448177479));
#8958 = CARTESIAN_POINT('',(38.,73.217118148394,261.52296833222));
#8959 = CARTESIAN_POINT('',(38.,73.197124142804,261.61294135738));
#8960 = CARTESIAN_POINT('',(38.,73.190125244313,261.64443640059));
#8961 = CARTESIAN_POINT('',(38.,73.183126346278,261.67593144175));
#8962 = CARTESIAN_POINT('',(38.,73.169594854992,261.73682315253));
#8963 = CARTESIAN_POINT('',(38.,73.163062723968,261.76621774214));
#8964 = CARTESIAN_POINT('',(38.,73.156531138063,261.79560987871));
#8965 = CARTESIAN_POINT('',(38.,73.15,261.825));
#8966 = PCURVE('',#5691,#8967);
#8967 = DEFINITIONAL_REPRESENTATION('',(#8968),#8989);
#8968 = B_SPLINE_CURVE_WITH_KNOTS('',4,(#8969,#8970,#8971,#8972,#8973,
    #8974,#8975,#8976,#8977,#8978,#8979,#8980,#8981,#8982,#8983,#8984,
    #8985,#8986,#8987,#8988),.UNSPECIFIED.,.F.,.F.,(5,3,3,3,3,3,5),(0.,
    0.497911986069,0.747486148412,0.874793795428,0.936131017162,
    0.969165991651,1.),.UNSPECIFIED.);
#8969 = CARTESIAN_POINT('',(26.,0.));
#8970 = CARTESIAN_POINT('',(25.842429632514,2.653816715551E-02));
#8971 = CARTESIAN_POINT('',(25.683280173289,5.30488389972E-02));
#8972 = CARTESIAN_POINT('',(25.522522147662,7.953104683615E-02));
#8973 = CARTESIAN_POINT('',(25.278725093461,0.119242941059));
#8974 = CARTESIAN_POINT('',(25.196913225929,0.132494720322));
#8975 = CARTESIAN_POINT('',(25.114685765143,0.145738955057));
#8976 = CARTESIAN_POINT('',(24.989880677682,0.16572746829));
#8977 = CARTESIAN_POINT('',(24.947613374988,0.172477428933));
#8978 = CARTESIAN_POINT('',(24.905236410695,0.179225372983));
#8979 = CARTESIAN_POINT('',(24.842278827884,0.189221482067));
#8980 = CARTESIAN_POINT('',(24.821782812696,0.192471209711));
#8981 = CARTESIAN_POINT('',(24.801261163031,0.195720462902));
#8982 = CARTESIAN_POINT('',(24.769647441966,0.200718964299));
#8983 = CARTESIAN_POINT('',(24.758572737076,0.202468688922));
#8984 = CARTESIAN_POINT('',(24.747489691972,0.204218413431));
#8985 = CARTESIAN_POINT('',(24.726045861193,0.207601286252));
#8986 = CARTESIAN_POINT('',(24.715687203983,0.209234319008));
#8987 = CARTESIAN_POINT('',(24.705321227891,0.210867215484));
#8988 = CARTESIAN_POINT('',(24.694949239484,0.2125));
#8989 = ( GEOMETRIC_REPRESENTATION_CONTEXT(2) 
PARAMETRIC_REPRESENTATION_CONTEXT() REPRESENTATION_CONTEXT('2D SPACE',''
  ) );
#8990 = PCURVE('',#6027,#8991);
#8991 = DEFINITIONAL_REPRESENTATION('',(#8992),#9013);
#8992 = B_SPLINE_CURVE_WITH_KNOTS('',4,(#8993,#8994,#8995,#8996,#8997,
    #8998,#8999,#9000,#9001,#9002,#9003,#9004,#9005,#9006,#9007,#9008,
    #9009,#9010,#9011,#9012),.UNSPECIFIED.,.F.,.F.,(5,3,3,3,3,3,5),(0.,
    0.497911986069,0.747486148412,0.874793795428,0.936131017162,
    0.969165991651,1.),.UNSPECIFIED.);
#8993 = CARTESIAN_POINT('',(4.2,-1.65));
#8994 = CARTESIAN_POINT('',(4.677687008799,-1.756152668622));
#8995 = CARTESIAN_POINT('',(5.15487910195,-1.862195355989));
#8996 = CARTESIAN_POINT('',(5.631558843051,-1.968124187345));
#8997 = CARTESIAN_POINT('',(6.346372939064,-2.126971764237));
#8998 = CARTESIAN_POINT('',(6.584904965787,-2.179978881286));
#8999 = CARTESIAN_POINT('',(6.823301191032,-2.232955820229));
#9000 = CARTESIAN_POINT('',(7.183094429222,-2.31290987316));
#9001 = CARTESIAN_POINT('',(7.304593720799,-2.339909715733));
#9002 = CARTESIAN_POINT('',(7.426056713687,-2.366901491931));
#9003 = CARTESIAN_POINT('',(7.60598667721,-2.406885928269));
#9004 = CARTESIAN_POINT('',(7.664481774791,-2.419884838842));
#9005 = CARTESIAN_POINT('',(7.722968332227,-2.432881851606));
#9006 = CARTESIAN_POINT('',(7.812941357382,-2.452875857196));
#9007 = CARTESIAN_POINT('',(7.84443640059,-2.459874755687));
#9008 = CARTESIAN_POINT('',(7.87593144175,-2.466873653722));
#9009 = CARTESIAN_POINT('',(7.936823152538,-2.480405145008));
#9010 = CARTESIAN_POINT('',(7.966217742143,-2.486937276032));
#9011 = CARTESIAN_POINT('',(7.995609878717,-2.493468861937));
#9012 = CARTESIAN_POINT('',(8.025,-2.5));
#9013 = ( GEOMETRIC_REPRESENTATION_CONTEXT(2) 
PARAMETRIC_REPRESENTATION_CONTEXT() REPRESENTATION_CONTEXT('2D SPACE',''
  ) );
#9014 = ORIENTED_EDGE('',*,*,#9015,.F.);
#9015 = EDGE_CURVE('',#9016,#8942,#9018,.T.);
#9016 = VERTEX_POINT('',#9017);
#9017 = CARTESIAN_POINT('',(-38.,73.15,261.825));
#9018 = SURFACE_CURVE('',#9019,(#9022,#9028),.PCURVE_S1.);
#9019 = B_SPLINE_CURVE_WITH_KNOTS('',1,(#9020,#9021),.UNSPECIFIED.,.F.,
  .F.,(2,2),(0.,1.),.PIECEWISE_BEZIER_KNOTS.);
#9020 = CARTESIAN_POINT('',(-38.,73.15,261.825));
#9021 = CARTESIAN_POINT('',(38.,73.15,261.825));
#9022 = PCURVE('',#5691,#9023);
#9023 = DEFINITIONAL_REPRESENTATION('',(#9024),#9027);
#9024 = B_SPLINE_CURVE_WITH_KNOTS('',1,(#9025,#9026),.UNSPECIFIED.,.F.,
  .F.,(2,2),(0.,1.),.PIECEWISE_BEZIER_KNOTS.);
#9025 = CARTESIAN_POINT('',(103.30505050505,0.2125));
#9026 = CARTESIAN_POINT('',(24.69494949495,0.2125));
#9027 = ( GEOMETRIC_REPRESENTATION_CONTEXT(2) 
PARAMETRIC_REPRESENTATION_CONTEXT() REPRESENTATION_CONTEXT('2D SPACE',''
  ) );
#9028 = PCURVE('',#9029,#9034);
#9029 = PLANE('',#9030);
#9030 = AXIS2_PLACEMENT_3D('',#9031,#9032,#9033);
#9031 = CARTESIAN_POINT('',(0.,73.15,266.));
#9032 = DIRECTION('',(0.,-1.,0.));
#9033 = DIRECTION('',(1.,0.,0.));
#9034 = DEFINITIONAL_REPRESENTATION('',(#9035),#9038);
#9035 = B_SPLINE_CURVE_WITH_KNOTS('',1,(#9036,#9037),.UNSPECIFIED.,.F.,
  .F.,(2,2),(0.,1.),.PIECEWISE_BEZIER_KNOTS.);
#9036 = CARTESIAN_POINT('',(-38.,-4.175));
#9037 = CARTESIAN_POINT('',(38.,-4.175));
#9038 = ( GEOMETRIC_REPRESENTATION_CONTEXT(2) 
PARAMETRIC_REPRESENTATION_CONTEXT() REPRESENTATION_CONTEXT('2D SPACE',''
  ) );
#9039 = ORIENTED_EDGE('',*,*,#9040,.F.);
#9040 = EDGE_CURVE('',#5677,#9016,#9041,.T.);
#9041 = SURFACE_CURVE('',#9042,(#9063,#9087),.PCURVE_S1.);
#9042 = B_SPLINE_CURVE_WITH_KNOTS('',4,(#9043,#9044,#9045,#9046,#9047,
    #9048,#9049,#9050,#9051,#9052,#9053,#9054,#9055,#9056,#9057,#9058,
    #9059,#9060,#9061,#9062),.UNSPECIFIED.,.F.,.F.,(5,3,3,3,3,3,5),(0.,
    0.497911986069,0.747486148412,0.874793795428,0.936131017162,
    0.969165991651,1.),.UNSPECIFIED.);
#9043 = CARTESIAN_POINT('',(-38.,74.,258.));
#9044 = CARTESIAN_POINT('',(-38.,73.893847331378,258.47768700879));
#9045 = CARTESIAN_POINT('',(-38.,73.787804644011,258.95487910195));
#9046 = CARTESIAN_POINT('',(-38.,73.681875812655,259.43155884305));
#9047 = CARTESIAN_POINT('',(-38.,73.523028235764,260.14637293906));
#9048 = CARTESIAN_POINT('',(-38.,73.470021118714,260.38490496578));
#9049 = CARTESIAN_POINT('',(-38.,73.417044179771,260.62330119103));
#9050 = CARTESIAN_POINT('',(-38.,73.33709012684,260.98309442922));
#9051 = CARTESIAN_POINT('',(-38.,73.310090284267,261.10459372079));
#9052 = CARTESIAN_POINT('',(-38.,73.28309850807,261.22605671368));
#9053 = CARTESIAN_POINT('',(-38.,73.243114071731,261.40598667721));
#9054 = CARTESIAN_POINT('',(-38.,73.230115161158,261.46448177479));
#9055 = CARTESIAN_POINT('',(-38.,73.217118148394,261.52296833222));
#9056 = CARTESIAN_POINT('',(-38.,73.197124142804,261.61294135738));
#9057 = CARTESIAN_POINT('',(-38.,73.190125244313,261.64443640059));
#9058 = CARTESIAN_POINT('',(-38.,73.183126346278,261.67593144175));
#9059 = CARTESIAN_POINT('',(-38.,73.169594854992,261.73682315253));
#9060 = CARTESIAN_POINT('',(-38.,73.163062723968,261.76621774214));
#9061 = CARTESIAN_POINT('',(-38.,73.156531138063,261.79560987871));
#9062 = CARTESIAN_POINT('',(-38.,73.15,261.825));
#9063 = PCURVE('',#5691,#9064);
#9064 = DEFINITIONAL_REPRESENTATION('',(#9065),#9086);
#9065 = B_SPLINE_CURVE_WITH_KNOTS('',4,(#9066,#9067,#9068,#9069,#9070,
    #9071,#9072,#9073,#9074,#9075,#9076,#9077,#9078,#9079,#9080,#9081,
    #9082,#9083,#9084,#9085),.UNSPECIFIED.,.F.,.F.,(5,3,3,3,3,3,5),(0.,
    0.497911986069,0.747486148412,0.874793795428,0.936131017162,
    0.969165991651,1.),.UNSPECIFIED.);
#9066 = CARTESIAN_POINT('',(102.,0.));
#9067 = CARTESIAN_POINT('',(102.15757036748,2.653816715551E-02));
#9068 = CARTESIAN_POINT('',(102.31671982671,5.30488389972E-02));
#9069 = CARTESIAN_POINT('',(102.47747785233,7.953104683615E-02));
#9070 = CARTESIAN_POINT('',(102.72127490653,0.119242941059));
#9071 = CARTESIAN_POINT('',(102.80308677407,0.132494720322));
#9072 = CARTESIAN_POINT('',(102.88531423485,0.145738955057));
#9073 = CARTESIAN_POINT('',(103.01011932231,0.16572746829));
#9074 = CARTESIAN_POINT('',(103.05238662501,0.172477428933));
#9075 = CARTESIAN_POINT('',(103.0947635893,0.179225372983));
#9076 = CARTESIAN_POINT('',(103.15772117211,0.189221482067));
#9077 = CARTESIAN_POINT('',(103.1782171873,0.192471209711));
#9078 = CARTESIAN_POINT('',(103.19873883696,0.195720462901));
#9079 = CARTESIAN_POINT('',(103.23035255803,0.200718964299));
#9080 = CARTESIAN_POINT('',(103.24142726292,0.202468688922));
#9081 = CARTESIAN_POINT('',(103.25251030802,0.204218413431));
#9082 = CARTESIAN_POINT('',(103.2739541388,0.207601286252));
#9083 = CARTESIAN_POINT('',(103.28431279601,0.209234319008));
#9084 = CARTESIAN_POINT('',(103.2946787721,0.210867215484));
#9085 = CARTESIAN_POINT('',(103.30505076051,0.2125));
#9086 = ( GEOMETRIC_REPRESENTATION_CONTEXT(2) 
PARAMETRIC_REPRESENTATION_CONTEXT() REPRESENTATION_CONTEXT('2D SPACE',''
  ) );
#9087 = PCURVE('',#5723,#9088);
#9088 = DEFINITIONAL_REPRESENTATION('',(#9089),#9110);
#9089 = B_SPLINE_CURVE_WITH_KNOTS('',4,(#9090,#9091,#9092,#9093,#9094,
    #9095,#9096,#9097,#9098,#9099,#9100,#9101,#9102,#9103,#9104,#9105,
    #9106,#9107,#9108,#9109),.UNSPECIFIED.,.F.,.F.,(5,3,3,3,3,3,5),(0.,
    0.497911986069,0.747486148412,0.874793795428,0.936131017162,
    0.969165991651,1.),.UNSPECIFIED.);
#9090 = CARTESIAN_POINT('',(4.2,-1.65));
#9091 = CARTESIAN_POINT('',(4.677687008799,-1.756152668622));
#9092 = CARTESIAN_POINT('',(5.15487910195,-1.862195355989));
#9093 = CARTESIAN_POINT('',(5.631558843051,-1.968124187345));
#9094 = CARTESIAN_POINT('',(6.346372939064,-2.126971764236));
#9095 = CARTESIAN_POINT('',(6.584904965787,-2.179978881286));
#9096 = CARTESIAN_POINT('',(6.823301191031,-2.232955820229));
#9097 = CARTESIAN_POINT('',(7.183094429222,-2.31290987316));
#9098 = CARTESIAN_POINT('',(7.304593720799,-2.339909715733));
#9099 = CARTESIAN_POINT('',(7.426056713687,-2.36690149193));
#9100 = CARTESIAN_POINT('',(7.605986677209,-2.406885928269));
#9101 = CARTESIAN_POINT('',(7.664481774791,-2.419884838842));
#9102 = CARTESIAN_POINT('',(7.722968332227,-2.432881851606));
#9103 = CARTESIAN_POINT('',(7.812941357382,-2.452875857196));
#9104 = CARTESIAN_POINT('',(7.84443640059,-2.459874755687));
#9105 = CARTESIAN_POINT('',(7.87593144175,-2.466873653722));
#9106 = CARTESIAN_POINT('',(7.936823152538,-2.480405145008));
#9107 = CARTESIAN_POINT('',(7.966217742143,-2.486937276032));
#9108 = CARTESIAN_POINT('',(7.995609878717,-2.493468861937));
#9109 = CARTESIAN_POINT('',(8.025,-2.5));
#9110 = ( GEOMETRIC_REPRESENTATION_CONTEXT(2) 
PARAMETRIC_REPRESENTATION_CONTEXT() REPRESENTATION_CONTEXT('2D SPACE',''
  ) );
#9111 = ORIENTED_EDGE('',*,*,#5676,.T.);
#9112 = ORIENTED_EDGE('',*,*,#6399,.T.);
#9113 = ORIENTED_EDGE('',*,*,#7898,.F.);
#9114 = ADVANCED_FACE('',(#9115),#6027,.T.);
#9115 = FACE_BOUND('',#9116,.T.);
#9116 = EDGE_LOOP('',(#9117,#9118,#9141,#9162));
#9117 = ORIENTED_EDGE('',*,*,#6007,.F.);
#9118 = ORIENTED_EDGE('',*,*,#9119,.T.);
#9119 = EDGE_CURVE('',#5878,#9120,#9122,.T.);
#9120 = VERTEX_POINT('',#9121);
#9121 = CARTESIAN_POINT('',(38.,73.15,253.8));
#9122 = SURFACE_CURVE('',#9123,(#9127,#9134),.PCURVE_S1.);
#9123 = LINE('',#9124,#9125);
#9124 = CARTESIAN_POINT('',(38.,75.65,253.8));
#9125 = VECTOR('',#9126,1.);
#9126 = DIRECTION('',(0.,-1.,0.));
#9127 = PCURVE('',#6027,#9128);
#9128 = DEFINITIONAL_REPRESENTATION('',(#9129),#9133);
#9129 = LINE('',#9130,#9131);
#9130 = CARTESIAN_POINT('',(0.,0.));
#9131 = VECTOR('',#9132,1.);
#9132 = DIRECTION('',(0.,-1.));
#9133 = ( GEOMETRIC_REPRESENTATION_CONTEXT(2) 
PARAMETRIC_REPRESENTATION_CONTEXT() REPRESENTATION_CONTEXT('2D SPACE',''
  ) );
#9134 = PCURVE('',#5961,#9135);
#9135 = DEFINITIONAL_REPRESENTATION('',(#9136),#9140);
#9136 = LINE('',#9137,#9138);
#9137 = CARTESIAN_POINT('',(-6.28318530718,0.));
#9138 = VECTOR('',#9139,1.);
#9139 = DIRECTION('',(-0.,-1.));
#9140 = ( GEOMETRIC_REPRESENTATION_CONTEXT(2) 
PARAMETRIC_REPRESENTATION_CONTEXT() REPRESENTATION_CONTEXT('2D SPACE',''
  ) );
#9141 = ORIENTED_EDGE('',*,*,#9142,.T.);
#9142 = EDGE_CURVE('',#9120,#8942,#9143,.T.);
#9143 = SURFACE_CURVE('',#9144,(#9148,#9155),.PCURVE_S1.);
#9144 = LINE('',#9145,#9146);
#9145 = CARTESIAN_POINT('',(38.,73.15,266.));
#9146 = VECTOR('',#9147,1.);
#9147 = DIRECTION('',(0.,0.,1.));
#9148 = PCURVE('',#6027,#9149);
#9149 = DEFINITIONAL_REPRESENTATION('',(#9150),#9154);
#9150 = LINE('',#9151,#9152);
#9151 = CARTESIAN_POINT('',(12.2,-2.5));
#9152 = VECTOR('',#9153,1.);
#9153 = DIRECTION('',(1.,0.));
#9154 = ( GEOMETRIC_REPRESENTATION_CONTEXT(2) 
PARAMETRIC_REPRESENTATION_CONTEXT() REPRESENTATION_CONTEXT('2D SPACE',''
  ) );
#9155 = PCURVE('',#9029,#9156);
#9156 = DEFINITIONAL_REPRESENTATION('',(#9157),#9161);
#9157 = LINE('',#9158,#9159);
#9158 = CARTESIAN_POINT('',(38.,0.));
#9159 = VECTOR('',#9160,1.);
#9160 = DIRECTION('',(0.,1.));
#9161 = ( GEOMETRIC_REPRESENTATION_CONTEXT(2) 
PARAMETRIC_REPRESENTATION_CONTEXT() REPRESENTATION_CONTEXT('2D SPACE',''
  ) );
#9162 = ORIENTED_EDGE('',*,*,#8941,.F.);
#9163 = ADVANCED_FACE('',(#9164),#5961,.F.);
#9164 = FACE_BOUND('',#9165,.T.);
#9165 = EDGE_LOOP('',(#9166,#9167,#9190,#9212));
#9166 = ORIENTED_EDGE('',*,*,#5877,.F.);
#9167 = ORIENTED_EDGE('',*,*,#9168,.T.);
#9168 = EDGE_CURVE('',#5853,#9169,#9171,.T.);
#9169 = VERTEX_POINT('',#9170);
#9170 = CARTESIAN_POINT('',(31.7,73.15,247.5));
#9171 = SURFACE_CURVE('',#9172,(#9176,#9183),.PCURVE_S1.);
#9172 = LINE('',#9173,#9174);
#9173 = CARTESIAN_POINT('',(31.7,75.65,247.5));
#9174 = VECTOR('',#9175,1.);
#9175 = DIRECTION('',(0.,-1.,0.));
#9176 = PCURVE('',#5961,#9177);
#9177 = DEFINITIONAL_REPRESENTATION('',(#9178),#9182);
#9178 = LINE('',#9179,#9180);
#9179 = CARTESIAN_POINT('',(-4.712388980385,0.));
#9180 = VECTOR('',#9181,1.);
#9181 = DIRECTION('',(-0.,-1.));
#9182 = ( GEOMETRIC_REPRESENTATION_CONTEXT(2) 
PARAMETRIC_REPRESENTATION_CONTEXT() REPRESENTATION_CONTEXT('2D SPACE',''
  ) );
#9183 = PCURVE('',#5866,#9184);
#9184 = DEFINITIONAL_REPRESENTATION('',(#9185),#9189);
#9185 = LINE('',#9186,#9187);
#9186 = CARTESIAN_POINT('',(63.4,0.));
#9187 = VECTOR('',#9188,1.);
#9188 = DIRECTION('',(0.,-1.));
#9189 = ( GEOMETRIC_REPRESENTATION_CONTEXT(2) 
PARAMETRIC_REPRESENTATION_CONTEXT() REPRESENTATION_CONTEXT('2D SPACE',''
  ) );
#9190 = ORIENTED_EDGE('',*,*,#9191,.T.);
#9191 = EDGE_CURVE('',#9169,#9120,#9192,.T.);
#9192 = SURFACE_CURVE('',#9193,(#9198,#9205),.PCURVE_S1.);
#9193 = CIRCLE('',#9194,6.3);
#9194 = AXIS2_PLACEMENT_3D('',#9195,#9196,#9197);
#9195 = CARTESIAN_POINT('',(31.7,73.15,253.8));
#9196 = DIRECTION('',(0.,-1.,0.));
#9197 = DIRECTION('',(1.,0.,0.));
#9198 = PCURVE('',#5961,#9199);
#9199 = DEFINITIONAL_REPRESENTATION('',(#9200),#9204);
#9200 = LINE('',#9201,#9202);
#9201 = CARTESIAN_POINT('',(-0.,-2.5));
#9202 = VECTOR('',#9203,1.);
#9203 = DIRECTION('',(-1.,0.));
#9204 = ( GEOMETRIC_REPRESENTATION_CONTEXT(2) 
PARAMETRIC_REPRESENTATION_CONTEXT() REPRESENTATION_CONTEXT('2D SPACE',''
  ) );
#9205 = PCURVE('',#9029,#9206);
#9206 = DEFINITIONAL_REPRESENTATION('',(#9207),#9211);
#9207 = CIRCLE('',#9208,6.3);
#9208 = AXIS2_PLACEMENT_2D('',#9209,#9210);
#9209 = CARTESIAN_POINT('',(31.7,-12.2));
#9210 = DIRECTION('',(1.,0.));
#9211 = ( GEOMETRIC_REPRESENTATION_CONTEXT(2) 
PARAMETRIC_REPRESENTATION_CONTEXT() REPRESENTATION_CONTEXT('2D SPACE',''
  ) );
#9212 = ORIENTED_EDGE('',*,*,#9119,.F.);
#9213 = ADVANCED_FACE('',(#9214),#5866,.T.);
#9214 = FACE_BOUND('',#9215,.T.);
#9215 = EDGE_LOOP('',(#9216,#9217,#9240,#9261));
#9216 = ORIENTED_EDGE('',*,*,#5852,.F.);
#9217 = ORIENTED_EDGE('',*,*,#9218,.T.);
#9218 = EDGE_CURVE('',#5738,#9219,#9221,.T.);
#9219 = VERTEX_POINT('',#9220);
#9220 = CARTESIAN_POINT('',(-31.7,73.15,247.5));
#9221 = SURFACE_CURVE('',#9222,(#9226,#9233),.PCURVE_S1.);
#9222 = LINE('',#9223,#9224);
#9223 = CARTESIAN_POINT('',(-31.7,75.65,247.5));
#9224 = VECTOR('',#9225,1.);
#9225 = DIRECTION('',(0.,-1.,0.));
#9226 = PCURVE('',#5866,#9227);
#9227 = DEFINITIONAL_REPRESENTATION('',(#9228),#9232);
#9228 = LINE('',#9229,#9230);
#9229 = CARTESIAN_POINT('',(0.,0.));
#9230 = VECTOR('',#9231,1.);
#9231 = DIRECTION('',(0.,-1.));
#9232 = ( GEOMETRIC_REPRESENTATION_CONTEXT(2) 
PARAMETRIC_REPRESENTATION_CONTEXT() REPRESENTATION_CONTEXT('2D SPACE',''
  ) );
#9233 = PCURVE('',#5811,#9234);
#9234 = DEFINITIONAL_REPRESENTATION('',(#9235),#9239);
#9235 = LINE('',#9236,#9237);
#9236 = CARTESIAN_POINT('',(-4.712388980385,0.));
#9237 = VECTOR('',#9238,1.);
#9238 = DIRECTION('',(-0.,-1.));
#9239 = ( GEOMETRIC_REPRESENTATION_CONTEXT(2) 
PARAMETRIC_REPRESENTATION_CONTEXT() REPRESENTATION_CONTEXT('2D SPACE',''
  ) );
#9240 = ORIENTED_EDGE('',*,*,#9241,.T.);
#9241 = EDGE_CURVE('',#9219,#9169,#9242,.T.);
#9242 = SURFACE_CURVE('',#9243,(#9247,#9254),.PCURVE_S1.);
#9243 = LINE('',#9244,#9245);
#9244 = CARTESIAN_POINT('',(0.,73.15,247.5));
#9245 = VECTOR('',#9246,1.);
#9246 = DIRECTION('',(1.,0.,0.));
#9247 = PCURVE('',#5866,#9248);
#9248 = DEFINITIONAL_REPRESENTATION('',(#9249),#9253);
#9249 = LINE('',#9250,#9251);
#9250 = CARTESIAN_POINT('',(31.7,-2.5));
#9251 = VECTOR('',#9252,1.);
#9252 = DIRECTION('',(1.,0.));
#9253 = ( GEOMETRIC_REPRESENTATION_CONTEXT(2) 
PARAMETRIC_REPRESENTATION_CONTEXT() REPRESENTATION_CONTEXT('2D SPACE',''
  ) );
#9254 = PCURVE('',#9029,#9255);
#9255 = DEFINITIONAL_REPRESENTATION('',(#9256),#9260);
#9256 = LINE('',#9257,#9258);
#9257 = CARTESIAN_POINT('',(0.,-18.5));
#9258 = VECTOR('',#9259,1.);
#9259 = DIRECTION('',(1.,0.));
#9260 = ( GEOMETRIC_REPRESENTATION_CONTEXT(2) 
PARAMETRIC_REPRESENTATION_CONTEXT() REPRESENTATION_CONTEXT('2D SPACE',''
  ) );
#9261 = ORIENTED_EDGE('',*,*,#9168,.F.);
#9262 = ADVANCED_FACE('',(#9263),#5811,.F.);
#9263 = FACE_BOUND('',#9264,.T.);
#9264 = EDGE_LOOP('',(#9265,#9266,#9289,#9311));
#9265 = ORIENTED_EDGE('',*,*,#5737,.F.);
#9266 = ORIENTED_EDGE('',*,*,#9267,.T.);
#9267 = EDGE_CURVE('',#5704,#9268,#9270,.T.);
#9268 = VERTEX_POINT('',#9269);
#9269 = CARTESIAN_POINT('',(-38.,73.15,253.8));
#9270 = SURFACE_CURVE('',#9271,(#9275,#9282),.PCURVE_S1.);
#9271 = LINE('',#9272,#9273);
#9272 = CARTESIAN_POINT('',(-38.,75.65,253.8));
#9273 = VECTOR('',#9274,1.);
#9274 = DIRECTION('',(0.,-1.,0.));
#9275 = PCURVE('',#5811,#9276);
#9276 = DEFINITIONAL_REPRESENTATION('',(#9277),#9281);
#9277 = LINE('',#9278,#9279);
#9278 = CARTESIAN_POINT('',(-3.14159265359,0.));
#9279 = VECTOR('',#9280,1.);
#9280 = DIRECTION('',(-0.,-1.));
#9281 = ( GEOMETRIC_REPRESENTATION_CONTEXT(2) 
PARAMETRIC_REPRESENTATION_CONTEXT() REPRESENTATION_CONTEXT('2D SPACE',''
  ) );
#9282 = PCURVE('',#5723,#9283);
#9283 = DEFINITIONAL_REPRESENTATION('',(#9284),#9288);
#9284 = LINE('',#9285,#9286);
#9285 = CARTESIAN_POINT('',(0.,0.));
#9286 = VECTOR('',#9287,1.);
#9287 = DIRECTION('',(0.,-1.));
#9288 = ( GEOMETRIC_REPRESENTATION_CONTEXT(2) 
PARAMETRIC_REPRESENTATION_CONTEXT() REPRESENTATION_CONTEXT('2D SPACE',''
  ) );
#9289 = ORIENTED_EDGE('',*,*,#9290,.T.);
#9290 = EDGE_CURVE('',#9268,#9219,#9291,.T.);
#9291 = SURFACE_CURVE('',#9292,(#9297,#9304),.PCURVE_S1.);
#9292 = CIRCLE('',#9293,6.3);
#9293 = AXIS2_PLACEMENT_3D('',#9294,#9295,#9296);
#9294 = CARTESIAN_POINT('',(-31.7,73.15,253.8));
#9295 = DIRECTION('',(0.,-1.,0.));
#9296 = DIRECTION('',(1.,0.,0.));
#9297 = PCURVE('',#5811,#9298);
#9298 = DEFINITIONAL_REPRESENTATION('',(#9299),#9303);
#9299 = LINE('',#9300,#9301);
#9300 = CARTESIAN_POINT('',(-0.,-2.5));
#9301 = VECTOR('',#9302,1.);
#9302 = DIRECTION('',(-1.,0.));
#9303 = ( GEOMETRIC_REPRESENTATION_CONTEXT(2) 
PARAMETRIC_REPRESENTATION_CONTEXT() REPRESENTATION_CONTEXT('2D SPACE',''
  ) );
#9304 = PCURVE('',#9029,#9305);
#9305 = DEFINITIONAL_REPRESENTATION('',(#9306),#9310);
#9306 = CIRCLE('',#9307,6.3);
#9307 = AXIS2_PLACEMENT_2D('',#9308,#9309);
#9308 = CARTESIAN_POINT('',(-31.7,-12.2));
#9309 = DIRECTION('',(1.,0.));
#9310 = ( GEOMETRIC_REPRESENTATION_CONTEXT(2) 
PARAMETRIC_REPRESENTATION_CONTEXT() REPRESENTATION_CONTEXT('2D SPACE',''
  ) );
#9311 = ORIENTED_EDGE('',*,*,#9218,.F.);
#9312 = ADVANCED_FACE('',(#9313),#5723,.F.);
#9313 = FACE_BOUND('',#9314,.F.);
#9314 = EDGE_LOOP('',(#9315,#9316,#9317,#9338));
#9315 = ORIENTED_EDGE('',*,*,#5703,.F.);
#9316 = ORIENTED_EDGE('',*,*,#9267,.T.);
#9317 = ORIENTED_EDGE('',*,*,#9318,.T.);
#9318 = EDGE_CURVE('',#9268,#9016,#9319,.T.);
#9319 = SURFACE_CURVE('',#9320,(#9324,#9331),.PCURVE_S1.);
#9320 = LINE('',#9321,#9322);
#9321 = CARTESIAN_POINT('',(-38.,73.15,266.));
#9322 = VECTOR('',#9323,1.);
#9323 = DIRECTION('',(0.,0.,1.));
#9324 = PCURVE('',#5723,#9325);
#9325 = DEFINITIONAL_REPRESENTATION('',(#9326),#9330);
#9326 = LINE('',#9327,#9328);
#9327 = CARTESIAN_POINT('',(12.2,-2.5));
#9328 = VECTOR('',#9329,1.);
#9329 = DIRECTION('',(1.,0.));
#9330 = ( GEOMETRIC_REPRESENTATION_CONTEXT(2) 
PARAMETRIC_REPRESENTATION_CONTEXT() REPRESENTATION_CONTEXT('2D SPACE',''
  ) );
#9331 = PCURVE('',#9029,#9332);
#9332 = DEFINITIONAL_REPRESENTATION('',(#9333),#9337);
#9333 = LINE('',#9334,#9335);
#9334 = CARTESIAN_POINT('',(-38.,0.));
#9335 = VECTOR('',#9336,1.);
#9336 = DIRECTION('',(0.,1.));
#9337 = ( GEOMETRIC_REPRESENTATION_CONTEXT(2) 
PARAMETRIC_REPRESENTATION_CONTEXT() REPRESENTATION_CONTEXT('2D SPACE',''
  ) );
#9338 = ORIENTED_EDGE('',*,*,#9040,.F.);
#9339 = ADVANCED_FACE('',(#9340),#6219,.F.);
#9340 = FACE_BOUND('',#9341,.F.);
#9341 = EDGE_LOOP('',(#9342,#9343,#9344,#9367,#9395,#9423,#9451,#9479,
    #9500));
#9342 = ORIENTED_EDGE('',*,*,#6205,.T.);
#9343 = ORIENTED_EDGE('',*,*,#7847,.T.);
#9344 = ORIENTED_EDGE('',*,*,#9345,.T.);
#9345 = EDGE_CURVE('',#7820,#9346,#9348,.T.);
#9346 = VERTEX_POINT('',#9347);
#9347 = CARTESIAN_POINT('',(-95.86819256796,8.687311640472,286.3));
#9348 = SURFACE_CURVE('',#9349,(#9353,#9360),.PCURVE_S1.);
#9349 = LINE('',#9350,#9351);
#9350 = CARTESIAN_POINT('',(-97.66057002184,12.515496240828,286.3));
#9351 = VECTOR('',#9352,1.);
#9352 = DIRECTION('',(0.424029613649,-0.905648323992,0.));
#9353 = PCURVE('',#6219,#9354);
#9354 = DEFINITIONAL_REPRESENTATION('',(#9355),#9359);
#9355 = LINE('',#9356,#9357);
#9356 = CARTESIAN_POINT('',(-25.66057002184,12.515496240828));
#9357 = VECTOR('',#9358,1.);
#9358 = DIRECTION('',(0.424029613649,-0.905648323992));
#9359 = ( GEOMETRIC_REPRESENTATION_CONTEXT(2) 
PARAMETRIC_REPRESENTATION_CONTEXT() REPRESENTATION_CONTEXT('2D SPACE',''
  ) );
#9360 = PCURVE('',#7835,#9361);
#9361 = DEFINITIONAL_REPRESENTATION('',(#9362),#9366);
#9362 = LINE('',#9363,#9364);
#9363 = CARTESIAN_POINT('',(0.,0.));
#9364 = VECTOR('',#9365,1.);
#9365 = DIRECTION('',(1.,0.));
#9366 = ( GEOMETRIC_REPRESENTATION_CONTEXT(2) 
PARAMETRIC_REPRESENTATION_CONTEXT() REPRESENTATION_CONTEXT('2D SPACE',''
  ) );
#9367 = ORIENTED_EDGE('',*,*,#9368,.T.);
#9368 = EDGE_CURVE('',#9346,#9369,#9371,.T.);
#9369 = VERTEX_POINT('',#9370);
#9370 = CARTESIAN_POINT('',(-100.3936001127,2.984287626292,286.3));
#9371 = SURFACE_CURVE('',#9372,(#9376,#9383),.PCURVE_S1.);
#9372 = LINE('',#9373,#9374);
#9373 = CARTESIAN_POINT('',(-95.86819256796,8.687311640472,286.3));
#9374 = VECTOR('',#9375,1.);
#9375 = DIRECTION('',(-0.621590270812,-0.783342540164,0.));
#9376 = PCURVE('',#6219,#9377);
#9377 = DEFINITIONAL_REPRESENTATION('',(#9378),#9382);
#9378 = LINE('',#9379,#9380);
#9379 = CARTESIAN_POINT('',(-23.86819256796,8.687311640472));
#9380 = VECTOR('',#9381,1.);
#9381 = DIRECTION('',(-0.621590270812,-0.783342540164));
#9382 = ( GEOMETRIC_REPRESENTATION_CONTEXT(2) 
PARAMETRIC_REPRESENTATION_CONTEXT() REPRESENTATION_CONTEXT('2D SPACE',''
  ) );
#9383 = PCURVE('',#9384,#9389);
#9384 = PLANE('',#9385);
#9385 = AXIS2_PLACEMENT_3D('',#9386,#9387,#9388);
#9386 = CARTESIAN_POINT('',(-95.86819256796,8.687311640472,286.3));
#9387 = DIRECTION('',(0.783342540164,-0.621590270812,0.));
#9388 = DIRECTION('',(-0.621590270812,-0.783342540164,0.));
#9389 = DEFINITIONAL_REPRESENTATION('',(#9390),#9394);
#9390 = LINE('',#9391,#9392);
#9391 = CARTESIAN_POINT('',(0.,0.));
#9392 = VECTOR('',#9393,1.);
#9393 = DIRECTION('',(1.,0.));
#9394 = ( GEOMETRIC_REPRESENTATION_CONTEXT(2) 
PARAMETRIC_REPRESENTATION_CONTEXT() REPRESENTATION_CONTEXT('2D SPACE',''
  ) );
#9395 = ORIENTED_EDGE('',*,*,#9396,.T.);
#9396 = EDGE_CURVE('',#9369,#9397,#9399,.T.);
#9397 = VERTEX_POINT('',#9398);
#9398 = CARTESIAN_POINT('',(-97.4,3.110602869834E-15,286.3));
#9399 = SURFACE_CURVE('',#9400,(#9404,#9411),.PCURVE_S1.);
#9400 = LINE('',#9401,#9402);
#9401 = CARTESIAN_POINT('',(-100.3936001127,2.984287626292,286.3));
#9402 = VECTOR('',#9403,1.);
#9403 = DIRECTION('',(0.708207468515,-0.706004377847,0.));
#9404 = PCURVE('',#6219,#9405);
#9405 = DEFINITIONAL_REPRESENTATION('',(#9406),#9410);
#9406 = LINE('',#9407,#9408);
#9407 = CARTESIAN_POINT('',(-28.39360011276,2.984287626292));
#9408 = VECTOR('',#9409,1.);
#9409 = DIRECTION('',(0.708207468515,-0.706004377847));
#9410 = ( GEOMETRIC_REPRESENTATION_CONTEXT(2) 
PARAMETRIC_REPRESENTATION_CONTEXT() REPRESENTATION_CONTEXT('2D SPACE',''
  ) );
#9411 = PCURVE('',#9412,#9417);
#9412 = PLANE('',#9413);
#9413 = AXIS2_PLACEMENT_3D('',#9414,#9415,#9416);
#9414 = CARTESIAN_POINT('',(-100.3936001127,2.984287626292,286.3));
#9415 = DIRECTION('',(0.706004377847,0.708207468515,-0.));
#9416 = DIRECTION('',(0.708207468515,-0.706004377847,0.));
#9417 = DEFINITIONAL_REPRESENTATION('',(#9418),#9422);
#9418 = LINE('',#9419,#9420);
#9419 = CARTESIAN_POINT('',(0.,0.));
#9420 = VECTOR('',#9421,1.);
#9421 = DIRECTION('',(1.,0.));
#9422 = ( GEOMETRIC_REPRESENTATION_CONTEXT(2) 
PARAMETRIC_REPRESENTATION_CONTEXT() REPRESENTATION_CONTEXT('2D SPACE',''
  ) );
#9423 = ORIENTED_EDGE('',*,*,#9424,.T.);
#9424 = EDGE_CURVE('',#9397,#9425,#9427,.T.);
#9425 = VERTEX_POINT('',#9426);
#9426 = CARTESIAN_POINT('',(-99.70194298518,-6.906870119371,286.3));
#9427 = SURFACE_CURVE('',#9428,(#9432,#9439),.PCURVE_S1.);
#9428 = LINE('',#9429,#9430);
#9429 = CARTESIAN_POINT('',(-97.4,3.110602869834E-15,286.3));
#9430 = VECTOR('',#9431,1.);
#9431 = DIRECTION('',(-0.316184862775,-0.948697598053,0.));
#9432 = PCURVE('',#6219,#9433);
#9433 = DEFINITIONAL_REPRESENTATION('',(#9434),#9438);
#9434 = LINE('',#9435,#9436);
#9435 = CARTESIAN_POINT('',(-25.4,1.605527159987E-15));
#9436 = VECTOR('',#9437,1.);
#9437 = DIRECTION('',(-0.316184862775,-0.948697598053));
#9438 = ( GEOMETRIC_REPRESENTATION_CONTEXT(2) 
PARAMETRIC_REPRESENTATION_CONTEXT() REPRESENTATION_CONTEXT('2D SPACE',''
  ) );
#9439 = PCURVE('',#9440,#9445);
#9440 = PLANE('',#9441);
#9441 = AXIS2_PLACEMENT_3D('',#9442,#9443,#9444);
#9442 = CARTESIAN_POINT('',(-97.4,3.110602869834E-15,286.3));
#9443 = DIRECTION('',(0.948697598053,-0.316184862775,0.));
#9444 = DIRECTION('',(-0.316184862775,-0.948697598053,0.));
#9445 = DEFINITIONAL_REPRESENTATION('',(#9446),#9450);
#9446 = LINE('',#9447,#9448);
#9447 = CARTESIAN_POINT('',(0.,0.));
#9448 = VECTOR('',#9449,1.);
#9449 = DIRECTION('',(1.,0.));
#9450 = ( GEOMETRIC_REPRESENTATION_CONTEXT(2) 
PARAMETRIC_REPRESENTATION_CONTEXT() REPRESENTATION_CONTEXT('2D SPACE',''
  ) );
#9451 = ORIENTED_EDGE('',*,*,#9452,.T.);
#9452 = EDGE_CURVE('',#9425,#9453,#9455,.T.);
#9453 = VERTEX_POINT('',#9454);
#9454 = CARTESIAN_POINT('',(-95.86819256796,-8.687311640472,286.3));
#9455 = SURFACE_CURVE('',#9456,(#9460,#9467),.PCURVE_S1.);
#9456 = LINE('',#9457,#9458);
#9457 = CARTESIAN_POINT('',(-99.70194298518,-6.906870119371,286.3));
#9458 = VECTOR('',#9459,1.);
#9459 = DIRECTION('',(0.906965050649,-0.42120588422,0.));
#9460 = PCURVE('',#6219,#9461);
#9461 = DEFINITIONAL_REPRESENTATION('',(#9462),#9466);
#9462 = LINE('',#9463,#9464);
#9463 = CARTESIAN_POINT('',(-27.70194298518,-6.906870119371));
#9464 = VECTOR('',#9465,1.);
#9465 = DIRECTION('',(0.906965050649,-0.42120588422));
#9466 = ( GEOMETRIC_REPRESENTATION_CONTEXT(2) 
PARAMETRIC_REPRESENTATION_CONTEXT() REPRESENTATION_CONTEXT('2D SPACE',''
  ) );
#9467 = PCURVE('',#9468,#9473);
#9468 = PLANE('',#9469);
#9469 = AXIS2_PLACEMENT_3D('',#9470,#9471,#9472);
#9470 = CARTESIAN_POINT('',(-99.70194298518,-6.906870119371,286.3));
#9471 = DIRECTION('',(0.42120588422,0.906965050649,-0.));
#9472 = DIRECTION('',(0.906965050649,-0.42120588422,0.));
#9473 = DEFINITIONAL_REPRESENTATION('',(#9474),#9478);
#9474 = LINE('',#9475,#9476);
#9475 = CARTESIAN_POINT('',(0.,0.));
#9476 = VECTOR('',#9477,1.);
#9477 = DIRECTION('',(1.,0.));
#9478 = ( GEOMETRIC_REPRESENTATION_CONTEXT(2) 
PARAMETRIC_REPRESENTATION_CONTEXT() REPRESENTATION_CONTEXT('2D SPACE',''
  ) );
#9479 = ORIENTED_EDGE('',*,*,#9480,.T.);
#9480 = EDGE_CURVE('',#9453,#6268,#9481,.T.);
#9481 = SURFACE_CURVE('',#9482,(#9486,#9493),.PCURVE_S1.);
#9482 = LINE('',#9483,#9484);
#9483 = CARTESIAN_POINT('',(-95.86819256796,-8.687311640472,286.3));
#9484 = VECTOR('',#9485,1.);
#9485 = DIRECTION('',(2.735710610535E-02,-0.999625724332,0.));
#9486 = PCURVE('',#6219,#9487);
#9487 = DEFINITIONAL_REPRESENTATION('',(#9488),#9492);
#9488 = LINE('',#9489,#9490);
#9489 = CARTESIAN_POINT('',(-23.86819256796,-8.687311640472));
#9490 = VECTOR('',#9491,1.);
#9491 = DIRECTION('',(2.735710610535E-02,-0.999625724332));
#9492 = ( GEOMETRIC_REPRESENTATION_CONTEXT(2) 
PARAMETRIC_REPRESENTATION_CONTEXT() REPRESENTATION_CONTEXT('2D SPACE',''
  ) );
#9493 = PCURVE('',#6306,#9494);
#9494 = DEFINITIONAL_REPRESENTATION('',(#9495),#9499);
#9495 = LINE('',#9496,#9497);
#9496 = CARTESIAN_POINT('',(0.,0.));
#9497 = VECTOR('',#9498,1.);
#9498 = DIRECTION('',(1.,0.));
#9499 = ( GEOMETRIC_REPRESENTATION_CONTEXT(2) 
PARAMETRIC_REPRESENTATION_CONTEXT() REPRESENTATION_CONTEXT('2D SPACE',''
  ) );
#9500 = ORIENTED_EDGE('',*,*,#6267,.T.);
#9501 = ADVANCED_FACE('',(#9502,#9670),#6334,.T.);
#9502 = FACE_BOUND('',#9503,.T.);
#9503 = EDGE_LOOP('',(#9504,#9505,#9506,#9507,#9508,#9509,#9510,#9511,
    #9512,#9513,#9514,#9515,#9516,#9517,#9518,#9519,#9542,#9565,#9588,
    #9611,#9634,#9655,#9656,#9657,#9658,#9659,#9660,#9661,#9662,#9663,
    #9664,#9665,#9666,#9667,#9668,#9669));
#9504 = ORIENTED_EDGE('',*,*,#7110,.T.);
#9505 = ORIENTED_EDGE('',*,*,#7159,.T.);
#9506 = ORIENTED_EDGE('',*,*,#7208,.T.);
#9507 = ORIENTED_EDGE('',*,*,#7257,.T.);
#9508 = ORIENTED_EDGE('',*,*,#7306,.T.);
#9509 = ORIENTED_EDGE('',*,*,#7355,.T.);
#9510 = ORIENTED_EDGE('',*,*,#7404,.T.);
#9511 = ORIENTED_EDGE('',*,*,#7453,.T.);
#9512 = ORIENTED_EDGE('',*,*,#7502,.T.);
#9513 = ORIENTED_EDGE('',*,*,#7551,.T.);
#9514 = ORIENTED_EDGE('',*,*,#7600,.T.);
#9515 = ORIENTED_EDGE('',*,*,#7649,.T.);
#9516 = ORIENTED_EDGE('',*,*,#7698,.T.);
#9517 = ORIENTED_EDGE('',*,*,#7747,.T.);
#9518 = ORIENTED_EDGE('',*,*,#7796,.T.);
#9519 = ORIENTED_EDGE('',*,*,#9520,.T.);
#9520 = EDGE_CURVE('',#7797,#9521,#9523,.T.);
#9521 = VERTEX_POINT('',#9522);
#9522 = CARTESIAN_POINT('',(-95.86819256796,8.687311640472,292.3));
#9523 = SURFACE_CURVE('',#9524,(#9528,#9535),.PCURVE_S1.);
#9524 = LINE('',#9525,#9526);
#9525 = CARTESIAN_POINT('',(-97.66057002184,12.515496240828,292.3));
#9526 = VECTOR('',#9527,1.);
#9527 = DIRECTION('',(0.424029613649,-0.905648323992,0.));
#9528 = PCURVE('',#6334,#9529);
#9529 = DEFINITIONAL_REPRESENTATION('',(#9530),#9534);
#9530 = LINE('',#9531,#9532);
#9531 = CARTESIAN_POINT('',(-25.66057002184,12.515496240828));
#9532 = VECTOR('',#9533,1.);
#9533 = DIRECTION('',(0.424029613649,-0.905648323992));
#9534 = ( GEOMETRIC_REPRESENTATION_CONTEXT(2) 
PARAMETRIC_REPRESENTATION_CONTEXT() REPRESENTATION_CONTEXT('2D SPACE',''
  ) );
#9535 = PCURVE('',#7835,#9536);
#9536 = DEFINITIONAL_REPRESENTATION('',(#9537),#9541);
#9537 = LINE('',#9538,#9539);
#9538 = CARTESIAN_POINT('',(0.,-6.));
#9539 = VECTOR('',#9540,1.);
#9540 = DIRECTION('',(1.,0.));
#9541 = ( GEOMETRIC_REPRESENTATION_CONTEXT(2) 
PARAMETRIC_REPRESENTATION_CONTEXT() REPRESENTATION_CONTEXT('2D SPACE',''
  ) );
#9542 = ORIENTED_EDGE('',*,*,#9543,.T.);
#9543 = EDGE_CURVE('',#9521,#9544,#9546,.T.);
#9544 = VERTEX_POINT('',#9545);
#9545 = CARTESIAN_POINT('',(-100.3936001127,2.984287626292,292.3));
#9546 = SURFACE_CURVE('',#9547,(#9551,#9558),.PCURVE_S1.);
#9547 = LINE('',#9548,#9549);
#9548 = CARTESIAN_POINT('',(-95.86819256796,8.687311640472,292.3));
#9549 = VECTOR('',#9550,1.);
#9550 = DIRECTION('',(-0.621590270812,-0.783342540164,0.));
#9551 = PCURVE('',#6334,#9552);
#9552 = DEFINITIONAL_REPRESENTATION('',(#9553),#9557);
#9553 = LINE('',#9554,#9555);
#9554 = CARTESIAN_POINT('',(-23.86819256796,8.687311640472));
#9555 = VECTOR('',#9556,1.);
#9556 = DIRECTION('',(-0.621590270812,-0.783342540164));
#9557 = ( GEOMETRIC_REPRESENTATION_CONTEXT(2) 
PARAMETRIC_REPRESENTATION_CONTEXT() REPRESENTATION_CONTEXT('2D SPACE',''
  ) );
#9558 = PCURVE('',#9384,#9559);
#9559 = DEFINITIONAL_REPRESENTATION('',(#9560),#9564);
#9560 = LINE('',#9561,#9562);
#9561 = CARTESIAN_POINT('',(0.,-6.));
#9562 = VECTOR('',#9563,1.);
#9563 = DIRECTION('',(1.,0.));
#9564 = ( GEOMETRIC_REPRESENTATION_CONTEXT(2) 
PARAMETRIC_REPRESENTATION_CONTEXT() REPRESENTATION_CONTEXT('2D SPACE',''
  ) );
#9565 = ORIENTED_EDGE('',*,*,#9566,.T.);
#9566 = EDGE_CURVE('',#9544,#9567,#9569,.T.);
#9567 = VERTEX_POINT('',#9568);
#9568 = CARTESIAN_POINT('',(-97.4,3.110602869834E-15,292.3));
#9569 = SURFACE_CURVE('',#9570,(#9574,#9581),.PCURVE_S1.);
#9570 = LINE('',#9571,#9572);
#9571 = CARTESIAN_POINT('',(-100.3936001127,2.984287626292,292.3));
#9572 = VECTOR('',#9573,1.);
#9573 = DIRECTION('',(0.708207468515,-0.706004377847,0.));
#9574 = PCURVE('',#6334,#9575);
#9575 = DEFINITIONAL_REPRESENTATION('',(#9576),#9580);
#9576 = LINE('',#9577,#9578);
#9577 = CARTESIAN_POINT('',(-28.39360011276,2.984287626292));
#9578 = VECTOR('',#9579,1.);
#9579 = DIRECTION('',(0.708207468515,-0.706004377847));
#9580 = ( GEOMETRIC_REPRESENTATION_CONTEXT(2) 
PARAMETRIC_REPRESENTATION_CONTEXT() REPRESENTATION_CONTEXT('2D SPACE',''
  ) );
#9581 = PCURVE('',#9412,#9582);
#9582 = DEFINITIONAL_REPRESENTATION('',(#9583),#9587);
#9583 = LINE('',#9584,#9585);
#9584 = CARTESIAN_POINT('',(0.,-6.));
#9585 = VECTOR('',#9586,1.);
#9586 = DIRECTION('',(1.,0.));
#9587 = ( GEOMETRIC_REPRESENTATION_CONTEXT(2) 
PARAMETRIC_REPRESENTATION_CONTEXT() REPRESENTATION_CONTEXT('2D SPACE',''
  ) );
#9588 = ORIENTED_EDGE('',*,*,#9589,.T.);
#9589 = EDGE_CURVE('',#9567,#9590,#9592,.T.);
#9590 = VERTEX_POINT('',#9591);
#9591 = CARTESIAN_POINT('',(-99.70194298518,-6.906870119371,292.3));
#9592 = SURFACE_CURVE('',#9593,(#9597,#9604),.PCURVE_S1.);
#9593 = LINE('',#9594,#9595);
#9594 = CARTESIAN_POINT('',(-97.4,3.110602869834E-15,292.3));
#9595 = VECTOR('',#9596,1.);
#9596 = DIRECTION('',(-0.316184862775,-0.948697598053,0.));
#9597 = PCURVE('',#6334,#9598);
#9598 = DEFINITIONAL_REPRESENTATION('',(#9599),#9603);
#9599 = LINE('',#9600,#9601);
#9600 = CARTESIAN_POINT('',(-25.4,1.605527159987E-15));
#9601 = VECTOR('',#9602,1.);
#9602 = DIRECTION('',(-0.316184862775,-0.948697598053));
#9603 = ( GEOMETRIC_REPRESENTATION_CONTEXT(2) 
PARAMETRIC_REPRESENTATION_CONTEXT() REPRESENTATION_CONTEXT('2D SPACE',''
  ) );
#9604 = PCURVE('',#9440,#9605);
#9605 = DEFINITIONAL_REPRESENTATION('',(#9606),#9610);
#9606 = LINE('',#9607,#9608);
#9607 = CARTESIAN_POINT('',(0.,-6.));
#9608 = VECTOR('',#9609,1.);
#9609 = DIRECTION('',(1.,0.));
#9610 = ( GEOMETRIC_REPRESENTATION_CONTEXT(2) 
PARAMETRIC_REPRESENTATION_CONTEXT() REPRESENTATION_CONTEXT('2D SPACE',''
  ) );
#9611 = ORIENTED_EDGE('',*,*,#9612,.T.);
#9612 = EDGE_CURVE('',#9590,#9613,#9615,.T.);
#9613 = VERTEX_POINT('',#9614);
#9614 = CARTESIAN_POINT('',(-95.86819256796,-8.687311640472,292.3));
#9615 = SURFACE_CURVE('',#9616,(#9620,#9627),.PCURVE_S1.);
#9616 = LINE('',#9617,#9618);
#9617 = CARTESIAN_POINT('',(-99.70194298518,-6.906870119371,292.3));
#9618 = VECTOR('',#9619,1.);
#9619 = DIRECTION('',(0.906965050649,-0.42120588422,0.));
#9620 = PCURVE('',#6334,#9621);
#9621 = DEFINITIONAL_REPRESENTATION('',(#9622),#9626);
#9622 = LINE('',#9623,#9624);
#9623 = CARTESIAN_POINT('',(-27.70194298518,-6.906870119371));
#9624 = VECTOR('',#9625,1.);
#9625 = DIRECTION('',(0.906965050649,-0.42120588422));
#9626 = ( GEOMETRIC_REPRESENTATION_CONTEXT(2) 
PARAMETRIC_REPRESENTATION_CONTEXT() REPRESENTATION_CONTEXT('2D SPACE',''
  ) );
#9627 = PCURVE('',#9468,#9628);
#9628 = DEFINITIONAL_REPRESENTATION('',(#9629),#9633);
#9629 = LINE('',#9630,#9631);
#9630 = CARTESIAN_POINT('',(0.,-6.));
#9631 = VECTOR('',#9632,1.);
#9632 = DIRECTION('',(1.,0.));
#9633 = ( GEOMETRIC_REPRESENTATION_CONTEXT(2) 
PARAMETRIC_REPRESENTATION_CONTEXT() REPRESENTATION_CONTEXT('2D SPACE',''
  ) );
#9634 = ORIENTED_EDGE('',*,*,#9635,.T.);
#9635 = EDGE_CURVE('',#9613,#6291,#9636,.T.);
#9636 = SURFACE_CURVE('',#9637,(#9641,#9648),.PCURVE_S1.);
#9637 = LINE('',#9638,#9639);
#9638 = CARTESIAN_POINT('',(-95.86819256796,-8.687311640472,292.3));
#9639 = VECTOR('',#9640,1.);
#9640 = DIRECTION('',(2.735710610535E-02,-0.999625724332,0.));
#9641 = PCURVE('',#6334,#9642);
#9642 = DEFINITIONAL_REPRESENTATION('',(#9643),#9647);
#9643 = LINE('',#9644,#9645);
#9644 = CARTESIAN_POINT('',(-23.86819256796,-8.687311640472));
#9645 = VECTOR('',#9646,1.);
#9646 = DIRECTION('',(2.735710610535E-02,-0.999625724332));
#9647 = ( GEOMETRIC_REPRESENTATION_CONTEXT(2) 
PARAMETRIC_REPRESENTATION_CONTEXT() REPRESENTATION_CONTEXT('2D SPACE',''
  ) );
#9648 = PCURVE('',#6306,#9649);
#9649 = DEFINITIONAL_REPRESENTATION('',(#9650),#9654);
#9650 = LINE('',#9651,#9652);
#9651 = CARTESIAN_POINT('',(0.,-6.));
#9652 = VECTOR('',#9653,1.);
#9653 = DIRECTION('',(1.,0.));
#9654 = ( GEOMETRIC_REPRESENTATION_CONTEXT(2) 
PARAMETRIC_REPRESENTATION_CONTEXT() REPRESENTATION_CONTEXT('2D SPACE',''
  ) );
#9655 = ORIENTED_EDGE('',*,*,#6318,.T.);
#9656 = ORIENTED_EDGE('',*,*,#6424,.T.);
#9657 = ORIENTED_EDGE('',*,*,#6473,.T.);
#9658 = ORIENTED_EDGE('',*,*,#6522,.T.);
#9659 = ORIENTED_EDGE('',*,*,#6571,.T.);
#9660 = ORIENTED_EDGE('',*,*,#6620,.T.);
#9661 = ORIENTED_EDGE('',*,*,#6669,.T.);
#9662 = ORIENTED_EDGE('',*,*,#6718,.T.);
#9663 = ORIENTED_EDGE('',*,*,#6767,.T.);
#9664 = ORIENTED_EDGE('',*,*,#6816,.T.);
#9665 = ORIENTED_EDGE('',*,*,#6865,.T.);
#9666 = ORIENTED_EDGE('',*,*,#6914,.T.);
#9667 = ORIENTED_EDGE('',*,*,#6963,.T.);
#9668 = ORIENTED_EDGE('',*,*,#7012,.T.);
#9669 = ORIENTED_EDGE('',*,*,#7061,.T.);
#9670 = FACE_BOUND('',#9671,.T.);
#9671 = EDGE_LOOP('',(#9672,#9947,#9980));
#9672 = ORIENTED_EDGE('',*,*,#9673,.F.);
#9673 = EDGE_CURVE('',#9674,#9676,#9678,.T.);
#9674 = VERTEX_POINT('',#9675);
#9675 = CARTESIAN_POINT('',(-90.59033498217,8.399966979134,292.3));
#9676 = VERTEX_POINT('',#9677);
#9677 = CARTESIAN_POINT('',(-72.00001405264,-22.59999476974,292.3));
#9678 = SURFACE_CURVE('',#9679,(#9722,#9768),.PCURVE_S1.);
#9679 = B_SPLINE_CURVE_WITH_KNOTS('',6,(#9680,#9681,#9682,#9683,#9684,
    #9685,#9686,#9687,#9688,#9689,#9690,#9691,#9692,#9693,#9694,#9695,
    #9696,#9697,#9698,#9699,#9700,#9701,#9702,#9703,#9704,#9705,#9706,
    #9707,#9708,#9709,#9710,#9711,#9712,#9713,#9714,#9715,#9716,#9717,
    #9718,#9719,#9720,#9721),.UNSPECIFIED.,.F.,.F.,(7,5,5,5,5,5,5,5,7),(
    0.,0.102364180277,0.209484623583,0.322495411066,0.441616039438,
    0.568086171622,0.703236536387,0.846382256747,1.),.UNSPECIFIED.);
#9680 = CARTESIAN_POINT('',(-74.86170682082,19.086655559732,292.3));
#9681 = CARTESIAN_POINT('',(-75.92772760905,18.988566768319,292.3));
#9682 = CARTESIAN_POINT('',(-76.98726804272,18.819402450015,292.3));
#9683 = CARTESIAN_POINT('',(-78.034372411,18.580037742658,292.3));
#9684 = CARTESIAN_POINT('',(-79.06336188822,18.272005551539,292.3));
#9685 = CARTESIAN_POINT('',(-80.06880945414,17.89738370085,292.3));
#9686 = CARTESIAN_POINT('',(-82.06768484983,16.999923172943,292.3));
#9687 = CARTESIAN_POINT('',(-83.05844465233,16.470978959117,292.3));
#9688 = CARTESIAN_POINT('',(-84.01191938752,15.875050821934,292.3));
#9689 = CARTESIAN_POINT('',(-84.92273461958,15.215785720757,292.3));
#9690 = CARTESIAN_POINT('',(-85.78598542077,14.497319966751,292.3));
#9691 = CARTESIAN_POINT('',(-87.4531724586,12.908830126134,292.3));
#9692 = CARTESIAN_POINT('',(-88.25129505584,12.032588994567,292.3));
#9693 = CARTESIAN_POINT('',(-88.98646547057,11.101074461495,292.3));
#9694 = CARTESIAN_POINT('',(-89.65434606095,10.120214587957,292.3));
#9695 = CARTESIAN_POINT('',(-90.25130575389,9.096290280729,292.3));
#9696 = CARTESIAN_POINT('',(-91.32595149477,6.918340749387,292.3));
#9697 = CARTESIAN_POINT('',(-91.79548710907,5.760187365156,292.3));
#9698 = CARTESIAN_POINT('',(-92.1797245737,4.569319473471,292.3));
#9699 = CARTESIAN_POINT('',(-92.47640128338,3.353702177599,292.3));
#9700 = CARTESIAN_POINT('',(-92.68416339999,2.121399226464,292.3));
#9701 = CARTESIAN_POINT('',(-92.92847672793,-0.436764531994,292.3));
#9702 = CARTESIAN_POINT('',(-92.95368492866,-1.763826337013,292.3));
#9703 = CARTESIAN_POINT('',(-92.87784168651,-3.090804898698,292.3));
#9704 = CARTESIAN_POINT('',(-92.70181355201,-4.408207517805,292.3));
#9705 = CARTESIAN_POINT('',(-92.42751784541,-5.706821128555,292.3));
#9706 = CARTESIAN_POINT('',(-91.66324052055,-8.33587289441,292.3));
#9707 = CARTESIAN_POINT('',(-91.15970472236,-9.662524235148,292.3));
#9708 = CARTESIAN_POINT('',(-90.55119365617,-10.94680351446,292.3));
#9709 = CARTESIAN_POINT('',(-89.84282410288,-12.17877240861,292.3));
#9710 = CARTESIAN_POINT('',(-89.04077297765,-13.34928670072,292.3));
#9711 = CARTESIAN_POINT('',(-87.2115228674,-15.61601494703,292.3));
#9712 = CARTESIAN_POINT('',(-86.17369255776,-16.70388679758,292.3));
#9713 = CARTESIAN_POINT('',(-85.04766988843,-17.70387769375,292.3));
#9714 = CARTESIAN_POINT('',(-83.84325098806,-18.60782088196,292.3));
#9715 = CARTESIAN_POINT('',(-82.57101334976,-19.40889874597,292.3));
#9716 = CARTESIAN_POINT('',(-79.8167049004,-20.84546626064,292.3));
#9717 = CARTESIAN_POINT('',(-78.32587535765,-21.46466753643,292.3));
#9718 = CARTESIAN_POINT('',(-76.7841351483,-21.95285619273,292.3));
#9719 = CARTESIAN_POINT('',(-75.20603440335,-22.30591376135,292.3));
#9720 = CARTESIAN_POINT('',(-73.60632124958,-22.52162033071,292.3));
#9721 = CARTESIAN_POINT('',(-72.00001405264,-22.59999476974,292.3));
#9722 = PCURVE('',#6334,#9723);
#9723 = DEFINITIONAL_REPRESENTATION('',(#9724),#9767);
#9724 = B_SPLINE_CURVE_WITH_KNOTS('',6,(#9725,#9726,#9727,#9728,#9729,
    #9730,#9731,#9732,#9733,#9734,#9735,#9736,#9737,#9738,#9739,#9740,
    #9741,#9742,#9743,#9744,#9745,#9746,#9747,#9748,#9749,#9750,#9751,
    #9752,#9753,#9754,#9755,#9756,#9757,#9758,#9759,#9760,#9761,#9762,
    #9763,#9764,#9765,#9766),.UNSPECIFIED.,.F.,.F.,(7,5,5,5,5,5,5,5,7),(
    0.,0.102364180277,0.209484623583,0.322495411066,0.441616039438,
    0.568086171622,0.703236536387,0.846382256747,1.),.UNSPECIFIED.);
#9725 = CARTESIAN_POINT('',(-2.86170682082,19.086655559732));
#9726 = CARTESIAN_POINT('',(-3.927727609057,18.988566768319));
#9727 = CARTESIAN_POINT('',(-4.987268042726,18.819402450015));
#9728 = CARTESIAN_POINT('',(-6.034372411008,18.580037742658));
#9729 = CARTESIAN_POINT('',(-7.063361888227,18.272005551539));
#9730 = CARTESIAN_POINT('',(-8.068809454149,17.89738370085));
#9731 = CARTESIAN_POINT('',(-10.06768484983,16.999923172943));
#9732 = CARTESIAN_POINT('',(-11.05844465233,16.470978959117));
#9733 = CARTESIAN_POINT('',(-12.01191938752,15.875050821934));
#9734 = CARTESIAN_POINT('',(-12.92273461958,15.215785720757));
#9735 = CARTESIAN_POINT('',(-13.78598542077,14.497319966751));
#9736 = CARTESIAN_POINT('',(-15.4531724586,12.908830126134));
#9737 = CARTESIAN_POINT('',(-16.25129505584,12.032588994567));
#9738 = CARTESIAN_POINT('',(-16.98646547057,11.101074461495));
#9739 = CARTESIAN_POINT('',(-17.65434606095,10.120214587957));
#9740 = CARTESIAN_POINT('',(-18.25130575389,9.096290280729));
#9741 = CARTESIAN_POINT('',(-19.32595149477,6.918340749387));
#9742 = CARTESIAN_POINT('',(-19.79548710907,5.760187365156));
#9743 = CARTESIAN_POINT('',(-20.1797245737,4.569319473471));
#9744 = CARTESIAN_POINT('',(-20.47640128338,3.353702177599));
#9745 = CARTESIAN_POINT('',(-20.68416339999,2.121399226464));
#9746 = CARTESIAN_POINT('',(-20.92847672793,-0.436764531994));
#9747 = CARTESIAN_POINT('',(-20.95368492866,-1.763826337013));
#9748 = CARTESIAN_POINT('',(-20.87784168651,-3.090804898698));
#9749 = CARTESIAN_POINT('',(-20.70181355201,-4.408207517805));
#9750 = CARTESIAN_POINT('',(-20.42751784541,-5.706821128555));
#9751 = CARTESIAN_POINT('',(-19.66324052055,-8.33587289441));
#9752 = CARTESIAN_POINT('',(-19.15970472236,-9.662524235148));
#9753 = CARTESIAN_POINT('',(-18.55119365617,-10.94680351446));
#9754 = CARTESIAN_POINT('',(-17.84282410288,-12.17877240861));
#9755 = CARTESIAN_POINT('',(-17.04077297765,-13.34928670072));
#9756 = CARTESIAN_POINT('',(-15.2115228674,-15.61601494703));
#9757 = CARTESIAN_POINT('',(-14.17369255776,-16.70388679758));
#9758 = CARTESIAN_POINT('',(-13.04766988843,-17.70387769375));
#9759 = CARTESIAN_POINT('',(-11.84325098806,-18.60782088196));
#9760 = CARTESIAN_POINT('',(-10.57101334976,-19.40889874597));
#9761 = CARTESIAN_POINT('',(-7.816704900407,-20.84546626064));
#9762 = CARTESIAN_POINT('',(-6.325875357651,-21.46466753643));
#9763 = CARTESIAN_POINT('',(-4.784135148308,-21.95285619273));
#9764 = CARTESIAN_POINT('',(-3.206034403352,-22.30591376135));
#9765 = CARTESIAN_POINT('',(-1.606321249589,-22.52162033071));
#9766 = CARTESIAN_POINT('',(-1.405264920606E-05,-22.59999476974));
#9767 = ( GEOMETRIC_REPRESENTATION_CONTEXT(2) 
PARAMETRIC_REPRESENTATION_CONTEXT() REPRESENTATION_CONTEXT('2D SPACE',''
  ) );
#9768 = PCURVE('',#9769,#9902);
#9769 = B_SPLINE_SURFACE_WITH_KNOTS('',1,9,(
    (#9770,#9771,#9772,#9773,#9774,#9775,#9776,#9777,#9778,#9779,#9780
      ,#9781,#9782,#9783,#9784,#9785,#9786,#9787,#9788,#9789,#9790,#9791
      ,#9792,#9793,#9794,#9795,#9796,#9797,#9798,#9799,#9800,#9801,#9802
      ,#9803,#9804,#9805,#9806,#9807,#9808,#9809,#9810,#9811,#9812,#9813
      ,#9814,#9815,#9816,#9817,#9818,#9819,#9820,#9821,#9822,#9823,#9824
      ,#9825,#9826,#9827,#9828,#9829,#9830,#9831,#9832,#9833,#9834,#9835
      )
    ,(#9836,#9837,#9838,#9839,#9840,#9841,#9842,#9843,#9844,#9845,#9846
      ,#9847,#9848,#9849,#9850,#9851,#9852,#9853,#9854,#9855,#9856,#9857
      ,#9858,#9859,#9860,#9861,#9862,#9863,#9864,#9865,#9866,#9867,#9868
      ,#9869,#9870,#9871,#9872,#9873,#9874,#9875,#9876,#9877,#9878,#9879
      ,#9880,#9881,#9882,#9883,#9884,#9885,#9886,#9887,#9888,#9889,#9890
      ,#9891,#9892,#9893,#9894,#9895,#9896,#9897,#9898,#9899,#9900,#9901
      )),.UNSPECIFIED.,.F.,.F.,.F.,(2,2),(10,8,8,8,8,8,8,8,10),(0.,
    3.810511776652),(0.,4.562134928341,9.124269856681,13.686404785022,
    18.248539713362,22.810674641703,27.372809570043,31.934944498384,
    36.497079426724),.UNSPECIFIED.);
#9770 = CARTESIAN_POINT('',(-49.4,-3.552713678801E-15,289.3));
#9771 = CARTESIAN_POINT('',(-49.39999999968,9.663887596734,
    289.57222338103));
#9772 = CARTESIAN_POINT('',(-54.04901191533,19.32836833672,
    289.84444084933));
#9773 = CARTESIAN_POINT('',(-63.34600474394,26.432501610206,
    290.11667482276));
#9774 = CARTESIAN_POINT('',(-75.65503041373,28.442022965564,
    290.38887744831));
#9775 = CARTESIAN_POINT('',(-87.69230935959,24.001236296422,
    290.66112270457));
#9776 = CARTESIAN_POINT('',(-95.74708620523,14.479111600686,
    290.93332565621));
#9777 = CARTESIAN_POINT('',(-98.20280951342,3.039172411905,
    291.20555912628));
#9778 = CARTESIAN_POINT('',(-95.46136776943,-7.329048099998,
    291.47777708004));
#9779 = CARTESIAN_POINT('',(-82.90898187993,-22.02600367793,
    292.02222316092));
#9780 = CARTESIAN_POINT('',(-73.09726733984,-26.35564075715,
    292.29444116312));
#9781 = CARTESIAN_POINT('',(-61.41401302945,-25.7197522492,
    292.56667446627));
#9782 = CARTESIAN_POINT('',(-50.74907676911,-19.25373155908,
    292.83887777237));
#9783 = CARTESIAN_POINT('',(-44.47991827459,-8.059343580579,
    293.1111224716));
#9784 = CARTESIAN_POINT('',(-44.53914321555,4.412495955271,
    293.38332578411));
#9785 = CARTESIAN_POINT('',(-50.10144273819,14.706358665424,
    293.65555907737));
#9786 = CARTESIAN_POINT('',(-58.9196719718,20.809991406674,
    293.9277770891));
#9787 = CARTESIAN_POINT('',(-78.00949020094,23.833521586105,
    294.4722231566));
#9788 = CARTESIAN_POINT('',(-88.28225082125,20.753604591477,
    294.74444116929));
#9789 = CARTESIAN_POINT('',(-96.75329054583,12.682404466193,
    295.01667445926));
#9790 = CARTESIAN_POINT('',(-100.6636271834,0.839281720246,
    295.28887777875));
#9791 = CARTESIAN_POINT('',(-98.16055927696,-11.74449042908,
    295.56112246701));
#9792 = CARTESIAN_POINT('',(-90.01571243299,-21.18968809163,
    295.83332578662));
#9793 = CARTESIAN_POINT('',(-79.10077764659,-25.40477813639,
    296.1055590764));
#9794 = CARTESIAN_POINT('',(-68.43135115981,-24.31903511914,
    296.37777708928));
#9795 = CARTESIAN_POINT('',(-51.95171372205,-14.22030031287,
    296.92222315651));
#9796 = CARTESIAN_POINT('',(-46.14049134436,-5.206688720773,
    297.19444116941));
#9797 = CARTESIAN_POINT('',(-44.94088737202,6.432200220488,
    297.46667445912));
#9798 = CARTESIAN_POINT('',(-49.65893701871,17.977341905494,
    297.73887777887));
#9799 = CARTESIAN_POINT('',(-59.73479105017,25.920504750852,
    298.01112246692));
#9800 = CARTESIAN_POINT('',(-72.06234636724,27.813034512976,
    298.28332578667));
#9801 = CARTESIAN_POINT('',(-83.09960989607,23.929531033865,
    298.55555907638));
#9802 = CARTESIAN_POINT('',(-90.50757176261,16.1746873578,
    298.82777708928));
#9803 = CARTESIAN_POINT('',(-96.48018277067,-2.207119205045,
    299.37222315652));
#9804 = CARTESIAN_POINT('',(-95.04519847719,-12.83521026288,
    299.6444411694));
#9805 = CARTESIAN_POINT('',(-88.39853078648,-22.46457130535,
    299.91667445915));
#9806 = CARTESIAN_POINT('',(-77.31292795413,-28.17943778141,
    300.18887777883));
#9807 = CARTESIAN_POINT('',(-64.49251683259,-27.6757224587,
    300.46112246697));
#9808 = CARTESIAN_POINT('',(-53.88947046782,-21.10870663859,
    300.73332578664));
#9809 = CARTESIAN_POINT('',(-48.01880319178,-10.98753816792,
    301.0055590764));
#9810 = CARTESIAN_POINT('',(-47.42211288606,-0.27962239803,
    301.27777708928));
#9811 = CARTESIAN_POINT('',(-54.81853224235,17.576913533486,
    301.82222315652));
#9812 = CARTESIAN_POINT('',(-62.81209585463,24.726629628019,
    302.09444116939));
#9813 = CARTESIAN_POINT('',(-74.12003135373,27.732187850028,
    302.36667445917));
#9814 = CARTESIAN_POINT('',(-86.26109875903,24.878283286948,
    302.63887777878));
#9815 = CARTESIAN_POINT('',(-95.68267892409,16.169064168974,
    302.91112246705));
#9816 = CARTESIAN_POINT('',(-99.48036302563,4.289338395178,
    303.18332578653));
#9817 = CARTESIAN_POINT('',(-97.3712803343,-7.219551893565,
    303.45555907651));
#9818 = CARTESIAN_POINT('',(-90.87077220394,-15.74943427864,
    303.7277770892));
#9819 = CARTESIAN_POINT('',(-73.64959839069,-24.52406061035,
    304.27222315669));
#9820 = CARTESIAN_POINT('',(-62.92787576977,-24.76934309375,
    304.54444116843));
#9821 = CARTESIAN_POINT('',(-52.37730023628,-19.71087085529,
    304.81667446169));
#9822 = CARTESIAN_POINT('',(-44.99862290102,-9.655752269051,
    305.0888777742));
#9823 = CARTESIAN_POINT('',(-43.49058249697,3.085616754039,
    305.36112247342));
#9824 = CARTESIAN_POINT('',(-48.31806556895,14.585429630439,
    305.63332577952));
#9825 = CARTESIAN_POINT('',(-57.39625096607,21.967118825402,
    305.90555908268));
#9826 = CARTESIAN_POINT('',(-67.87899159514,24.231549958768,
    306.17777708487));
#9827 = CARTESIAN_POINT('',(-86.67273884354,19.719570443955,
    306.72222316576));
#9828 = CARTESIAN_POINT('',(-94.98489891523,12.942882878357,
    306.99444111951));
#9829 = CARTESIAN_POINT('',(-99.72240457134,2.244339717359,
    307.2666745896));
#9830 = CARTESIAN_POINT('',(-98.80291768818,-10.19370002474,
    307.5388775412));
#9831 = CARTESIAN_POINT('',(-91.67478337127,-20.86170695298,
    307.81112279751));
#9832 = CARTESIAN_POINT('',(-80.53540540526,-26.47103378853,
    308.08332542301));
#9833 = CARTESIAN_POINT('',(-68.83827544177,-26.18830451925,
    308.35555939648));
#9834 = CARTESIAN_POINT('',(-59.3965065432,-21.10219600376,
    308.62777686476));
#9835 = CARTESIAN_POINT('',(-53.71621593163,-13.28394670801,
    308.9000002458));
#9836 = CARTESIAN_POINT('',(-52.7,-3.552713678801E-15,291.20525588832));
#9837 = CARTESIAN_POINT('',(-52.70000102473,8.25278955087,
    291.47747753114));
#9838 = CARTESIAN_POINT('',(-56.67017129836,16.506082148771,
    291.74970213032));
#9839 = CARTESIAN_POINT('',(-64.60964521104,22.572892266999,
    292.02191847694));
#9840 = CARTESIAN_POINT('',(-75.12132887548,24.288980337867,
    292.2941504975));
#9841 = CARTESIAN_POINT('',(-85.40095301564,20.496632857648,
    292.5663612027));
#9842 = CARTESIAN_POINT('',(-92.27959489555,12.364904554709,
    292.83859306021));
#9843 = CARTESIAN_POINT('',(-94.37673257623,2.595399381604,
    293.11080965851));
#9844 = CARTESIAN_POINT('',(-92.03559366714,-6.258877324868,
    293.38303401496));
#9845 = CARTESIAN_POINT('',(-81.31607644026,-18.80981720161,
    293.92747764119));
#9846 = CARTESIAN_POINT('',(-72.93705014471,-22.50725048502,
    294.19970197342));
#9847 = CARTESIAN_POINT('',(-62.95974928518,-21.96421364056,
    294.47191865519));
#9848 = CARTESIAN_POINT('',(-53.85209180456,-16.44234441385,
    294.74415033546));
#9849 = CARTESIAN_POINT('',(-48.49833733472,-6.882539252344,
    295.01636131919));
#9850 = CARTESIAN_POINT('',(-48.54891184318,3.76819621217,
    295.28859299626));
#9851 = CARTESIAN_POINT('',(-53.29902202881,12.558968098536,
    295.56080968297));
#9852 = CARTESIAN_POINT('',(-60.82963070834,17.771364865278,
    295.83303401043));
#9853 = CARTESIAN_POINT('',(-77.13199897282,20.353404871681,
    296.37747764335));
#9854 = CARTESIAN_POINT('',(-85.90475137645,17.723212929294,
    296.64970197034));
#9855 = CARTESIAN_POINT('',(-93.13887626083,10.830545894815,
    296.9219186587));
#9856 = CARTESIAN_POINT('',(-96.47822614015,0.716733225621,
    297.19415033227));
#9857 = CARTESIAN_POINT('',(-94.34065618032,-10.02958504716,
    297.46636132149));
#9858 = CARTESIAN_POINT('',(-87.3850996568,-18.09562231249,297.738592995
    ));
#9859 = CARTESIAN_POINT('',(-78.06393789187,-21.69522790972,
    298.01080968346));
#9860 = CARTESIAN_POINT('',(-68.95243721928,-20.7680263959,
    298.28303401034));
#9861 = CARTESIAN_POINT('',(-54.87911829488,-12.14388376781,
    298.8274776434));
#9862 = CARTESIAN_POINT('',(-49.91643805599,-4.446423197004,
    299.09970197028));
#9863 = CARTESIAN_POINT('',(-48.89199549155,5.492990222279,
    299.37191865877));
#9864 = CARTESIAN_POINT('',(-52.92112982105,15.35232797289,
    299.64415033221));
#9865 = CARTESIAN_POINT('',(-61.52572619958,22.135651857023,
    299.91636132153));
#9866 = CARTESIAN_POINT('',(-72.05324503373,23.751842103177,
    300.18859299498));
#9867 = CARTESIAN_POINT('',(-81.47886887605,20.435393356663,
    300.46080968346));
#9868 = CARTESIAN_POINT('',(-87.80513912948,13.812897465086,
    300.73303401034));
#9869 = CARTESIAN_POINT('',(-92.90564219705,-1.884841546483,
    301.27747764339));
#9870 = CARTESIAN_POINT('',(-91.68019311128,-10.96103948012,
    301.54970197029));
#9871 = CARTESIAN_POINT('',(-86.00405270195,-19.18435096281,
    301.82191865873));
#9872 = CARTESIAN_POINT('',(-76.53714726167,-24.06473677849,
    302.09415033226));
#9873 = CARTESIAN_POINT('',(-65.58874438611,-23.63457840187,
    302.36636132148));
#9874 = CARTESIAN_POINT('',(-56.53392466052,-18.026462546,
    302.63859299501));
#9875 = CARTESIAN_POINT('',(-51.52048522718,-9.383162125854,
    302.91080968344));
#9876 = CARTESIAN_POINT('',(-51.01091861831,-0.238792873448,
    303.18303401035));
#9877 = CARTESIAN_POINT('',(-57.32733162243,15.010373280131,
    303.72747764339));
#9878 = CARTESIAN_POINT('',(-64.15368945205,21.116102816719,
    303.99970197029));
#9879 = CARTESIAN_POINT('',(-73.81047407416,23.682799614345,
    304.27191865874));
#9880 = CARTESIAN_POINT('',(-84.17872248972,21.245610840966,
    304.54415033225));
#9881 = CARTESIAN_POINT('',(-92.22458783209,13.808096965527,
    304.81636132147));
#9882 = CARTESIAN_POINT('',(-95.46774687123,3.663017214032,
    305.08859299505));
#9883 = CARTESIAN_POINT('',(-93.66662153574,-6.165368443204,
    305.3608096834));
#9884 = CARTESIAN_POINT('',(-88.11530626065,-13.44973841411,
    305.63303401039));
#9885 = CARTESIAN_POINT('',(-73.40872693421,-20.9431132296,
    306.1774776433));
#9886 = CARTESIAN_POINT('',(-64.25256958526,-21.15258162454,
    306.44970197077));
#9887 = CARTESIAN_POINT('',(-55.24255672669,-16.83273325344,
    306.72191865747));
#9888 = CARTESIAN_POINT('',(-48.94130626592,-8.2458416767,
    306.99415033456));
#9889 = CARTESIAN_POINT('',(-47.65346113978,2.635059793166,
    307.26636131827));
#9890 = CARTESIAN_POINT('',(-51.77604589429,12.45570225874,
    307.53859299856));
#9891 = CARTESIAN_POINT('',(-59.52865823687,18.759528018019,
    307.81080968031));
#9892 = CARTESIAN_POINT('',(-68.48073134245,20.693315522695,
    308.08303401255));
#9893 = CARTESIAN_POINT('',(-84.53025965469,16.840163201061,
    308.62747763877));
#9894 = CARTESIAN_POINT('',(-91.62869512385,11.052995665814,
    308.89970199523));
#9895 = CARTESIAN_POINT('',(-95.67444568371,1.916622024801,
    309.17191859351));
#9896 = CARTESIAN_POINT('',(-94.88921389237,-8.705236568495,
    309.44415045106));
#9897 = CARTESIAN_POINT('',(-88.80191918165,-17.81552715445,
    309.71636115622));
#9898 = CARTESIAN_POINT('',(-79.28908357386,-22.60579802295,
    309.98859317682));
#9899 = CARTESIAN_POINT('',(-69.29994404005,-22.36434541216,
    310.26080952341));
#9900 = CARTESIAN_POINT('',(-61.23683934546,-18.02090285383,
    310.53303412261));
#9901 = CARTESIAN_POINT('',(-56.38597217852,-11.34425524101,
    310.80525576542));
#9902 = DEFINITIONAL_REPRESENTATION('',(#9903),#9946);
#9903 = B_SPLINE_CURVE_WITH_KNOTS('',6,(#9904,#9905,#9906,#9907,#9908,
    #9909,#9910,#9911,#9912,#9913,#9914,#9915,#9916,#9917,#9918,#9919,
    #9920,#9921,#9922,#9923,#9924,#9925,#9926,#9927,#9928,#9929,#9930,
    #9931,#9932,#9933,#9934,#9935,#9936,#9937,#9938,#9939,#9940,#9941,
    #9942,#9943,#9944,#9945),.UNSPECIFIED.,.F.,.F.,(7,5,5,5,5,5,5,5,7),(
    0.,0.102364180277,0.209484623583,0.322495411066,0.441616039438,
    0.568086171622,0.703236536387,0.846382256747,1.),.UNSPECIFIED.);
#9904 = CARTESIAN_POINT('',(3.810511776652,2.038518610696));
#9905 = CARTESIAN_POINT('',(3.740003202288,2.104165470495));
#9906 = CARTESIAN_POINT('',(3.669757570958,2.169567518841));
#9907 = CARTESIAN_POINT('',(3.599775225107,2.234724436184));
#9908 = CARTESIAN_POINT('',(3.530049987798,2.299641972689));
#9909 = CARTESIAN_POINT('',(3.460576442688,2.364325170752));
#9910 = CARTESIAN_POINT('',(3.318918227668,2.496215751741));
#9911 = CARTESIAN_POINT('',(3.246753270282,2.563404781263));
#9912 = CARTESIAN_POINT('',(3.174861368262,2.630339581854));
#9913 = CARTESIAN_POINT('',(3.10323581736,2.697026395807));
#9914 = CARTESIAN_POINT('',(3.031870782676,2.763470656324));
#9915 = CARTESIAN_POINT('',(2.885754695598,2.89951172199));
#9916 = CARTESIAN_POINT('',(2.811028172659,2.969085689057));
#9917 = CARTESIAN_POINT('',(2.736589480808,3.038391672283));
#9918 = CARTESIAN_POINT('',(2.662431096356,3.10743667702));
#9919 = CARTESIAN_POINT('',(2.588546508449,3.176226764901));
#9920 = CARTESIAN_POINT('',(2.43734943726,3.316998475817));
#9921 = CARTESIAN_POINT('',(2.36006158478,3.388957166418));
#9922 = CARTESIAN_POINT('',(2.283076296334,3.460634155005));
#9923 = CARTESIAN_POINT('',(2.206385078166,3.532037348524));
#9924 = CARTESIAN_POINT('',(2.129980642029,3.603173532049));
#9925 = CARTESIAN_POINT('',(1.973054922891,3.749278877963));
#9926 = CARTESIAN_POINT('',(1.892563209572,3.824220509391));
#9927 = CARTESIAN_POINT('',(1.812393864955,3.898862000133));
#9928 = CARTESIAN_POINT('',(1.732537149317,3.973212420982));
#9929 = CARTESIAN_POINT('',(1.652984903214,4.047279375734));
#9930 = CARTESIAN_POINT('',(1.489058972451,4.199902295667));
#9931 = CARTESIAN_POINT('',(1.404720313542,4.278425684971));
#9932 = CARTESIAN_POINT('',(1.320728889244,4.356625632078));
#9933 = CARTESIAN_POINT('',(1.23707662337,4.434510141779));
#9934 = CARTESIAN_POINT('',(1.153748669365,4.512092277342));
#9935 = CARTESIAN_POINT('',(0.98284905668,4.671207788698));
#9936 = CARTESIAN_POINT('',(0.89530701961,4.752713620827));
#9937 = CARTESIAN_POINT('',(0.808132808587,4.833877031706));
#9938 = CARTESIAN_POINT('',(0.721313363695,4.914710140141));
#9939 = CARTESIAN_POINT('',(0.634837715021,4.995223146406));
#9940 = CARTESIAN_POINT('',(0.456289155535,5.16146044985));
#9941 = CARTESIAN_POINT('',(0.36425567197,5.247148036187));
#9942 = CARTESIAN_POINT('',(0.272622572392,5.332462824978));
#9943 = CARTESIAN_POINT('',(0.181373795662,5.417419781343));
#9944 = CARTESIAN_POINT('',(9.049605147216E-02,5.502031288091));
#9945 = CARTESIAN_POINT('',(0.,5.586287425112));
#9946 = ( GEOMETRIC_REPRESENTATION_CONTEXT(2) 
PARAMETRIC_REPRESENTATION_CONTEXT() REPRESENTATION_CONTEXT('2D SPACE',''
  ) );
#9947 = ORIENTED_EDGE('',*,*,#9948,.T.);
#9948 = EDGE_CURVE('',#9674,#9949,#9951,.T.);
#9949 = VERTEX_POINT('',#9950);
#9950 = CARTESIAN_POINT('',(-53.40961908237,8.399865316638,292.3));
#9951 = SURFACE_CURVE('',#9952,(#9957,#9968),.PCURVE_S1.);
#9952 = CIRCLE('',#9953,20.4);
#9953 = AXIS2_PLACEMENT_3D('',#9954,#9955,#9956);
#9954 = CARTESIAN_POINT('',(-72.,0.,292.3));
#9955 = DIRECTION('',(0.,0.,-1.));
#9956 = DIRECTION('',(1.,0.,0.));
#9957 = PCURVE('',#6334,#9958);
#9958 = DEFINITIONAL_REPRESENTATION('',(#9959),#9967);
#9959 = ( BOUNDED_CURVE() B_SPLINE_CURVE(2,(#9960,#9961,#9962,#9963,
#9964,#9965,#9966),.UNSPECIFIED.,.T.,.F.) B_SPLINE_CURVE_WITH_KNOTS((1,2
    ,2,2,2,1),(-2.094395102393,0.,2.094395102393,4.188790204786,
6.28318530718,8.377580409573),.UNSPECIFIED.) CURVE() 
GEOMETRIC_REPRESENTATION_ITEM() RATIONAL_B_SPLINE_CURVE((1.,0.5,1.,0.5,
1.,0.5,1.)) REPRESENTATION_ITEM('') );
#9960 = CARTESIAN_POINT('',(20.4,-1.505075709848E-15));
#9961 = CARTESIAN_POINT('',(20.4,-35.3338364744));
#9962 = CARTESIAN_POINT('',(-10.2,-17.6669182372));
#9963 = CARTESIAN_POINT('',(-40.8,-6.501634650369E-15));
#9964 = CARTESIAN_POINT('',(-10.2,17.666918237203));
#9965 = CARTESIAN_POINT('',(20.4,35.333836474405));
#9966 = CARTESIAN_POINT('',(20.4,-1.505075709848E-15));
#9967 = ( GEOMETRIC_REPRESENTATION_CONTEXT(2) 
PARAMETRIC_REPRESENTATION_CONTEXT() REPRESENTATION_CONTEXT('2D SPACE',''
  ) );
#9968 = PCURVE('',#9969,#9974);
#9969 = CYLINDRICAL_SURFACE('',#9970,20.4);
#9970 = AXIS2_PLACEMENT_3D('',#9971,#9972,#9973);
#9971 = CARTESIAN_POINT('',(-72.,0.,286.3));
#9972 = DIRECTION('',(-0.,-0.,-1.));
#9973 = DIRECTION('',(1.,0.,0.));
#9974 = DEFINITIONAL_REPRESENTATION('',(#9975),#9979);
#9975 = LINE('',#9976,#9977);
#9976 = CARTESIAN_POINT('',(-6.28318530718,-6.));
#9977 = VECTOR('',#9978,1.);
#9978 = DIRECTION('',(1.,-0.));
#9979 = ( GEOMETRIC_REPRESENTATION_CONTEXT(2) 
PARAMETRIC_REPRESENTATION_CONTEXT() REPRESENTATION_CONTEXT('2D SPACE',''
  ) );
#9980 = ORIENTED_EDGE('',*,*,#9981,.F.);
#9981 = EDGE_CURVE('',#9676,#9949,#9982,.T.);
#9982 = SURFACE_CURVE('',#9983,(#10026,#10072),.PCURVE_S1.);
#9983 = B_SPLINE_CURVE_WITH_KNOTS('',6,(#9984,#9985,#9986,#9987,#9988,
    #9989,#9990,#9991,#9992,#9993,#9994,#9995,#9996,#9997,#9998,#9999,
    #10000,#10001,#10002,#10003,#10004,#10005,#10006,#10007,#10008,
    #10009,#10010,#10011,#10012,#10013,#10014,#10015,#10016,#10017,
    #10018,#10019,#10020,#10021,#10022,#10023,#10024,#10025),
  .UNSPECIFIED.,.F.,.F.,(7,5,5,5,5,5,5,5,7),(0.,0.153618286633,
    0.296763756672,0.43191380039,0.558384198817,0.678479631073,
    0.791472197537,0.898574619141,1.),.UNSPECIFIED.);
#9984 = CARTESIAN_POINT('',(-72.00001405264,-22.59999476974,292.3));
#9985 = CARTESIAN_POINT('',(-70.39370024498,-22.52162518358,292.3));
#9986 = CARTESIAN_POINT('',(-68.79397997458,-22.30592248632,292.3));
#9987 = CARTESIAN_POINT('',(-67.21587200361,-21.95286709242,292.3));
#9988 = CARTESIAN_POINT('',(-65.67412488659,-21.46467821801,292.3));
#9989 = CARTESIAN_POINT('',(-64.18328890948,-20.84547506166,292.3));
#9990 = CARTESIAN_POINT('',(-61.42897694584,-19.40890473168,292.3));
#9991 = CARTESIAN_POINT('',(-60.15674065216,-18.60782689917,292.3));
#9992 = CARTESIAN_POINT('',(-58.95232387489,-17.7038831316,292.3));
#9993 = CARTESIAN_POINT('',(-57.82630371339,-16.70389200825,292.3));
#9994 = CARTESIAN_POINT('',(-56.78848000314,-15.61601656834,292.3));
#9995 = CARTESIAN_POINT('',(-54.95923854867,-13.3492862288,292.3));
#9996 = CARTESIAN_POINT('',(-54.1571882658,-12.17877449864,292.3));
#9997 = CARTESIAN_POINT('',(-53.44882209617,-10.94680747487,292.3));
#9998 = CARTESIAN_POINT('',(-52.84031243102,-9.662529807671,292.3));
#9999 = CARTESIAN_POINT('',(-52.33677554896,-8.335881407922,292.3));
#10000 = CARTESIAN_POINT('',(-51.57249016717,-5.706831340672,292.3));
#10001 = CARTESIAN_POINT('',(-51.29818843383,-4.408215550911,292.3));
#10002 = CARTESIAN_POINT('',(-51.12215333948,-3.090810337116,292.3));
#10003 = CARTESIAN_POINT('',(-51.04630408472,-1.763828589074,292.3));
#10004 = CARTESIAN_POINT('',(-51.07150882926,-0.436763130151,292.3));
#10005 = CARTESIAN_POINT('',(-51.31679050337,2.131558768527,292.3));
#10006 = CARTESIAN_POINT('',(-51.52699078162,3.373878003118,292.3));
#10007 = CARTESIAN_POINT('',(-51.8275667836,4.59916789434,292.3));
#10008 = CARTESIAN_POINT('',(-52.2171213493,5.799165617567,292.3));
#10009 = CARTESIAN_POINT('',(-52.69331903224,6.965711770307,292.3));
#10010 = CARTESIAN_POINT('',(-53.77896040065,9.149382228379,292.3));
#10011 = CARTESIAN_POINT('',(-54.37889698626,10.171342596865,292.3));
#10012 = CARTESIAN_POINT('',(-55.049611975,11.15003350007,292.3));
#10013 = CARTESIAN_POINT('',(-55.78745568819,12.079186540638,292.3));
#10014 = CARTESIAN_POINT('',(-56.58807383983,12.95288765715,292.3));
#10015 = CARTESIAN_POINT('',(-58.25974162501,14.536108028208,292.3));
#10016 = CARTESIAN_POINT('',(-59.12499655401,15.251861414437,292.3));
#10017 = CARTESIAN_POINT('',(-60.03762987714,15.90828228996,292.3));
#10018 = CARTESIAN_POINT('',(-60.99272580321,16.501248787258,292.3));
#10019 = CARTESIAN_POINT('',(-61.98490022387,17.027130017632,292.3));
#10020 = CARTESIAN_POINT('',(-63.97731602283,17.914516543273,292.3));
#10021 = CARTESIAN_POINT('',(-64.97439604484,18.283281315653,292.3));
#10022 = CARTESIAN_POINT('',(-65.99444167588,18.58661496796,292.3));
#10023 = CARTESIAN_POINT('',(-67.03216914553,18.822507861085,292.3));
#10024 = CARTESIAN_POINT('',(-68.08205096266,18.989475023829,292.3));
#10025 = CARTESIAN_POINT('',(-69.13829578529,19.086661649666,292.3));
#10026 = PCURVE('',#6334,#10027);
#10027 = DEFINITIONAL_REPRESENTATION('',(#10028),#10071);
#10028 = B_SPLINE_CURVE_WITH_KNOTS('',6,(#10029,#10030,#10031,#10032,
    #10033,#10034,#10035,#10036,#10037,#10038,#10039,#10040,#10041,
    #10042,#10043,#10044,#10045,#10046,#10047,#10048,#10049,#10050,
    #10051,#10052,#10053,#10054,#10055,#10056,#10057,#10058,#10059,
    #10060,#10061,#10062,#10063,#10064,#10065,#10066,#10067,#10068,
    #10069,#10070),.UNSPECIFIED.,.F.,.F.,(7,5,5,5,5,5,5,5,7),(0.,
    0.153618286633,0.296763756672,0.43191380039,0.558384198817,
    0.678479631073,0.791472197537,0.898574619141,1.),.UNSPECIFIED.);
#10029 = CARTESIAN_POINT('',(-1.405264940502E-05,-22.59999476974));
#10030 = CARTESIAN_POINT('',(1.60629975502,-22.52162518358));
#10031 = CARTESIAN_POINT('',(3.206020025411,-22.30592248632));
#10032 = CARTESIAN_POINT('',(4.784127996387,-21.95286709242));
#10033 = CARTESIAN_POINT('',(6.32587511341,-21.46467821801));
#10034 = CARTESIAN_POINT('',(7.81671109052,-20.84547506166));
#10035 = CARTESIAN_POINT('',(10.571023054154,-19.40890473168));
#10036 = CARTESIAN_POINT('',(11.843259347833,-18.60782689917));
#10037 = CARTESIAN_POINT('',(13.047676125108,-17.7038831316));
#10038 = CARTESIAN_POINT('',(14.17369628661,-16.70389200825));
#10039 = CARTESIAN_POINT('',(15.211519996852,-15.61601656834));
#10040 = CARTESIAN_POINT('',(17.040761451327,-13.3492862288));
#10041 = CARTESIAN_POINT('',(17.842811734197,-12.17877449864));
#10042 = CARTESIAN_POINT('',(18.551177903821,-10.94680747487));
#10043 = CARTESIAN_POINT('',(19.159687568973,-9.662529807671));
#10044 = CARTESIAN_POINT('',(19.663224451039,-8.335881407922));
#10045 = CARTESIAN_POINT('',(20.427509832827,-5.706831340672));
#10046 = CARTESIAN_POINT('',(20.701811566166,-4.408215550911));
#10047 = CARTESIAN_POINT('',(20.877846660513,-3.090810337116));
#10048 = CARTESIAN_POINT('',(20.953695915272,-1.763828589074));
#10049 = CARTESIAN_POINT('',(20.928491170731,-0.436763130151));
#10050 = CARTESIAN_POINT('',(20.683209496624,2.131558768527));
#10051 = CARTESIAN_POINT('',(20.47300921838,3.373878003118));
#10052 = CARTESIAN_POINT('',(20.172433216392,4.59916789434));
#10053 = CARTESIAN_POINT('',(19.7828786507,5.799165617567));
#10054 = CARTESIAN_POINT('',(19.306680967751,6.965711770307));
#10055 = CARTESIAN_POINT('',(18.221039599349,9.149382228379));
#10056 = CARTESIAN_POINT('',(17.621103013735,10.171342596865));
#10057 = CARTESIAN_POINT('',(16.950388024993,11.15003350007));
#10058 = CARTESIAN_POINT('',(16.212544311806,12.079186540638));
#10059 = CARTESIAN_POINT('',(15.41192616017,12.95288765715));
#10060 = CARTESIAN_POINT('',(13.740258374988,14.536108028208));
#10061 = CARTESIAN_POINT('',(12.875003445983,15.251861414437));
#10062 = CARTESIAN_POINT('',(11.96237012286,15.90828228996));
#10063 = CARTESIAN_POINT('',(11.007274196784,16.501248787258));
#10064 = CARTESIAN_POINT('',(10.015099776121,17.027130017632));
#10065 = CARTESIAN_POINT('',(8.022683977166,17.914516543273));
#10066 = CARTESIAN_POINT('',(7.025603955157,18.283281315653));
#10067 = CARTESIAN_POINT('',(6.005558324113,18.58661496796));
#10068 = CARTESIAN_POINT('',(4.967830854467,18.822507861085));
#10069 = CARTESIAN_POINT('',(3.917949037339,18.989475023829));
#10070 = CARTESIAN_POINT('',(2.861704214703,19.086661649666));
#10071 = ( GEOMETRIC_REPRESENTATION_CONTEXT(2) 
PARAMETRIC_REPRESENTATION_CONTEXT() REPRESENTATION_CONTEXT('2D SPACE',''
  ) );
#10072 = PCURVE('',#10073,#10206);
#10073 = B_SPLINE_SURFACE_WITH_KNOTS('',1,9,(
    (#10074,#10075,#10076,#10077,#10078,#10079,#10080,#10081,#10082
      ,#10083,#10084,#10085,#10086,#10087,#10088,#10089,#10090,#10091
      ,#10092,#10093,#10094,#10095,#10096,#10097,#10098,#10099,#10100
      ,#10101,#10102,#10103,#10104,#10105,#10106,#10107,#10108,#10109
      ,#10110,#10111,#10112,#10113,#10114,#10115,#10116,#10117,#10118
      ,#10119,#10120,#10121,#10122,#10123,#10124,#10125,#10126,#10127
      ,#10128,#10129,#10130,#10131,#10132,#10133,#10134,#10135,#10136
      ,#10137,#10138,#10139)
    ,(#10140,#10141,#10142,#10143,#10144,#10145,#10146,#10147,#10148
      ,#10149,#10150,#10151,#10152,#10153,#10154,#10155,#10156,#10157
      ,#10158,#10159,#10160,#10161,#10162,#10163,#10164,#10165,#10166
      ,#10167,#10168,#10169,#10170,#10171,#10172,#10173,#10174,#10175
      ,#10176,#10177,#10178,#10179,#10180,#10181,#10182,#10183,#10184
      ,#10185,#10186,#10187,#10188,#10189,#10190,#10191,#10192,#10193
      ,#10194,#10195,#10196,#10197,#10198,#10199,#10200,#10201,#10202
      ,#10203,#10204,#10205
    )),.UNSPECIFIED.,.F.,.F.,.F.,(2,2),(10,8,8,8,8,8,8,8,10),(0.,
    3.810511776652),(0.,4.562134928341,9.124269856681,13.686404785022,
    18.248539713362,22.810674641703,27.372809570043,31.934944498384,
    36.497079426724),.UNSPECIFIED.);
#10074 = CARTESIAN_POINT('',(-52.7,0.,287.39474411167));
#10075 = CARTESIAN_POINT('',(-52.69999897558,8.2527896568,
    287.66696575449));
#10076 = CARTESIAN_POINT('',(-56.67017626637,16.506082617994,
    287.93919035367));
#10077 = CARTESIAN_POINT('',(-64.60963771347,22.572890849873,
    288.21140670029));
#10078 = CARTESIAN_POINT('',(-75.1213340721,24.288984804154,
    288.48363872084));
#10079 = CARTESIAN_POINT('',(-85.40095350603,20.496626909897,
    288.75584942605));
#10080 = CARTESIAN_POINT('',(-92.27959127706,12.364910371568,
    289.02808128356));
#10081 = CARTESIAN_POINT('',(-94.37673602594,2.595396207336,
    289.30029788186));
#10082 = CARTESIAN_POINT('',(-92.0355928001,-6.258876458301,
    289.57252223831));
#10083 = CARTESIAN_POINT('',(-81.31607763255,-18.8098183529,
    290.11696586454));
#10084 = CARTESIAN_POINT('',(-72.93704648581,-22.50724798612,
    290.38919019677));
#10085 = CARTESIAN_POINT('',(-62.95975542555,-21.96421701104,
    290.66140687854));
#10086 = CARTESIAN_POINT('',(-53.8520853898,-16.44234481799,
    290.93363855881));
#10087 = CARTESIAN_POINT('',(-48.49834051013,-6.882534135909,
    291.20584954254));
#10088 = CARTESIAN_POINT('',(-48.54891098957,3.768189287884,
    291.47808121961));
#10089 = CARTESIAN_POINT('',(-53.29902140114,12.558972810448,
    291.75029790632));
#10090 = CARTESIAN_POINT('',(-60.82963081708,17.771363632537,
    292.02252223378));
#10091 = CARTESIAN_POINT('',(-77.13199880806,20.353406526571,
    292.5669658667));
#10092 = CARTESIAN_POINT('',(-85.90475254411,17.72320864557,
    292.83919019368));
#10093 = CARTESIAN_POINT('',(-93.13887377117,10.830552453858,
    293.11140688205));
#10094 = CARTESIAN_POINT('',(-96.47823128902,0.716729359357,
    293.38363855561));
#10095 = CARTESIAN_POINT('',(-94.34065043671,-10.02958687006,
    293.65584954484));
#10096 = CARTESIAN_POINT('',(-87.38510480623,-18.09561760457,
    293.92808121835));
#10097 = CARTESIAN_POINT('',(-78.06393530772,-21.69523189918,
    294.2002979068));
#10098 = CARTESIAN_POINT('',(-68.95243793744,-20.7680253881,
    294.47252223369));
#10099 = CARTESIAN_POINT('',(-54.87911734528,-12.1438851331,
    295.01696586675));
#10100 = CARTESIAN_POINT('',(-49.91643995032,-4.446419181445,
    295.28919019362));
#10101 = CARTESIAN_POINT('',(-48.89199312476,5.492983618,295.56140688212
    ));
#10102 = CARTESIAN_POINT('',(-52.92112841693,15.352334256593,
    295.83363855555));
#10103 = CARTESIAN_POINT('',(-61.52573175082,22.135649513088,
    296.10584954488));
#10104 = CARTESIAN_POINT('',(-72.05323806059,23.751841867479,
    296.37808121832));
#10105 = CARTESIAN_POINT('',(-81.47887343198,20.435394712022,
    296.65029790681));
#10106 = CARTESIAN_POINT('',(-87.80513792888,13.812897165154,
    296.92252223369));
#10107 = CARTESIAN_POINT('',(-92.90564380582,-1.884841125016,
    297.46696586674));
#10108 = CARTESIAN_POINT('',(-91.68018906289,-10.96104130334,
    297.73919019364));
#10109 = CARTESIAN_POINT('',(-86.00405879085,-19.18434747793,
    298.01140688208));
#10110 = CARTESIAN_POINT('',(-76.53714424841,-24.06474246865,
    298.28363855561));
#10111 = CARTESIAN_POINT('',(-65.58874168715,-23.6345730142,
    298.55584954483));
#10112 = CARTESIAN_POINT('',(-56.53393011607,-18.02646689553,
    298.82808121836));
#10113 = CARTESIAN_POINT('',(-51.52048088255,-9.383160197615,
    299.10029790679));
#10114 = CARTESIAN_POINT('',(-51.01091972605,-0.238793425105,
    299.3725222337));
#10115 = CARTESIAN_POINT('',(-57.32733012539,15.010374004451,
    299.91696586674));
#10116 = CARTESIAN_POINT('',(-64.15369371455,21.116101573913,
    300.18919019364));
#10117 = CARTESIAN_POINT('',(-73.81046718086,23.682800918797,
    300.46140688209));
#10118 = CARTESIAN_POINT('',(-84.17872847655,21.245613210895,
    300.7336385556));
#10119 = CARTESIAN_POINT('',(-92.22458638524,13.808091115817,
    301.00584954482));
#10120 = CARTESIAN_POINT('',(-95.46774554779,3.663024064607,
    301.27808121839));
#10121 = CARTESIAN_POINT('',(-93.66662358695,-6.165372731151,
    301.55029790675));
#10122 = CARTESIAN_POINT('',(-88.11530577671,-13.44973727512,
    301.82252223374));
#10123 = CARTESIAN_POINT('',(-73.4087276019,-20.94311475281,
    302.36696586665));
#10124 = CARTESIAN_POINT('',(-64.25256715255,-21.1525779102,
    302.63919019412));
#10125 = CARTESIAN_POINT('',(-55.24256111762,-16.8327387249,
    302.91140688082));
#10126 = CARTESIAN_POINT('',(-48.94130018091,-8.24583958577,
    303.1836385579));
#10127 = CARTESIAN_POINT('',(-47.65346602992,2.635063294851,
    303.45584954162));
#10128 = CARTESIAN_POINT('',(-51.7760424616,12.455696197505,
    303.72808122191));
#10129 = CARTESIAN_POINT('',(-59.52865945306,18.759532604157,
    304.00029790366));
#10130 = CARTESIAN_POINT('',(-68.48073097694,20.693314346944,
    304.2725222359));
#10131 = CARTESIAN_POINT('',(-84.53026012319,16.840164783252,
    304.81696586212));
#10132 = CARTESIAN_POINT('',(-91.62869463177,11.052991313897,
    305.08919021858));
#10133 = CARTESIAN_POINT('',(-95.6744457143,1.916628899938,
    305.36140681686));
#10134 = CARTESIAN_POINT('',(-94.88921749659,-8.705241860621,
    305.63363867441));
#10135 = CARTESIAN_POINT('',(-88.80191272288,-17.81552698864,
    305.90584937957));
#10136 = CARTESIAN_POINT('',(-79.28909063331,-22.60579526113,
    306.17808140017));
#10137 = CARTESIAN_POINT('',(-69.29993968546,-22.36434844603,
    306.45029774676));
#10138 = CARTESIAN_POINT('',(-61.23684070357,-18.0209019612,
    306.72252234596));
#10139 = CARTESIAN_POINT('',(-56.38597183409,-11.34425549126,
    306.99474398877));
#10140 = CARTESIAN_POINT('',(-49.4,0.,289.3));
#10141 = CARTESIAN_POINT('',(-49.39999999968,9.663887596734,
    289.57222338103));
#10142 = CARTESIAN_POINT('',(-54.04901191533,19.328368336721,
    289.84444084933));
#10143 = CARTESIAN_POINT('',(-63.34600474394,26.432501610205,
    290.11667482276));
#10144 = CARTESIAN_POINT('',(-75.65503041373,28.442022965565,
    290.38887744831));
#10145 = CARTESIAN_POINT('',(-87.69230935959,24.001236296421,
    290.66112270457));
#10146 = CARTESIAN_POINT('',(-95.74708620523,14.479111600686,
    290.93332565621));
#10147 = CARTESIAN_POINT('',(-98.20280951342,3.039172411905,
    291.20555912628));
#10148 = CARTESIAN_POINT('',(-95.46136776943,-7.329048099998,
    291.47777708004));
#10149 = CARTESIAN_POINT('',(-82.90898187993,-22.02600367793,
    292.02222316092));
#10150 = CARTESIAN_POINT('',(-73.09726733984,-26.35564075715,
    292.29444116312));
#10151 = CARTESIAN_POINT('',(-61.41401302945,-25.7197522492,
    292.56667446627));
#10152 = CARTESIAN_POINT('',(-50.74907676911,-19.25373155908,
    292.83887777237));
#10153 = CARTESIAN_POINT('',(-44.47991827459,-8.059343580579,
    293.1111224716));
#10154 = CARTESIAN_POINT('',(-44.53914321555,4.412495955271,
    293.38332578411));
#10155 = CARTESIAN_POINT('',(-50.10144273819,14.706358665424,
    293.65555907737));
#10156 = CARTESIAN_POINT('',(-58.9196719718,20.809991406674,
    293.9277770891));
#10157 = CARTESIAN_POINT('',(-78.00949020094,23.833521586105,
    294.4722231566));
#10158 = CARTESIAN_POINT('',(-88.28225082125,20.753604591477,
    294.74444116929));
#10159 = CARTESIAN_POINT('',(-96.75329054583,12.682404466194,
    295.01667445926));
#10160 = CARTESIAN_POINT('',(-100.6636271834,0.839281720244,
    295.28887777874));
#10161 = CARTESIAN_POINT('',(-98.16055927696,-11.74449042908,
    295.56112246701));
#10162 = CARTESIAN_POINT('',(-90.01571243299,-21.18968809164,
    295.83332578662));
#10163 = CARTESIAN_POINT('',(-79.10077764659,-25.40477813639,
    296.1055590764));
#10164 = CARTESIAN_POINT('',(-68.43135115981,-24.31903511914,
    296.37777708928));
#10165 = CARTESIAN_POINT('',(-51.95171372205,-14.22030031287,
    296.92222315651));
#10166 = CARTESIAN_POINT('',(-46.14049134436,-5.206688720774,
    297.19444116941));
#10167 = CARTESIAN_POINT('',(-44.94088737202,6.432200220488,
    297.46667445912));
#10168 = CARTESIAN_POINT('',(-49.65893701871,17.977341905494,
    297.73887777887));
#10169 = CARTESIAN_POINT('',(-59.73479105017,25.920504750852,
    298.01112246692));
#10170 = CARTESIAN_POINT('',(-72.06234636724,27.813034512976,
    298.28332578667));
#10171 = CARTESIAN_POINT('',(-83.09960989607,23.929531033864,
    298.55555907638));
#10172 = CARTESIAN_POINT('',(-90.50757176261,16.1746873578,
    298.82777708928));
#10173 = CARTESIAN_POINT('',(-96.48018277067,-2.207119205045,
    299.37222315652));
#10174 = CARTESIAN_POINT('',(-95.04519847719,-12.83521026288,
    299.6444411694));
#10175 = CARTESIAN_POINT('',(-88.39853078648,-22.46457130535,
    299.91667445915));
#10176 = CARTESIAN_POINT('',(-77.31292795413,-28.17943778141,
    300.18887777883));
#10177 = CARTESIAN_POINT('',(-64.49251683259,-27.6757224587,
    300.46112246697));
#10178 = CARTESIAN_POINT('',(-53.88947046782,-21.10870663859,
    300.73332578664));
#10179 = CARTESIAN_POINT('',(-48.01880319178,-10.98753816792,
    301.0055590764));
#10180 = CARTESIAN_POINT('',(-47.42211288606,-0.27962239803,
    301.27777708928));
#10181 = CARTESIAN_POINT('',(-54.81853224235,17.576913533486,
    301.82222315652));
#10182 = CARTESIAN_POINT('',(-62.81209585463,24.726629628019,
    302.09444116939));
#10183 = CARTESIAN_POINT('',(-74.12003135373,27.732187850028,
    302.36667445917));
#10184 = CARTESIAN_POINT('',(-86.26109875903,24.878283286948,
    302.63887777878));
#10185 = CARTESIAN_POINT('',(-95.68267892409,16.169064168975,
    302.91112246705));
#10186 = CARTESIAN_POINT('',(-99.48036302563,4.289338395178,
    303.18332578653));
#10187 = CARTESIAN_POINT('',(-97.3712803343,-7.219551893565,
    303.45555907651));
#10188 = CARTESIAN_POINT('',(-90.87077220394,-15.74943427864,
    303.7277770892));
#10189 = CARTESIAN_POINT('',(-73.64959839069,-24.52406061035,
    304.27222315669));
#10190 = CARTESIAN_POINT('',(-62.92787576977,-24.76934309375,
    304.54444116843));
#10191 = CARTESIAN_POINT('',(-52.37730023628,-19.71087085529,
    304.81667446169));
#10192 = CARTESIAN_POINT('',(-44.99862290102,-9.655752269051,
    305.0888777742));
#10193 = CARTESIAN_POINT('',(-43.49058249697,3.085616754039,
    305.36112247343));
#10194 = CARTESIAN_POINT('',(-48.31806556896,14.585429630439,
    305.63332577952));
#10195 = CARTESIAN_POINT('',(-57.39625096607,21.967118825402,
    305.90555908268));
#10196 = CARTESIAN_POINT('',(-67.87899159514,24.231549958768,
    306.17777708487));
#10197 = CARTESIAN_POINT('',(-86.67273884354,19.719570443955,
    306.72222316576));
#10198 = CARTESIAN_POINT('',(-94.98489891523,12.942882878357,
    306.99444111951));
#10199 = CARTESIAN_POINT('',(-99.72240457134,2.244339717359,
    307.2666745896));
#10200 = CARTESIAN_POINT('',(-98.80291768817,-10.19370002474,
    307.5388775412));
#10201 = CARTESIAN_POINT('',(-91.67478337127,-20.86170695298,
    307.81112279751));
#10202 = CARTESIAN_POINT('',(-80.53540540526,-26.47103378853,
    308.08332542301));
#10203 = CARTESIAN_POINT('',(-68.83827544177,-26.18830451925,
    308.35555939648));
#10204 = CARTESIAN_POINT('',(-59.3965065432,-21.10219600376,
    308.62777686476));
#10205 = CARTESIAN_POINT('',(-53.71621593163,-13.28394670801,
    308.9000002458));
#10206 = DEFINITIONAL_REPRESENTATION('',(#10207),#10250);
#10207 = B_SPLINE_CURVE_WITH_KNOTS('',6,(#10208,#10209,#10210,#10211,
    #10212,#10213,#10214,#10215,#10216,#10217,#10218,#10219,#10220,
    #10221,#10222,#10223,#10224,#10225,#10226,#10227,#10228,#10229,
    #10230,#10231,#10232,#10233,#10234,#10235,#10236,#10237,#10238,
    #10239,#10240,#10241,#10242,#10243,#10244,#10245,#10246,#10247,
    #10248,#10249),.UNSPECIFIED.,.F.,.F.,(7,5,5,5,5,5,5,5,7),(0.,
    0.153618286633,0.296763756672,0.43191380039,0.558384198817,
    0.678479631073,0.791472197537,0.898574619141,1.),.UNSPECIFIED.);
#10208 = CARTESIAN_POINT('',(3.810511776652,5.586287425112));
#10209 = CARTESIAN_POINT('',(3.720015376778,5.670543903771));
#10210 = CARTESIAN_POINT('',(3.629137460952,5.755155599322));
#10211 = CARTESIAN_POINT('',(3.53788870155,5.840112578707));
#10212 = CARTESIAN_POINT('',(3.446255784169,5.925427235116));
#10213 = CARTESIAN_POINT('',(3.354222526544,6.011114630122));
#10214 = CARTESIAN_POINT('',(3.175674605984,6.177351341663));
#10215 = CARTESIAN_POINT('',(3.08919934375,6.25786397431));
#10216 = CARTESIAN_POINT('',(3.002380011162,6.338696949942));
#10217 = CARTESIAN_POINT('',(2.915205575741,6.419860538878));
#10218 = CARTESIAN_POINT('',(2.827662757297,6.501367106496));
#10219 = CARTESIAN_POINT('',(2.656763121994,6.660482868909));
#10220 = CARTESIAN_POINT('',(2.573435710639,6.738064686016));
#10221 = CARTESIAN_POINT('',(2.48978158306,6.815950690786));
#10222 = CARTESIAN_POINT('',(2.405791006297,6.894149946793));
#10223 = CARTESIAN_POINT('',(2.321452372779,6.97267326219));
#10224 = CARTESIAN_POINT('',(2.15752692269,7.125295727047));
#10225 = CARTESIAN_POINT('',(2.077974834267,7.199362542699));
#10226 = CARTESIAN_POINT('',(1.998118251966,7.273712858501));
#10227 = CARTESIAN_POINT('',(1.917948910499,7.348354369218));
#10228 = CARTESIAN_POINT('',(1.837457067259,7.423296144606));
#10229 = CARTESIAN_POINT('',(1.679908220871,7.569981692958));
#10230 = CARTESIAN_POINT('',(1.60287594918,7.641702439803));
#10231 = CARTESIAN_POINT('',(1.525552220925,7.713694545637));
#10232 = CARTESIAN_POINT('',(1.447929572303,7.785964959349));
#10233 = CARTESIAN_POINT('',(1.369999251835,7.858521829698));
#10234 = CARTESIAN_POINT('',(1.218154870732,7.999896240102));
#10235 = CARTESIAN_POINT('',(1.144270408231,8.068686222849));
#10236 = CARTESIAN_POINT('',(1.070112123703,8.137731147944));
#10237 = CARTESIAN_POINT('',(0.995673457827,8.20703712333));
#10238 = CARTESIAN_POINT('',(0.920946832524,8.276611204507));
#10239 = CARTESIAN_POINT('',(0.774830731149,8.412652320366));
#10240 = CARTESIAN_POINT('',(0.703465804684,8.479096498211));
#10241 = CARTESIAN_POINT('',(0.631840221009,8.545783358834));
#10242 = CARTESIAN_POINT('',(0.559948177888,8.612718302105));
#10243 = CARTESIAN_POINT('',(0.487783076424,8.679907467091));
#10244 = CARTESIAN_POINT('',(0.346748081491,8.811217788251));
#10245 = CARTESIAN_POINT('',(0.277902560797,8.875316240916));
#10246 = CARTESIAN_POINT('',(0.208809682247,8.939645048559));
#10247 = CARTESIAN_POINT('',(0.13946520138,9.004208000454));
#10248 = CARTESIAN_POINT('',(6.986173165922E-02,9.069012237256));
#10249 = CARTESIAN_POINT('',(0.,9.134056952939));
#10250 = ( GEOMETRIC_REPRESENTATION_CONTEXT(2) 
PARAMETRIC_REPRESENTATION_CONTEXT() REPRESENTATION_CONTEXT('2D SPACE',''
  ) );
#10251 = ADVANCED_FACE('',(#10252),#6306,.F.);
#10252 = FACE_BOUND('',#10253,.F.);
#10253 = EDGE_LOOP('',(#10254,#10275,#10276,#10277));
#10254 = ORIENTED_EDGE('',*,*,#10255,.T.);
#10255 = EDGE_CURVE('',#9453,#9613,#10256,.T.);
#10256 = SURFACE_CURVE('',#10257,(#10261,#10268),.PCURVE_S1.);
#10257 = LINE('',#10258,#10259);
#10258 = CARTESIAN_POINT('',(-95.86819256796,-8.687311640472,286.3));
#10259 = VECTOR('',#10260,1.);
#10260 = DIRECTION('',(0.,0.,1.));
#10261 = PCURVE('',#6306,#10262);
#10262 = DEFINITIONAL_REPRESENTATION('',(#10263),#10267);
#10263 = LINE('',#10264,#10265);
#10264 = CARTESIAN_POINT('',(0.,0.));
#10265 = VECTOR('',#10266,1.);
#10266 = DIRECTION('',(0.,-1.));
#10267 = ( GEOMETRIC_REPRESENTATION_CONTEXT(2) 
PARAMETRIC_REPRESENTATION_CONTEXT() REPRESENTATION_CONTEXT('2D SPACE',''
  ) );
#10268 = PCURVE('',#9468,#10269);
#10269 = DEFINITIONAL_REPRESENTATION('',(#10270),#10274);
#10270 = LINE('',#10271,#10272);
#10271 = CARTESIAN_POINT('',(4.227010086524,0.));
#10272 = VECTOR('',#10273,1.);
#10273 = DIRECTION('',(0.,-1.));
#10274 = ( GEOMETRIC_REPRESENTATION_CONTEXT(2) 
PARAMETRIC_REPRESENTATION_CONTEXT() REPRESENTATION_CONTEXT('2D SPACE',''
  ) );
#10275 = ORIENTED_EDGE('',*,*,#9635,.T.);
#10276 = ORIENTED_EDGE('',*,*,#6290,.F.);
#10277 = ORIENTED_EDGE('',*,*,#9480,.F.);
#10278 = ADVANCED_FACE('',(#10279),#7835,.F.);
#10279 = FACE_BOUND('',#10280,.F.);
#10280 = EDGE_LOOP('',(#10281,#10282,#10283,#10304));
#10281 = ORIENTED_EDGE('',*,*,#7819,.T.);
#10282 = ORIENTED_EDGE('',*,*,#9520,.T.);
#10283 = ORIENTED_EDGE('',*,*,#10284,.F.);
#10284 = EDGE_CURVE('',#9346,#9521,#10285,.T.);
#10285 = SURFACE_CURVE('',#10286,(#10290,#10297),.PCURVE_S1.);
#10286 = LINE('',#10287,#10288);
#10287 = CARTESIAN_POINT('',(-95.86819256796,8.687311640472,286.3));
#10288 = VECTOR('',#10289,1.);
#10289 = DIRECTION('',(0.,0.,1.));
#10290 = PCURVE('',#7835,#10291);
#10291 = DEFINITIONAL_REPRESENTATION('',(#10292),#10296);
#10292 = LINE('',#10293,#10294);
#10293 = CARTESIAN_POINT('',(4.227010086524,0.));
#10294 = VECTOR('',#10295,1.);
#10295 = DIRECTION('',(0.,-1.));
#10296 = ( GEOMETRIC_REPRESENTATION_CONTEXT(2) 
PARAMETRIC_REPRESENTATION_CONTEXT() REPRESENTATION_CONTEXT('2D SPACE',''
  ) );
#10297 = PCURVE('',#9384,#10298);
#10298 = DEFINITIONAL_REPRESENTATION('',(#10299),#10303);
#10299 = LINE('',#10300,#10301);
#10300 = CARTESIAN_POINT('',(0.,0.));
#10301 = VECTOR('',#10302,1.);
#10302 = DIRECTION('',(0.,-1.));
#10303 = ( GEOMETRIC_REPRESENTATION_CONTEXT(2) 
PARAMETRIC_REPRESENTATION_CONTEXT() REPRESENTATION_CONTEXT('2D SPACE',''
  ) );
#10304 = ORIENTED_EDGE('',*,*,#9345,.F.);
#10305 = ADVANCED_FACE('',(#10306),#8259,.F.);
#10306 = FACE_BOUND('',#10307,.T.);
#10307 = EDGE_LOOP('',(#10308,#10309,#10310,#10311,#10330,#10331,#10332,
    #10333));
#10308 = ORIENTED_EDGE('',*,*,#8702,.F.);
#10309 = ORIENTED_EDGE('',*,*,#8238,.T.);
#10310 = ORIENTED_EDGE('',*,*,#8293,.F.);
#10311 = ORIENTED_EDGE('',*,*,#10312,.T.);
#10312 = EDGE_CURVE('',#8294,#8586,#10313,.T.);
#10313 = SURFACE_CURVE('',#10314,(#10318,#10324),.PCURVE_S1.);
#10314 = LINE('',#10315,#10316);
#10315 = CARTESIAN_POINT('',(-32.,0.,288.23511731276));
#10316 = VECTOR('',#10317,1.);
#10317 = DIRECTION('',(-0.,1.,-0.));
#10318 = PCURVE('',#8259,#10319);
#10319 = DEFINITIONAL_REPRESENTATION('',(#10320),#10323);
#10320 = B_SPLINE_CURVE_WITH_KNOTS('',1,(#10321,#10322),.UNSPECIFIED.,
  .F.,.F.,(2,2),(-6.,6.),.PIECEWISE_BEZIER_KNOTS.);
#10321 = CARTESIAN_POINT('',(-0.382298254231,-6.));
#10322 = CARTESIAN_POINT('',(-0.382298254231,6.));
#10323 = ( GEOMETRIC_REPRESENTATION_CONTEXT(2) 
PARAMETRIC_REPRESENTATION_CONTEXT() REPRESENTATION_CONTEXT('2D SPACE',''
  ) );
#10324 = PCURVE('',#8347,#10325);
#10325 = DEFINITIONAL_REPRESENTATION('',(#10326),#10329);
#10326 = B_SPLINE_CURVE_WITH_KNOTS('',1,(#10327,#10328),.UNSPECIFIED.,
  .F.,.F.,(2,2),(-6.,6.),.PIECEWISE_BEZIER_KNOTS.);
#10327 = CARTESIAN_POINT('',(-1.,-2.064882687235));
#10328 = CARTESIAN_POINT('',(11.,-2.064882687235));
#10329 = ( GEOMETRIC_REPRESENTATION_CONTEXT(2) 
PARAMETRIC_REPRESENTATION_CONTEXT() REPRESENTATION_CONTEXT('2D SPACE',''
  ) );
#10330 = ORIENTED_EDGE('',*,*,#8608,.F.);
#10331 = ORIENTED_EDGE('',*,*,#8438,.F.);
#10332 = ORIENTED_EDGE('',*,*,#8791,.F.);
#10333 = ORIENTED_EDGE('',*,*,#10334,.F.);
#10334 = EDGE_CURVE('',#8675,#8792,#10335,.T.);
#10335 = SURFACE_CURVE('',#10336,(#10340,#10346),.PCURVE_S1.);
#10336 = LINE('',#10337,#10338);
#10337 = CARTESIAN_POINT('',(62.,0.,288.23511731276));
#10338 = VECTOR('',#10339,1.);
#10339 = DIRECTION('',(-0.,1.,-0.));
#10340 = PCURVE('',#8259,#10341);
#10341 = DEFINITIONAL_REPRESENTATION('',(#10342),#10345);
#10342 = B_SPLINE_CURVE_WITH_KNOTS('',1,(#10343,#10344),.UNSPECIFIED.,
  .F.,.F.,(2,2),(-6.,6.),.PIECEWISE_BEZIER_KNOTS.);
#10343 = CARTESIAN_POINT('',(-3.720950069006E-02,-6.));
#10344 = CARTESIAN_POINT('',(-3.720950069006E-02,6.));
#10345 = ( GEOMETRIC_REPRESENTATION_CONTEXT(2) 
PARAMETRIC_REPRESENTATION_CONTEXT() REPRESENTATION_CONTEXT('2D SPACE',''
  ) );
#10346 = PCURVE('',#8690,#10347);
#10347 = DEFINITIONAL_REPRESENTATION('',(#10348),#10351);
#10348 = B_SPLINE_CURVE_WITH_KNOTS('',1,(#10349,#10350),.UNSPECIFIED.,
  .F.,.F.,(2,2),(-6.,6.),.PIECEWISE_BEZIER_KNOTS.);
#10349 = CARTESIAN_POINT('',(-1.,-2.064882687235));
#10350 = CARTESIAN_POINT('',(11.,-2.064882687235));
#10351 = ( GEOMETRIC_REPRESENTATION_CONTEXT(2) 
PARAMETRIC_REPRESENTATION_CONTEXT() REPRESENTATION_CONTEXT('2D SPACE',''
  ) );
#10352 = ADVANCED_FACE('',(#10353),#8376,.T.);
#10353 = FACE_BOUND('',#10354,.T.);
#10354 = EDGE_LOOP('',(#10355,#10376,#10377,#10378,#10379,#10400,#10401,
    #10402));
#10355 = ORIENTED_EDGE('',*,*,#10356,.F.);
#10356 = EDGE_CURVE('',#8332,#8562,#10357,.T.);
#10357 = SURFACE_CURVE('',#10358,(#10362,#10369),.PCURVE_S1.);
#10358 = LINE('',#10359,#10360);
#10359 = CARTESIAN_POINT('',(-32.,0.,256.3));
#10360 = VECTOR('',#10361,1.);
#10361 = DIRECTION('',(0.,1.,0.));
#10362 = PCURVE('',#8376,#10363);
#10363 = DEFINITIONAL_REPRESENTATION('',(#10364),#10368);
#10364 = LINE('',#10365,#10366);
#10365 = CARTESIAN_POINT('',(-47.,0.));
#10366 = VECTOR('',#10367,1.);
#10367 = DIRECTION('',(0.,1.));
#10368 = ( GEOMETRIC_REPRESENTATION_CONTEXT(2) 
PARAMETRIC_REPRESENTATION_CONTEXT() REPRESENTATION_CONTEXT('2D SPACE',''
  ) );
#10369 = PCURVE('',#8347,#10370);
#10370 = DEFINITIONAL_REPRESENTATION('',(#10371),#10375);
#10371 = LINE('',#10372,#10373);
#10372 = CARTESIAN_POINT('',(5.,-34.));
#10373 = VECTOR('',#10374,1.);
#10374 = DIRECTION('',(1.,0.));
#10375 = ( GEOMETRIC_REPRESENTATION_CONTEXT(2) 
PARAMETRIC_REPRESENTATION_CONTEXT() REPRESENTATION_CONTEXT('2D SPACE',''
  ) );
#10376 = ORIENTED_EDGE('',*,*,#8359,.T.);
#10377 = ORIENTED_EDGE('',*,*,#8489,.T.);
#10378 = ORIENTED_EDGE('',*,*,#8650,.T.);
#10379 = ORIENTED_EDGE('',*,*,#10380,.T.);
#10380 = EDGE_CURVE('',#8651,#8830,#10381,.T.);
#10381 = SURFACE_CURVE('',#10382,(#10386,#10393),.PCURVE_S1.);
#10382 = LINE('',#10383,#10384);
#10383 = CARTESIAN_POINT('',(62.,0.,256.3));
#10384 = VECTOR('',#10385,1.);
#10385 = DIRECTION('',(0.,1.,0.));
#10386 = PCURVE('',#8376,#10387);
#10387 = DEFINITIONAL_REPRESENTATION('',(#10388),#10392);
#10388 = LINE('',#10389,#10390);
#10389 = CARTESIAN_POINT('',(47.,0.));
#10390 = VECTOR('',#10391,1.);
#10391 = DIRECTION('',(0.,1.));
#10392 = ( GEOMETRIC_REPRESENTATION_CONTEXT(2) 
PARAMETRIC_REPRESENTATION_CONTEXT() REPRESENTATION_CONTEXT('2D SPACE',''
  ) );
#10393 = PCURVE('',#8690,#10394);
#10394 = DEFINITIONAL_REPRESENTATION('',(#10395),#10399);
#10395 = LINE('',#10396,#10397);
#10396 = CARTESIAN_POINT('',(5.,-34.));
#10397 = VECTOR('',#10398,1.);
#10398 = DIRECTION('',(1.,0.));
#10399 = ( GEOMETRIC_REPRESENTATION_CONTEXT(2) 
PARAMETRIC_REPRESENTATION_CONTEXT() REPRESENTATION_CONTEXT('2D SPACE',''
  ) );
#10400 = ORIENTED_EDGE('',*,*,#8852,.T.);
#10401 = ORIENTED_EDGE('',*,*,#8743,.F.);
#10402 = ORIENTED_EDGE('',*,*,#8561,.T.);
#10403 = ADVANCED_FACE('',(#10404),#8347,.T.);
#10404 = FACE_BOUND('',#10405,.T.);
#10405 = EDGE_LOOP('',(#10406,#10407,#10408,#10409));
#10406 = ORIENTED_EDGE('',*,*,#10312,.F.);
#10407 = ORIENTED_EDGE('',*,*,#8331,.T.);
#10408 = ORIENTED_EDGE('',*,*,#10356,.T.);
#10409 = ORIENTED_EDGE('',*,*,#8585,.F.);
#10410 = ADVANCED_FACE('',(#10411),#8690,.F.);
#10411 = FACE_BOUND('',#10412,.F.);
#10412 = EDGE_LOOP('',(#10413,#10414,#10415,#10416));
#10413 = ORIENTED_EDGE('',*,*,#10334,.F.);
#10414 = ORIENTED_EDGE('',*,*,#8674,.T.);
#10415 = ORIENTED_EDGE('',*,*,#10380,.T.);
#10416 = ORIENTED_EDGE('',*,*,#8829,.F.);
#10417 = ADVANCED_FACE('',(#10418),#9029,.F.);
#10418 = FACE_BOUND('',#10419,.F.);
#10419 = EDGE_LOOP('',(#10420,#10421,#10422,#10423,#10424,#10425));
#10420 = ORIENTED_EDGE('',*,*,#9318,.F.);
#10421 = ORIENTED_EDGE('',*,*,#9290,.T.);
#10422 = ORIENTED_EDGE('',*,*,#9241,.T.);
#10423 = ORIENTED_EDGE('',*,*,#9191,.T.);
#10424 = ORIENTED_EDGE('',*,*,#9142,.T.);
#10425 = ORIENTED_EDGE('',*,*,#9015,.F.);
#10426 = ADVANCED_FACE('',(#10427),#9468,.F.);
#10427 = FACE_BOUND('',#10428,.F.);
#10428 = EDGE_LOOP('',(#10429,#10450,#10451,#10452));
#10429 = ORIENTED_EDGE('',*,*,#10430,.T.);
#10430 = EDGE_CURVE('',#9425,#9590,#10431,.T.);
#10431 = SURFACE_CURVE('',#10432,(#10436,#10443),.PCURVE_S1.);
#10432 = LINE('',#10433,#10434);
#10433 = CARTESIAN_POINT('',(-99.70194298518,-6.906870119371,286.3));
#10434 = VECTOR('',#10435,1.);
#10435 = DIRECTION('',(0.,0.,1.));
#10436 = PCURVE('',#9468,#10437);
#10437 = DEFINITIONAL_REPRESENTATION('',(#10438),#10442);
#10438 = LINE('',#10439,#10440);
#10439 = CARTESIAN_POINT('',(0.,0.));
#10440 = VECTOR('',#10441,1.);
#10441 = DIRECTION('',(0.,-1.));
#10442 = ( GEOMETRIC_REPRESENTATION_CONTEXT(2) 
PARAMETRIC_REPRESENTATION_CONTEXT() REPRESENTATION_CONTEXT('2D SPACE',''
  ) );
#10443 = PCURVE('',#9440,#10444);
#10444 = DEFINITIONAL_REPRESENTATION('',(#10445),#10449);
#10445 = LINE('',#10446,#10447);
#10446 = CARTESIAN_POINT('',(7.280370619197,0.));
#10447 = VECTOR('',#10448,1.);
#10448 = DIRECTION('',(0.,-1.));
#10449 = ( GEOMETRIC_REPRESENTATION_CONTEXT(2) 
PARAMETRIC_REPRESENTATION_CONTEXT() REPRESENTATION_CONTEXT('2D SPACE',''
  ) );
#10450 = ORIENTED_EDGE('',*,*,#9612,.T.);
#10451 = ORIENTED_EDGE('',*,*,#10255,.F.);
#10452 = ORIENTED_EDGE('',*,*,#9452,.F.);
#10453 = ADVANCED_FACE('',(#10454),#9440,.F.);
#10454 = FACE_BOUND('',#10455,.F.);
#10455 = EDGE_LOOP('',(#10456,#10477,#10478,#10479));
#10456 = ORIENTED_EDGE('',*,*,#10457,.T.);
#10457 = EDGE_CURVE('',#9397,#9567,#10458,.T.);
#10458 = SURFACE_CURVE('',#10459,(#10463,#10470),.PCURVE_S1.);
#10459 = LINE('',#10460,#10461);
#10460 = CARTESIAN_POINT('',(-97.4,3.110602869834E-15,286.3));
#10461 = VECTOR('',#10462,1.);
#10462 = DIRECTION('',(0.,0.,1.));
#10463 = PCURVE('',#9440,#10464);
#10464 = DEFINITIONAL_REPRESENTATION('',(#10465),#10469);
#10465 = LINE('',#10466,#10467);
#10466 = CARTESIAN_POINT('',(0.,0.));
#10467 = VECTOR('',#10468,1.);
#10468 = DIRECTION('',(0.,-1.));
#10469 = ( GEOMETRIC_REPRESENTATION_CONTEXT(2) 
PARAMETRIC_REPRESENTATION_CONTEXT() REPRESENTATION_CONTEXT('2D SPACE',''
  ) );
#10470 = PCURVE('',#9412,#10471);
#10471 = DEFINITIONAL_REPRESENTATION('',(#10472),#10476);
#10472 = LINE('',#10473,#10474);
#10473 = CARTESIAN_POINT('',(4.227010086524,0.));
#10474 = VECTOR('',#10475,1.);
#10475 = DIRECTION('',(0.,-1.));
#10476 = ( GEOMETRIC_REPRESENTATION_CONTEXT(2) 
PARAMETRIC_REPRESENTATION_CONTEXT() REPRESENTATION_CONTEXT('2D SPACE',''
  ) );
#10477 = ORIENTED_EDGE('',*,*,#9589,.T.);
#10478 = ORIENTED_EDGE('',*,*,#10430,.F.);
#10479 = ORIENTED_EDGE('',*,*,#9424,.F.);
#10480 = ADVANCED_FACE('',(#10481),#9412,.F.);
#10481 = FACE_BOUND('',#10482,.F.);
#10482 = EDGE_LOOP('',(#10483,#10504,#10505,#10506));
#10483 = ORIENTED_EDGE('',*,*,#10484,.T.);
#10484 = EDGE_CURVE('',#9369,#9544,#10485,.T.);
#10485 = SURFACE_CURVE('',#10486,(#10490,#10497),.PCURVE_S1.);
#10486 = LINE('',#10487,#10488);
#10487 = CARTESIAN_POINT('',(-100.3936001127,2.984287626292,286.3));
#10488 = VECTOR('',#10489,1.);
#10489 = DIRECTION('',(0.,0.,1.));
#10490 = PCURVE('',#9412,#10491);
#10491 = DEFINITIONAL_REPRESENTATION('',(#10492),#10496);
#10492 = LINE('',#10493,#10494);
#10493 = CARTESIAN_POINT('',(0.,0.));
#10494 = VECTOR('',#10495,1.);
#10495 = DIRECTION('',(0.,-1.));
#10496 = ( GEOMETRIC_REPRESENTATION_CONTEXT(2) 
PARAMETRIC_REPRESENTATION_CONTEXT() REPRESENTATION_CONTEXT('2D SPACE',''
  ) );
#10497 = PCURVE('',#9384,#10498);
#10498 = DEFINITIONAL_REPRESENTATION('',(#10499),#10503);
#10499 = LINE('',#10500,#10501);
#10500 = CARTESIAN_POINT('',(7.280370619197,0.));
#10501 = VECTOR('',#10502,1.);
#10502 = DIRECTION('',(0.,-1.));
#10503 = ( GEOMETRIC_REPRESENTATION_CONTEXT(2) 
PARAMETRIC_REPRESENTATION_CONTEXT() REPRESENTATION_CONTEXT('2D SPACE',''
  ) );
#10504 = ORIENTED_EDGE('',*,*,#9566,.T.);
#10505 = ORIENTED_EDGE('',*,*,#10457,.F.);
#10506 = ORIENTED_EDGE('',*,*,#9396,.F.);
#10507 = ADVANCED_FACE('',(#10508),#9384,.F.);
#10508 = FACE_BOUND('',#10509,.F.);
#10509 = EDGE_LOOP('',(#10510,#10511,#10512,#10513));
#10510 = ORIENTED_EDGE('',*,*,#10284,.T.);
#10511 = ORIENTED_EDGE('',*,*,#9543,.T.);
#10512 = ORIENTED_EDGE('',*,*,#10484,.F.);
#10513 = ORIENTED_EDGE('',*,*,#9368,.F.);
#10514 = ADVANCED_FACE('',(#10515),#9769,.F.);
#10515 = FACE_BOUND('',#10516,.F.);
#10516 = EDGE_LOOP('',(#10517,#10603,#10604,#10771,#11027,#11283,#11539,
    #11769));
#10517 = ORIENTED_EDGE('',*,*,#10518,.F.);
#10518 = EDGE_CURVE('',#9676,#10519,#10521,.T.);
#10519 = VERTEX_POINT('',#10520);
#10520 = CARTESIAN_POINT('',(-53.71621593163,-13.28394670801,
    308.9000002458));
#10521 = SURFACE_CURVE('',#10522,(#10589,#10596),.PCURVE_S1.);
#10522 = B_SPLINE_CURVE_WITH_KNOTS('',9,(#10523,#10524,#10525,#10526,
    #10527,#10528,#10529,#10530,#10531,#10532,#10533,#10534,#10535,
    #10536,#10537,#10538,#10539,#10540,#10541,#10542,#10543,#10544,
    #10545,#10546,#10547,#10548,#10549,#10550,#10551,#10552,#10553,
    #10554,#10555,#10556,#10557,#10558,#10559,#10560,#10561,#10562,
    #10563,#10564,#10565,#10566,#10567,#10568,#10569,#10570,#10571,
    #10572,#10573,#10574,#10575,#10576,#10577,#10578,#10579,#10580,
    #10581,#10582,#10583,#10584,#10585,#10586,#10587,#10588),
  .UNSPECIFIED.,.F.,.F.,(10,8,8,8,8,8,8,8,10),(0.,4.562134928341,
    9.124269856681,13.686404785022,18.248539713362,22.810674641703,
    27.372809570043,31.934944498384,36.497079426724),.UNSPECIFIED.);
#10523 = CARTESIAN_POINT('',(-49.4,-3.552713678801E-15,289.3));
#10524 = CARTESIAN_POINT('',(-49.39999999968,9.663887596734,
    289.57222338103));
#10525 = CARTESIAN_POINT('',(-54.04901191533,19.32836833672,
    289.84444084933));
#10526 = CARTESIAN_POINT('',(-63.34600474394,26.432501610206,
    290.11667482276));
#10527 = CARTESIAN_POINT('',(-75.65503041373,28.442022965564,
    290.38887744831));
#10528 = CARTESIAN_POINT('',(-87.69230935959,24.001236296422,
    290.66112270457));
#10529 = CARTESIAN_POINT('',(-95.74708620523,14.479111600686,
    290.93332565621));
#10530 = CARTESIAN_POINT('',(-98.20280951342,3.039172411905,
    291.20555912628));
#10531 = CARTESIAN_POINT('',(-95.46136776943,-7.329048099998,
    291.47777708004));
#10532 = CARTESIAN_POINT('',(-82.90898187993,-22.02600367793,
    292.02222316092));
#10533 = CARTESIAN_POINT('',(-73.09726733984,-26.35564075715,
    292.29444116312));
#10534 = CARTESIAN_POINT('',(-61.41401302945,-25.7197522492,
    292.56667446627));
#10535 = CARTESIAN_POINT('',(-50.74907676911,-19.25373155908,
    292.83887777237));
#10536 = CARTESIAN_POINT('',(-44.47991827459,-8.059343580579,
    293.1111224716));
#10537 = CARTESIAN_POINT('',(-44.53914321555,4.412495955271,
    293.38332578411));
#10538 = CARTESIAN_POINT('',(-50.10144273819,14.706358665424,
    293.65555907737));
#10539 = CARTESIAN_POINT('',(-58.9196719718,20.809991406674,
    293.9277770891));
#10540 = CARTESIAN_POINT('',(-78.00949020094,23.833521586105,
    294.4722231566));
#10541 = CARTESIAN_POINT('',(-88.28225082125,20.753604591477,
    294.74444116929));
#10542 = CARTESIAN_POINT('',(-96.75329054583,12.682404466193,
    295.01667445926));
#10543 = CARTESIAN_POINT('',(-100.6636271834,0.839281720246,
    295.28887777875));
#10544 = CARTESIAN_POINT('',(-98.16055927696,-11.74449042908,
    295.56112246701));
#10545 = CARTESIAN_POINT('',(-90.01571243299,-21.18968809163,
    295.83332578662));
#10546 = CARTESIAN_POINT('',(-79.10077764659,-25.40477813639,
    296.1055590764));
#10547 = CARTESIAN_POINT('',(-68.43135115981,-24.31903511914,
    296.37777708928));
#10548 = CARTESIAN_POINT('',(-51.95171372205,-14.22030031287,
    296.92222315651));
#10549 = CARTESIAN_POINT('',(-46.14049134436,-5.206688720773,
    297.19444116941));
#10550 = CARTESIAN_POINT('',(-44.94088737202,6.432200220488,
    297.46667445912));
#10551 = CARTESIAN_POINT('',(-49.65893701871,17.977341905494,
    297.73887777887));
#10552 = CARTESIAN_POINT('',(-59.73479105017,25.920504750852,
    298.01112246692));
#10553 = CARTESIAN_POINT('',(-72.06234636724,27.813034512976,
    298.28332578667));
#10554 = CARTESIAN_POINT('',(-83.09960989607,23.929531033865,
    298.55555907638));
#10555 = CARTESIAN_POINT('',(-90.50757176261,16.1746873578,
    298.82777708928));
#10556 = CARTESIAN_POINT('',(-96.48018277067,-2.207119205045,
    299.37222315652));
#10557 = CARTESIAN_POINT('',(-95.04519847719,-12.83521026288,
    299.6444411694));
#10558 = CARTESIAN_POINT('',(-88.39853078648,-22.46457130535,
    299.91667445915));
#10559 = CARTESIAN_POINT('',(-77.31292795413,-28.17943778141,
    300.18887777883));
#10560 = CARTESIAN_POINT('',(-64.49251683259,-27.6757224587,
    300.46112246697));
#10561 = CARTESIAN_POINT('',(-53.88947046782,-21.10870663859,
    300.73332578664));
#10562 = CARTESIAN_POINT('',(-48.01880319178,-10.98753816792,
    301.0055590764));
#10563 = CARTESIAN_POINT('',(-47.42211288606,-0.27962239803,
    301.27777708928));
#10564 = CARTESIAN_POINT('',(-54.81853224235,17.576913533486,
    301.82222315652));
#10565 = CARTESIAN_POINT('',(-62.81209585463,24.726629628019,
    302.09444116939));
#10566 = CARTESIAN_POINT('',(-74.12003135373,27.732187850028,
    302.36667445917));
#10567 = CARTESIAN_POINT('',(-86.26109875903,24.878283286948,
    302.63887777878));
#10568 = CARTESIAN_POINT('',(-95.68267892409,16.169064168974,
    302.91112246705));
#10569 = CARTESIAN_POINT('',(-99.48036302563,4.289338395178,
    303.18332578653));
#10570 = CARTESIAN_POINT('',(-97.3712803343,-7.219551893565,
    303.45555907651));
#10571 = CARTESIAN_POINT('',(-90.87077220394,-15.74943427864,
    303.7277770892));
#10572 = CARTESIAN_POINT('',(-73.64959839069,-24.52406061035,
    304.27222315669));
#10573 = CARTESIAN_POINT('',(-62.92787576977,-24.76934309375,
    304.54444116843));
#10574 = CARTESIAN_POINT('',(-52.37730023628,-19.71087085529,
    304.81667446169));
#10575 = CARTESIAN_POINT('',(-44.99862290102,-9.655752269051,
    305.0888777742));
#10576 = CARTESIAN_POINT('',(-43.49058249697,3.085616754039,
    305.36112247342));
#10577 = CARTESIAN_POINT('',(-48.31806556895,14.585429630439,
    305.63332577952));
#10578 = CARTESIAN_POINT('',(-57.39625096607,21.967118825402,
    305.90555908268));
#10579 = CARTESIAN_POINT('',(-67.87899159514,24.231549958768,
    306.17777708487));
#10580 = CARTESIAN_POINT('',(-86.67273884354,19.719570443955,
    306.72222316576));
#10581 = CARTESIAN_POINT('',(-94.98489891523,12.942882878357,
    306.99444111951));
#10582 = CARTESIAN_POINT('',(-99.72240457134,2.244339717359,
    307.2666745896));
#10583 = CARTESIAN_POINT('',(-98.80291768818,-10.19370002474,
    307.5388775412));
#10584 = CARTESIAN_POINT('',(-91.67478337127,-20.86170695298,
    307.81112279751));
#10585 = CARTESIAN_POINT('',(-80.53540540526,-26.47103378853,
    308.08332542301));
#10586 = CARTESIAN_POINT('',(-68.83827544177,-26.18830451925,
    308.35555939648));
#10587 = CARTESIAN_POINT('',(-59.3965065432,-21.10219600376,
    308.62777686476));
#10588 = CARTESIAN_POINT('',(-53.71621593163,-13.28394670801,
    308.9000002458));
#10589 = PCURVE('',#9769,#10590);
#10590 = DEFINITIONAL_REPRESENTATION('',(#10591),#10595);
#10591 = LINE('',#10592,#10593);
#10592 = CARTESIAN_POINT('',(0.,0.));
#10593 = VECTOR('',#10594,1.);
#10594 = DIRECTION('',(0.,1.));
#10595 = ( GEOMETRIC_REPRESENTATION_CONTEXT(2) 
PARAMETRIC_REPRESENTATION_CONTEXT() REPRESENTATION_CONTEXT('2D SPACE',''
  ) );
#10596 = PCURVE('',#10073,#10597);
#10597 = DEFINITIONAL_REPRESENTATION('',(#10598),#10602);
#10598 = LINE('',#10599,#10600);
#10599 = CARTESIAN_POINT('',(3.810511776652,0.));
#10600 = VECTOR('',#10601,1.);
#10601 = DIRECTION('',(0.,1.));
#10602 = ( GEOMETRIC_REPRESENTATION_CONTEXT(2) 
PARAMETRIC_REPRESENTATION_CONTEXT() REPRESENTATION_CONTEXT('2D SPACE',''
  ) );
#10603 = ORIENTED_EDGE('',*,*,#9673,.F.);
#10604 = ORIENTED_EDGE('',*,*,#10605,.T.);
#10605 = EDGE_CURVE('',#9674,#10606,#10608,.T.);
#10606 = VERTEX_POINT('',#10607);
#10607 = CARTESIAN_POINT('',(-51.6,0.,294.57017557824));
#10608 = SURFACE_CURVE('',#10609,(#10661,#10716),.PCURVE_S1.);
#10609 = B_SPLINE_CURVE_WITH_KNOTS('',8,(#10610,#10611,#10612,#10613,
    #10614,#10615,#10616,#10617,#10618,#10619,#10620,#10621,#10622,
    #10623,#10624,#10625,#10626,#10627,#10628,#10629,#10630,#10631,
    #10632,#10633,#10634,#10635,#10636,#10637,#10638,#10639,#10640,
    #10641,#10642,#10643,#10644,#10645,#10646,#10647,#10648,#10649,
    #10650,#10651,#10652,#10653,#10654,#10655,#10656,#10657,#10658,
    #10659,#10660),.UNSPECIFIED.,.F.,.F.,(9,7,7,7,7,7,7,9),(0.,
    0.217604901309,0.307407489385,0.424132625375,0.54823110144,
    0.69561444653,0.853235810534,1.),.UNSPECIFIED.);
#10610 = CARTESIAN_POINT('',(-90.59032706508,8.399984500768,292.2999994)
  );
#10611 = CARTESIAN_POINT('',(-91.40499597207,6.597009554003,
    292.36173936396));
#10612 = CARTESIAN_POINT('',(-92.02031855539,4.702642060488,
    292.42351604235));
#10613 = CARTESIAN_POINT('',(-92.42342361852,2.744241869713,
    292.48527237758));
#10614 = CARTESIAN_POINT('',(-92.60729996763,0.749673170653,
    292.54701543996));
#10615 = CARTESIAN_POINT('',(-92.56883719707,-1.252979730452,
    292.60876166158));
#10616 = CARTESIAN_POINT('',(-92.30909986458,-3.235482242351,
    292.67052327358));
#10617 = CARTESIAN_POINT('',(-91.83306041754,-5.16954160045,
    292.73230378905));
#10618 = CARTESIAN_POINT('',(-90.870300473,-7.793486361108,
    292.81952677329));
#10619 = CARTESIAN_POINT('',(-90.5539721816,-8.547193717696,
    292.84500832643));
#10620 = CARTESIAN_POINT('',(-90.20325891755,-9.286167973275,
    292.87048991384));
#10621 = CARTESIAN_POINT('',(-89.81897408308,-10.00857045558,
    292.89597120566));
#10622 = CARTESIAN_POINT('',(-89.4020420687,-10.7126300281,
    292.92145243837));
#10623 = CARTESIAN_POINT('',(-88.95349395499,-11.39664122176,
    292.94693402661));
#10624 = CARTESIAN_POINT('',(-88.47446794082,-12.0589648534,
    292.97241606159));
#10625 = CARTESIAN_POINT('',(-87.30558819006,-13.52868757111,
    293.03101864873));
#10626 = CARTESIAN_POINT('',(-86.59553880281,-14.32010678333,
    293.06414099203));
#10627 = CARTESIAN_POINT('',(-85.83883297768,-15.06879243789,
    293.09726031266));
#10628 = CARTESIAN_POINT('',(-85.03849462444,-15.77155161594,
    293.13038116128));
#10629 = CARTESIAN_POINT('',(-84.19777795233,-16.42546852301,
    293.16350316318));
#10630 = CARTESIAN_POINT('',(-83.32015845888,-17.02789555474,
    293.19662464256));
#10631 = CARTESIAN_POINT('',(-82.40933985023,-17.57646350321,
    293.22974769595));
#10632 = CARTESIAN_POINT('',(-80.46982748203,-18.59288174321,
    293.29808180137));
#10633 = CARTESIAN_POINT('',(-79.43720349408,-19.05350643059,
    293.33329696649));
#10634 = CARTESIAN_POINT('',(-78.37615124864,-19.44848018249,
    293.36851075097));
#10635 = CARTESIAN_POINT('',(-77.2915587035,-19.77578969434,
    293.40372310059));
#10636 = CARTESIAN_POINT('',(-76.18843727229,-20.03386415683,
    293.43893556774));
#10637 = CARTESIAN_POINT('',(-75.07191477496,-20.22155953264,
    293.47414962079));
#10638 = CARTESIAN_POINT('',(-73.94723749476,-20.33817788252,
    293.50936499598));
#10639 = CARTESIAN_POINT('',(-71.48077812004,-20.43737356624,
    293.58639829868));
#10640 = CARTESIAN_POINT('',(-70.13754949927,-20.39070690162,
    293.62822471229));
#10641 = CARTESIAN_POINT('',(-68.79916484436,-20.24311140925,
    293.67004946106));
#10642 = CARTESIAN_POINT('',(-67.47447708809,-19.9952154032,
    293.71187157195));
#10643 = CARTESIAN_POINT('',(-66.17214672337,-19.64853764507,
    293.75369356008));
#10644 = CARTESIAN_POINT('',(-64.90064396394,-19.20543658847,
    293.79551797961));
#10645 = CARTESIAN_POINT('',(-63.66822907361,-18.66915707216,
    293.83734393632));
#10646 = CARTESIAN_POINT('',(-61.21525424436,-17.37536339337,
    293.92388819735));
#10647 = CARTESIAN_POINT('',(-60.00103602471,-16.60484259824,
    293.96862047451));
#10648 = CARTESIAN_POINT('',(-58.85016880941,-15.73755696545,
    294.01334888181));
#10649 = CARTESIAN_POINT('',(-57.77159796067,-14.77969173854,
    294.05807257911));
#10650 = CARTESIAN_POINT('',(-56.77344757571,-13.73829695858,
    294.10279614645));
#10651 = CARTESIAN_POINT('',(-55.86306438853,-12.62122131852,
    294.14752432593));
#10652 = CARTESIAN_POINT('',(-55.04695959605,-11.43715542845,
    294.19225675636));
#10653 = CARTESIAN_POINT('',(-53.66367809905,-9.039920878961,
    294.27862786135));
#10654 = CARTESIAN_POINT('',(-53.08303804003,-7.834048058161,
    294.32027897744));
#10655 = CARTESIAN_POINT('',(-52.59323770741,-6.585896649073,
    294.36192875024));
#10656 = CARTESIAN_POINT('',(-52.19779160351,-5.303487418098,
    294.4035765471));
#10657 = CARTESIAN_POINT('',(-51.89935567537,-3.995085399535,
    294.44522495484));
#10658 = CARTESIAN_POINT('',(-51.69976886626,-2.669179962236,
    294.48687633146));
#10659 = CARTESIAN_POINT('',(-51.60000000023,-1.334490822044,
    294.52852935623));
#10660 = CARTESIAN_POINT('',(-51.6,-7.105427357601E-15,294.57017557824)
  );
#10661 = PCURVE('',#9769,#10662);
#10662 = DEFINITIONAL_REPRESENTATION('',(#10663),#10715);
#10663 = B_SPLINE_CURVE_WITH_KNOTS('',8,(#10664,#10665,#10666,#10667,
    #10668,#10669,#10670,#10671,#10672,#10673,#10674,#10675,#10676,
    #10677,#10678,#10679,#10680,#10681,#10682,#10683,#10684,#10685,
    #10686,#10687,#10688,#10689,#10690,#10691,#10692,#10693,#10694,
    #10695,#10696,#10697,#10698,#10699,#10700,#10701,#10702,#10703,
    #10704,#10705,#10706,#10707,#10708,#10709,#10710,#10711,#10712,
    #10713,#10714),.UNSPECIFIED.,.F.,.F.,(9,7,7,7,7,7,7,9),(0.,
    0.217604901309,0.307407489385,0.424132625375,0.54823110144,
    0.69561444653,0.853235810534,1.),.UNSPECIFIED.);
#10664 = CARTESIAN_POINT('',(2.540347234931,3.22110147855));
#10665 = CARTESIAN_POINT('',(2.540342764235,3.33607137408));
#10666 = CARTESIAN_POINT('',(2.540337050763,3.451110792469));
#10667 = CARTESIAN_POINT('',(2.540331839804,3.566111862077));
#10668 = CARTESIAN_POINT('',(2.540330869827,3.681084267815));
#10669 = CARTESIAN_POINT('',(2.540335576137,3.796057271452));
#10670 = CARTESIAN_POINT('',(2.540340767338,3.911058482016));
#10671 = CARTESIAN_POINT('',(2.540342326826,4.026098273943));
#10672 = CARTESIAN_POINT('',(2.540341745876,4.188516375219));
#10673 = CARTESIAN_POINT('',(2.540341227779,4.235965952944));
#10674 = CARTESIAN_POINT('',(2.54034047916,4.283415809112));
#10675 = CARTESIAN_POINT('',(2.540339677971,4.330865163791));
#10676 = CARTESIAN_POINT('',(2.54033918175,4.378314124477));
#10677 = CARTESIAN_POINT('',(2.540339380337,4.425763100299));
#10678 = CARTESIAN_POINT('',(2.540340281798,4.473212253574));
#10679 = CARTESIAN_POINT('',(2.540341546141,4.582334713012));
#10680 = CARTESIAN_POINT('',(2.540341009794,4.644012191687));
#10681 = CARTESIAN_POINT('',(2.54033770235,4.70568662186));
#10682 = CARTESIAN_POINT('',(2.540338454993,4.767360117182));
#10683 = CARTESIAN_POINT('',(2.540340919118,4.82903416654));
#10684 = CARTESIAN_POINT('',(2.540340993885,4.890709467521));
#10685 = CARTESIAN_POINT('',(2.5403419425,4.952386885866));
#10686 = CARTESIAN_POINT('',(2.540341910973,5.079631572005));
#10687 = CARTESIAN_POINT('',(2.54034117926,5.145206267476));
#10688 = CARTESIAN_POINT('',(2.540339567743,5.210779211198));
#10689 = CARTESIAN_POINT('',(2.540337506549,5.276349901731));
#10690 = CARTESIAN_POINT('',(2.540335619243,5.341920649238));
#10691 = CARTESIAN_POINT('',(2.540334436518,5.407493693825));
#10692 = CARTESIAN_POINT('',(2.540334224567,5.473068296542));
#10693 = CARTESIAN_POINT('',(2.540335763783,5.616510259743));
#10694 = CARTESIAN_POINT('',(2.540337885981,5.694393076715));
#10695 = CARTESIAN_POINT('',(2.540341311054,5.772271580558));
#10696 = CARTESIAN_POINT('',(2.540345356686,5.850144594648));
#10697 = CARTESIAN_POINT('',(2.540349084571,5.92801767597));
#10698 = CARTESIAN_POINT('',(2.540351657324,6.005896360287));
#10699 = CARTESIAN_POINT('',(2.540352609666,6.083779415664));
#10700 = CARTESIAN_POINT('',(2.540351418136,6.244934237718));
#10701 = CARTESIAN_POINT('',(2.540349056205,6.328232226205));
#10702 = CARTESIAN_POINT('',(2.540344930369,6.411524650923));
#10703 = CARTESIAN_POINT('',(2.540339772017,6.494809266474));
#10704 = CARTESIAN_POINT('',(2.540334671083,6.578093586582));
#10705 = CARTESIAN_POINT('',(2.540330702879,6.661385440301));
#10706 = CARTESIAN_POINT('',(2.540328572324,6.744683498763));
#10707 = CARTESIAN_POINT('',(2.540327999268,6.905515311849));
#10708 = CARTESIAN_POINT('',(2.54032933646,6.983072456065));
#10709 = CARTESIAN_POINT('',(2.540332300892,7.060625535305));
#10710 = CARTESIAN_POINT('',(2.540336557835,7.138173753106));
#10711 = CARTESIAN_POINT('',(2.54034137538,7.215722634683));
#10712 = CARTESIAN_POINT('',(2.540345787501,7.293277407047));
#10713 = CARTESIAN_POINT('',(2.540348968904,7.370836310976));
#10714 = CARTESIAN_POINT('',(2.540350821647,7.448383844799));
#10715 = ( GEOMETRIC_REPRESENTATION_CONTEXT(2) 
PARAMETRIC_REPRESENTATION_CONTEXT() REPRESENTATION_CONTEXT('2D SPACE',''
  ) );
#10716 = PCURVE('',#9969,#10717);
#10717 = DEFINITIONAL_REPRESENTATION('',(#10718),#10770);
#10718 = B_SPLINE_CURVE_WITH_KNOTS('',8,(#10719,#10720,#10721,#10722,
    #10723,#10724,#10725,#10726,#10727,#10728,#10729,#10730,#10731,
    #10732,#10733,#10734,#10735,#10736,#10737,#10738,#10739,#10740,
    #10741,#10742,#10743,#10744,#10745,#10746,#10747,#10748,#10749,
    #10750,#10751,#10752,#10753,#10754,#10755,#10756,#10757,#10758,
    #10759,#10760,#10761,#10762,#10763,#10764,#10765,#10766,#10767,
    #10768,#10769),.UNSPECIFIED.,.F.,.F.,(9,7,7,7,7,7,7,9),(0.,
    0.217604901309,0.307407489385,0.424132625375,0.54823110144,
    0.69561444653,0.853235810534,1.),.UNSPECIFIED.);
#10719 = CARTESIAN_POINT('',(-2.717203778722,-5.9999994));
#10720 = CARTESIAN_POINT('',(-2.814188352306,-6.061739363968));
#10721 = CARTESIAN_POINT('',(-2.91123175407,-6.123516042358));
#10722 = CARTESIAN_POINT('',(-3.00824263023,-6.185272377585));
#10723 = CARTESIAN_POINT('',(-3.105229675574,-6.247015439969));
#10724 = CARTESIAN_POINT('',(-3.202216512604,-6.308761661582));
#10725 = CARTESIAN_POINT('',(-3.299226888234,-6.370523273588));
#10726 = CARTESIAN_POINT('',(-3.396269647113,-6.432303789058));
#10727 = CARTESIAN_POINT('',(-3.533279168823,-6.519526773295));
#10728 = CARTESIAN_POINT('',(-3.573305811919,-6.545008326435));
#10729 = CARTESIAN_POINT('',(-3.613332759135,-6.570489913848));
#10730 = CARTESIAN_POINT('',(-3.653359373157,-6.59597120566));
#10731 = CARTESIAN_POINT('',(-3.693385753682,-6.621452438371));
#10732 = CARTESIAN_POINT('',(-3.733412228233,-6.646934026614));
#10733 = CARTESIAN_POINT('',(-3.773438868104,-6.672416061592));
#10734 = CARTESIAN_POINT('',(-3.865490914497,-6.73101864873));
#10735 = CARTESIAN_POINT('',(-3.917519456964,-6.764140992037));
#10736 = CARTESIAN_POINT('',(-3.969546680149,-6.797260312661));
#10737 = CARTESIAN_POINT('',(-4.02157249192,-6.830381161287));
#10738 = CARTESIAN_POINT('',(-4.073598301758,-6.863503163185));
#10739 = CARTESIAN_POINT('',(-4.125625534085,-6.896624642565));
#10740 = CARTESIAN_POINT('',(-4.177654140557,-6.929747695954));
#10741 = CARTESIAN_POINT('',(-4.28499269122,-6.998081801372));
#10742 = CARTESIAN_POINT('',(-4.340308827722,-7.033296966495));
#10743 = CARTESIAN_POINT('',(-4.395623487998,-7.068510750976));
#10744 = CARTESIAN_POINT('',(-4.450936309734,-7.10372310059));
#10745 = CARTESIAN_POINT('',(-4.506249275048,-7.138935567745));
#10746 = CARTESIAN_POINT('',(-4.561564273903,-7.17414962079));
#10747 = CARTESIAN_POINT('',(-4.616880659693,-7.209364995983));
#10748 = CARTESIAN_POINT('',(-4.737883271808,-7.286398298684));
#10749 = CARTESIAN_POINT('',(-4.803582556704,-7.328224712294));
#10750 = CARTESIAN_POINT('',(-4.86927823171,-7.370049461065));
#10751 = CARTESIAN_POINT('',(-4.934969251124,-7.411871571957));
#10752 = CARTESIAN_POINT('',(-5.000660266393,-7.453693560082));
#10753 = CARTESIAN_POINT('',(-5.06635593956,-7.495517979612));
#10754 = CARTESIAN_POINT('',(-5.132055247259,-7.537343936325));
#10755 = CARTESIAN_POINT('',(-5.267999511338,-7.623888197351));
#10756 = CARTESIAN_POINT('',(-5.338266582893,-7.668620474514));
#10757 = CARTESIAN_POINT('',(-5.408528945044,-7.713348881818));
#10758 = CARTESIAN_POINT('',(-5.478784737303,-7.758072579112));
#10759 = CARTESIAN_POINT('',(-5.549040319031,-7.802796146454));
#10760 = CARTESIAN_POINT('',(-5.619302293763,-7.847524325931));
#10761 = CARTESIAN_POINT('',(-5.689569522422,-7.892256756361));
#10762 = CARTESIAN_POINT('',(-5.825241426636,-7.978627861352));
#10763 = CARTESIAN_POINT('',(-5.890665832022,-8.020278977442));
#10764 = CARTESIAN_POINT('',(-5.956086797367,-8.061928750243));
#10765 = CARTESIAN_POINT('',(-6.021503633251,-8.1035765471));
#10766 = CARTESIAN_POINT('',(-6.086920994285,-8.145224954844));
#10767 = CARTESIAN_POINT('',(-6.152343300433,-8.186876331466));
#10768 = CARTESIAN_POINT('',(-6.217769090413,-8.22852935623));
#10769 = CARTESIAN_POINT('',(-6.28318530718,-8.270175578247));
#10770 = ( GEOMETRIC_REPRESENTATION_CONTEXT(2) 
PARAMETRIC_REPRESENTATION_CONTEXT() REPRESENTATION_CONTEXT('2D SPACE',''
  ) );
#10771 = ORIENTED_EDGE('',*,*,#10772,.T.);
#10772 = EDGE_CURVE('',#10606,#10773,#10775,.T.);
#10773 = VERTEX_POINT('',#10774);
#10774 = CARTESIAN_POINT('',(-51.6,0.,298.57017090293));
#10775 = SURFACE_CURVE('',#10776,(#10856,#10939),.PCURVE_S1.);
#10776 = B_SPLINE_CURVE_WITH_KNOTS('',8,(#10777,#10778,#10779,#10780,
    #10781,#10782,#10783,#10784,#10785,#10786,#10787,#10788,#10789,
    #10790,#10791,#10792,#10793,#10794,#10795,#10796,#10797,#10798,
    #10799,#10800,#10801,#10802,#10803,#10804,#10805,#10806,#10807,
    #10808,#10809,#10810,#10811,#10812,#10813,#10814,#10815,#10816,
    #10817,#10818,#10819,#10820,#10821,#10822,#10823,#10824,#10825,
    #10826,#10827,#10828,#10829,#10830,#10831,#10832,#10833,#10834,
    #10835,#10836,#10837,#10838,#10839,#10840,#10841,#10842,#10843,
    #10844,#10845,#10846,#10847,#10848,#10849,#10850,#10851,#10852,
    #10853,#10854,#10855),.UNSPECIFIED.,.F.,.F.,(9,7,7,7,7,7,7,7,7,7,7,9
    ),(0.,0.118325258502,0.226065402005,0.304589128387,0.444270133119,
    0.546203099821,0.630039815359,0.726411563901,0.817859846031,
    0.847441263525,0.900780837229,1.),.UNSPECIFIED.);
#10777 = CARTESIAN_POINT('',(-51.6,-3.552713678801E-15,294.57017557824)
  );
#10778 = CARTESIAN_POINT('',(-51.6,1.895593481996,294.6293324533));
#10779 = CARTESIAN_POINT('',(-51.8013040738,3.792168144624,
    294.68851847554));
#10780 = CARTESIAN_POINT('',(-52.20427521616,5.663266041494,
    294.74768609851));
#10781 = CARTESIAN_POINT('',(-52.80467686235,7.484001869189,
    294.80683969776));
#10782 = CARTESIAN_POINT('',(-53.59514501985,9.230641767271,
    294.86599354562));
#10783 = CARTESIAN_POINT('',(-54.56503879029,10.880720025924,
    294.92516202441));
#10784 = CARTESIAN_POINT('',(-55.70062332887,12.413041078881,
    294.98434868297));
#10785 = CARTESIAN_POINT('',(-58.15202116238,15.078879764548,
    295.09736981529));
#10786 = CARTESIAN_POINT('',(-59.4435811111,16.23685187847,295.151253501
    ));
#10787 = CARTESIAN_POINT('',(-60.8451748812,17.267619368791,
    295.20512730939));
#10788 = CARTESIAN_POINT('',(-62.34197544799,18.159256988625,
    295.25899110665));
#10789 = CARTESIAN_POINT('',(-63.91800996848,18.901909369358,
    295.3128533494));
#10790 = CARTESIAN_POINT('',(-65.55617909782,19.487846403588,
    295.36672162051));
#10791 = CARTESIAN_POINT('',(-67.23831468377,19.91144113233,
    295.42060610335));
#10792 = CARTESIAN_POINT('',(-70.18864357147,20.358326625807,
    295.51372630226));
#10793 = CARTESIAN_POINT('',(-71.4457940789,20.459081376714,
    295.55298470677));
#10794 = CARTESIAN_POINT('',(-72.70894753768,20.471056932907,
    295.59224276764));
#10795 = CARTESIAN_POINT('',(-73.97079283426,20.393912552086,
    295.63149992257));
#10796 = CARTESIAN_POINT('',(-75.22407282079,20.228007544687,
    295.67075725236));
#10797 = CARTESIAN_POINT('',(-76.461586465,19.974371586473,
    295.71001638608));
#10798 = CARTESIAN_POINT('',(-77.67619808439,19.634743856969,
    295.74927693883));
#10799 = CARTESIAN_POINT('',(-80.96816427486,18.459120635969,
    295.85836174162));
#10800 = CARTESIAN_POINT('',(-82.98325297163,17.441632726023,
    295.92826005946));
#10801 = CARTESIAN_POINT('',(-84.86378459918,16.173297415639,
    295.99811785554));
#10802 = CARTESIAN_POINT('',(-86.57430577626,14.67599044531,
    296.06795411932));
#10803 = CARTESIAN_POINT('',(-88.08347410855,12.975919390905,
    296.13779343464));
#10804 = CARTESIAN_POINT('',(-89.36486079565,11.104238872734,
    296.20765699034));
#10805 = CARTESIAN_POINT('',(-90.39633301535,9.096261281158,
    296.27755873831));
#10806 = CARTESIAN_POINT('',(-91.72337895171,5.460291685129,
    296.39834551721));
#10807 = CARTESIAN_POINT('',(-92.1430732826,3.874673326721,
    296.44931719699));
#10808 = CARTESIAN_POINT('',(-92.41674774994,2.252992982187,
    296.50028033972));
#10809 = CARTESIAN_POINT('',(-92.5410563165,0.610998995115,
    296.55123652319));
#10810 = CARTESIAN_POINT('',(-92.51456403293,-1.035480069952,
    296.60219327233));
#10811 = CARTESIAN_POINT('',(-92.33776290298,-2.670558164589,
    296.65315782269));
#10812 = CARTESIAN_POINT('',(-92.01305741317,-4.278317009466,
    296.70413130464));
#10813 = CARTESIAN_POINT('',(-91.16070013623,-7.129608260938,
    296.79700398913));
#10814 = CARTESIAN_POINT('',(-90.67916879986,-8.387605766581,
    296.83892301154));
#10815 = CARTESIAN_POINT('',(-90.10334399805,-9.608065084439,
    296.88084017487));
#10816 = CARTESIAN_POINT('',(-89.43671905341,-10.78276655321,
    296.92275449508));
#10817 = CARTESIAN_POINT('',(-88.68357309392,-11.9039648366,
    296.96466855126));
#10818 = CARTESIAN_POINT('',(-87.84892368387,-12.96437047116,
    297.00658498321));
#10819 = CARTESIAN_POINT('',(-86.93856533072,-13.95718445642,
    297.04850294936));
#10820 = CARTESIAN_POINT('',(-84.83338950311,-15.93259386091,
    297.1385926463));
#10821 = CARTESIAN_POINT('',(-83.61593337154,-16.89189634513,
    297.18678181698));
#10822 = CARTESIAN_POINT('',(-82.31697926376,-17.74441302089,
    297.23496481527));
#10823 = CARTESIAN_POINT('',(-80.94757629532,-18.48219657091,
    297.28314231837));
#10824 = CARTESIAN_POINT('',(-79.51947752334,-19.09873561951,
    297.33132020409));
#10825 = CARTESIAN_POINT('',(-78.04507855405,-19.58885190505,
    297.37950424735));
#10826 = CARTESIAN_POINT('',(-76.53746047311,-19.94880782286,
    297.42769483722));
#10827 = CARTESIAN_POINT('',(-73.56157157972,-20.39283355341,
    297.52159239569));
#10828 = CARTESIAN_POINT('',(-72.09457666473,-20.49015546624,
    297.56732096089));
#10829 = CARTESIAN_POINT('',(-70.62134957604,-20.4667550478,
    297.61304542412));
#10830 = CARTESIAN_POINT('',(-69.15351542721,-20.32234261586,
    297.65876504472));
#10831 = CARTESIAN_POINT('',(-67.70251359309,-20.05791705675,
    297.70448273307));
#10832 = CARTESIAN_POINT('',(-66.27960300945,-19.6756740478,
    297.75020275295));
#10833 = CARTESIAN_POINT('',(-64.89584252427,-19.17908243577,
    297.7959276837));
#10834 = CARTESIAN_POINT('',(-63.13056977842,-18.37709950466,
    297.85643482483));
#10835 = CARTESIAN_POINT('',(-62.70430628475,-18.1696242595,
    297.87122399084));
#10836 = CARTESIAN_POINT('',(-62.28359545347,-17.95085177036,
    297.88601353534));
#10837 = CARTESIAN_POINT('',(-61.86878872058,-17.72095693107,
    297.9008032984));
#10838 = CARTESIAN_POINT('',(-61.46023099067,-17.48012799799,
    297.91559302212));
#10839 = CARTESIAN_POINT('',(-61.05826051205,-17.22856677645,
    297.93038244974));
#10840 = CARTESIAN_POINT('',(-60.66320875182,-16.9664888072,
    297.94517142479));
#10841 = CARTESIAN_POINT('',(-59.57612549665,-16.20300961054,
    297.98662591232));
#10842 = CARTESIAN_POINT('',(-58.90034324938,-15.67840789518,
    298.0132925353));
#10843 = CARTESIAN_POINT('',(-58.24994891212,-15.1216452021,
    298.03995940183));
#10844 = CARTESIAN_POINT('',(-57.62672389291,-14.53416456949,
    298.06662632157));
#10845 = CARTESIAN_POINT('',(-57.03234265229,-13.91751742641,
    298.09329334766));
#10846 = CARTESIAN_POINT('',(-56.4683748808,-13.27336069476,
    298.11996060089));
#10847 = CARTESIAN_POINT('',(-55.93628282656,-12.603458845,
    298.14662794173));
#10848 = CARTESIAN_POINT('',(-54.50944666734,-10.61918426511,
    298.22289804711));
#10849 = CARTESIAN_POINT('',(-53.69613095616,-9.245674628632,
    298.27251512587));
#10850 = CARTESIAN_POINT('',(-53.0065493641,-7.80155064966,
    298.3221251311));
#10851 = CARTESIAN_POINT('',(-52.44766074603,-6.299945180759,
    298.3717290697));
#10852 = CARTESIAN_POINT('',(-52.02477460145,-4.754530010801,
    298.42133384024));
#10853 = CARTESIAN_POINT('',(-51.7415489337,-3.179497829448,
    298.47094538899));
#10854 = CARTESIAN_POINT('',(-51.6,-1.589543229502,298.52056444874));
#10855 = CARTESIAN_POINT('',(-51.6,3.552713678801E-15,298.57017090293));
#10856 = PCURVE('',#9769,#10857);
#10857 = DEFINITIONAL_REPRESENTATION('',(#10858),#10938);
#10858 = B_SPLINE_CURVE_WITH_KNOTS('',8,(#10859,#10860,#10861,#10862,
    #10863,#10864,#10865,#10866,#10867,#10868,#10869,#10870,#10871,
    #10872,#10873,#10874,#10875,#10876,#10877,#10878,#10879,#10880,
    #10881,#10882,#10883,#10884,#10885,#10886,#10887,#10888,#10889,
    #10890,#10891,#10892,#10893,#10894,#10895,#10896,#10897,#10898,
    #10899,#10900,#10901,#10902,#10903,#10904,#10905,#10906,#10907,
    #10908,#10909,#10910,#10911,#10912,#10913,#10914,#10915,#10916,
    #10917,#10918,#10919,#10920,#10921,#10922,#10923,#10924,#10925,
    #10926,#10927,#10928,#10929,#10930,#10931,#10932,#10933,#10934,
    #10935,#10936,#10937),.UNSPECIFIED.,.F.,.F.,(9,7,7,7,7,7,7,7,7,7,7,9
    ),(0.,0.118325258502,0.226065402005,0.304589128387,0.444270133119,
    0.546203099821,0.630039815359,0.726411563901,0.817859846031,
    0.847441263525,0.900780837229,1.),.UNSPECIFIED.);
#10859 = CARTESIAN_POINT('',(2.540350846371,7.448383845215));
#10860 = CARTESIAN_POINT('',(2.540353477737,7.558537169154));
#10861 = CARTESIAN_POINT('',(2.54035327801,7.668747403811));
#10862 = CARTESIAN_POINT('',(2.54034942231,7.778926781154));
#10863 = CARTESIAN_POINT('',(2.54034254828,7.889082855185));
#10864 = CARTESIAN_POINT('',(2.540335923607,7.999239160014));
#10865 = CARTESIAN_POINT('',(2.540333209874,8.109419067735));
#10866 = CARTESIAN_POINT('',(2.540333774016,8.219629776084));
#10867 = CARTESIAN_POINT('',(2.540337715742,8.430082292036));
#10868 = CARTESIAN_POINT('',(2.540340881828,8.53041593391));
#10869 = CARTESIAN_POINT('',(2.540343646051,8.630731557425));
#10870 = CARTESIAN_POINT('',(2.54034472222,8.731030110903));
#10871 = CARTESIAN_POINT('',(2.540340463779,8.831330736512));
#10872 = CARTESIAN_POINT('',(2.5403355752,8.931643174199));
#10873 = CARTESIAN_POINT('',(2.540341543343,9.03197569157));
#10874 = CARTESIAN_POINT('',(2.54034074079,9.20537517836));
#10875 = CARTESIAN_POINT('',(2.540338084917,9.278480564756));
#10876 = CARTESIAN_POINT('',(2.540338564643,9.351582391866));
#10877 = CARTESIAN_POINT('',(2.54034089569,9.424680808377));
#10878 = CARTESIAN_POINT('',(2.540342553571,9.497780177218));
#10879 = CARTESIAN_POINT('',(2.540342605571,9.570884400314));
#10880 = CARTESIAN_POINT('',(2.540341877529,9.643991992035));
#10881 = CARTESIAN_POINT('',(2.540337925656,9.847122034261));
#10882 = CARTESIAN_POINT('',(2.540333521127,9.977283505391));
#10883 = CARTESIAN_POINT('',(2.540329792402,10.107368891914));
#10884 = CARTESIAN_POINT('',(2.54033418873,10.237406618422));
#10885 = CARTESIAN_POINT('',(2.540344224102,10.367444776979));
#10886 = CARTESIAN_POINT('',(2.540351297682,10.497530830988));
#10887 = CARTESIAN_POINT('',(2.540353588891,10.6276924553));
#10888 = CARTESIAN_POINT('',(2.540350245003,10.852612133087));
#10889 = CARTESIAN_POINT('',(2.540346596074,10.947529685782));
#10890 = CARTESIAN_POINT('',(2.540340998255,11.042433156199));
#10891 = CARTESIAN_POINT('',(2.540334647767,11.137324368574));
#10892 = CARTESIAN_POINT('',(2.540329539228,11.232215477951));
#10893 = CARTESIAN_POINT('',(2.540327041232,11.32711868344));
#10894 = CARTESIAN_POINT('',(2.540327298943,11.422035954684));
#10895 = CARTESIAN_POINT('',(2.540331626133,11.594969769859));
#10896 = CARTESIAN_POINT('',(2.540335001615,11.673023866437));
#10897 = CARTESIAN_POINT('',(2.54033948767,11.751073467218));
#10898 = CARTESIAN_POINT('',(2.540344288171,11.829117481079));
#10899 = CARTESIAN_POINT('',(2.540348486397,11.907161564047));
#10900 = CARTESIAN_POINT('',(2.540351337178,11.985211325455));
#10901 = CARTESIAN_POINT('',(2.540352487709,12.063265526698));
#10902 = CARTESIAN_POINT('',(2.540351712462,12.231021902809));
#10903 = CARTESIAN_POINT('',(2.540349286553,12.320757018071));
#10904 = CARTESIAN_POINT('',(2.540345084871,12.410482293077));
#10905 = CARTESIAN_POINT('',(2.540340040623,12.500198119992));
#10906 = CARTESIAN_POINT('',(2.5403358715,12.589913844582));
#10907 = CARTESIAN_POINT('',(2.540333881665,12.679639006089));
#10908 = CARTESIAN_POINT('',(2.540333963714,12.769374428995));
#10909 = CARTESIAN_POINT('',(2.540336539655,12.94421828829));
#10910 = CARTESIAN_POINT('',(2.540338932838,13.029367033409));
#10911 = CARTESIAN_POINT('',(2.540341627143,13.11450785989));
#10912 = CARTESIAN_POINT('',(2.540343675442,13.199640270391));
#10913 = CARTESIAN_POINT('',(2.540343170202,13.284771460334));
#10914 = CARTESIAN_POINT('',(2.540340487618,13.369909019016));
#10915 = CARTESIAN_POINT('',(2.540339388452,13.455054247974));
#10916 = CARTESIAN_POINT('',(2.540339849824,13.567723917181));
#10917 = CARTESIAN_POINT('',(2.540340073386,13.595262554254));
#10918 = CARTESIAN_POINT('',(2.540340552739,13.622801657978));
#10919 = CARTESIAN_POINT('',(2.540341100898,13.650341104612));
#10920 = CARTESIAN_POINT('',(2.540341407436,13.677880702938));
#10921 = CARTESIAN_POINT('',(2.540341247024,13.705420184661));
#10922 = CARTESIAN_POINT('',(2.540340687972,13.732959194821));
#10923 = CARTESIAN_POINT('',(2.540339602586,13.810152436174));
#10924 = CARTESIAN_POINT('',(2.540339042075,13.859808767063));
#10925 = CARTESIAN_POINT('',(2.54033931605,13.90946477452));
#10926 = CARTESIAN_POINT('',(2.540340174432,13.95912033696));
#10927 = CARTESIAN_POINT('',(2.540341113491,14.008776022301));
#10928 = CARTESIAN_POINT('',(2.540341774932,14.058432389088));
#10929 = CARTESIAN_POINT('',(2.540342050819,14.108089277966));
#10930 = CARTESIAN_POINT('',(2.540341603275,14.250111944352));
#10931 = CARTESIAN_POINT('',(2.540339842526,14.342505342084));
#10932 = CARTESIAN_POINT('',(2.540336495231,14.434887045364));
#10933 = CARTESIAN_POINT('',(2.540333268576,14.527257339685));
#10934 = CARTESIAN_POINT('',(2.540332592381,14.619626808556));
#10935 = CARTESIAN_POINT('',(2.540334429798,14.712006558813));
#10936 = CARTESIAN_POINT('',(2.540337894541,14.804398780163));
#10937 = CARTESIAN_POINT('',(2.540341767628,14.896767148548));
#10938 = ( GEOMETRIC_REPRESENTATION_CONTEXT(2) 
PARAMETRIC_REPRESENTATION_CONTEXT() REPRESENTATION_CONTEXT('2D SPACE',''
  ) );
#10939 = PCURVE('',#10940,#10945);
#10940 = CYLINDRICAL_SURFACE('',#10941,20.4);
#10941 = AXIS2_PLACEMENT_3D('',#10942,#10943,#10944);
#10942 = CARTESIAN_POINT('',(-72.,0.,286.3));
#10943 = DIRECTION('',(-0.,-0.,-1.));
#10944 = DIRECTION('',(1.,0.,0.));
#10945 = DEFINITIONAL_REPRESENTATION('',(#10946),#11026);
#10946 = B_SPLINE_CURVE_WITH_KNOTS('',8,(#10947,#10948,#10949,#10950,
    #10951,#10952,#10953,#10954,#10955,#10956,#10957,#10958,#10959,
    #10960,#10961,#10962,#10963,#10964,#10965,#10966,#10967,#10968,
    #10969,#10970,#10971,#10972,#10973,#10974,#10975,#10976,#10977,
    #10978,#10979,#10980,#10981,#10982,#10983,#10984,#10985,#10986,
    #10987,#10988,#10989,#10990,#10991,#10992,#10993,#10994,#10995,
    #10996,#10997,#10998,#10999,#11000,#11001,#11002,#11003,#11004,
    #11005,#11006,#11007,#11008,#11009,#11010,#11011,#11012,#11013,
    #11014,#11015,#11016,#11017,#11018,#11019,#11020,#11021,#11022,
    #11023,#11024,#11025),.UNSPECIFIED.,.F.,.F.,(9,7,7,7,7,7,7,7,7,7,7,9
    ),(0.,0.118325258502,0.226065402005,0.304589128387,0.444270133119,
    0.546203099821,0.630039815359,0.726411563901,0.817859846031,
    0.847441263525,0.900780837229,1.),.UNSPECIFIED.);
#10947 = CARTESIAN_POINT('',(0.,-8.270175578247));
#10948 = CARTESIAN_POINT('',(-9.292124911743E-02,-8.329332453309));
#10949 = CARTESIAN_POINT('',(-0.185890543798,-8.388518475547));
#10950 = CARTESIAN_POINT('',(-0.278833908755,-8.447686098516));
#10951 = CARTESIAN_POINT('',(-0.371757768956,-8.506839697763));
#10952 = CARTESIAN_POINT('',(-0.46468198507,-8.565993545629));
#10953 = CARTESIAN_POINT('',(-0.557626064042,-8.625162024413));
#10954 = CARTESIAN_POINT('',(-0.65059589816,-8.68434868297));
#10955 = CARTESIAN_POINT('',(-0.82812572056,-8.797369815297));
#10956 = CARTESIAN_POINT('',(-0.912763294209,-8.851253501007));
#10957 = CARTESIAN_POINT('',(-0.997385007572,-8.905127309401));
#10958 = CARTESIAN_POINT('',(-1.081993531112,-8.958991106654));
#10959 = CARTESIAN_POINT('',(-1.166601902244,-9.012853349404));
#10960 = CARTESIAN_POINT('',(-1.251223253547,-9.06672162051));
#10961 = CARTESIAN_POINT('',(-1.335860628871,-9.120606103358));
#10962 = CARTESIAN_POINT('',(-1.482134244934,-9.213726302264));
#10963 = CARTESIAN_POINT('',(-1.543803837117,-9.252984706774));
#10964 = CARTESIAN_POINT('',(-1.605470277622,-9.292242767642));
#10965 = CARTESIAN_POINT('',(-1.667133527716,-9.331499922579));
#10966 = CARTESIAN_POINT('',(-1.728797332292,-9.370757252363));
#10967 = CARTESIAN_POINT('',(-1.790465105729,-9.410016386082));
#10968 = CARTESIAN_POINT('',(-1.852135690229,-9.449276938832));
#10969 = CARTESIAN_POINT('',(-2.02348801436,-9.558361741623));
#10970 = CARTESIAN_POINT('',(-2.133287102529,-9.628260059461));
#10971 = CARTESIAN_POINT('',(-2.243022489705,-9.698117855541));
#10972 = CARTESIAN_POINT('',(-2.352718151927,-9.767954119322));
#10973 = CARTESIAN_POINT('',(-2.462414007929,-9.837793434649));
#10974 = CARTESIAN_POINT('',(-2.572150042097,-9.907656990339));
#10975 = CARTESIAN_POINT('',(-2.681949644641,-9.97755873831));
#10976 = CARTESIAN_POINT('',(-2.871683554895,-10.09834551721));
#10977 = CARTESIAN_POINT('',(-2.951752445783,-10.14931719699));
#10978 = CARTESIAN_POINT('',(-3.031809453634,-10.20028033972));
#10979 = CARTESIAN_POINT('',(-3.111856163776,-10.25123652319));
#10980 = CARTESIAN_POINT('',(-3.191902850418,-10.30219327233));
#10981 = CARTESIAN_POINT('',(-3.271959774936,-10.35315782269));
#10982 = CARTESIAN_POINT('',(-3.352028564591,-10.40413130464));
#10983 = CARTESIAN_POINT('',(-3.497909259885,-10.49700398913));
#10984 = CARTESIAN_POINT('',(-3.563752850666,-10.53892301154));
#10985 = CARTESIAN_POINT('',(-3.629592622284,-10.58084017487));
#10986 = CARTESIAN_POINT('',(-3.695427648661,-10.62275449508));
#10987 = CARTESIAN_POINT('',(-3.761262710184,-10.66466855126));
#10988 = CARTESIAN_POINT('',(-3.827102562139,-10.70658498321));
#10989 = CARTESIAN_POINT('',(-3.892946188027,-10.74850294936));
#10990 = CARTESIAN_POINT('',(-4.034459331489,-10.8385926463));
#10991 = CARTESIAN_POINT('',(-4.1101566509,-10.88678181698));
#10992 = CARTESIAN_POINT('',(-4.185845749861,-10.93496481527));
#10993 = CARTESIAN_POINT('',(-4.261526969368,-10.98314231837));
#10994 = CARTESIAN_POINT('',(-4.337208150157,-11.03132020409));
#10995 = CARTESIAN_POINT('',(-4.412897249401,-11.07950424735));
#10996 = CARTESIAN_POINT('',(-4.488594871715,-11.12769483722));
#10997 = CARTESIAN_POINT('',(-4.636086665347,-11.22159239569));
#10998 = CARTESIAN_POINT('',(-4.707914853843,-11.26732096089));
#10999 = CARTESIAN_POINT('',(-4.779736214252,-11.31304542412));
#11000 = CARTESIAN_POINT('',(-4.851550362983,-11.35876504472));
#11001 = CARTESIAN_POINT('',(-4.923363502387,-11.40448273307));
#11002 = CARTESIAN_POINT('',(-4.995182270432,-11.45020275295));
#11003 = CARTESIAN_POINT('',(-5.067007944488,-11.4959276837));
#11004 = CARTESIAN_POINT('',(-5.162052457536,-11.55643482483));
#11005 = CARTESIAN_POINT('',(-5.18528321437,-11.57122399084));
#11006 = CARTESIAN_POINT('',(-5.208514319266,-11.58601353534));
#11007 = CARTESIAN_POINT('',(-5.231745648505,-11.6008032984));
#11008 = CARTESIAN_POINT('',(-5.25497706756,-11.61559302212));
#11009 = CARTESIAN_POINT('',(-5.278208395478,-11.63038244974));
#11010 = CARTESIAN_POINT('',(-5.301439369276,-11.64517142479));
#11011 = CARTESIAN_POINT('',(-5.366557088798,-11.68662591232));
#11012 = CARTESIAN_POINT('',(-5.408445628906,-11.7132925353));
#11013 = CARTESIAN_POINT('',(-5.45033383567,-11.73995940183));
#11014 = CARTESIAN_POINT('',(-5.492221559276,-11.76662632157));
#11015 = CARTESIAN_POINT('',(-5.534109278584,-11.79329334766));
#11016 = CARTESIAN_POINT('',(-5.575997487044,-11.81996060089));
#11017 = CARTESIAN_POINT('',(-5.617886079022,-11.84662794173));
#11018 = CARTESIAN_POINT('',(-5.737690712954,-11.92289804711));
#11019 = CARTESIAN_POINT('',(-5.815629982703,-11.97251512587));
#11020 = CARTESIAN_POINT('',(-5.893559465237,-12.0221251311));
#11021 = CARTESIAN_POINT('',(-5.971479568076,-12.07172906969));
#11022 = CARTESIAN_POINT('',(-6.049399183945,-12.12133384024));
#11023 = CARTESIAN_POINT('',(-6.127327581864,-12.17094538899));
#11024 = CARTESIAN_POINT('',(-6.20526652142,-12.22056444874));
#11025 = CARTESIAN_POINT('',(-6.28318530718,-12.27017090293));
#11026 = ( GEOMETRIC_REPRESENTATION_CONTEXT(2) 
PARAMETRIC_REPRESENTATION_CONTEXT() REPRESENTATION_CONTEXT('2D SPACE',''
  ) );
#11027 = ORIENTED_EDGE('',*,*,#11028,.T.);
#11028 = EDGE_CURVE('',#10773,#11029,#11031,.T.);
#11029 = VERTEX_POINT('',#11030);
#11030 = CARTESIAN_POINT('',(-51.6,0.,302.57017130632));
#11031 = SURFACE_CURVE('',#11032,(#11112,#11195),.PCURVE_S1.);
#11032 = B_SPLINE_CURVE_WITH_KNOTS('',8,(#11033,#11034,#11035,#11036,
    #11037,#11038,#11039,#11040,#11041,#11042,#11043,#11044,#11045,
    #11046,#11047,#11048,#11049,#11050,#11051,#11052,#11053,#11054,
    #11055,#11056,#11057,#11058,#11059,#11060,#11061,#11062,#11063,
    #11064,#11065,#11066,#11067,#11068,#11069,#11070,#11071,#11072,
    #11073,#11074,#11075,#11076,#11077,#11078,#11079,#11080,#11081,
    #11082,#11083,#11084,#11085,#11086,#11087,#11088,#11089,#11090,
    #11091,#11092,#11093,#11094,#11095,#11096,#11097,#11098,#11099,
    #11100,#11101,#11102,#11103,#11104,#11105,#11106,#11107,#11108,
    #11109,#11110,#11111),.UNSPECIFIED.,.F.,.F.,(9,7,7,7,7,7,7,7,7,7,7,9
    ),(0.,6.143346696433E-02,0.163040551189,0.244760419687,
    0.345272534869,0.41102402028,0.465325881127,0.53245295885,
    0.663985823566,0.774318042096,0.861639372507,1.),.UNSPECIFIED.);
#11033 = CARTESIAN_POINT('',(-51.6,3.552713678801E-15,298.57017090293));
#11034 = CARTESIAN_POINT('',(-51.6,0.984198945286,298.60088577685));
#11035 = CARTESIAN_POINT('',(-51.65426599527,1.968443300057,
    298.63160214246));
#11036 = CARTESIAN_POINT('',(-51.76280657474,2.949184540024,
    298.66231811795));
#11037 = CARTESIAN_POINT('',(-51.92534373434,3.922926273482,
    298.69303332319));
#11038 = CARTESIAN_POINT('',(-52.14133630831,4.886221051291,
    298.7237481597));
#11039 = CARTESIAN_POINT('',(-52.40998755936,5.835670226033,
    298.75446305625));
#11040 = CARTESIAN_POINT('',(-52.73023692775,6.767926860352,
    298.78517768026));
#11041 = CARTESIAN_POINT('',(-53.7135179639,9.187719804342,
    298.86668654691));
#11042 = CARTESIAN_POINT('',(-54.46399495796,10.640292431865,
    298.91749658152));
#11043 = CARTESIAN_POINT('',(-55.34609338319,12.022075930078,
    298.96829838109));
#11044 = CARTESIAN_POINT('',(-56.35180554612,13.319277817971,
    299.01909351662));
#11045 = CARTESIAN_POINT('',(-57.47166945387,14.519314528362,
    299.06988939073));
#11046 = CARTESIAN_POINT('',(-58.69477430789,15.610837171814,
    299.12069304418));
#11047 = CARTESIAN_POINT('',(-60.00878715123,16.583740323204,
    299.17150550157));
#11048 = CARTESIAN_POINT('',(-62.51808116541,18.109863123867,
    299.26316077149));
#11049 = CARTESIAN_POINT('',(-63.68664971207,18.708190065517,
    299.30402237676));
#11050 = CARTESIAN_POINT('',(-64.89804600892,19.220138181086,
    299.34488228734));
#11051 = CARTESIAN_POINT('',(-66.14478292037,19.642199502574,
    299.38573964508));
#11052 = CARTESIAN_POINT('',(-67.4191270333,19.971657362497,
    299.42659671288));
#11053 = CARTESIAN_POINT('',(-68.71311784067,20.206548239071,
    299.46745578369));
#11054 = CARTESIAN_POINT('',(-70.01856251728,20.34570706279,
    299.50831604299));
#11055 = CARTESIAN_POINT('',(-72.93633891809,20.442016601753,
    299.59941956418));
#11056 = CARTESIAN_POINT('',(-74.55092736627,20.34997816011,
    299.64968210514));
#11057 = CARTESIAN_POINT('',(-76.15481301071,20.112107565538,
    299.69993684531));
#11058 = CARTESIAN_POINT('',(-77.73263671062,19.730027538049,
    299.75018496872));
#11059 = CARTESIAN_POINT('',(-79.26953206946,19.20711130044,
    299.80043355895));
#11060 = CARTESIAN_POINT('',(-80.75114605635,18.548482018096,
    299.85068948571));
#11061 = CARTESIAN_POINT('',(-82.16365662874,17.760993745559,
    299.90095355002));
#11062 = CARTESIAN_POINT('',(-84.36420453571,16.260258100989,
    299.98407696988));
#11063 = CARTESIAN_POINT('',(-85.19947282173,15.615380775092,
    300.01695153));
#11064 = CARTESIAN_POINT('',(-85.99615584483,14.92156437187,
    300.04982548773));
#11065 = CARTESIAN_POINT('',(-86.75091917465,14.18152852765,
    300.0826982621));
#11066 = CARTESIAN_POINT('',(-87.46068190375,13.398235888515,
    300.11557049021));
#11067 = CARTESIAN_POINT('',(-88.12260853815,12.574881435177,
    300.14844303649));
#11068 = CARTESIAN_POINT('',(-88.73411802629,11.714898389168,
    300.1813159461));
#11069 = CARTESIAN_POINT('',(-89.75439668686,10.084551092725,
    300.24133468345));
#11070 = CARTESIAN_POINT('',(-90.1799483446,9.324624627588,
    300.26848239669));
#11071 = CARTESIAN_POINT('',(-90.56827325746,8.544263098491,
    300.29562903889));
#11072 = CARTESIAN_POINT('',(-90.91823777578,7.745596864349,
    300.32277650866));
#11073 = CARTESIAN_POINT('',(-91.22885719404,6.930820126866,
    300.34992462558));
#11074 = CARTESIAN_POINT('',(-91.49929319657,6.102189146857,
    300.37707211347));
#11075 = CARTESIAN_POINT('',(-91.72885826275,5.262023527358,
    300.4042190364));
#11076 = CARTESIAN_POINT('',(-92.14963924786,3.3628039689,
    300.46492404318));
#11077 = CARTESIAN_POINT('',(-92.31901087395,2.298833353596,
    300.49848429425));
#11078 = CARTESIAN_POINT('',(-92.42413027849,1.225318407706,
    300.53204447204));
#11079 = CARTESIAN_POINT('',(-92.46440152464,0.146791146986,
    300.56560400209));
#11080 = CARTESIAN_POINT('',(-92.43960712883,-0.932207083714,
    300.59916335924));
#11081 = CARTESIAN_POINT('',(-92.34989678853,-2.007128657141,
    300.63272326193));
#11082 = CARTESIAN_POINT('',(-92.19580254523,-3.073422632549,
    300.66628345353));
#11083 = CARTESIAN_POINT('',(-91.5520542732,-6.19007503592,
    300.76559589985));
#11084 = CARTESIAN_POINT('',(-90.88190207255,-8.20492581943,
    300.83140173589));
#11085 = CARTESIAN_POINT('',(-89.97461745348,-10.13483054869,
    300.89717824219));
#11086 = CARTESIAN_POINT('',(-88.84364162014,-11.94776533086,
    300.96293809378));
#11087 = CARTESIAN_POINT('',(-87.5064283129,-13.61442982477,
    301.0287009319));
#11088 = CARTESIAN_POINT('',(-85.98485132481,-15.10865277918,
    301.09448357662));
#11089 = CARTESIAN_POINT('',(-84.3047083525,-16.40713004008,
    301.16029417978));
#11090 = CARTESIAN_POINT('',(-80.98259429935,-18.40100246291,
    301.2812053862));
#11091 = CARTESIAN_POINT('',(-79.37645387098,-19.16086968658,
    301.33638308768));
#11092 = CARTESIAN_POINT('',(-77.69776975843,-19.75987482699,
    301.39154825868));
#11093 = CARTESIAN_POINT('',(-75.96549247883,-20.19031902007,
    301.44670334364));
#11094 = CARTESIAN_POINT('',(-74.19909852333,-20.44703158686,
    301.5018589528));
#11095 = CARTESIAN_POINT('',(-72.41857000099,-20.52743949827,
    301.55702535163));
#11096 = CARTESIAN_POINT('',(-70.64434296149,-20.43149946932,
    301.61220496068));
#11097 = CARTESIAN_POINT('',(-67.51484668905,-19.94994204695,
    301.71101885817));
#11098 = CARTESIAN_POINT('',(-66.14872629497,-19.62881277651,
    301.75468118073));
#11099 = CARTESIAN_POINT('',(-64.80930096805,-19.20082013146,
    301.79834106402));
#11100 = CARTESIAN_POINT('',(-63.50630309463,-18.66864905078,
    301.84199732174));
#11101 = CARTESIAN_POINT('',(-62.24903077465,-18.03597154009,
    301.88565315046));
#11102 = CARTESIAN_POINT('',(-61.04636334988,-17.30738431357,
    301.92931184408));
#11103 = CARTESIAN_POINT('',(-59.90672333949,-16.48846323214,
    301.97297243931));
#11104 = CARTESIAN_POINT('',(-57.1445687919,-14.15587803504,
    302.08579322715));
#11105 = CARTESIAN_POINT('',(-55.6270796224,-12.51415622619,
    302.15502625433));
#11106 = CARTESIAN_POINT('',(-54.31918737596,-10.68798769066,
    302.22421957854));
#11107 = CARTESIAN_POINT('',(-53.24579093113,-8.709296984321,
    302.29338897717));
#11108 = CARTESIAN_POINT('',(-52.42659314373,-6.612559888304,
    302.36256321415));
#11109 = CARTESIAN_POINT('',(-51.87522130748,-4.435072175707,
    302.43176431871));
#11110 = CARTESIAN_POINT('',(-51.6,-2.216458053197,302.50100215595));
#11111 = CARTESIAN_POINT('',(-51.6,-1.06581410364E-14,302.57017130632));
#11112 = PCURVE('',#9769,#11113);
#11113 = DEFINITIONAL_REPRESENTATION('',(#11114),#11194);
#11114 = B_SPLINE_CURVE_WITH_KNOTS('',8,(#11115,#11116,#11117,#11118,
    #11119,#11120,#11121,#11122,#11123,#11124,#11125,#11126,#11127,
    #11128,#11129,#11130,#11131,#11132,#11133,#11134,#11135,#11136,
    #11137,#11138,#11139,#11140,#11141,#11142,#11143,#11144,#11145,
    #11146,#11147,#11148,#11149,#11150,#11151,#11152,#11153,#11154,
    #11155,#11156,#11157,#11158,#11159,#11160,#11161,#11162,#11163,
    #11164,#11165,#11166,#11167,#11168,#11169,#11170,#11171,#11172,
    #11173,#11174,#11175,#11176,#11177,#11178,#11179,#11180,#11181,
    #11182,#11183,#11184,#11185,#11186,#11187,#11188,#11189,#11190,
    #11191,#11192,#11193),.UNSPECIFIED.,.F.,.F.,(9,7,7,7,7,7,7,7,7,7,7,9
    ),(0.,6.143346696433E-02,0.163040551189,0.244760419687,
    0.345272534869,0.41102402028,0.465325881127,0.53245295885,
    0.663985823566,0.774318042096,0.861639372507,1.),.UNSPECIFIED.);
#11115 = CARTESIAN_POINT('',(2.540341767628,14.896767148548));
#11116 = CARTESIAN_POINT('',(2.540344165731,14.953958956267));
#11117 = CARTESIAN_POINT('',(2.540346720989,15.011153395338));
#11118 = CARTESIAN_POINT('',(2.540349152836,15.068347222857));
#11119 = CARTESIAN_POINT('',(2.540351133942,15.125540035765));
#11120 = CARTESIAN_POINT('',(2.540352393842,15.182732833528));
#11121 = CARTESIAN_POINT('',(2.54035278133,15.239926555361));
#11122 = CARTESIAN_POINT('',(2.540352285613,15.297120592012));
#11123 = CARTESIAN_POINT('',(2.540348916766,15.448901054084));
#11124 = CARTESIAN_POINT('',(2.540344698499,15.543518138063));
#11125 = CARTESIAN_POINT('',(2.540338851183,15.638121404335));
#11126 = CARTESIAN_POINT('',(2.540332714613,15.732712530833));
#11127 = CARTESIAN_POINT('',(2.540328242015,15.827303483398));
#11128 = CARTESIAN_POINT('',(2.540326570242,15.921906314128));
#11129 = CARTESIAN_POINT('',(2.540327613534,16.016523010799));
#11130 = CARTESIAN_POINT('',(2.540332962434,16.187188932059));
#11131 = CARTESIAN_POINT('',(2.540336582147,16.263273789118));
#11132 = CARTESIAN_POINT('',(2.540341060772,16.339354690828));
#11133 = CARTESIAN_POINT('',(2.540345620725,16.415430763184));
#11134 = CARTESIAN_POINT('',(2.540349427893,16.491506996531));
#11135 = CARTESIAN_POINT('',(2.540351852035,16.567588247321));
#11136 = CARTESIAN_POINT('',(2.54035264301,16.64367323176));
#11137 = CARTESIAN_POINT('',(2.540351260033,16.813318011658));
#11138 = CARTESIAN_POINT('',(2.540348349624,16.906914392299));
#11139 = CARTESIAN_POINT('',(2.540343647912,17.000497914886));
#11140 = CARTESIAN_POINT('',(2.540338351365,17.094069670261));
#11141 = CARTESIAN_POINT('',(2.540334461018,17.187640985665));
#11142 = CARTESIAN_POINT('',(2.540333288051,17.281223432374));
#11143 = CARTESIAN_POINT('',(2.540334227804,17.374819064953));
#11144 = CARTESIAN_POINT('',(2.540337351729,17.52959993483));
#11145 = CARTESIAN_POINT('',(2.540338980244,17.590814001861));
#11146 = CARTESIAN_POINT('',(2.540340728963,17.652026835277));
#11147 = CARTESIAN_POINT('',(2.540342071015,17.713237843778));
#11148 = CARTESIAN_POINT('',(2.540342605693,17.774448586791));
#11149 = CARTESIAN_POINT('',(2.540342274579,17.835660728364));
#11150 = CARTESIAN_POINT('',(2.540341413685,17.896874039755));
#11151 = CARTESIAN_POINT('',(2.540340003951,18.008635996378));
#11152 = CARTESIAN_POINT('',(2.540339887724,18.059187749815));
#11153 = CARTESIAN_POINT('',(2.540338167653,18.109739002112));
#11154 = CARTESIAN_POINT('',(2.540339913275,18.160288568722));
#11155 = CARTESIAN_POINT('',(2.54034241612,18.210838635358));
#11156 = CARTESIAN_POINT('',(2.540341569051,18.261390649631));
#11157 = CARTESIAN_POINT('',(2.540340306134,18.311941999052));
#11158 = CARTESIAN_POINT('',(2.540339200008,18.424981572486));
#11159 = CARTESIAN_POINT('',(2.540339297585,18.487473887198));
#11160 = CARTESIAN_POINT('',(2.540340549482,18.549964990711));
#11161 = CARTESIAN_POINT('',(2.540341983449,18.612454718566));
#11162 = CARTESIAN_POINT('',(2.540342649747,18.674944839212));
#11163 = CARTESIAN_POINT('',(2.540342307665,18.737436914545));
#11164 = CARTESIAN_POINT('',(2.540341358529,18.799930093046));
#11165 = CARTESIAN_POINT('',(2.540337412603,18.984863064921));
#11166 = CARTESIAN_POINT('',(2.540333450434,19.107403530654));
#11167 = CARTESIAN_POINT('',(2.540330595747,19.229888350487));
#11168 = CARTESIAN_POINT('',(2.540334311787,19.352336039994));
#11169 = CARTESIAN_POINT('',(2.540342862493,19.474784789396));
#11170 = CARTESIAN_POINT('',(2.54034974285,19.597271975776));
#11171 = CARTESIAN_POINT('',(2.540352820504,19.719814763937));
#11172 = CARTESIAN_POINT('',(2.540351446057,19.944964304027));
#11173 = CARTESIAN_POINT('',(2.540348136544,20.047713556443));
#11174 = CARTESIAN_POINT('',(2.540342201094,20.150441920771));
#11175 = CARTESIAN_POINT('',(2.540334962245,20.253152717445));
#11176 = CARTESIAN_POINT('',(2.540329133561,20.355863177322));
#11177 = CARTESIAN_POINT('',(2.540326552131,20.45859070522));
#11178 = CARTESIAN_POINT('',(2.54032725899,20.561339770292));
#11179 = CARTESIAN_POINT('',(2.540332702853,20.745335654084));
#11180 = CARTESIAN_POINT('',(2.540336556595,20.82663549743));
#11181 = CARTESIAN_POINT('',(2.540341440907,20.907929839078));
#11182 = CARTESIAN_POINT('',(2.540346376374,20.989217381958));
#11183 = CARTESIAN_POINT('',(2.540350325561,21.070505044277));
#11184 = CARTESIAN_POINT('',(2.540352555808,21.151799641728));
#11185 = CARTESIAN_POINT('',(2.540352861582,21.233099571934));
#11186 = CARTESIAN_POINT('',(2.54034972088,21.443185621309));
#11187 = CARTESIAN_POINT('',(2.540343911166,21.572109565734));
#11188 = CARTESIAN_POINT('',(2.540335871653,21.700961655483));
#11189 = CARTESIAN_POINT('',(2.540329008236,21.829768098486));
#11190 = CARTESIAN_POINT('',(2.540331748734,21.958574609268));
#11191 = CARTESIAN_POINT('',(2.540338436932,22.087427474555));
#11192 = CARTESIAN_POINT('',(2.540341578445,22.21635204175));
#11193 = CARTESIAN_POINT('',(2.540341936125,22.3451512993));
#11194 = ( GEOMETRIC_REPRESENTATION_CONTEXT(2) 
PARAMETRIC_REPRESENTATION_CONTEXT() REPRESENTATION_CONTEXT('2D SPACE',''
  ) );
#11195 = PCURVE('',#11196,#11201);
#11196 = CYLINDRICAL_SURFACE('',#11197,20.4);
#11197 = AXIS2_PLACEMENT_3D('',#11198,#11199,#11200);
#11198 = CARTESIAN_POINT('',(-72.,0.,286.3));
#11199 = DIRECTION('',(-0.,-0.,-1.));
#11200 = DIRECTION('',(1.,0.,0.));
#11201 = DEFINITIONAL_REPRESENTATION('',(#11202),#11282);
#11202 = B_SPLINE_CURVE_WITH_KNOTS('',8,(#11203,#11204,#11205,#11206,
    #11207,#11208,#11209,#11210,#11211,#11212,#11213,#11214,#11215,
    #11216,#11217,#11218,#11219,#11220,#11221,#11222,#11223,#11224,
    #11225,#11226,#11227,#11228,#11229,#11230,#11231,#11232,#11233,
    #11234,#11235,#11236,#11237,#11238,#11239,#11240,#11241,#11242,
    #11243,#11244,#11245,#11246,#11247,#11248,#11249,#11250,#11251,
    #11252,#11253,#11254,#11255,#11256,#11257,#11258,#11259,#11260,
    #11261,#11262,#11263,#11264,#11265,#11266,#11267,#11268,#11269,
    #11270,#11271,#11272,#11273,#11274,#11275,#11276,#11277,#11278,
    #11279,#11280,#11281),.UNSPECIFIED.,.F.,.F.,(9,7,7,7,7,7,7,7,7,7,7,9
    ),(0.,6.143346696433E-02,0.163040551189,0.244760419687,
    0.345272534869,0.41102402028,0.465325881127,0.53245295885,
    0.663985823566,0.774318042096,0.861639372507,1.),.UNSPECIFIED.);
#11203 = CARTESIAN_POINT('',(0.,-12.27017090293));
#11204 = CARTESIAN_POINT('',(-4.824504633755E-02,-12.30088577685));
#11205 = CARTESIAN_POINT('',(-9.649230009575E-02,-12.33160214246));
#11206 = CARTESIAN_POINT('',(-0.144739012684,-12.36231811795));
#11207 = CARTESIAN_POINT('',(-0.192984836821,-12.39303332319));
#11208 = CARTESIAN_POINT('',(-0.241230614904,-12.4237481597));
#11209 = CARTESIAN_POINT('',(-0.289477144334,-12.45446305625));
#11210 = CARTESIAN_POINT('',(-0.337723919804,-12.48517768026));
#11211 = CARTESIAN_POINT('',(-0.465760278057,-12.56668654691));
#11212 = CARTESIAN_POINT('',(-0.545575703882,-12.61749658152));
#11213 = CARTESIAN_POINT('',(-0.625379481337,-12.66829838109));
#11214 = CARTESIAN_POINT('',(-0.705173067406,-12.71909351662));
#11215 = CARTESIAN_POINT('',(-0.784966567092,-12.76988939073));
#11216 = CARTESIAN_POINT('',(-0.864770112267,-12.82069304418));
#11217 = CARTESIAN_POINT('',(-0.944585345817,-12.87150550157));
#11218 = CARTESIAN_POINT('',(-1.08855291517,-12.96316077149));
#11219 = CARTESIAN_POINT('',(-1.152735318698,-13.00402237676));
#11220 = CARTESIAN_POINT('',(-1.216914358896,-13.04488228734));
#11221 = CARTESIAN_POINT('',(-1.281089296412,-13.08573964508));
#11222 = CARTESIAN_POINT('',(-1.345264352181,-13.12659671288));
#11223 = CARTESIAN_POINT('',(-1.409443645924,-13.16745578369));
#11224 = CARTESIAN_POINT('',(-1.47362612048,-13.20831604299));
#11225 = CARTESIAN_POINT('',(-1.616732270172,-13.29941956418));
#11226 = CARTESIAN_POINT('',(-1.695686829842,-13.34968210514));
#11227 = CARTESIAN_POINT('',(-1.774630634359,-13.39993684531));
#11228 = CARTESIAN_POINT('',(-1.853564602859,-13.45018496871));
#11229 = CARTESIAN_POINT('',(-1.932498242056,-13.50043355895));
#11230 = CARTESIAN_POINT('',(-2.011441186373,-13.55068948571));
#11231 = CARTESIAN_POINT('',(-2.090395082054,-13.60095355002));
#11232 = CARTESIAN_POINT('',(-2.220962362413,-13.68407696988));
#11233 = CARTESIAN_POINT('',(-2.272600160417,-13.71695153));
#11234 = CARTESIAN_POINT('',(-2.324236850771,-13.74982548773));
#11235 = CARTESIAN_POINT('',(-2.375871950343,-13.7826982621));
#11236 = CARTESIAN_POINT('',(-2.427506817888,-13.81557049021));
#11237 = CARTESIAN_POINT('',(-2.479142923082,-13.84844303649));
#11238 = CARTESIAN_POINT('',(-2.530780135963,-13.8813159461));
#11239 = CARTESIAN_POINT('',(-2.625058502264,-13.94133468345));
#11240 = CARTESIAN_POINT('',(-2.667702321424,-13.96848239669));
#11241 = CARTESIAN_POINT('',(-2.710345395411,-13.99562903889));
#11242 = CARTESIAN_POINT('',(-2.752987894545,-14.02277650866));
#11243 = CARTESIAN_POINT('',(-2.795630465242,-14.04992462558));
#11244 = CARTESIAN_POINT('',(-2.838273665413,-14.07707211347));
#11245 = CARTESIAN_POINT('',(-2.880917374491,-14.1042190364));
#11246 = CARTESIAN_POINT('',(-2.976273951101,-14.16492404318));
#11247 = CARTESIAN_POINT('',(-3.028990475853,-14.19848429425));
#11248 = CARTESIAN_POINT('',(-3.081705801641,-14.23204447204));
#11249 = CARTESIAN_POINT('',(-3.134419777753,-14.26560400209));
#11250 = CARTESIAN_POINT('',(-3.187133957304,-14.29916335924));
#11251 = CARTESIAN_POINT('',(-3.239849730339,-14.33272326193));
#11252 = CARTESIAN_POINT('',(-3.292566432383,-14.36628345353));
#11253 = CARTESIAN_POINT('',(-3.448568467777,-14.46559589985));
#11254 = CARTESIAN_POINT('',(-3.551938825267,-14.53140173589));
#11255 = CARTESIAN_POINT('',(-3.655262654987,-14.59717824219));
#11256 = CARTESIAN_POINT('',(-3.758555546037,-14.66293809378));
#11257 = CARTESIAN_POINT('',(-3.861849235694,-14.7287009319));
#11258 = CARTESIAN_POINT('',(-3.965175164773,-14.79448357662));
#11259 = CARTESIAN_POINT('',(-4.06854783209,-14.86029417978));
#11260 = CARTESIAN_POINT('',(-4.2584756866,-14.9812053862));
#11261 = CARTESIAN_POINT('',(-4.34515110757,-15.03638308768));
#11262 = CARTESIAN_POINT('',(-4.431808890036,-15.09154825868));
#11263 = CARTESIAN_POINT('',(-4.518451900593,-15.14670334364));
#11264 = CARTESIAN_POINT('',(-4.605094709687,-15.2018589528));
#11265 = CARTESIAN_POINT('',(-4.691751956485,-15.25702535163));
#11266 = CARTESIAN_POINT('',(-4.778427366054,-15.31220496068));
#11267 = CARTESIAN_POINT('',(-4.933639611677,-15.41101885817));
#11268 = CARTESIAN_POINT('',(-5.002221188662,-15.45468118073));
#11269 = CARTESIAN_POINT('',(-5.070798093529,-15.49834106402));
#11270 = CARTESIAN_POINT('',(-5.139369229306,-15.54199732174));
#11271 = CARTESIAN_POINT('',(-5.207940446849,-15.58565315046));
#11272 = CARTESIAN_POINT('',(-5.276517525665,-15.62931184408));
#11273 = CARTESIAN_POINT('',(-5.345099146198,-15.67297243931));
#11274 = CARTESIAN_POINT('',(-5.522320123279,-15.78579322715));
#11275 = CARTESIAN_POINT('',(-5.631075826333,-15.85502625433));
#11276 = CARTESIAN_POINT('',(-5.739771104018,-15.92421957854));
#11277 = CARTESIAN_POINT('',(-5.848427997541,-15.99338897717));
#11278 = CARTESIAN_POINT('',(-5.957084817816,-16.06256321415));
#11279 = CARTESIAN_POINT('',(-6.065780003701,-16.13176431871));
#11280 = CARTESIAN_POINT('',(-6.174535402611,-16.20100215595));
#11281 = CARTESIAN_POINT('',(-6.28318530718,-16.27017130632));
#11282 = ( GEOMETRIC_REPRESENTATION_CONTEXT(2) 
PARAMETRIC_REPRESENTATION_CONTEXT() REPRESENTATION_CONTEXT('2D SPACE',''
  ) );
#11283 = ORIENTED_EDGE('',*,*,#11284,.T.);
#11284 = EDGE_CURVE('',#11029,#11285,#11287,.T.);
#11285 = VERTEX_POINT('',#11286);
#11286 = CARTESIAN_POINT('',(-51.6,0.,306.5701652113));
#11287 = SURFACE_CURVE('',#11288,(#11368,#11451),.PCURVE_S1.);
#11288 = B_SPLINE_CURVE_WITH_KNOTS('',8,(#11289,#11290,#11291,#11292,
    #11293,#11294,#11295,#11296,#11297,#11298,#11299,#11300,#11301,
    #11302,#11303,#11304,#11305,#11306,#11307,#11308,#11309,#11310,
    #11311,#11312,#11313,#11314,#11315,#11316,#11317,#11318,#11319,
    #11320,#11321,#11322,#11323,#11324,#11325,#11326,#11327,#11328,
    #11329,#11330,#11331,#11332,#11333,#11334,#11335,#11336,#11337,
    #11338,#11339,#11340,#11341,#11342,#11343,#11344,#11345,#11346,
    #11347,#11348,#11349,#11350,#11351,#11352,#11353,#11354,#11355,
    #11356,#11357,#11358,#11359,#11360,#11361,#11362,#11363,#11364,
    #11365,#11366,#11367),.UNSPECIFIED.,.F.,.F.,(9,7,7,7,7,7,7,7,7,7,7,9
    ),(0.,6.521629943561E-02,0.123390018908,0.203771453839,
    0.280599983658,0.3879573798,0.470324418843,0.566208103402,
    0.672222074938,0.754404308604,0.893346677744,1.),.UNSPECIFIED.);
#11289 = CARTESIAN_POINT('',(-51.6,-1.06581410364E-14,302.57017130632));
#11290 = CARTESIAN_POINT('',(-51.6,1.044739154959,302.60277454896));
#11291 = CARTESIAN_POINT('',(-51.66114740081,2.089545109068,
    302.63537951029));
#11292 = CARTESIAN_POINT('',(-51.78345548784,3.130156897564,
    302.66798361797));
#11293 = CARTESIAN_POINT('',(-51.966568796,4.162389355039,
    302.70058658147));
#11294 = CARTESIAN_POINT('',(-52.20979864915,5.182127817109,
    302.73318961719));
#11295 = CARTESIAN_POINT('',(-52.51213629952,6.185327336336,
    302.76579416486));
#11296 = CARTESIAN_POINT('',(-52.87224366736,7.168016412399,
    302.79840009534));
#11297 = CARTESIAN_POINT('',(-53.65965744836,8.981110334448,
    302.86008595632));
#11298 = CARTESIAN_POINT('',(-54.07554372995,9.816583231855,
    302.88916957295));
#11299 = CARTESIAN_POINT('',(-54.53488562048,10.629948108327,
    302.91825364321));
#11300 = CARTESIAN_POINT('',(-55.03629280858,11.418564221189,
    302.94733781717));
#11301 = CARTESIAN_POINT('',(-55.57819666724,12.179915814835,
    302.97642211436));
#11302 = CARTESIAN_POINT('',(-56.15885750277,12.911608354293,
    303.00550674558));
#11303 = CARTESIAN_POINT('',(-56.77636196181,13.611371083017,
    303.03459165367));
#11304 = CARTESIAN_POINT('',(-58.32985400449,15.196888558384,
    303.10386270442));
#11305 = CARTESIAN_POINT('',(-59.29756248532,16.051800629375,
    303.14405388177));
#11306 = CARTESIAN_POINT('',(-60.32613586691,16.836034410361,
    303.18424256974));
#11307 = CARTESIAN_POINT('',(-61.409498978,17.544583124566,303.224428543
    ));
#11308 = CARTESIAN_POINT('',(-62.54116915279,18.173102808465,
    303.26461470509));
#11309 = CARTESIAN_POINT('',(-63.71428271664,18.717881795084,
    303.30480384401));
#11310 = CARTESIAN_POINT('',(-64.92158045254,19.175877798045,
    303.34499552453));
#11311 = CARTESIAN_POINT('',(-67.33459023874,19.897459824906,
    303.42359439579));
#11312 = CARTESIAN_POINT('',(-68.53825113163,20.168815170791,
    303.46200956489));
#11313 = CARTESIAN_POINT('',(-69.75963995127,20.356859870959,
    303.50042352506));
#11314 = CARTESIAN_POINT('',(-70.99201360742,20.460301375771,
    303.53883565005));
#11315 = CARTESIAN_POINT('',(-72.22858967828,20.478494457225,
    303.57724757837));
#11316 = CARTESIAN_POINT('',(-73.46255278696,20.411412661667,
    303.61566095387));
#11317 = CARTESIAN_POINT('',(-74.6870583714,20.259680106998,
    303.65407511544));
#11318 = CARTESIAN_POINT('',(-77.58349436198,19.696260130487,
    303.74615694401));
#11319 = CARTESIAN_POINT('',(-79.24072886766,19.205067291958,
    303.79984752436));
#11320 = CARTESIAN_POINT('',(-80.8476808613,18.554615690128,
    303.85352712552));
#11321 = CARTESIAN_POINT('',(-82.38660402432,17.751218954513,
    303.90719786226));
#11322 = CARTESIAN_POINT('',(-83.84090659899,16.803214969004,
    303.96086916962));
#11323 = CARTESIAN_POINT('',(-85.19519712344,15.720986657272,
    304.01455009652));
#11324 = CARTESIAN_POINT('',(-86.43528932134,14.516904529919,
    304.0682424709));
#11325 = CARTESIAN_POINT('',(-88.40289760958,12.200253101278,
    304.16309739855));
#11326 = CARTESIAN_POINT('',(-89.18286959232,11.131230809039,
    304.20428332099));
#11327 = CARTESIAN_POINT('',(-89.88296297604,10.005508908604,
    304.24546747003));
#11328 = CARTESIAN_POINT('',(-90.49843216437,8.830100702625,
    304.28664893764));
#11329 = CARTESIAN_POINT('',(-91.02529927353,7.612396800563,
    304.32783008162));
#11330 = CARTESIAN_POINT('',(-91.46031742094,6.360138787558,
    304.3690133117));
#11331 = CARTESIAN_POINT('',(-91.80101635854,5.08143181352,
    304.4101978291));
#11332 = CARTESIAN_POINT('',(-92.33081917288,2.275379096016,
    304.49931230753));
#11333 = CARTESIAN_POINT('',(-92.48598013743,0.741085533146,
    304.54725845543));
#11334 = CARTESIAN_POINT('',(-92.5086530335,-0.804542894905,
    304.59519839736));
#11335 = CARTESIAN_POINT('',(-92.39807205796,-2.348129011709,
    304.64313296973));
#11336 = CARTESIAN_POINT('',(-92.15502744637,-3.876464522456,
    304.69106800713));
#11337 = CARTESIAN_POINT('',(-91.7817522276,-5.376508971252,
    304.73900915539));
#11338 = CARTESIAN_POINT('',(-91.28203052692,-6.835413875692,
    304.7869568074));
#11339 = CARTESIAN_POINT('',(-89.97545927787,-9.79425214182,
    304.88789640764));
#11340 = CARTESIAN_POINT('',(-89.14133780232,-11.28314715581,
    304.94091716685));
#11341 = CARTESIAN_POINT('',(-88.16658515435,-12.69000148616,
    304.99392876407));
#11342 = CARTESIAN_POINT('',(-87.06087863948,-13.99948966275,
    305.04693150548));
#11343 = CARTESIAN_POINT('',(-85.83554144727,-15.19777542008,
    305.09993218805));
#11344 = CARTESIAN_POINT('',(-84.50354726437,-16.27255787436,
    305.15293889479));
#11345 = CARTESIAN_POINT('',(-83.07947365316,-17.21306997509,
    305.20595921815));
#11346 = CARTESIAN_POINT('',(-80.41762571743,-18.62892889077,
    305.30004762545));
#11347 = CARTESIAN_POINT('',(-79.20952412346,-19.1615348867,
    305.34113692007));
#11348 = CARTESIAN_POINT('',(-77.96325280545,-19.60441500147,
    305.38222360328));
#11349 = CARTESIAN_POINT('',(-76.68661060326,-19.95445327828,
    305.42331109899));
#11350 = CARTESIAN_POINT('',(-75.38760375446,-20.20935074862,
    305.46439949002));
#11351 = CARTESIAN_POINT('',(-74.07443274679,-20.36758755961,
    305.50548864595));
#11352 = CARTESIAN_POINT('',(-72.75550233921,-20.42847351659,
    305.54658060615));
#11353 = CARTESIAN_POINT('',(-69.21443872442,-20.33113486541,
    305.65712631816));
#11354 = CARTESIAN_POINT('',(-66.99487020495,-19.9924592322,
    305.72665425924));
#11355 = CARTESIAN_POINT('',(-64.82461013169,-19.37652880279,
    305.79614277677));
#11356 = CARTESIAN_POINT('',(-62.74352105551,-18.49292188421,
    305.86561022088));
#11357 = CARTESIAN_POINT('',(-60.78896005423,-17.35652072944,
    305.93508076655));
#11358 = CARTESIAN_POINT('',(-58.99523151687,-15.9883046506,
    306.00457515912));
#11359 = CARTESIAN_POINT('',(-57.39390992492,-14.4144527424,
    306.0741066833));
#11360 = CARTESIAN_POINT('',(-54.95035049278,-11.33087136994,
    306.1968853027));
#11361 = CARTESIAN_POINT('',(-54.01700285731,-9.8897418576,
    306.25022113771));
#11362 = CARTESIAN_POINT('',(-53.22352134304,-8.36147197397,
    306.30354634442));
#11363 = CARTESIAN_POINT('',(-52.5791044904,-6.762065173171,
    306.35686306525));
#11364 = CARTESIAN_POINT('',(-52.09081619812,-5.108299443862,
    306.41018045573));
#11365 = CARTESIAN_POINT('',(-51.76353861877,-3.417711643022,
    306.46350726467));
#11366 = CARTESIAN_POINT('',(-51.6,-1.708555897542,306.51684504652));
#11367 = CARTESIAN_POINT('',(-51.6,-7.105427357601E-15,306.5701652113));
#11368 = PCURVE('',#9769,#11369);
#11369 = DEFINITIONAL_REPRESENTATION('',(#11370),#11450);
#11370 = B_SPLINE_CURVE_WITH_KNOTS('',8,(#11371,#11372,#11373,#11374,
    #11375,#11376,#11377,#11378,#11379,#11380,#11381,#11382,#11383,
    #11384,#11385,#11386,#11387,#11388,#11389,#11390,#11391,#11392,
    #11393,#11394,#11395,#11396,#11397,#11398,#11399,#11400,#11401,
    #11402,#11403,#11404,#11405,#11406,#11407,#11408,#11409,#11410,
    #11411,#11412,#11413,#11414,#11415,#11416,#11417,#11418,#11419,
    #11420,#11421,#11422,#11423,#11424,#11425,#11426,#11427,#11428,
    #11429,#11430,#11431,#11432,#11433,#11434,#11435,#11436,#11437,
    #11438,#11439,#11440,#11441,#11442,#11443,#11444,#11445,#11446,
    #11447,#11448,#11449),.UNSPECIFIED.,.F.,.F.,(9,7,7,7,7,7,7,7,7,7,7,9
    ),(0.,6.521629943561E-02,0.123390018908,0.203771453839,
    0.280599983658,0.3879573798,0.470324418843,0.566208103402,
    0.672222074938,0.754404308604,0.893346677744,1.),.UNSPECIFIED.);
#11371 = CARTESIAN_POINT('',(2.540341936125,22.3451512993));
#11372 = CARTESIAN_POINT('',(2.54034210472,22.405861506424));
#11373 = CARTESIAN_POINT('',(2.540341731123,22.466575418717));
#11374 = CARTESIAN_POINT('',(2.540340552089,22.527288491323));
#11375 = CARTESIAN_POINT('',(2.540339202619,22.587999592053));
#11376 = CARTESIAN_POINT('',(2.540338699422,22.648710039339));
#11377 = CARTESIAN_POINT('',(2.540339698782,22.709421903072));
#11378 = CARTESIAN_POINT('',(2.540341528821,22.770135568328));
#11379 = CARTESIAN_POINT('',(2.540340521064,22.885001494756));
#11380 = CARTESIAN_POINT('',(2.540339104997,22.939159296142));
#11381 = CARTESIAN_POINT('',(2.540338783893,22.993316922771));
#11382 = CARTESIAN_POINT('',(2.540339518656,23.047473759453));
#11383 = CARTESIAN_POINT('',(2.540340599568,23.101630503306));
#11384 = CARTESIAN_POINT('',(2.540341467529,23.155788067413));
#11385 = CARTESIAN_POINT('',(2.540341952151,23.209946504002));
#11386 = CARTESIAN_POINT('',(2.540341891515,23.338935899299));
#11387 = CARTESIAN_POINT('',(2.540340928221,23.413776622283));
#11388 = CARTESIAN_POINT('',(2.540338777718,23.488613815171));
#11389 = CARTESIAN_POINT('',(2.54033623959,23.563446313894));
#11390 = CARTESIAN_POINT('',(2.540334317291,23.638278590875));
#11391 = CARTESIAN_POINT('',(2.540333680343,23.713115214266));
#11392 = CARTESIAN_POINT('',(2.540334443538,23.78795526677));
#11393 = CARTESIAN_POINT('',(2.540338002331,23.934310588427));
#11394 = CARTESIAN_POINT('',(2.540340709058,24.005840796792));
#11395 = CARTESIAN_POINT('',(2.540344147684,24.077368072583));
#11396 = CARTESIAN_POINT('',(2.540347679483,24.148891844347));
#11397 = CARTESIAN_POINT('',(2.540350594236,24.220415824402));
#11398 = CARTESIAN_POINT('',(2.540352347442,24.291943580692));
#11399 = CARTESIAN_POINT('',(2.540352703144,24.363474101859));
#11400 = CARTESIAN_POINT('',(2.540350495734,24.534941351494));
#11401 = CARTESIAN_POINT('',(2.540346705157,24.634921889654));
#11402 = CARTESIAN_POINT('',(2.540340684766,24.734884059585));
#11403 = CARTESIAN_POINT('',(2.540333828071,24.834830501741));
#11404 = CARTESIAN_POINT('',(2.540328580417,24.934776508357));
#11405 = CARTESIAN_POINT('',(2.540326468005,25.034737508415));
#11406 = CARTESIAN_POINT('',(2.540327436722,25.134716956117));
#11407 = CARTESIAN_POINT('',(2.540332948376,25.311340795329));
#11408 = CARTESIAN_POINT('',(2.540336598947,25.388029533344));
#11409 = CARTESIAN_POINT('',(2.540341124738,25.464714154232));
#11410 = CARTESIAN_POINT('',(2.540345726158,25.541393711639));
#11411 = CARTESIAN_POINT('',(2.540349547346,25.618073392855));
#11412 = CARTESIAN_POINT('',(2.540351947114,25.694758281988));
#11413 = CARTESIAN_POINT('',(2.540352680013,25.771447120159));
#11414 = CARTESIAN_POINT('',(2.540351181423,25.937388219374));
#11415 = CARTESIAN_POINT('',(2.540348431056,26.026671105));
#11416 = CARTESIAN_POINT('',(2.540344070759,26.115943933437));
#11417 = CARTESIAN_POINT('',(2.540339112671,26.205207319804));
#11418 = CARTESIAN_POINT('',(2.54033524542,26.294470556487));
#11419 = CARTESIAN_POINT('',(2.540333643295,26.383743063245));
#11420 = CARTESIAN_POINT('',(2.540334043784,26.473025816073));
#11421 = CARTESIAN_POINT('',(2.540337218113,26.660982075262));
#11422 = CARTESIAN_POINT('',(2.540340237296,26.759709002035));
#11423 = CARTESIAN_POINT('',(2.540343417156,26.858418718684));
#11424 = CARTESIAN_POINT('',(2.540344500073,26.957113897332));
#11425 = CARTESIAN_POINT('',(2.540341756667,27.055808804704));
#11426 = CARTESIAN_POINT('',(2.540336312701,27.154517444015));
#11427 = CARTESIAN_POINT('',(2.540340324651,27.253242634874));
#11428 = CARTESIAN_POINT('',(2.54034157983,27.428443102675));
#11429 = CARTESIAN_POINT('',(2.540338601218,27.504958082502));
#11430 = CARTESIAN_POINT('',(2.540337596379,27.581466361973));
#11431 = CARTESIAN_POINT('',(2.540340320993,27.657972682083));
#11432 = CARTESIAN_POINT('',(2.540342889472,27.734480814732));
#11433 = CARTESIAN_POINT('',(2.540342525959,27.810993101525));
#11434 = CARTESIAN_POINT('',(2.540341962819,27.887510795986));
#11435 = CARTESIAN_POINT('',(2.540337991021,28.093361209822));
#11436 = CARTESIAN_POINT('',(2.540333613654,28.222832978634));
#11437 = CARTESIAN_POINT('',(2.540329843688,28.352230771482));
#11438 = CARTESIAN_POINT('',(2.540333998386,28.481581945359));
#11439 = CARTESIAN_POINT('',(2.540343859846,28.610933581371));
#11440 = CARTESIAN_POINT('',(2.540350993201,28.740332162606));
#11441 = CARTESIAN_POINT('',(2.540353478204,28.869804214277));
#11442 = CARTESIAN_POINT('',(2.540350434004,29.098432611031));
#11443 = CARTESIAN_POINT('',(2.540346645158,29.197752577755));
#11444 = CARTESIAN_POINT('',(2.540340672185,29.29705478708));
#11445 = CARTESIAN_POINT('',(2.540333886937,29.396341951147));
#11446 = CARTESIAN_POINT('',(2.540328671133,29.495628900934));
#11447 = CARTESIAN_POINT('',(2.540326525071,29.594930530725));
#11448 = CARTESIAN_POINT('',(2.540327417856,29.694249763824));
#11449 = CARTESIAN_POINT('',(2.540330454758,29.793534195966));
#11450 = ( GEOMETRIC_REPRESENTATION_CONTEXT(2) 
PARAMETRIC_REPRESENTATION_CONTEXT() REPRESENTATION_CONTEXT('2D SPACE',''
  ) );
#11451 = PCURVE('',#11452,#11457);
#11452 = CYLINDRICAL_SURFACE('',#11453,20.4);
#11453 = AXIS2_PLACEMENT_3D('',#11454,#11455,#11456);
#11454 = CARTESIAN_POINT('',(-72.,0.,286.3));
#11455 = DIRECTION('',(-0.,-0.,-1.));
#11456 = DIRECTION('',(1.,0.,0.));
#11457 = DEFINITIONAL_REPRESENTATION('',(#11458),#11538);
#11458 = B_SPLINE_CURVE_WITH_KNOTS('',8,(#11459,#11460,#11461,#11462,
    #11463,#11464,#11465,#11466,#11467,#11468,#11469,#11470,#11471,
    #11472,#11473,#11474,#11475,#11476,#11477,#11478,#11479,#11480,
    #11481,#11482,#11483,#11484,#11485,#11486,#11487,#11488,#11489,
    #11490,#11491,#11492,#11493,#11494,#11495,#11496,#11497,#11498,
    #11499,#11500,#11501,#11502,#11503,#11504,#11505,#11506,#11507,
    #11508,#11509,#11510,#11511,#11512,#11513,#11514,#11515,#11516,
    #11517,#11518,#11519,#11520,#11521,#11522,#11523,#11524,#11525,
    #11526,#11527,#11528,#11529,#11530,#11531,#11532,#11533,#11534,
    #11535,#11536,#11537),.UNSPECIFIED.,.F.,.F.,(9,7,7,7,7,7,7,7,7,7,7,9
    ),(0.,6.521629943561E-02,0.123390018908,0.203771453839,
    0.280599983658,0.3879573798,0.470324418843,0.566208103402,
    0.672222074938,0.754404308604,0.893346677744,1.),.UNSPECIFIED.);
#11459 = CARTESIAN_POINT('',(0.,-16.27017130632));
#11460 = CARTESIAN_POINT('',(-5.121270367445E-02,-16.30277454896));
#11461 = CARTESIAN_POINT('',(-0.102428657124,-16.33537951029));
#11462 = CARTESIAN_POINT('',(-0.153643778653,-16.36798361797));
#11463 = CARTESIAN_POINT('',(-0.204857500054,-16.40058658147));
#11464 = CARTESIAN_POINT('',(-0.256071063679,-16.43318961719));
#11465 = CARTESIAN_POINT('',(-0.307285846931,-16.46579416486));
#11466 = CARTESIAN_POINT('',(-0.358501714221,-16.49840009534));
#11467 = CARTESIAN_POINT('',(-0.455398613622,-16.56008595632));
#11468 = CARTESIAN_POINT('',(-0.501084481649,-16.58916957295));
#11469 = CARTESIAN_POINT('',(-0.54677018976,-16.61825364321));
#11470 = CARTESIAN_POINT('',(-0.592455115028,-16.64733781717));
#11471 = CARTESIAN_POINT('',(-0.638139825179,-16.67642211436));
#11472 = CARTESIAN_POINT('',(-0.683825111992,-16.70550674558));
#11473 = CARTESIAN_POINT('',(-0.729511055175,-16.73459165367));
#11474 = CARTESIAN_POINT('',(-0.838321370476,-16.80386270442));
#11475 = CARTESIAN_POINT('',(-0.901453938238,-16.84405388177));
#11476 = CARTESIAN_POINT('',(-0.964583545988,-16.88424256974));
#11477 = CARTESIAN_POINT('',(-1.027709296707,-16.924428543));
#11478 = CARTESIAN_POINT('',(-1.090834999035,-16.96461470509));
#11479 = CARTESIAN_POINT('',(-1.153964488466,-17.00480384401));
#11480 = CARTESIAN_POINT('',(-1.217096941115,-17.04499552453));
#11481 = CARTESIAN_POINT('',(-1.340557247511,-17.12359439579));
#11482 = CARTESIAN_POINT('',(-1.400897699188,-17.16200956489));
#11483 = CARTESIAN_POINT('',(-1.461235674256,-17.20042352506));
#11484 = CARTESIAN_POINT('',(-1.521570657039,-17.23883565005));
#11485 = CARTESIAN_POINT('',(-1.581905760435,-17.27724757837));
#11486 = CARTESIAN_POINT('',(-1.642243994629,-17.31566095387));
#11487 = CARTESIAN_POINT('',(-1.702584521062,-17.35407511544));
#11488 = CARTESIAN_POINT('',(-1.847227949032,-17.44615694401));
#11489 = CARTESIAN_POINT('',(-1.931567783231,-17.49984752436));
#11490 = CARTESIAN_POINT('',(-2.015892117037,-17.55352712552));
#11491 = CARTESIAN_POINT('',(-2.100203234206,-17.60719786226));
#11492 = CARTESIAN_POINT('',(-2.184514058236,-17.66086916962));
#11493 = CARTESIAN_POINT('',(-2.268837563104,-17.71455009652));
#11494 = CARTESIAN_POINT('',(-2.353176621711,-17.7682424709));
#11495 = CARTESIAN_POINT('',(-2.502170074474,-17.86309739855));
#11496 = CARTESIAN_POINT('',(-2.566861889978,-17.90428332099));
#11497 = CARTESIAN_POINT('',(-2.631550205187,-17.94546747003));
#11498 = CARTESIAN_POINT('',(-2.696234219677,-17.98664893764));
#11499 = CARTESIAN_POINT('',(-2.760918320941,-18.02783008162));
#11500 = CARTESIAN_POINT('',(-2.825606821506,-18.0690133117));
#11501 = CARTESIAN_POINT('',(-2.890298685924,-18.1101978291));
#11502 = CARTESIAN_POINT('',(-3.030280550202,-18.19931230753));
#11503 = CARTESIAN_POINT('',(-3.105596400349,-18.24725845543));
#11504 = CARTESIAN_POINT('',(-3.180903847086,-18.29519839736));
#11505 = CARTESIAN_POINT('',(-3.256203414325,-18.34313296973));
#11506 = CARTESIAN_POINT('',(-3.331502891439,-18.39106800713));
#11507 = CARTESIAN_POINT('',(-3.406810132508,-18.43900915539));
#11508 = CARTESIAN_POINT('',(-3.482125875135,-18.4869568074));
#11509 = CARTESIAN_POINT('',(-3.640678751473,-18.58789640764));
#11510 = CARTESIAN_POINT('',(-3.723960915488,-18.64091716685));
#11511 = CARTESIAN_POINT('',(-3.80722836345,-18.69392876407));
#11512 = CARTESIAN_POINT('',(-3.890483451971,-18.74693150548));
#11513 = CARTESIAN_POINT('',(-3.973738456597,-18.79993218805));
#11514 = CARTESIAN_POINT('',(-4.05700568724,-18.85293889479));
#11515 = CARTESIAN_POINT('',(-4.140287586343,-18.90595921815));
#11516 = CARTESIAN_POINT('',(-4.288080613865,-19.00004762545));
#11517 = CARTESIAN_POINT('',(-4.352625651682,-19.04113692007));
#11518 = CARTESIAN_POINT('',(-4.41716673539,-19.08222360328));
#11519 = CARTESIAN_POINT('',(-4.481704602875,-19.12331109899));
#11520 = CARTESIAN_POINT('',(-4.546243335918,-19.16439949002));
#11521 = CARTESIAN_POINT('',(-4.610786614465,-19.20548864595));
#11522 = CARTESIAN_POINT('',(-4.675333642177,-19.24658060615));
#11523 = CARTESIAN_POINT('',(-4.848980760345,-19.35712631816));
#11524 = CARTESIAN_POINT('',(-4.958198037688,-19.42665425924));
#11525 = CARTESIAN_POINT('',(-5.067353384942,-19.49614277678));
#11526 = CARTESIAN_POINT('',(-5.17646988492,-19.56561022088));
#11527 = CARTESIAN_POINT('',(-5.285586618424,-19.63508076655));
#11528 = CARTESIAN_POINT('',(-5.394742733187,-19.70457515912));
#11529 = CARTESIAN_POINT('',(-5.503960644722,-19.7741066833));
#11530 = CARTESIAN_POINT('',(-5.696823099639,-19.8968853027));
#11531 = CARTESIAN_POINT('',(-5.780605700652,-19.95022113771));
#11532 = CARTESIAN_POINT('',(-5.864373317145,-20.00354634443));
#11533 = CARTESIAN_POINT('',(-5.948128291853,-20.05686306525));
#11534 = CARTESIAN_POINT('',(-6.031883158519,-20.11018045573));
#11535 = CARTESIAN_POINT('',(-6.115650441625,-20.16350726467));
#11536 = CARTESIAN_POINT('',(-6.199432567104,-20.21684504652));
#11537 = CARTESIAN_POINT('',(-6.28318530718,-20.2701652113));
#11538 = ( GEOMETRIC_REPRESENTATION_CONTEXT(2) 
PARAMETRIC_REPRESENTATION_CONTEXT() REPRESENTATION_CONTEXT('2D SPACE',''
  ) );
#11539 = ORIENTED_EDGE('',*,*,#11540,.T.);
#11540 = EDGE_CURVE('',#11285,#11541,#11543,.T.);
#11541 = VERTEX_POINT('',#11542);
#11542 = CARTESIAN_POINT('',(-55.49605331475,-11.99081914676,
    310.17017051028));
#11543 = SURFACE_CURVE('',#11544,(#11617,#11693),.PCURVE_S1.);
#11544 = B_SPLINE_CURVE_WITH_KNOTS('',8,(#11545,#11546,#11547,#11548,
    #11549,#11550,#11551,#11552,#11553,#11554,#11555,#11556,#11557,
    #11558,#11559,#11560,#11561,#11562,#11563,#11564,#11565,#11566,
    #11567,#11568,#11569,#11570,#11571,#11572,#11573,#11574,#11575,
    #11576,#11577,#11578,#11579,#11580,#11581,#11582,#11583,#11584,
    #11585,#11586,#11587,#11588,#11589,#11590,#11591,#11592,#11593,
    #11594,#11595,#11596,#11597,#11598,#11599,#11600,#11601,#11602,
    #11603,#11604,#11605,#11606,#11607,#11608,#11609,#11610,#11611,
    #11612,#11613,#11614,#11615,#11616),.UNSPECIFIED.,.F.,.F.,(9,7,7,7,7
    ,7,7,7,7,7,9),(0.,9.235573198608E-02,0.203932790532,0.278714823286,
    0.339360767469,0.464905086892,0.556458844492,0.662535766996,
    0.773214822519,0.875365892585,1.),.UNSPECIFIED.);
#11545 = CARTESIAN_POINT('',(-51.6,-7.105427357601E-15,306.5701652113));
#11546 = CARTESIAN_POINT('',(-51.6,1.3316007209,306.6117214577));
#11547 = CARTESIAN_POINT('',(-51.69933710365,2.663379976826,
    306.65328384727));
#11548 = CARTESIAN_POINT('',(-51.89805556844,3.986433219408,
    306.69484450964));
#11549 = CARTESIAN_POINT('',(-52.19519734828,5.29210588782,
    306.73640237798));
#11550 = CARTESIAN_POINT('',(-52.58894381083,6.571964487987,
    306.7779598605));
#11551 = CARTESIAN_POINT('',(-53.0766644715,7.817792501615,
    306.81951946964));
#11552 = CARTESIAN_POINT('',(-53.6548727445,9.02161112503,
    306.86108040895));
#11553 = CARTESIAN_POINT('',(-55.12154311311,11.570035840864,
    306.95283830561));
#11554 = CARTESIAN_POINT('',(-56.04989478997,12.892432782993,
    307.00305505069));
#11555 = CARTESIAN_POINT('',(-57.09632497889,14.129033389547,
    307.05326415473));
#11556 = CARTESIAN_POINT('',(-58.25138378688,15.267668836902,
    307.1034666689));
#11557 = CARTESIAN_POINT('',(-59.50439704087,16.297510263103,
    307.15366958769));
#11558 = CARTESIAN_POINT('',(-60.84347982814,17.209084685182,
    307.2038797236));
#11559 = CARTESIAN_POINT('',(-62.25556359585,17.994278534018,
    307.25409793222));
#11560 = CARTESIAN_POINT('',(-64.71162739609,19.084082712136,
    307.33795224605));
#11561 = CARTESIAN_POINT('',(-65.72367038328,19.461891322638,
    307.37160348796));
#11562 = CARTESIAN_POINT('',(-66.75791360588,19.778281199429,
    307.40525400988));
#11563 = CARTESIAN_POINT('',(-67.80999155574,20.031758019925,
    307.43890322404));
#11564 = CARTESIAN_POINT('',(-68.87545947907,20.221203936292,
    307.47255189282));
#11565 = CARTESIAN_POINT('',(-69.94979861187,20.345863683574,
    307.50620101696));
#11566 = CARTESIAN_POINT('',(-71.02841574848,20.405357560839,
    307.5398506415));
#11567 = CARTESIAN_POINT('',(-72.98104175757,20.395150438089,
    307.60078602906));
#11568 = CARTESIAN_POINT('',(-73.85525804158,20.347745005209,
    307.6280749041));
#11569 = CARTESIAN_POINT('',(-74.72679388244,20.257511970111,
    307.65536237004));
#11570 = CARTESIAN_POINT('',(-75.5931922412,20.124637888259,
    307.68265153872));
#11571 = CARTESIAN_POINT('',(-76.45203018769,19.949474681059,
    307.70994059634));
#11572 = CARTESIAN_POINT('',(-77.30091826133,19.732533768347,
    307.73722741414));
#11573 = CARTESIAN_POINT('',(-78.13750101064,19.474488034848,
    307.7645149004));
#11574 = CARTESIAN_POINT('',(-80.66101155637,18.558650335641,
    307.84829062563));
#11575 = CARTESIAN_POINT('',(-82.30066535127,17.768304276941,
    307.9048041103));
#11576 = CARTESIAN_POINT('',(-83.85679060575,16.812703153424,
    307.96130676424));
#11577 = CARTESIAN_POINT('',(-85.31019368107,15.702516731314,
    308.01779587955));
#11578 = CARTESIAN_POINT('',(-86.64346150811,14.450592474504,
    308.07428383802));
#11579 = CARTESIAN_POINT('',(-87.84106168625,13.07200131922,
    308.13078246126));
#11580 = CARTESIAN_POINT('',(-88.88931305209,11.583940084562,
    308.18729518099));
#11581 = CARTESIAN_POINT('',(-90.4247140523,8.856208447928,
    308.28497878829));
#11582 = CARTESIAN_POINT('',(-90.98723317105,7.657844314201,
    308.32617946053));
#11583 = CARTESIAN_POINT('',(-91.46047647147,6.418981452057,
    308.36737863847));
#11584 = CARTESIAN_POINT('',(-91.84111347052,5.147422174018,
    308.40857536208));
#11585 = CARTESIAN_POINT('',(-92.12664343444,3.8511908352,
    308.44977194611));
#11586 = CARTESIAN_POINT('',(-92.31535232127,2.538514009259,
    308.49097077463));
#11587 = CARTESIAN_POINT('',(-92.40635802613,1.217824093241,
    308.53217107048));
#11588 = CARTESIAN_POINT('',(-92.39208063815,-1.63164888861,
    308.62109489964));
#11589 = CARTESIAN_POINT('',(-92.25336689962,-3.160797617258,
    308.66883474113));
#11590 = CARTESIAN_POINT('',(-91.98356564645,-4.676031833427,
    308.71656866713));
#11591 = CARTESIAN_POINT('',(-91.5844402601,-6.164235445784,
    308.76429711189));
#11592 = CARTESIAN_POINT('',(-91.05922797731,-7.612749951978,
    308.81202554495));
#11593 = CARTESIAN_POINT('',(-90.41252644569,-9.009352103744,
    308.85975961051));
#11594 = CARTESIAN_POINT('',(-89.65039193423,-10.34229263303,
    308.90750016016));
#11595 = CARTESIAN_POINT('',(-87.87316973935,-12.91314148363,
    309.00503271196));
#11596 = CARTESIAN_POINT('',(-86.84807819367,-14.14509108771,
    309.05484936973));
#11597 = CARTESIAN_POINT('',(-85.71408931085,-15.28342167101,
    309.10466083586));
#11598 = CARTESIAN_POINT('',(-84.48135488925,-16.31704692648,
    309.15446720313));
#11599 = CARTESIAN_POINT('',(-83.16110753995,-17.2362673747,
    309.20427341241));
#11600 = CARTESIAN_POINT('',(-81.76564651711,-18.03278388159,
    309.25408452538));
#11601 = CARTESIAN_POINT('',(-80.30831699651,-18.69969728017,
    309.30390114715));
#11602 = CARTESIAN_POINT('',(-77.41524568176,-19.72319885805,
    309.39966725667));
#11603 = CARTESIAN_POINT('',(-75.98585458651,-20.09996346551,
    309.44563989882));
#11604 = CARTESIAN_POINT('',(-74.52705959103,-20.35812385776,
    309.49160808154));
#11605 = CARTESIAN_POINT('',(-73.05038610664,-20.49514256565,
    309.53757125129));
#11606 = CARTESIAN_POINT('',(-71.56744257289,-20.5098054168,
    309.58353480722));
#11607 = CARTESIAN_POINT('',(-70.089900305,-20.40213416247,
    309.62950399468));
#11608 = CARTESIAN_POINT('',(-68.62948215008,-20.17347457013,
    309.67547788025));
#11609 = CARTESIAN_POINT('',(-65.45136550884,-19.40373491517,
    309.77752576305));
#11610 = CARTESIAN_POINT('',(-63.74661687539,-18.80468701786,
    309.83363296854));
#11611 = CARTESIAN_POINT('',(-62.10556309579,-18.03463189849,
    309.88972826011));
#11612 = CARTESIAN_POINT('',(-60.54805035852,-17.1018508504,
    309.94581235398));
#11613 = CARTESIAN_POINT('',(-59.09242869074,-16.01693479099,
    310.00189370798));
#11614 = CARTESIAN_POINT('',(-57.75546512839,-14.79282205744,
    310.05798222063));
#11615 = CARTESIAN_POINT('',(-56.55235711922,-13.44469660576,
    310.11408902807));
#11616 = CARTESIAN_POINT('',(-55.49605331475,-11.99081914676,
    310.17017051028));
#11617 = PCURVE('',#9769,#11618);
#11618 = DEFINITIONAL_REPRESENTATION('',(#11619),#11692);
#11619 = B_SPLINE_CURVE_WITH_KNOTS('',8,(#11620,#11621,#11622,#11623,
    #11624,#11625,#11626,#11627,#11628,#11629,#11630,#11631,#11632,
    #11633,#11634,#11635,#11636,#11637,#11638,#11639,#11640,#11641,
    #11642,#11643,#11644,#11645,#11646,#11647,#11648,#11649,#11650,
    #11651,#11652,#11653,#11654,#11655,#11656,#11657,#11658,#11659,
    #11660,#11661,#11662,#11663,#11664,#11665,#11666,#11667,#11668,
    #11669,#11670,#11671,#11672,#11673,#11674,#11675,#11676,#11677,
    #11678,#11679,#11680,#11681,#11682,#11683,#11684,#11685,#11686,
    #11687,#11688,#11689,#11690,#11691),.UNSPECIFIED.,.F.,.F.,(9,7,7,7,7
    ,7,7,7,7,7,9),(0.,9.235573198608E-02,0.203932790532,0.278714823286,
    0.339360767469,0.464905086892,0.556458844492,0.662535766996,
    0.773214822519,0.875365892585,1.),.UNSPECIFIED.);
#11620 = CARTESIAN_POINT('',(2.540330454758,29.793534195966));
#11621 = CARTESIAN_POINT('',(2.540332821634,29.870913707871));
#11622 = CARTESIAN_POINT('',(2.540336482494,29.948303454205));
#11623 = CARTESIAN_POINT('',(2.540341054311,30.025689136172));
#11624 = CARTESIAN_POINT('',(2.540345715137,30.103069532515));
#11625 = CARTESIAN_POINT('',(2.540349581992,30.180449949655));
#11626 = CARTESIAN_POINT('',(2.54035199435,30.257835680972));
#11627 = CARTESIAN_POINT('',(2.540352703212,30.335225475223));
#11628 = CARTESIAN_POINT('',(2.540351074879,30.506088993434));
#11629 = CARTESIAN_POINT('',(2.540348059219,30.59960019574));
#11630 = CARTESIAN_POINT('',(2.540343311926,30.693098781922));
#11631 = CARTESIAN_POINT('',(2.540338055365,30.786585571301));
#11632 = CARTESIAN_POINT('',(2.540334285706,30.88007172973));
#11633 = CARTESIAN_POINT('',(2.540333253797,30.973568778153));
#11634 = CARTESIAN_POINT('',(2.540334297894,31.067078925879));
#11635 = CARTESIAN_POINT('',(2.540337532171,31.223220687685));
#11636 = CARTESIAN_POINT('',(2.540339215147,31.285880959972));
#11637 = CARTESIAN_POINT('',(2.540340992109,31.348539804062));
#11638 = CARTESIAN_POINT('',(2.540342281511,31.411196666928));
#11639 = CARTESIAN_POINT('',(2.54034267086,31.473853352236));
#11640 = CARTESIAN_POINT('',(2.540342159352,31.536511724217));
#11641 = CARTESIAN_POINT('',(2.540341183679,31.599171460132));
#11642 = CARTESIAN_POINT('',(2.540339813363,31.712640270649));
#11643 = CARTESIAN_POINT('',(2.540339915338,31.763454677734));
#11644 = CARTESIAN_POINT('',(2.540337865887,31.814268464024));
#11645 = CARTESIAN_POINT('',(2.540340710193,31.865080864655));
#11646 = CARTESIAN_POINT('',(2.54034334817,31.91589325059));
#11647 = CARTESIAN_POINT('',(2.540340677589,31.966706408271));
#11648 = CARTESIAN_POINT('',(2.540339987709,32.017518966579));
#11649 = CARTESIAN_POINT('',(2.540338961111,32.173518355951));
#11650 = CARTESIAN_POINT('',(2.54034048,32.278750469278));
#11651 = CARTESIAN_POINT('',(2.540345430243,32.383959219991));
#11652 = CARTESIAN_POINT('',(2.540343350173,32.489149306022));
#11653 = CARTESIAN_POINT('',(2.540338876678,32.594339466308));
#11654 = CARTESIAN_POINT('',(2.540335079094,32.699548856119));
#11655 = CARTESIAN_POINT('',(2.540333812865,32.80478213814));
#11656 = CARTESIAN_POINT('',(2.540335714374,32.986676611336));
#11657 = CARTESIAN_POINT('',(2.540337766049,33.063394303522));
#11658 = CARTESIAN_POINT('',(2.54034108611,33.14010803227));
#11659 = CARTESIAN_POINT('',(2.540345040405,33.216816600315));
#11660 = CARTESIAN_POINT('',(2.540348742077,33.293525143643));
#11661 = CARTESIAN_POINT('',(2.540351381172,33.370238855744));
#11662 = CARTESIAN_POINT('',(2.540352483783,33.446956730689));
#11663 = CARTESIAN_POINT('',(2.540351656961,33.612542197223));
#11664 = CARTESIAN_POINT('',(2.540349204975,33.70144064272));
#11665 = CARTESIAN_POINT('',(2.54034474841,33.790329939375));
#11666 = CARTESIAN_POINT('',(2.540339030631,33.879210203691));
#11667 = CARTESIAN_POINT('',(2.540333520517,33.968090252873));
#11668 = CARTESIAN_POINT('',(2.540329616057,34.056979295356));
#11669 = CARTESIAN_POINT('',(2.540327900945,34.145878373456));
#11670 = CARTESIAN_POINT('',(2.540328694541,34.327492598345));
#11671 = CARTESIAN_POINT('',(2.540331389213,34.42025348311));
#11672 = CARTESIAN_POINT('',(2.540336267411,34.513002667589));
#11673 = CARTESIAN_POINT('',(2.540342412686,34.60574117779));
#11674 = CARTESIAN_POINT('',(2.540348078876,34.698479839845));
#11675 = CARTESIAN_POINT('',(2.540351708564,34.791229529124));
#11676 = CARTESIAN_POINT('',(2.540352869354,34.883991774993));
#11677 = CARTESIAN_POINT('',(2.54035109459,35.062319106237));
#11678 = CARTESIAN_POINT('',(2.54034849636,35.147926993257));
#11679 = CARTESIAN_POINT('',(2.540344327705,35.233528038559));
#11680 = CARTESIAN_POINT('',(2.540339706768,35.319120170312));
#11681 = CARTESIAN_POINT('',(2.540335947918,35.404712218523));
#11682 = CARTESIAN_POINT('',(2.540333990904,35.490313075597));
#11683 = CARTESIAN_POINT('',(2.54033400513,35.575920845679));
#11684 = CARTESIAN_POINT('',(2.540336589072,35.765941382962));
#11685 = CARTESIAN_POINT('',(2.540339762884,35.870415424687));
#11686 = CARTESIAN_POINT('',(2.540343482667,35.97486677321));
#11687 = CARTESIAN_POINT('',(2.540344992397,36.079299328226));
#11688 = CARTESIAN_POINT('',(2.540341949081,36.183731020441));
#11689 = CARTESIAN_POINT('',(2.54033504614,36.288179636248));
#11690 = CARTESIAN_POINT('',(2.540341183051,36.392650177963));
#11691 = CARTESIAN_POINT('',(2.540341020563,36.497079426724));
#11692 = ( GEOMETRIC_REPRESENTATION_CONTEXT(2) 
PARAMETRIC_REPRESENTATION_CONTEXT() REPRESENTATION_CONTEXT('2D SPACE',''
  ) );
#11693 = PCURVE('',#11452,#11694);
#11694 = DEFINITIONAL_REPRESENTATION('',(#11695),#11768);
#11695 = B_SPLINE_CURVE_WITH_KNOTS('',8,(#11696,#11697,#11698,#11699,
    #11700,#11701,#11702,#11703,#11704,#11705,#11706,#11707,#11708,
    #11709,#11710,#11711,#11712,#11713,#11714,#11715,#11716,#11717,
    #11718,#11719,#11720,#11721,#11722,#11723,#11724,#11725,#11726,
    #11727,#11728,#11729,#11730,#11731,#11732,#11733,#11734,#11735,
    #11736,#11737,#11738,#11739,#11740,#11741,#11742,#11743,#11744,
    #11745,#11746,#11747,#11748,#11749,#11750,#11751,#11752,#11753,
    #11754,#11755,#11756,#11757,#11758,#11759,#11760,#11761,#11762,
    #11763,#11764,#11765,#11766,#11767),.UNSPECIFIED.,.F.,.F.,(9,7,7,7,7
    ,7,7,7,7,7,9),(0.,9.235573198608E-02,0.203932790532,0.278714823286,
    0.339360767469,0.464905086892,0.556458844492,0.662535766996,
    0.773214822519,0.875365892585,1.),.UNSPECIFIED.);
#11696 = CARTESIAN_POINT('',(0.,-20.2701652113));
#11697 = CARTESIAN_POINT('',(-6.527454514217E-02,-20.3117214577));
#11698 = CARTESIAN_POINT('',(-0.13055770644,-20.35328384727));
#11699 = CARTESIAN_POINT('',(-0.195837411471,-20.39484450964));
#11700 = CARTESIAN_POINT('',(-0.261112627592,-20.43640237798));
#11701 = CARTESIAN_POINT('',(-0.326387843015,-20.4779598605));
#11702 = CARTESIAN_POINT('',(-0.391667547563,-20.51951946964));
#11703 = CARTESIAN_POINT('',(-0.456950713086,-20.56108040895));
#11704 = CARTESIAN_POINT('',(-0.601084953347,-20.65283830561));
#11705 = CARTESIAN_POINT('',(-0.679967664845,-20.70305505069));
#11706 = CARTESIAN_POINT('',(-0.758839825262,-20.75326415473));
#11707 = CARTESIAN_POINT('',(-0.837702122705,-20.80346666891));
#11708 = CARTESIAN_POINT('',(-0.916563925329,-20.85366958769));
#11709 = CARTESIAN_POINT('',(-0.995434824185,-20.9038797236));
#11710 = CARTESIAN_POINT('',(-1.074316598525,-20.95409793222));
#11711 = CARTESIAN_POINT('',(-1.206031860985,-21.03795224605));
#11712 = CARTESIAN_POINT('',(-1.258889613792,-21.07160348796));
#11713 = CARTESIAN_POINT('',(-1.311746093066,-21.10525400988));
#11714 = CARTESIAN_POINT('',(-1.364600850612,-21.13890322404));
#11715 = CARTESIAN_POINT('',(-1.417455457134,-21.17255189282));
#11716 = CARTESIAN_POINT('',(-1.470311558664,-21.20620101696));
#11717 = CARTESIAN_POINT('',(-1.523168949479,-21.2398506415));
#11718 = CARTESIAN_POINT('',(-1.618887218457,-21.30078602906));
#11719 = CARTESIAN_POINT('',(-1.661752519572,-21.3280749041));
#11720 = CARTESIAN_POINT('',(-1.704617406393,-21.35536237004));
#11721 = CARTESIAN_POINT('',(-1.747481433851,-21.38265153872));
#11722 = CARTESIAN_POINT('',(-1.79034499839,-21.40994059634));
#11723 = CARTESIAN_POINT('',(-1.833208713124,-21.43722741414));
#11724 = CARTESIAN_POINT('',(-1.876072806773,-21.4645149004));
#11725 = CARTESIAN_POINT('',(-2.007668901384,-21.54829062563));
#11726 = CARTESIAN_POINT('',(-2.096439245175,-21.6048041103));
#11727 = CARTESIAN_POINT('',(-2.185189065685,-21.66130676425));
#11728 = CARTESIAN_POINT('',(-2.273922871661,-21.71779587955));
#11729 = CARTESIAN_POINT('',(-2.362656954897,-21.77428383802));
#11730 = CARTESIAN_POINT('',(-2.451407543055,-21.83078246126));
#11731 = CARTESIAN_POINT('',(-2.540178520461,-21.88729518099));
#11732 = CARTESIAN_POINT('',(-2.693618319397,-21.98497878829));
#11733 = CARTESIAN_POINT('',(-2.758334743163,-22.02617946053));
#11734 = CARTESIAN_POINT('',(-2.823047852563,-22.06737863847));
#11735 = CARTESIAN_POINT('',(-2.88775658678,-22.10857536208));
#11736 = CARTESIAN_POINT('',(-2.952465242942,-22.14977194611));
#11737 = CARTESIAN_POINT('',(-3.017178193262,-22.19097077463));
#11738 = CARTESIAN_POINT('',(-3.081894602828,-22.23217107048));
#11739 = CARTESIAN_POINT('',(-3.221576404314,-22.32109489964));
#11740 = CARTESIAN_POINT('',(-3.296567811749,-22.36883474113));
#11741 = CARTESIAN_POINT('',(-3.371551481391,-22.41656866713));
#11742 = CARTESIAN_POINT('',(-3.446527554421,-22.46429711189));
#11743 = CARTESIAN_POINT('',(-3.521503493701,-22.51202554495));
#11744 = CARTESIAN_POINT('',(-3.59648706261,-22.55975961051));
#11745 = CARTESIAN_POINT('',(-3.67147911472,-22.60750016016));
#11746 = CARTESIAN_POINT('',(-3.824682310198,-22.70503271196));
#11747 = CARTESIAN_POINT('',(-3.902932036037,-22.75484936973));
#11748 = CARTESIAN_POINT('',(-3.981171863794,-22.80466083586));
#11749 = CARTESIAN_POINT('',(-4.059402636764,-22.85446720313));
#11750 = CARTESIAN_POINT('',(-4.137633488145,-22.90427341241));
#11751 = CARTESIAN_POINT('',(-4.215873638105,-22.95408452538));
#11752 = CARTESIAN_POINT('',(-4.294124424391,-23.00390114715));
#11753 = CARTESIAN_POINT('',(-4.444554867853,-23.09966725667));
#11754 = CARTESIAN_POINT('',(-4.516770621055,-23.14563989882));
#11755 = CARTESIAN_POINT('',(-4.588980677274,-23.19160808154));
#11756 = CARTESIAN_POINT('',(-4.661183290377,-23.23757125129));
#11757 = CARTESIAN_POINT('',(-4.733385869475,-23.28353480722));
#11758 = CARTESIAN_POINT('',(-4.805595839822,-23.32950399468));
#11759 = CARTESIAN_POINT('',(-4.877811524018,-23.37547788025));
#11760 = CARTESIAN_POINT('',(-5.038105825464,-23.47752576305));
#11761 = CARTESIAN_POINT('',(-5.126236066256,-23.53363296854));
#11762 = CARTESIAN_POINT('',(-5.214346925523,-23.58972826011));
#11763 = CARTESIAN_POINT('',(-5.302441795789,-23.64581235398));
#11764 = CARTESIAN_POINT('',(-5.390536065381,-23.70189370798));
#11765 = CARTESIAN_POINT('',(-5.478645388368,-23.75798222063));
#11766 = CARTESIAN_POINT('',(-5.566774062232,-23.81408902807));
#11767 = CARTESIAN_POINT('',(-5.654866776462,-23.87017051028));
#11768 = ( GEOMETRIC_REPRESENTATION_CONTEXT(2) 
PARAMETRIC_REPRESENTATION_CONTEXT() REPRESENTATION_CONTEXT('2D SPACE',''
  ) );
#11769 = ORIENTED_EDGE('',*,*,#11770,.F.);
#11770 = EDGE_CURVE('',#10519,#11541,#11771,.T.);
#11771 = SURFACE_CURVE('',#11772,(#11775,#11782),.PCURVE_S1.);
#11772 = B_SPLINE_CURVE_WITH_KNOTS('',1,(#11773,#11774),.UNSPECIFIED.,
  .F.,.F.,(2,2),(0.,3.810511776652),.PIECEWISE_BEZIER_KNOTS.);
#11773 = CARTESIAN_POINT('',(-53.71621593163,-13.28394670801,
    308.9000002458));
#11774 = CARTESIAN_POINT('',(-56.38597217852,-11.34425524101,
    310.80525576542));
#11775 = PCURVE('',#9769,#11776);
#11776 = DEFINITIONAL_REPRESENTATION('',(#11777),#11781);
#11777 = LINE('',#11778,#11779);
#11778 = CARTESIAN_POINT('',(0.,36.497079426724));
#11779 = VECTOR('',#11780,1.);
#11780 = DIRECTION('',(1.,0.));
#11781 = ( GEOMETRIC_REPRESENTATION_CONTEXT(2) 
PARAMETRIC_REPRESENTATION_CONTEXT() REPRESENTATION_CONTEXT('2D SPACE',''
  ) );
#11782 = PCURVE('',#11783,#11788);
#11783 = PLANE('',#11784);
#11784 = AXIS2_PLACEMENT_3D('',#11785,#11786,#11787);
#11785 = CARTESIAN_POINT('',(-55.49605331475,-11.99081914676,308.9));
#11786 = DIRECTION('',(-0.587785255113,-0.809016992325,
    5.017631722355E-14));
#11787 = DIRECTION('',(-0.809016992325,0.587785255113,0.));
#11788 = DEFINITIONAL_REPRESENTATION('',(#11789),#11792);
#11789 = B_SPLINE_CURVE_WITH_KNOTS('',1,(#11790,#11791),.UNSPECIFIED.,
  .F.,.F.,(2,2),(0.,3.810511776652),.PIECEWISE_BEZIER_KNOTS.);
#11790 = CARTESIAN_POINT('',(-2.2,-2.458064614075E-07));
#11791 = CARTESIAN_POINT('',(1.100000212875,-1.905255765423));
#11792 = ( GEOMETRIC_REPRESENTATION_CONTEXT(2) 
PARAMETRIC_REPRESENTATION_CONTEXT() REPRESENTATION_CONTEXT('2D SPACE',''
  ) );
#11793 = ADVANCED_FACE('',(#11794),#10073,.F.);
#11794 = FACE_BOUND('',#11795,.F.);
#11795 = EDGE_LOOP('',(#11796,#11817,#12047,#12298,#12528,#12777,#12778)
  );
#11796 = ORIENTED_EDGE('',*,*,#11797,.F.);
#11797 = EDGE_CURVE('',#11798,#10519,#11800,.T.);
#11798 = VERTEX_POINT('',#11799);
#11799 = CARTESIAN_POINT('',(-55.49605331475,-11.99081914676,
    307.62982932584));
#11800 = SURFACE_CURVE('',#11801,(#11804,#11811),.PCURVE_S1.);
#11801 = B_SPLINE_CURVE_WITH_KNOTS('',1,(#11802,#11803),.UNSPECIFIED.,
  .F.,.F.,(2,2),(0.,3.810511776652),.PIECEWISE_BEZIER_KNOTS.);
#11802 = CARTESIAN_POINT('',(-56.38597183409,-11.34425549126,
    306.99474398877));
#11803 = CARTESIAN_POINT('',(-53.71621593163,-13.28394670801,
    308.9000002458));
#11804 = PCURVE('',#10073,#11805);
#11805 = DEFINITIONAL_REPRESENTATION('',(#11806),#11810);
#11806 = LINE('',#11807,#11808);
#11807 = CARTESIAN_POINT('',(0.,36.497079426724));
#11808 = VECTOR('',#11809,1.);
#11809 = DIRECTION('',(1.,0.));
#11810 = ( GEOMETRIC_REPRESENTATION_CONTEXT(2) 
PARAMETRIC_REPRESENTATION_CONTEXT() REPRESENTATION_CONTEXT('2D SPACE',''
  ) );
#11811 = PCURVE('',#11783,#11812);
#11812 = DEFINITIONAL_REPRESENTATION('',(#11813),#11816);
#11813 = B_SPLINE_CURVE_WITH_KNOTS('',1,(#11814,#11815),.UNSPECIFIED.,
  .F.,.F.,(2,2),(0.,3.810511776652),.PIECEWISE_BEZIER_KNOTS.);
#11814 = CARTESIAN_POINT('',(1.099999787125,1.905256011229));
#11815 = CARTESIAN_POINT('',(-2.2,-2.458064614075E-07));
#11816 = ( GEOMETRIC_REPRESENTATION_CONTEXT(2) 
PARAMETRIC_REPRESENTATION_CONTEXT() REPRESENTATION_CONTEXT('2D SPACE',''
  ) );
#11817 = ORIENTED_EDGE('',*,*,#11818,.F.);
#11818 = EDGE_CURVE('',#11819,#11798,#11821,.T.);
#11819 = VERTEX_POINT('',#11820);
#11820 = CARTESIAN_POINT('',(-51.6,0.,304.02983467319));
#11821 = SURFACE_CURVE('',#11822,(#11895,#11971),.PCURVE_S1.);
#11822 = B_SPLINE_CURVE_WITH_KNOTS('',8,(#11823,#11824,#11825,#11826,
    #11827,#11828,#11829,#11830,#11831,#11832,#11833,#11834,#11835,
    #11836,#11837,#11838,#11839,#11840,#11841,#11842,#11843,#11844,
    #11845,#11846,#11847,#11848,#11849,#11850,#11851,#11852,#11853,
    #11854,#11855,#11856,#11857,#11858,#11859,#11860,#11861,#11862,
    #11863,#11864,#11865,#11866,#11867,#11868,#11869,#11870,#11871,
    #11872,#11873,#11874,#11875,#11876,#11877,#11878,#11879,#11880,
    #11881,#11882,#11883,#11884,#11885,#11886,#11887,#11888,#11889,
    #11890,#11891,#11892,#11893,#11894),.UNSPECIFIED.,.F.,.F.,(9,7,7,7,7
    ,7,7,7,7,7,9),(0.,8.89984124952E-02,0.192536953117,0.266816799795,
    0.345359219909,0.466587041745,0.573580789618,0.666143331204,
    0.790444442386,0.939390876881,1.),.UNSPECIFIED.);
#11823 = CARTESIAN_POINT('',(-51.6,-3.552713678801E-15,304.02983467319)
  );
#11824 = CARTESIAN_POINT('',(-51.6,1.283189708375,304.06987784061));
#11825 = CARTESIAN_POINT('',(-51.69224542956,2.566527050033,
    304.10992495774));
#11826 = CARTESIAN_POINT('',(-51.87677167512,3.842060421226,
    304.14996979769));
#11827 = CARTESIAN_POINT('',(-52.15275548672,5.102045198753,
    304.19001217436));
#11828 = CARTESIAN_POINT('',(-52.5186291558,6.33892165478,
    304.23005486495));
#11829 = CARTESIAN_POINT('',(-52.97211995383,7.54531196897,
    304.27010057239));
#11830 = CARTESIAN_POINT('',(-53.51021483158,8.714036337966,
    304.31014892774));
#11831 = CARTESIAN_POINT('',(-54.84898827145,11.145911956669,
    304.39678043024));
#11832 = CARTESIAN_POINT('',(-55.67845735556,12.393754830915,
    304.44337854752));
#11833 = CARTESIAN_POINT('',(-56.6114379715,13.570551364945,
    304.48997315347));
#11834 = CARTESIAN_POINT('',(-57.6406995224,14.666350703997,
    304.53656384726));
#11835 = CARTESIAN_POINT('',(-58.75802650718,15.672199104999,
    304.58315412712));
#11836 = CARTESIAN_POINT('',(-59.95429546999,16.580077050972,
    304.62974780334));
#11837 = CARTESIAN_POINT('',(-61.21941569796,17.382970217854,
    304.67634524369));
#11838 = CARTESIAN_POINT('',(-63.49109015187,18.571631516879,
    304.75635467786));
#11839 = CARTESIAN_POINT('',(-64.46987739604,19.011259539806,
    304.78977841833));
#11840 = CARTESIAN_POINT('',(-65.47445337306,19.391842651215,
    304.823201219));
#11841 = CARTESIAN_POINT('',(-66.50064740475,19.711641993564,
    304.85662313195));
#11842 = CARTESIAN_POINT('',(-67.5441854041,19.969277551928,
    304.89004536864));
#11843 = CARTESIAN_POINT('',(-68.60069520638,20.16371648659,
    304.92346899464));
#11844 = CARTESIAN_POINT('',(-69.66570481942,20.294287073833,
    304.95689365399));
#11845 = CARTESIAN_POINT('',(-71.86490319626,20.430961611201,
    305.02565696271));
#11846 = CARTESIAN_POINT('',(-72.9997021493,20.429502266994,
    305.06099994168));
#11847 = CARTESIAN_POINT('',(-74.13361177537,20.355987223403,
    305.09634129656));
#11848 = CARTESIAN_POINT('',(-75.2612906297,20.210581462945,
    305.13168283769));
#11849 = CARTESIAN_POINT('',(-76.37746830267,19.993905967766,
    305.16701617798));
#11850 = CARTESIAN_POINT('',(-77.47694625048,19.707029614397,
    305.20236223055));
#11851 = CARTESIAN_POINT('',(-78.5546041194,19.35147555283,
    305.2377039598));
#11852 = CARTESIAN_POINT('',(-81.22729809793,18.277640075158,
    305.32759015659));
#11853 = CARTESIAN_POINT('',(-82.78596400973,17.466943539081,
    305.38215528685));
#11854 = CARTESIAN_POINT('',(-84.26226606513,16.504650393108,
    305.43670928055));
#11855 = CARTESIAN_POINT('',(-85.63920741039,15.400824368667,
    305.49125762942));
#11856 = CARTESIAN_POINT('',(-86.90139366827,14.167403532745,
    305.54580703344));
#11857 = CARTESIAN_POINT('',(-88.03510317381,12.81822274847,
    305.60036500744));
#11858 = CARTESIAN_POINT('',(-89.02827132671,11.368951036694,
    305.65493262035));
#11859 = CARTESIAN_POINT('',(-90.61510174202,8.486327229164,
    305.75761813699));
#11860 = CARTESIAN_POINT('',(-91.24241097761,7.070301503339,
    305.80576897511));
#11861 = CARTESIAN_POINT('',(-91.74626845542,5.601864183243,
    305.85391346147));
#11862 = CARTESIAN_POINT('',(-92.12172703682,4.093652195835,
    305.90205260186));
#11863 = CARTESIAN_POINT('',(-92.36539663638,2.558630417823,
    305.95019233459));
#11864 = CARTESIAN_POINT('',(-92.47533394406,1.010057018178,
    305.99833834086));
#11865 = CARTESIAN_POINT('',(-92.45115573431,-0.53850542914,
    306.04649105948));
#11866 = CARTESIAN_POINT('',(-92.15875578336,-3.400832065993,
    306.13628267));
#11867 = CARTESIAN_POINT('',(-91.92384596542,-4.718530347057,
    306.17793773843));
#11868 = CARTESIAN_POINT('',(-91.59052181092,-6.017339997245,
    306.2195909231));
#11869 = CARTESIAN_POINT('',(-91.16063098306,-7.288694521757,
    306.26124121939));
#11870 = CARTESIAN_POINT('',(-90.63686118771,-8.52433756116,
    306.30289112736));
#11871 = CARTESIAN_POINT('',(-90.02269160774,-9.716313825287,
    306.34454325526));
#11872 = CARTESIAN_POINT('',(-89.32243522014,-10.85699460262,
    306.38619687009));
#11873 = CARTESIAN_POINT('',(-87.49249169333,-13.39233484254,
    306.48377235071));
#11874 = CARTESIAN_POINT('',(-86.29725406575,-14.74084844153,
    306.53972299887));
#11875 = CARTESIAN_POINT('',(-84.96845504868,-15.96648742946,
    306.59566044016));
#11876 = CARTESIAN_POINT('',(-83.52113753529,-17.05411601246,
    306.65158727264));
#11877 = CARTESIAN_POINT('',(-81.97190098568,-17.9908411389,
    306.70751451773));
#11878 = CARTESIAN_POINT('',(-80.33890148904,-18.76609944728,
    306.76345280966));
#11879 = CARTESIAN_POINT('',(-78.64175726471,-19.37160491055,
    306.8194048417));
#11880 = CARTESIAN_POINT('',(-74.81743137238,-20.3183184874,
    306.94235589242));
#11881 = CARTESIAN_POINT('',(-72.66894323846,-20.58400341656,
    307.00943426815));
#11882 = CARTESIAN_POINT('',(-70.49441690281,-20.58917418992,
    307.07648018417));
#11883 = CARTESIAN_POINT('',(-68.33061714484,-20.33219917561,
    307.14350300175));
#11884 = CARTESIAN_POINT('',(-66.21349929753,-19.8165891779,
    307.21052124193));
#11885 = CARTESIAN_POINT('',(-64.17797610026,-19.05162410695,
    307.27756107867));
#11886 = CARTESIAN_POINT('',(-62.2579169445,-18.05169984044,
    307.3446352361));
#11887 = CARTESIAN_POINT('',(-59.76381000198,-16.34623294103,
    307.43892614032));
#11888 = CARTESIAN_POINT('',(-59.06655255418,-15.81762024113,
    307.46619940143));
#11889 = CARTESIAN_POINT('',(-58.39547186205,-15.25506752254,
    307.49347250179));
#11890 = CARTESIAN_POINT('',(-57.7525016489,-14.66010821213,
    307.52074474213));
#11891 = CARTESIAN_POINT('',(-57.13944920538,-14.03439124603,
    307.54801607725));
#11892 = CARTESIAN_POINT('',(-56.55800094076,-13.37967452238,
    307.5752868002));
#11893 = CARTESIAN_POINT('',(-56.00972248114,-12.69782410049,
    307.60255750468));
#11894 = CARTESIAN_POINT('',(-55.49605331475,-11.99081914676,
    307.62982932584));
#11895 = PCURVE('',#10073,#11896);
#11896 = DEFINITIONAL_REPRESENTATION('',(#11897),#11970);
#11897 = B_SPLINE_CURVE_WITH_KNOTS('',8,(#11898,#11899,#11900,#11901,
    #11902,#11903,#11904,#11905,#11906,#11907,#11908,#11909,#11910,
    #11911,#11912,#11913,#11914,#11915,#11916,#11917,#11918,#11919,
    #11920,#11921,#11922,#11923,#11924,#11925,#11926,#11927,#11928,
    #11929,#11930,#11931,#11932,#11933,#11934,#11935,#11936,#11937,
    #11938,#11939,#11940,#11941,#11942,#11943,#11944,#11945,#11946,
    #11947,#11948,#11949,#11950,#11951,#11952,#11953,#11954,#11955,
    #11956,#11957,#11958,#11959,#11960,#11961,#11962,#11963,#11964,
    #11965,#11966,#11967,#11968,#11969),.UNSPECIFIED.,.F.,.F.,(9,7,7,7,7
    ,7,7,7,7,7,9),(0.,8.89984124952E-02,0.192536953117,0.266816799795,
    0.345359219909,0.466587041745,0.573580789618,0.666143331204,
    0.790444442386,0.939390876881,1.),.UNSPECIFIED.);
#11898 = CARTESIAN_POINT('',(1.270181156821,29.793534194451));
#11899 = CARTESIAN_POINT('',(1.270178875785,29.868100535634));
#11900 = CARTESIAN_POINT('',(1.270175392602,29.942675350828));
#11901 = CARTESIAN_POINT('',(1.270171055335,30.017246720884));
#11902 = CARTESIAN_POINT('',(1.270166580606,30.09181363206));
#11903 = CARTESIAN_POINT('',(1.270162751809,30.166380526386));
#11904 = CARTESIAN_POINT('',(1.270160184016,30.240951864328));
#11905 = CARTESIAN_POINT('',(1.270159155572,30.315526699732));
#11906 = CARTESIAN_POINT('',(1.270159914522,30.47684215778));
#11907 = CARTESIAN_POINT('',(1.270162200297,30.563610192247));
#11908 = CARTESIAN_POINT('',(1.270166148845,30.650370140147));
#11909 = CARTESIAN_POINT('',(1.270170933243,30.737122025015));
#11910 = CARTESIAN_POINT('',(1.270175048289,30.823873762307));
#11911 = CARTESIAN_POINT('',(1.270177285481,30.910633572322));
#11912 = CARTESIAN_POINT('',(1.270177583636,30.997402196846));
#11913 = CARTESIAN_POINT('',(1.27017587639,31.146389024832));
#11914 = CARTESIAN_POINT('',(1.270174507485,31.208628509076));
#11915 = CARTESIAN_POINT('',(1.270172676033,31.270866673983));
#11916 = CARTESIAN_POINT('',(1.27017086871,31.333103163407));
#11917 = CARTESIAN_POINT('',(1.270169598163,31.395339755882));
#11918 = CARTESIAN_POINT('',(1.270169185275,31.457578136882));
#11919 = CARTESIAN_POINT('',(1.270169591235,31.519817679679));
#11920 = CARTESIAN_POINT('',(1.270171048156,31.64786019771));
#11921 = CARTESIAN_POINT('',(1.270172398796,31.713670956051));
#11922 = CARTESIAN_POINT('',(1.270171388495,31.779480888323));
#11923 = CARTESIAN_POINT('',(1.270177865446,31.845284196427));
#11924 = CARTESIAN_POINT('',(1.270162567808,31.911092506963));
#11925 = CARTESIAN_POINT('',(1.270172732941,31.97690078192));
#11926 = CARTESIAN_POINT('',(1.270171965077,32.042711185591));
#11927 = CARTESIAN_POINT('',(1.27017186197,32.210087999113));
#11928 = CARTESIAN_POINT('',(1.270169808213,32.311695416014));
#11929 = CARTESIAN_POINT('',(1.270166608003,32.41328316297));
#11930 = CARTESIAN_POINT('',(1.270169279368,32.514854931981));
#11931 = CARTESIAN_POINT('',(1.270173629191,32.616427103078));
#11932 = CARTESIAN_POINT('',(1.270176983606,32.718016159046));
#11933 = CARTESIAN_POINT('',(1.270177889421,32.81962544338));
#11934 = CARTESIAN_POINT('',(1.270175458288,33.010837985282));
#11935 = CARTESIAN_POINT('',(1.270172606269,33.100502118367));
#11936 = CARTESIAN_POINT('',(1.27016815676,33.190155911218));
#11937 = CARTESIAN_POINT('',(1.270163214771,33.279800207867));
#11938 = CARTESIAN_POINT('',(1.270159440173,33.369444520614));
#11939 = CARTESIAN_POINT('',(1.270157998308,33.459098343425));
#11940 = CARTESIAN_POINT('',(1.270158870845,33.548762510431));
#11941 = CARTESIAN_POINT('',(1.270163776635,33.71595853173));
#11942 = CARTESIAN_POINT('',(1.27016735662,33.793520930283));
#11943 = CARTESIAN_POINT('',(1.270171903829,33.87107892056));
#11944 = CARTESIAN_POINT('',(1.270176611603,33.948631382887));
#11945 = CARTESIAN_POINT('',(1.270180584707,34.026183806155));
#11946 = CARTESIAN_POINT('',(1.270183125089,34.103741697066));
#11947 = CARTESIAN_POINT('',(1.270183922548,34.181303979544));
#11948 = CARTESIAN_POINT('',(1.270182113352,34.363000565333));
#11949 = CARTESIAN_POINT('',(1.270178229954,34.467189652896));
#11950 = CARTESIAN_POINT('',(1.270171847776,34.571356474488));
#11951 = CARTESIAN_POINT('',(1.270164552056,34.675504392008));
#11952 = CARTESIAN_POINT('',(1.270159184505,34.779651282621));
#11953 = CARTESIAN_POINT('',(1.270157457262,34.883815354205));
#11954 = CARTESIAN_POINT('',(1.270158889115,34.988002069945));
#11955 = CARTESIAN_POINT('',(1.27016601907,35.216942077725));
#11956 = CARTESIAN_POINT('',(1.270172540339,35.341842373792));
#11957 = CARTESIAN_POINT('',(1.270179125943,35.466682166883));
#11958 = CARTESIAN_POINT('',(1.270182419134,35.591482013861));
#11959 = CARTESIAN_POINT('',(1.270176569768,35.716281849439));
#11960 = CARTESIAN_POINT('',(1.270170495013,35.841122109735));
#11961 = CARTESIAN_POINT('',(1.270169070468,35.966021948869));
#11962 = CARTESIAN_POINT('',(1.270170123539,36.141599673542));
#11963 = CARTESIAN_POINT('',(1.270170803817,36.192384467561));
#11964 = CARTESIAN_POINT('',(1.270171666881,36.243168792063));
#11965 = CARTESIAN_POINT('',(1.270172472363,36.293951568744));
#11966 = CARTESIAN_POINT('',(1.270172737442,36.344733162973));
#11967 = CARTESIAN_POINT('',(1.270171995345,36.395514554991));
#11968 = CARTESIAN_POINT('',(1.270170507362,36.446296607079));
#11969 = CARTESIAN_POINT('',(1.270170428346,36.497079426724));
#11970 = ( GEOMETRIC_REPRESENTATION_CONTEXT(2) 
PARAMETRIC_REPRESENTATION_CONTEXT() REPRESENTATION_CONTEXT('2D SPACE',''
  ) );
#11971 = PCURVE('',#11452,#11972);
#11972 = DEFINITIONAL_REPRESENTATION('',(#11973),#12046);
#11973 = B_SPLINE_CURVE_WITH_KNOTS('',8,(#11974,#11975,#11976,#11977,
    #11978,#11979,#11980,#11981,#11982,#11983,#11984,#11985,#11986,
    #11987,#11988,#11989,#11990,#11991,#11992,#11993,#11994,#11995,
    #11996,#11997,#11998,#11999,#12000,#12001,#12002,#12003,#12004,
    #12005,#12006,#12007,#12008,#12009,#12010,#12011,#12012,#12013,
    #12014,#12015,#12016,#12017,#12018,#12019,#12020,#12021,#12022,
    #12023,#12024,#12025,#12026,#12027,#12028,#12029,#12030,#12031,
    #12032,#12033,#12034,#12035,#12036,#12037,#12038,#12039,#12040,
    #12041,#12042,#12043,#12044,#12045),.UNSPECIFIED.,.F.,.F.,(9,7,7,7,7
    ,7,7,7,7,7,9),(0.,8.89984124952E-02,0.192536953117,0.266816799795,
    0.345359219909,0.466587041745,0.573580789618,0.666143331204,
    0.790444442386,0.939390876881,1.),.UNSPECIFIED.);
#11974 = CARTESIAN_POINT('',(0.,-17.72983467319));
#11975 = CARTESIAN_POINT('',(-6.290145629288E-02,-17.76987784061));
#11976 = CARTESIAN_POINT('',(-0.125810044794,-17.80992495774));
#11977 = CARTESIAN_POINT('',(-0.188715701703,-17.84996979769));
#11978 = CARTESIAN_POINT('',(-0.251617569369,-17.89001217436));
#11979 = CARTESIAN_POINT('',(-0.314519404683,-17.93005486495));
#11980 = CARTESIAN_POINT('',(-0.377424991193,-17.97010057239));
#11981 = CARTESIAN_POINT('',(-0.440333554939,-18.01014892774));
#11982 = CARTESIAN_POINT('',(-0.576413375559,-18.09678043024));
#11983 = CARTESIAN_POINT('',(-0.649607770578,-18.14337854752));
#11984 = CARTESIAN_POINT('',(-0.722795419079,-18.18997315347));
#11985 = CARTESIAN_POINT('',(-0.795976349753,-18.23656384726));
#11986 = CARTESIAN_POINT('',(-0.869157204337,-18.28315412712));
#11987 = CARTESIAN_POINT('',(-0.942344840301,-18.32974780334));
#11988 = CARTESIAN_POINT('',(-1.015539800586,-18.37634524369));
#11989 = CARTESIAN_POINT('',(-1.141219617766,-18.45635467786));
#11990 = CARTESIAN_POINT('',(-1.193722491182,-18.48977841833));
#11991 = CARTESIAN_POINT('',(-1.246224174365,-18.523201219));
#11992 = CARTESIAN_POINT('',(-1.298724367807,-18.55662313195));
#11993 = CARTESIAN_POINT('',(-1.351224600257,-18.59004536864));
#11994 = CARTESIAN_POINT('',(-1.403726350319,-18.62346899464));
#11995 = CARTESIAN_POINT('',(-1.456229156828,-18.65689365399));
#11996 = CARTESIAN_POINT('',(-1.564240983783,-18.72565696271));
#11997 = CARTESIAN_POINT('',(-1.61975683087,-18.76099994168));
#11998 = CARTESIAN_POINT('',(-1.675270754373,-18.79634129656));
#11999 = CARTESIAN_POINT('',(-1.730782721946,-18.83168283769));
#12000 = CARTESIAN_POINT('',(-1.786294657345,-18.86701617798));
#12001 = CARTESIAN_POINT('',(-1.841808459876,-18.90236223055));
#12002 = CARTESIAN_POINT('',(-1.897324185731,-18.9377039598));
#12003 = CARTESIAN_POINT('',(-2.038517809893,-19.02759015659));
#12004 = CARTESIAN_POINT('',(-2.124230268589,-19.08215528685));
#12005 = CARTESIAN_POINT('',(-2.209925487456,-19.13670928055));
#12006 = CARTESIAN_POINT('',(-2.295607074396,-19.19125762942));
#12007 = CARTESIAN_POINT('',(-2.381289220653,-19.24580703344));
#12008 = CARTESIAN_POINT('',(-2.466985875347,-19.30036500744));
#12009 = CARTESIAN_POINT('',(-2.55269980275,-19.35493262035));
#12010 = CARTESIAN_POINT('',(-2.714000018106,-19.45761813699));
#12011 = CARTESIAN_POINT('',(-2.789637633682,-19.50576897511));
#12012 = CARTESIAN_POINT('',(-2.865266551146,-19.55391346147));
#12013 = CARTESIAN_POINT('',(-2.940887396113,-19.60205260186));
#12014 = CARTESIAN_POINT('',(-3.016508154195,-19.65019233459));
#12015 = CARTESIAN_POINT('',(-3.09213684782,-19.69833834086));
#12016 = CARTESIAN_POINT('',(-3.16777421782,-19.74649105948));
#12017 = CARTESIAN_POINT('',(-3.308814555128,-19.83628267));
#12018 = CARTESIAN_POINT('',(-3.374243292909,-19.87793773843));
#12019 = CARTESIAN_POINT('',(-3.43966832021,-19.9195909231));
#12020 = CARTESIAN_POINT('',(-3.505088711936,-19.96124121939));
#12021 = CARTESIAN_POINT('',(-3.570509104876,-20.00289112736));
#12022 = CARTESIAN_POINT('',(-3.635934135532,-20.04454325526));
#12023 = CARTESIAN_POINT('',(-3.701362878059,-20.08619687009));
#12024 = CARTESIAN_POINT('',(-3.854635547371,-20.18377235071));
#12025 = CARTESIAN_POINT('',(-3.942525683182,-20.23972299887));
#12026 = CARTESIAN_POINT('',(-4.03039699157,-20.29566044016));
#12027 = CARTESIAN_POINT('',(-4.118252282511,-20.35158727265));
#12028 = CARTESIAN_POINT('',(-4.206106655805,-20.40751451773));
#12029 = CARTESIAN_POINT('',(-4.293975566202,-20.46345280966));
#12030 = CARTESIAN_POINT('',(-4.381863679028,-20.5194048417));
#12031 = CARTESIAN_POINT('',(-4.574989332651,-20.64235589242));
#12032 = CARTESIAN_POINT('',(-4.680350923349,-20.70943426815));
#12033 = CARTESIAN_POINT('',(-4.785661611211,-20.77648018417));
#12034 = CARTESIAN_POINT('',(-4.890938605017,-20.84350300175));
#12035 = CARTESIAN_POINT('',(-4.996215283591,-20.91052124193));
#12036 = CARTESIAN_POINT('',(-5.101525355717,-20.97756107867));
#12037 = CARTESIAN_POINT('',(-5.206885627697,-21.0446352361));
#12038 = CARTESIAN_POINT('',(-5.354996138267,-21.13892614032));
#12039 = CARTESIAN_POINT('',(-5.397836265571,-21.16619940143));
#12040 = CARTESIAN_POINT('',(-5.440676083367,-21.19347250179));
#12041 = CARTESIAN_POINT('',(-5.483514704526,-21.22074474213));
#12042 = CARTESIAN_POINT('',(-5.526352440707,-21.24801607725));
#12043 = CARTESIAN_POINT('',(-5.569190080302,-21.2752868002));
#12044 = CARTESIAN_POINT('',(-5.612028238068,-21.30255750468));
#12045 = CARTESIAN_POINT('',(-5.654866776462,-21.32982932584));
#12046 = ( GEOMETRIC_REPRESENTATION_CONTEXT(2) 
PARAMETRIC_REPRESENTATION_CONTEXT() REPRESENTATION_CONTEXT('2D SPACE',''
  ) );
#12047 = ORIENTED_EDGE('',*,*,#12048,.F.);
#12048 = EDGE_CURVE('',#12049,#11819,#12051,.T.);
#12049 = VERTEX_POINT('',#12050);
#12050 = CARTESIAN_POINT('',(-51.6,0.,300.0298293014));
#12051 = SURFACE_CURVE('',#12052,(#12132,#12215),.PCURVE_S1.);
#12052 = B_SPLINE_CURVE_WITH_KNOTS('',8,(#12053,#12054,#12055,#12056,
    #12057,#12058,#12059,#12060,#12061,#12062,#12063,#12064,#12065,
    #12066,#12067,#12068,#12069,#12070,#12071,#12072,#12073,#12074,
    #12075,#12076,#12077,#12078,#12079,#12080,#12081,#12082,#12083,
    #12084,#12085,#12086,#12087,#12088,#12089,#12090,#12091,#12092,
    #12093,#12094,#12095,#12096,#12097,#12098,#12099,#12100,#12101,
    #12102,#12103,#12104,#12105,#12106,#12107,#12108,#12109,#12110,
    #12111,#12112,#12113,#12114,#12115,#12116,#12117,#12118,#12119,
    #12120,#12121,#12122,#12123,#12124,#12125,#12126,#12127,#12128,
    #12129,#12130,#12131),.UNSPECIFIED.,.F.,.F.,(9,7,7,7,7,7,7,7,7,7,7,9
    ),(0.,5.732944663158E-02,0.128489850088,0.27895063586,0.389651022838
    ,0.484519064696,0.620098269258,0.67975354675,0.743225575153,
    0.818961727452,0.908627186989,1.),.UNSPECIFIED.);
#12053 = CARTESIAN_POINT('',(-51.6,7.105427357601E-15,300.0298293014));
#12054 = CARTESIAN_POINT('',(-51.6,0.918369800341,300.05848879278));
#12055 = CARTESIAN_POINT('',(-51.64724949903,1.836784179392,
    300.08714989626));
#12056 = CARTESIAN_POINT('',(-51.74175637141,2.752356569808,
    300.11581100206));
#12057 = CARTESIAN_POINT('',(-51.88331021648,3.66224120169,
    300.14447170177));
#12058 = CARTESIAN_POINT('',(-52.07149956211,4.563631106772,
    300.17313206447));
#12059 = CARTESIAN_POINT('',(-52.30571861563,5.453757884903,
    300.20179218161));
#12060 = CARTESIAN_POINT('',(-52.58516356238,6.32989323285,
    300.23045198045));
#12061 = CARTESIAN_POINT('',(-53.31055627973,8.256159137794,
    300.29468480816));
#12062 = CARTESIAN_POINT('',(-53.78044970829,9.297381157394,
    300.33026161223));
#12063 = CARTESIAN_POINT('',(-54.31656273414,10.307829270565,
    300.36583874904));
#12064 = CARTESIAN_POINT('',(-54.91650668056,11.282604148139,
    300.40141010673));
#12065 = CARTESIAN_POINT('',(-55.57749551923,12.217064356373,
    300.43698479331));
#12066 = CARTESIAN_POINT('',(-56.29635465155,13.106824632973,
    300.47255902298));
#12067 = CARTESIAN_POINT('',(-57.06951484886,13.947762827423,
    300.50813567856));
#12068 = CARTESIAN_POINT('',(-59.63404609737,16.402825055584,
    300.61892844611));
#12069 = CARTESIAN_POINT('',(-61.60255614176,17.836749776237,
    300.69425017488));
#12070 = CARTESIAN_POINT('',(-63.7587105569,18.997638040145,
    300.76951292629));
#12071 = CARTESIAN_POINT('',(-66.05753068193,19.859086350506,
    300.84473698021));
#12072 = CARTESIAN_POINT('',(-68.45168956315,20.401926176101,
    300.91995572733));
#12073 = CARTESIAN_POINT('',(-70.89110854872,20.616180679309,
    300.99521003726));
#12074 = CARTESIAN_POINT('',(-73.32370446522,20.499202373473,
    301.07052764121));
#12075 = CARTESIAN_POINT('',(-77.43817816729,19.741605669874,
    301.20108722201));
#12076 = CARTESIAN_POINT('',(-79.15103229095,19.247078726848,
    301.25645284295));
#12077 = CARTESIAN_POINT('',(-80.81148922755,18.582800556829,
    301.31180824172));
#12078 = CARTESIAN_POINT('',(-82.40004636555,17.75561177362,
    301.36715432357));
#12079 = CARTESIAN_POINT('',(-83.89850037689,16.774629429067,
    301.42249896753));
#12080 = CARTESIAN_POINT('',(-85.29001370824,15.651279609029,
    301.47785082589));
#12081 = CARTESIAN_POINT('',(-86.55911065502,14.399206286116,
    301.53321267429));
#12082 = CARTESIAN_POINT('',(-88.66332709144,11.866050382932,
    301.63597720507));
#12083 = CARTESIAN_POINT('',(-89.53508905692,10.614083181665,
    301.68341190593));
#12084 = CARTESIAN_POINT('',(-90.29893023044,9.289388744655,
    301.73084108522));
#12085 = CARTESIAN_POINT('',(-90.94789974085,7.902924155515,
    301.77826557708));
#12086 = CARTESIAN_POINT('',(-91.47642970861,6.466233096736,
    301.82569073083));
#12087 = CARTESIAN_POINT('',(-91.88024145368,4.991393265724,
    301.8731216516));
#12088 = CARTESIAN_POINT('',(-92.15644319461,3.491044803364,
    301.92055861967));
#12089 = CARTESIAN_POINT('',(-92.51447338607,-0.183194791491,
    302.03576616715));
#12090 = CARTESIAN_POINT('',(-92.46227910595,-2.37242378056,
    302.10360810608));
#12091 = CARTESIAN_POINT('',(-92.14249890375,-4.54890228997,
    302.17141565622));
#12092 = CARTESIAN_POINT('',(-91.55909771663,-6.674762575585,
    302.23919920428));
#12093 = CARTESIAN_POINT('',(-90.72119133112,-8.713770446298,
    302.30697813776));
#12094 = CARTESIAN_POINT('',(-89.64371445071,-10.63167781458,
    302.37477978272));
#12095 = CARTESIAN_POINT('',(-88.34668589949,-12.39608850123,
    302.44261813836));
#12096 = CARTESIAN_POINT('',(-86.20370421352,-14.67406010443,
    302.5402197445));
#12097 = CARTESIAN_POINT('',(-85.51161032669,-15.33508150871,
    302.57004411204));
#12098 = CARTESIAN_POINT('',(-84.7844445381,-15.95870529042,
    302.59986750949));
#12099 = CARTESIAN_POINT('',(-84.02457928371,-16.54277009738,
    302.62969134365));
#12100 = CARTESIAN_POINT('',(-83.23452748633,-17.08530629685,
    302.65951423741));
#12101 = CARTESIAN_POINT('',(-82.41693849893,-17.5845309206,
    302.68933583476));
#12102 = CARTESIAN_POINT('',(-81.57460179087,-18.03885374751,
    302.71915947512));
#12103 = CARTESIAN_POINT('',(-79.79102412228,-18.88104298806,
    302.78071284981));
#12104 = CARTESIAN_POINT('',(-78.84680866655,-19.26284244366,
    302.81244556984));
#12105 = CARTESIAN_POINT('',(-77.88135120053,-19.59060914315,
    302.8441772253));
#12106 = CARTESIAN_POINT('',(-76.89827464975,-19.86298353574,
    302.87590779138));
#12107 = CARTESIAN_POINT('',(-75.9012754734,-20.07890219755,
    302.90763845901));
#12108 = CARTESIAN_POINT('',(-74.89411978694,-20.23758822282,
    302.9393702138));
#12109 = CARTESIAN_POINT('',(-73.88064442523,-20.3385606554,
    302.97110282224));
#12110 = CARTESIAN_POINT('',(-71.65259191086,-20.43309353335,
    303.04069679902));
#12111 = CARTESIAN_POINT('',(-70.4367990124,-20.40213819811,
    303.07856369351));
#12112 = CARTESIAN_POINT('',(-69.22408969205,-20.28848355861,
    303.1164296135));
#12113 = CARTESIAN_POINT('',(-68.02104028759,-20.09250625369,
    303.15429349426));
#12114 = CARTESIAN_POINT('',(-66.83410820023,-19.81518850932,
    303.19215661987));
#12115 = CARTESIAN_POINT('',(-65.6696320063,-19.45808754234,
    303.23002060604));
#12116 = CARTESIAN_POINT('',(-64.53382151424,-19.02335881606,
    303.26788524723));
#12117 = CARTESIAN_POINT('',(-62.12914394476,-17.91059609642,
    303.35057055802));
#12118 = CARTESIAN_POINT('',(-60.87385420676,-17.20234669263,
    303.39540232263));
#12119 = CARTESIAN_POINT('',(-59.67709265054,-16.39373874641,
    303.44023056264));
#12120 = CARTESIAN_POINT('',(-58.54817408603,-15.49052516287,
    303.48505471514));
#12121 = CARTESIAN_POINT('',(-57.49563361878,-14.49937620744,
    303.52987930747));
#12122 = CARTESIAN_POINT('',(-56.52726219914,-13.42780920416,
    303.5747087683));
#12123 = CARTESIAN_POINT('',(-55.65004813665,-12.28422966703,
    303.61954235586));
#12124 = CARTESIAN_POINT('',(-54.07514830364,-9.848971389656,
    303.71004961584));
#12125 = CARTESIAN_POINT('',(-53.38091539034,-8.554448520071,
    303.75573903691));
#12126 = CARTESIAN_POINT('',(-52.79384556797,-7.204462226288,
    303.80142514472));
#12127 = CARTESIAN_POINT('',(-52.31898927958,-5.809427375616,
    303.84710642347));
#12128 = CARTESIAN_POINT('',(-51.96016397812,-4.380141093476,
    303.89278694467));
#12129 = CARTESIAN_POINT('',(-51.72002914036,-2.927744254304,
    303.93847099767));
#12130 = CARTESIAN_POINT('',(-51.6,-1.463730102014,303.98415756938));
#12131 = CARTESIAN_POINT('',(-51.6,-3.552713678801E-15,304.02983467319)
  );
#12132 = PCURVE('',#10073,#12133);
#12133 = DEFINITIONAL_REPRESENTATION('',(#12134),#12214);
#12134 = B_SPLINE_CURVE_WITH_KNOTS('',8,(#12135,#12136,#12137,#12138,
    #12139,#12140,#12141,#12142,#12143,#12144,#12145,#12146,#12147,
    #12148,#12149,#12150,#12151,#12152,#12153,#12154,#12155,#12156,
    #12157,#12158,#12159,#12160,#12161,#12162,#12163,#12164,#12165,
    #12166,#12167,#12168,#12169,#12170,#12171,#12172,#12173,#12174,
    #12175,#12176,#12177,#12178,#12179,#12180,#12181,#12182,#12183,
    #12184,#12185,#12186,#12187,#12188,#12189,#12190,#12191,#12192,
    #12193,#12194,#12195,#12196,#12197,#12198,#12199,#12200,#12201,
    #12202,#12203,#12204,#12205,#12206,#12207,#12208,#12209,#12210,
    #12211,#12212,#12213),.UNSPECIFIED.,.F.,.F.,(9,7,7,7,7,7,7,7,7,7,7,9
    ),(0.,5.732944663158E-02,0.128489850088,0.27895063586,0.389651022838
    ,0.484519064696,0.620098269258,0.67975354675,0.743225575153,
    0.818961727452,0.908627186989,1.),.UNSPECIFIED.);
#12135 = CARTESIAN_POINT('',(1.27016970266,22.345151299555));
#12136 = CARTESIAN_POINT('',(1.270169581257,22.398518133664));
#12137 = CARTESIAN_POINT('',(1.270169961099,22.451887502979));
#12138 = CARTESIAN_POINT('',(1.270170755381,22.505256490761));
#12139 = CARTESIAN_POINT('',(1.270171826788,22.558624464334));
#12140 = CARTESIAN_POINT('',(1.27017267438,22.611992018758));
#12141 = CARTESIAN_POINT('',(1.270172619866,22.665359955825));
#12142 = CARTESIAN_POINT('',(1.270171493249,22.718728298359));
#12143 = CARTESIAN_POINT('',(1.270169979509,22.838337392151));
#12144 = CARTESIAN_POINT('',(1.270170167648,22.904584637591));
#12145 = CARTESIAN_POINT('',(1.270176131,22.970827125611));
#12146 = CARTESIAN_POINT('',(1.270169834028,23.037070267331));
#12147 = CARTESIAN_POINT('',(1.270172028864,23.103311701466));
#12148 = CARTESIAN_POINT('',(1.270169362899,23.169556810443));
#12149 = CARTESIAN_POINT('',(1.27016935833,23.235803958785));
#12150 = CARTESIAN_POINT('',(1.270170728884,23.442109439737));
#12151 = CARTESIAN_POINT('',(1.270174927782,23.582361811863));
#12152 = CARTESIAN_POINT('',(1.27018254792,23.722501177166));
#12153 = CARTESIAN_POINT('',(1.270181949655,23.862576135738));
#12154 = CARTESIAN_POINT('',(1.2701704662,24.002651347188));
#12155 = CARTESIAN_POINT('',(1.270161806953,24.142790150519));
#12156 = CARTESIAN_POINT('',(1.270158233197,24.283042078549));
#12157 = CARTESIAN_POINT('',(1.270160737372,24.526154205743));
#12158 = CARTESIAN_POINT('',(1.270164484461,24.62924681216));
#12159 = CARTESIAN_POINT('',(1.270170707047,24.732318079132));
#12160 = CARTESIAN_POINT('',(1.270177924375,24.835371070947));
#12161 = CARTESIAN_POINT('',(1.270183371045,24.938423033834));
#12162 = CARTESIAN_POINT('',(1.270185375996,25.041491635035));
#12163 = CARTESIAN_POINT('',(1.270184097796,25.144581895422));
#12164 = CARTESIAN_POINT('',(1.27017766857,25.335945291659));
#12165 = CARTESIAN_POINT('',(1.270173097958,25.42427750858));
#12166 = CARTESIAN_POINT('',(1.270167609541,25.512600298338));
#12167 = CARTESIAN_POINT('',(1.270162440418,25.600914062374));
#12168 = CARTESIAN_POINT('',(1.270158977424,25.689227470445));
#12169 = CARTESIAN_POINT('',(1.270157982666,25.777549319189));
#12170 = CARTESIAN_POINT('',(1.270159153019,25.865880412759));
#12171 = CARTESIAN_POINT('',(1.270165389511,26.080402106841));
#12172 = CARTESIAN_POINT('',(1.270171945553,26.206724198444));
#12173 = CARTESIAN_POINT('',(1.27017886125,26.332981919973));
#12174 = CARTESIAN_POINT('',(1.270182675904,26.459197834547));
#12175 = CARTESIAN_POINT('',(1.27017690693,26.585414079134));
#12176 = CARTESIAN_POINT('',(1.270170614476,26.711673102061));
#12177 = CARTESIAN_POINT('',(1.270169082618,26.837996051467));
#12178 = CARTESIAN_POINT('',(1.270170127212,27.019738628458));
#12179 = CARTESIAN_POINT('',(1.270171110341,27.075273545317));
#12180 = CARTESIAN_POINT('',(1.270171385107,27.130807315274));
#12181 = CARTESIAN_POINT('',(1.270173066048,27.186340589232));
#12182 = CARTESIAN_POINT('',(1.270173317706,27.2418734428));
#12183 = CARTESIAN_POINT('',(1.270170683001,27.297406569671));
#12184 = CARTESIAN_POINT('',(1.270170123093,27.352941569086));
#12185 = CARTESIAN_POINT('',(1.270171344782,27.4675587176));
#12186 = CARTESIAN_POINT('',(1.270172664755,27.526646856155));
#12187 = CARTESIAN_POINT('',(1.27017253095,27.585734365923));
#12188 = CARTESIAN_POINT('',(1.270171334442,27.644820836591));
#12189 = CARTESIAN_POINT('',(1.270170104342,27.703907527623));
#12190 = CARTESIAN_POINT('',(1.270169457064,27.762995700417));
#12191 = CARTESIAN_POINT('',(1.270169391863,27.822084920861));
#12192 = CARTESIAN_POINT('',(1.270170577963,27.951674474605));
#12193 = CARTESIAN_POINT('',(1.270172043566,28.022184898616));
#12194 = CARTESIAN_POINT('',(1.270174230269,28.092692836642));
#12195 = CARTESIAN_POINT('',(1.270176386674,28.163197005635));
#12196 = CARTESIAN_POINT('',(1.270177740566,28.233700515652));
#12197 = CARTESIAN_POINT('',(1.270177866848,28.30420677106));
#12198 = CARTESIAN_POINT('',(1.270176792049,28.374715364469));
#12199 = CARTESIAN_POINT('',(1.270172518865,28.52868732032));
#12200 = CARTESIAN_POINT('',(1.270168976865,28.612171662663));
#12201 = CARTESIAN_POINT('',(1.270164649422,28.695650173167));
#12202 = CARTESIAN_POINT('',(1.270160728463,28.779120693864));
#12203 = CARTESIAN_POINT('',(1.270158334865,28.862590611531));
#12204 = CARTESIAN_POINT('',(1.270158035664,28.946067644821));
#12205 = CARTESIAN_POINT('',(1.270159701409,29.029550533021));
#12206 = CARTESIAN_POINT('',(1.270165763112,29.198078086041));
#12207 = CARTESIAN_POINT('',(1.270170205143,29.283152033434));
#12208 = CARTESIAN_POINT('',(1.270175465974,29.368219048906));
#12209 = CARTESIAN_POINT('',(1.270180336552,29.453277435526));
#12210 = CARTESIAN_POINT('',(1.270183665426,29.538335846919));
#12211 = CARTESIAN_POINT('',(1.270184798946,29.623402878852));
#12212 = CARTESIAN_POINT('',(1.270183758791,29.708476624652));
#12213 = CARTESIAN_POINT('',(1.270181156821,29.793534194451));
#12214 = ( GEOMETRIC_REPRESENTATION_CONTEXT(2) 
PARAMETRIC_REPRESENTATION_CONTEXT() REPRESENTATION_CONTEXT('2D SPACE',''
  ) );
#12215 = PCURVE('',#11196,#12216);
#12216 = DEFINITIONAL_REPRESENTATION('',(#12217),#12297);
#12217 = B_SPLINE_CURVE_WITH_KNOTS('',8,(#12218,#12219,#12220,#12221,
    #12222,#12223,#12224,#12225,#12226,#12227,#12228,#12229,#12230,
    #12231,#12232,#12233,#12234,#12235,#12236,#12237,#12238,#12239,
    #12240,#12241,#12242,#12243,#12244,#12245,#12246,#12247,#12248,
    #12249,#12250,#12251,#12252,#12253,#12254,#12255,#12256,#12257,
    #12258,#12259,#12260,#12261,#12262,#12263,#12264,#12265,#12266,
    #12267,#12268,#12269,#12270,#12271,#12272,#12273,#12274,#12275,
    #12276,#12277,#12278,#12279,#12280,#12281,#12282,#12283,#12284,
    #12285,#12286,#12287,#12288,#12289,#12290,#12291,#12292,#12293,
    #12294,#12295,#12296),.UNSPECIFIED.,.F.,.F.,(9,7,7,7,7,7,7,7,7,7,7,9
    ),(0.,5.732944663158E-02,0.128489850088,0.27895063586,0.389651022838
    ,0.484519064696,0.620098269258,0.67975354675,0.743225575153,
    0.818961727452,0.908627186989,1.),.UNSPECIFIED.);
#12218 = CARTESIAN_POINT('',(0.,-13.7298293014));
#12219 = CARTESIAN_POINT('',(-4.501812746768E-02,-13.75848879278));
#12220 = CARTESIAN_POINT('',(-9.003842995951E-02,-13.78714989626));
#12221 = CARTESIAN_POINT('',(-0.13505848158,-13.81581100206));
#12222 = CARTESIAN_POINT('',(-0.180077784001,-13.84447170177));
#12223 = CARTESIAN_POINT('',(-0.225096863954,-13.87313206447));
#12224 = CARTESIAN_POINT('',(-0.27011638751,-13.90179218161));
#12225 = CARTESIAN_POINT('',(-0.315136291158,-13.93045198045));
#12226 = CARTESIAN_POINT('',(-0.41603449361,-13.99468480816));
#12227 = CARTESIAN_POINT('',(-0.471917778377,-14.03026161223));
#12228 = CARTESIAN_POINT('',(-0.527799181768,-14.06583874904));
#12229 = CARTESIAN_POINT('',(-0.583678697039,-14.10141010673));
#12230 = CARTESIAN_POINT('',(-0.63955828161,-14.13698479331));
#12231 = CARTESIAN_POINT('',(-0.695439878973,-14.17255902298));
#12232 = CARTESIAN_POINT('',(-0.751323391047,-14.20813567856));
#12233 = CARTESIAN_POINT('',(-0.925354397776,-14.31892844611));
#12234 = CARTESIAN_POINT('',(-1.043665492893,-14.39425017488));
#12235 = CARTESIAN_POINT('',(-1.161881708547,-14.46951292629));
#12236 = CARTESIAN_POINT('',(-1.280044483292,-14.54473698021));
#12237 = CARTESIAN_POINT('',(-1.398207338318,-14.61995572733));
#12238 = CARTESIAN_POINT('',(-1.516423585484,-14.69521003726));
#12239 = CARTESIAN_POINT('',(-1.63473503263,-14.77052764121));
#12240 = CARTESIAN_POINT('',(-1.839815442132,-14.90108722201));
#12241 = CARTESIAN_POINT('',(-1.926780500809,-14.95645284295));
#12242 = CARTESIAN_POINT('',(-2.013727548722,-15.01180824172));
#12243 = CARTESIAN_POINT('',(-2.100659234776,-15.06715432357));
#12244 = CARTESIAN_POINT('',(-2.187590134871,-15.12249896753));
#12245 = CARTESIAN_POINT('',(-2.27453510352,-15.17785082589));
#12246 = CARTESIAN_POINT('',(-2.361498330962,-15.23321267429));
#12247 = CARTESIAN_POINT('',(-2.522925531172,-15.33597720507));
#12248 = CARTESIAN_POINT('',(-2.597439351414,-15.38341190593));
#12249 = CARTESIAN_POINT('',(-2.671945181833,-15.43084108522));
#12250 = CARTESIAN_POINT('',(-2.746443358725,-15.47826557708));
#12251 = CARTESIAN_POINT('',(-2.820941225306,-15.52569073083));
#12252 = CARTESIAN_POINT('',(-2.895446248435,-15.5731216516));
#12253 = CARTESIAN_POINT('',(-2.969959139913,-15.62055861967));
#12254 = CARTESIAN_POINT('',(-3.150921993422,-15.73576616715));
#12255 = CARTESIAN_POINT('',(-3.257482949932,-15.80360810608));
#12256 = CARTESIAN_POINT('',(-3.363989753542,-15.87141565622));
#12257 = CARTESIAN_POINT('',(-3.470461310971,-15.93919920429));
#12258 = CARTESIAN_POINT('',(-3.576932854307,-16.00697813776));
#12259 = CARTESIAN_POINT('',(-3.683439745956,-16.07477978272));
#12260 = CARTESIAN_POINT('',(-3.790000490248,-16.14261813836));
#12261 = CARTESIAN_POINT('',(-3.94331142095,-16.2402197445));
#12262 = CARTESIAN_POINT('',(-3.990158514806,-16.27004411204));
#12263 = CARTESIAN_POINT('',(-4.037005016197,-16.29986750949));
#12264 = CARTESIAN_POINT('',(-4.083850771533,-16.32969134365));
#12265 = CARTESIAN_POINT('',(-4.130696538405,-16.35951423741));
#12266 = CARTESIAN_POINT('',(-4.177543046272,-16.38933583476));
#12267 = CARTESIAN_POINT('',(-4.224390067601,-16.41915947512));
#12268 = CARTESIAN_POINT('',(-4.321077215145,-16.48071284981));
#12269 = CARTESIAN_POINT('',(-4.370922184742,-16.51244556984));
#12270 = CARTESIAN_POINT('',(-4.420766555089,-16.5441772253));
#12271 = CARTESIAN_POINT('',(-4.470609882083,-16.57590779138));
#12272 = CARTESIAN_POINT('',(-4.520453232444,-16.60763845901));
#12273 = CARTESIAN_POINT('',(-4.570297716501,-16.6393702138));
#12274 = CARTESIAN_POINT('',(-4.620143019877,-16.67110282224));
#12275 = CARTESIAN_POINT('',(-4.729459542217,-16.74069679902));
#12276 = CARTESIAN_POINT('',(-4.788939263973,-16.77856369351));
#12277 = CARTESIAN_POINT('',(-4.848416940397,-16.8164296135));
#12278 = CARTESIAN_POINT('',(-4.907891541597,-16.85429349426));
#12279 = CARTESIAN_POINT('',(-4.967365704702,-16.89215661987));
#12280 = CARTESIAN_POINT('',(-5.026842279361,-16.93002060604));
#12281 = CARTESIAN_POINT('',(-5.086320880827,-16.96788524723));
#12282 = CARTESIAN_POINT('',(-5.216206331899,-17.05057055802));
#12283 = CARTESIAN_POINT('',(-5.286630889136,-17.09540232263));
#12284 = CARTESIAN_POINT('',(-5.357050503939,-17.14023056264));
#12285 = CARTESIAN_POINT('',(-5.42746330967,-17.18505471514));
#12286 = CARTESIAN_POINT('',(-5.497875522442,-17.22987930747));
#12287 = CARTESIAN_POINT('',(-5.568293671718,-17.2747087683));
#12288 = CARTESIAN_POINT('',(-5.638716730511,-17.31954235586));
#12289 = CARTESIAN_POINT('',(-5.780880289866,-17.41004961584));
#12290 = CARTESIAN_POINT('',(-5.852645492179,-17.45573903691));
#12291 = CARTESIAN_POINT('',(-5.924404867872,-17.50142514472));
#12292 = CARTESIAN_POINT('',(-5.996157004872,-17.54710642347));
#12293 = CARTESIAN_POINT('',(-6.067909202112,-17.59278694467));
#12294 = CARTESIAN_POINT('',(-6.139668689872,-17.63847099767));
#12295 = CARTESIAN_POINT('',(-6.211433831591,-17.68415756938));
#12296 = CARTESIAN_POINT('',(-6.28318530718,-17.72983467319));
#12297 = ( GEOMETRIC_REPRESENTATION_CONTEXT(2) 
PARAMETRIC_REPRESENTATION_CONTEXT() REPRESENTATION_CONTEXT('2D SPACE',''
  ) );
#12298 = ORIENTED_EDGE('',*,*,#12299,.F.);
#12299 = EDGE_CURVE('',#12300,#12049,#12302,.T.);
#12300 = VERTEX_POINT('',#12301);
#12301 = CARTESIAN_POINT('',(-51.6,0.,296.02982905028));
#12302 = SURFACE_CURVE('',#12303,(#12376,#12452),.PCURVE_S1.);
#12303 = B_SPLINE_CURVE_WITH_KNOTS('',8,(#12304,#12305,#12306,#12307,
    #12308,#12309,#12310,#12311,#12312,#12313,#12314,#12315,#12316,
    #12317,#12318,#12319,#12320,#12321,#12322,#12323,#12324,#12325,
    #12326,#12327,#12328,#12329,#12330,#12331,#12332,#12333,#12334,
    #12335,#12336,#12337,#12338,#12339,#12340,#12341,#12342,#12343,
    #12344,#12345,#12346,#12347,#12348,#12349,#12350,#12351,#12352,
    #12353,#12354,#12355,#12356,#12357,#12358,#12359,#12360,#12361,
    #12362,#12363,#12364,#12365,#12366,#12367,#12368,#12369,#12370,
    #12371,#12372,#12373,#12374,#12375),.UNSPECIFIED.,.F.,.F.,(9,7,7,7,7
    ,7,7,7,7,7,9),(0.,0.143085296531,0.261641484025,0.395772767713,
    0.460209714219,0.517823523456,0.5943118564,0.663540554986,
    0.764366748682,0.869410106972,1.),.UNSPECIFIED.);
#12304 = CARTESIAN_POINT('',(-51.6,7.105427357601E-15,296.02982905028));
#12305 = CARTESIAN_POINT('',(-51.6,2.292078022146,296.10135461322));
#12306 = CARTESIAN_POINT('',(-51.89432161801,4.586700284661,
    296.17295902858));
#12307 = CARTESIAN_POINT('',(-52.48409759191,6.835718863218,
    296.2445189072));
#12308 = CARTESIAN_POINT('',(-53.35968632774,8.995379125814,
    296.31605485437));
#12309 = CARTESIAN_POINT('',(-54.50555804449,11.024611324999,
    296.38759437753));
#12310 = CARTESIAN_POINT('',(-55.89922466398,12.885702788661,
    296.45916116015));
#12311 = CARTESIAN_POINT('',(-57.51244281544,14.543875634124,
    296.53077199176));
#12312 = CARTESIAN_POINT('',(-60.79352709936,17.151726788803,
    296.66156715258));
#12313 = CARTESIAN_POINT('',(-62.40679458211,18.175864476164,
    296.72086398833));
#12314 = CARTESIAN_POINT('',(-64.12596648623,19.025581206406,
    296.78014259214));
#12315 = CARTESIAN_POINT('',(-65.92877068859,19.688639011286,
    296.83940725442));
#12316 = CARTESIAN_POINT('',(-67.79190038462,20.156010154181,
    296.89867245067));
#12317 = CARTESIAN_POINT('',(-69.69102039964,20.422048328071,
    296.95795218361));
#12318 = CARTESIAN_POINT('',(-71.6008707583,20.484324501144,
    297.01725064569));
#12319 = CARTESIAN_POINT('',(-75.63783161869,20.187693610089,
    297.14357469026));
#12320 = CARTESIAN_POINT('',(-77.76359647814,19.77215326931,
    297.21068806044));
#12321 = CARTESIAN_POINT('',(-79.833066583,19.100641606515,
    297.27776884499));
#12322 = CARTESIAN_POINT('',(-81.81073975189,18.183053212174,
    297.34482655144));
#12323 = CARTESIAN_POINT('',(-83.66348225534,17.033925580469,
    297.41187976282));
#12324 = CARTESIAN_POINT('',(-85.36095218632,15.672966913405,
    297.47895478582));
#12325 = CARTESIAN_POINT('',(-86.87538733189,14.124433901853,
    297.54606422071));
#12326 = CARTESIAN_POINT('',(-88.81197105448,11.600996442119,
    297.6453308364));
#12327 = CARTESIAN_POINT('',(-89.39309561264,10.745725759663,
    297.6775460652));
#12328 = CARTESIAN_POINT('',(-89.92439341692,9.857314052943,
    297.70976028238));
#12329 = CARTESIAN_POINT('',(-90.40367427833,8.939172307341,
    297.74197449927));
#12330 = CARTESIAN_POINT('',(-90.82904216393,7.994850230122,
    297.77418695317));
#12331 = CARTESIAN_POINT('',(-91.19888412128,7.028029747486,
    297.80639824642));
#12332 = CARTESIAN_POINT('',(-91.51187840225,6.042527797531,
    297.83861362207));
#12333 = CARTESIAN_POINT('',(-91.99514820679,4.147997006257,
    297.89962961949));
#12334 = CARTESIAN_POINT('',(-92.17703030484,3.24190606519,
    297.92843152079));
#12335 = CARTESIAN_POINT('',(-92.31195723991,2.326830129366,
    297.95723234616));
#12336 = CARTESIAN_POINT('',(-92.39942821319,1.405593677425,
    297.9860328238));
#12337 = CARTESIAN_POINT('',(-92.43914166517,0.481047919062,
    298.01483397507));
#12338 = CARTESIAN_POINT('',(-92.4309954282,-0.443929882844,
    298.04363633022));
#12339 = CARTESIAN_POINT('',(-92.37509773294,-1.366436587485,
    298.07243929553));
#12340 = CARTESIAN_POINT('',(-92.13463605675,-3.501096938429,
    298.13947749917));
#12341 = CARTESIAN_POINT('',(-91.91389243871,-4.709373592815,
    298.17771901788));
#12342 = CARTESIAN_POINT('',(-91.61030088311,-5.901493832651,
    298.21595963245));
#12343 = CARTESIAN_POINT('',(-91.22529473568,-7.07082235252,
    298.25419814166));
#12344 = CARTESIAN_POINT('',(-90.760911071,-8.210944647672,
    298.29243581281));
#12345 = CARTESIAN_POINT('',(-90.21975837732,-9.315662726434,
    298.33067428662));
#12346 = CARTESIAN_POINT('',(-89.60503887487,-10.37900940819,
    298.36891331305));
#12347 = CARTESIAN_POINT('',(-88.30117087028,-12.31509696619,
    298.44175437493));
#12348 = CARTESIAN_POINT('',(-87.6245337749,-13.19648395209,
    298.4763621293));
#12349 = CARTESIAN_POINT('',(-86.89354784519,-14.03520928008,
    298.51096869505));
#12350 = CARTESIAN_POINT('',(-86.1113800963,-14.82738144373,
    298.54557410344));
#12351 = CARTESIAN_POINT('',(-85.28149566748,-15.56941715209,
    298.58017979411));
#12352 = CARTESIAN_POINT('',(-84.40764501062,-16.25803171488,
    298.61478712786));
#12353 = CARTESIAN_POINT('',(-83.49387349487,-16.89025297572,
    298.64939592084));
#12354 = CARTESIAN_POINT('',(-81.1619428771,-18.29828830702,
    298.7344055092));
#12355 = CARTESIAN_POINT('',(-79.70338240336,-19.00826596266,
    298.78482421956));
#12356 = CARTESIAN_POINT('',(-78.18260389331,-19.5849223214,
    298.83523711604));
#12357 = CARTESIAN_POINT('',(-76.61393372844,-20.02212705431,
    298.88564447198));
#12358 = CARTESIAN_POINT('',(-75.01212612719,-20.31553278793,
    298.93605150548));
#12359 = CARTESIAN_POINT('',(-73.39234980514,-20.46259128315,
    298.98646363961));
#12360 = CARTESIAN_POINT('',(-71.77016701886,-20.46254580578,
    299.03688146137));
#12361 = CARTESIAN_POINT('',(-68.4857962628,-20.1653602761,
    299.13979370173));
#12362 = CARTESIAN_POINT('',(-66.82369290412,-19.8556962691,
    299.1923205951));
#12363 = CARTESIAN_POINT('',(-65.19355366901,-19.38946548893,
    299.24483782572));
#12364 = CARTESIAN_POINT('',(-63.61252711992,-18.77079138094,
    299.29734711331));
#12365 = CARTESIAN_POINT('',(-62.09690382401,-18.00576675922,
    299.34985696577));
#12366 = CARTESIAN_POINT('',(-60.66208334221,-17.10246685616,
    299.40237554426));
#12367 = CARTESIAN_POINT('',(-59.32256184827,-16.07090541299,
    299.45490430403));
#12368 = CARTESIAN_POINT('',(-56.56123915725,-13.49743615253,
    299.57270061215));
#12369 = CARTESIAN_POINT('',(-55.1968456345,-11.89073810634,
    299.63803647962));
#12370 = CARTESIAN_POINT('',(-54.02525351202,-10.12769304525,
    299.70334422987));
#12371 = CARTESIAN_POINT('',(-53.06645508587,-8.235797708886,
    299.7686313864));
#12372 = CARTESIAN_POINT('',(-52.33613711283,-6.244523865141,
    299.83391447938));
#12373 = CARTESIAN_POINT('',(-51.84516210394,-4.185440051973,
    299.89921582781));
#12374 = CARTESIAN_POINT('',(-51.6,-2.091921666776,299.96454687274));
#12375 = CARTESIAN_POINT('',(-51.6,7.105427357601E-15,300.0298293014));
#12376 = PCURVE('',#10073,#12377);
#12377 = DEFINITIONAL_REPRESENTATION('',(#12378),#12451);
#12378 = B_SPLINE_CURVE_WITH_KNOTS('',8,(#12379,#12380,#12381,#12382,
    #12383,#12384,#12385,#12386,#12387,#12388,#12389,#12390,#12391,
    #12392,#12393,#12394,#12395,#12396,#12397,#12398,#12399,#12400,
    #12401,#12402,#12403,#12404,#12405,#12406,#12407,#12408,#12409,
    #12410,#12411,#12412,#12413,#12414,#12415,#12416,#12417,#12418,
    #12419,#12420,#12421,#12422,#12423,#12424,#12425,#12426,#12427,
    #12428,#12429,#12430,#12431,#12432,#12433,#12434,#12435,#12436,
    #12437,#12438,#12439,#12440,#12441,#12442,#12443,#12444,#12445,
    #12446,#12447,#12448,#12449,#12450),.UNSPECIFIED.,.F.,.F.,(9,7,7,7,7
    ,7,7,7,7,7,9),(0.,0.143085296531,0.261641484025,0.395772767713,
    0.460209714219,0.517823523456,0.5943118564,0.663540554986,
    0.764366748682,0.869410106972,1.),.UNSPECIFIED.);
#12379 = CARTESIAN_POINT('',(1.270169838348,14.896767149138));
#12380 = CARTESIAN_POINT('',(1.270164237846,15.029959820195));
#12381 = CARTESIAN_POINT('',(1.270157797918,15.163300103555));
#12382 = CARTESIAN_POINT('',(1.270154012767,15.296554983514));
#12383 = CARTESIAN_POINT('',(1.270157960668,15.429758100979));
#12384 = CARTESIAN_POINT('',(1.270168844036,15.562961420028));
#12385 = CARTESIAN_POINT('',(1.270178317822,15.696216811206));
#12386 = CARTESIAN_POINT('',(1.270183215679,15.829558486218));
#12387 = CARTESIAN_POINT('',(1.270183482921,16.073111368674));
#12388 = CARTESIAN_POINT('',(1.270180349398,16.183530680229));
#12389 = CARTESIAN_POINT('',(1.270173933346,16.293919098355));
#12390 = CARTESIAN_POINT('',(1.270165775595,16.404283177603));
#12391 = CARTESIAN_POINT('',(1.270159428544,16.514646565313));
#12392 = CARTESIAN_POINT('',(1.270157267373,16.6250331245));
#12393 = CARTESIAN_POINT('',(1.270158729203,16.735451185922));
#12394 = CARTESIAN_POINT('',(1.270166130164,16.970671779371));
#12395 = CARTESIAN_POINT('',(1.270172665307,17.095637225561));
#12396 = CARTESIAN_POINT('',(1.270179210513,17.220541984803));
#12397 = CARTESIAN_POINT('',(1.270182409549,17.345406885862));
#12398 = CARTESIAN_POINT('',(1.270176442619,17.470271950628));
#12399 = CARTESIAN_POINT('',(1.27017039094,17.595177709621));
#12400 = CARTESIAN_POINT('',(1.270169042507,17.720143167894));
#12401 = CARTESIAN_POINT('',(1.270170221274,17.904986027419));
#12402 = CARTESIAN_POINT('',(1.270171401174,17.964972773988));
#12403 = CARTESIAN_POINT('',(1.270171404943,18.024958731868));
#12404 = CARTESIAN_POINT('',(1.270173792992,18.084942469312));
#12405 = CARTESIAN_POINT('',(1.270173293509,18.144925612348));
#12406 = CARTESIAN_POINT('',(1.270168666084,18.204910437444));
#12407 = CARTESIAN_POINT('',(1.270170446809,18.264896898068));
#12408 = CARTESIAN_POINT('',(1.270171923715,18.378513160961));
#12409 = CARTESIAN_POINT('',(1.270172471061,18.432144553369));
#12410 = CARTESIAN_POINT('',(1.270172024374,18.485774867773));
#12411 = CARTESIAN_POINT('',(1.27017097564,18.539405095216));
#12412 = CARTESIAN_POINT('',(1.270169988578,18.593036519609));
#12413 = CARTESIAN_POINT('',(1.270169464511,18.646669754656));
#12414 = CARTESIAN_POINT('',(1.270169438558,18.700303662116));
#12415 = CARTESIAN_POINT('',(1.270170526926,18.825134212204));
#12416 = CARTESIAN_POINT('',(1.270171988045,18.896342226617));
#12417 = CARTESIAN_POINT('',(1.270174204036,18.967547854609));
#12418 = CARTESIAN_POINT('',(1.270176398265,19.038749582483));
#12419 = CARTESIAN_POINT('',(1.270177769869,19.109950515706));
#12420 = CARTESIAN_POINT('',(1.270177881405,19.181154116761));
#12421 = CARTESIAN_POINT('',(1.270176767199,19.252359888044));
#12422 = CARTESIAN_POINT('',(1.270172947883,19.388000485902));
#12423 = CARTESIAN_POINT('',(1.270170404555,19.452445811013));
#12424 = CARTESIAN_POINT('',(1.270167358012,19.516889391308));
#12425 = CARTESIAN_POINT('',(1.270164266773,19.581330858097));
#12426 = CARTESIAN_POINT('',(1.270161631914,19.645772425625));
#12427 = CARTESIAN_POINT('',(1.270159856222,19.710216252788));
#12428 = CARTESIAN_POINT('',(1.270159152884,19.774661798762));
#12429 = CARTESIAN_POINT('',(1.27016001466,19.932957001434));
#12430 = CARTESIAN_POINT('',(1.270162767825,20.026838911403));
#12431 = CARTESIAN_POINT('',(1.270167739729,20.120707929608));
#12432 = CARTESIAN_POINT('',(1.270174012341,20.214565419778));
#12433 = CARTESIAN_POINT('',(1.270179719522,20.308422835979));
#12434 = CARTESIAN_POINT('',(1.270183291285,20.402291738234));
#12435 = CARTESIAN_POINT('',(1.270184249895,20.496173664352));
#12436 = CARTESIAN_POINT('',(1.270181575447,20.687808614106));
#12437 = CARTESIAN_POINT('',(1.270177747392,20.785622290421));
#12438 = CARTESIAN_POINT('',(1.270171852668,20.883419897935));
#12439 = CARTESIAN_POINT('',(1.270165245021,20.981203378532));
#12440 = CARTESIAN_POINT('',(1.27016013715,21.078986514614));
#12441 = CARTESIAN_POINT('',(1.270157987254,21.176783145373));
#12442 = CARTESIAN_POINT('',(1.270158651794,21.274596114294));
#12443 = CARTESIAN_POINT('',(1.270164321948,21.493938856211));
#12444 = CARTESIAN_POINT('',(1.270170368541,21.615594876765));
#12445 = CARTESIAN_POINT('',(1.270177314363,21.737197703149));
#12446 = CARTESIAN_POINT('',(1.2701819491,21.85876433377));
#12447 = CARTESIAN_POINT('',(1.270178662908,21.980330772428));
#12448 = CARTESIAN_POINT('',(1.270172768757,22.10193363263));
#12449 = CARTESIAN_POINT('',(1.270169979199,22.223588900053));
#12450 = CARTESIAN_POINT('',(1.27016970266,22.345151299555));
#12451 = ( GEOMETRIC_REPRESENTATION_CONTEXT(2) 
PARAMETRIC_REPRESENTATION_CONTEXT() REPRESENTATION_CONTEXT('2D SPACE',''
  ) );
#12452 = PCURVE('',#10940,#12453);
#12453 = DEFINITIONAL_REPRESENTATION('',(#12454),#12527);
#12454 = B_SPLINE_CURVE_WITH_KNOTS('',8,(#12455,#12456,#12457,#12458,
    #12459,#12460,#12461,#12462,#12463,#12464,#12465,#12466,#12467,
    #12468,#12469,#12470,#12471,#12472,#12473,#12474,#12475,#12476,
    #12477,#12478,#12479,#12480,#12481,#12482,#12483,#12484,#12485,
    #12486,#12487,#12488,#12489,#12490,#12491,#12492,#12493,#12494,
    #12495,#12496,#12497,#12498,#12499,#12500,#12501,#12502,#12503,
    #12504,#12505,#12506,#12507,#12508,#12509,#12510,#12511,#12512,
    #12513,#12514,#12515,#12516,#12517,#12518,#12519,#12520,#12521,
    #12522,#12523,#12524,#12525,#12526),.UNSPECIFIED.,.F.,.F.,(9,7,7,7,7
    ,7,7,7,7,7,9),(0.,0.143085296531,0.261641484025,0.395772767713,
    0.460209714219,0.517823523456,0.5943118564,0.663540554986,
    0.764366748682,0.869410106972,1.),.UNSPECIFIED.);
#12455 = CARTESIAN_POINT('',(0.,-9.729829050283));
#12456 = CARTESIAN_POINT('',(-0.112356765791,-9.801354613225));
#12457 = CARTESIAN_POINT('',(-0.224837984982,-9.872959028581));
#12458 = CARTESIAN_POINT('',(-0.337246936521,-9.944518907199));
#12459 = CARTESIAN_POINT('',(-0.449611969878,-10.01605485437));
#12460 = CARTESIAN_POINT('',(-0.5619772505,-10.08759437753));
#12461 = CARTESIAN_POINT('',(-0.674386607053,-10.15916116015));
#12462 = CARTESIAN_POINT('',(-0.786868822811,-10.23077199176));
#12463 = CARTESIAN_POINT('',(-0.992321231747,-10.36156715258));
#12464 = CARTESIAN_POINT('',(-1.085466973278,-10.42086398833));
#12465 = CARTESIAN_POINT('',(-1.178586613856,-10.48014259214));
#12466 = CARTESIAN_POINT('',(-1.271685640369,-10.53940725442));
#12467 = CARTESIAN_POINT('',(-1.364784007092,-10.59867245066));
#12468 = CARTESIAN_POINT('',(-1.457901963349,-10.65795218361));
#12469 = CARTESIAN_POINT('',(-1.551046607897,-10.71725064569));
#12470 = CARTESIAN_POINT('',(-1.74947034444,-10.84357469026));
#12471 = CARTESIAN_POINT('',(-1.854886895706,-10.91068806044));
#12472 = CARTESIAN_POINT('',(-1.960252387564,-10.97776884499));
#12473 = CARTESIAN_POINT('',(-2.065584256211,-11.04482655144));
#12474 = CARTESIAN_POINT('',(-2.17091595165,-11.11187976282));
#12475 = CARTESIAN_POINT('',(-2.27628126598,-11.17895478582));
#12476 = CARTESIAN_POINT('',(-2.381696891354,-11.24606422071));
#12477 = CARTESIAN_POINT('',(-2.537623117821,-11.3453308364));
#12478 = CARTESIAN_POINT('',(-2.58822575872,-11.3775460652));
#12479 = CARTESIAN_POINT('',(-2.638827558889,-11.40976028238));
#12480 = CARTESIAN_POINT('',(-2.689428024692,-11.44197449927));
#12481 = CARTESIAN_POINT('',(-2.740028207323,-11.47418695317));
#12482 = CARTESIAN_POINT('',(-2.790629362116,-11.50639824642));
#12483 = CARTESIAN_POINT('',(-2.841231658398,-11.53861362207));
#12484 = CARTESIAN_POINT('',(-2.937074665069,-11.59962961949));
#12485 = CARTESIAN_POINT('',(-2.982316446921,-11.62843152079));
#12486 = CARTESIAN_POINT('',(-3.027557234917,-11.65723234616));
#12487 = CARTESIAN_POINT('',(-3.072797815488,-11.6860328238));
#12488 = CARTESIAN_POINT('',(-3.118039281637,-11.71483397507));
#12489 = CARTESIAN_POINT('',(-3.163282185751,-11.74363633022));
#12490 = CARTESIAN_POINT('',(-3.208525605801,-11.77243929553));
#12491 = CARTESIAN_POINT('',(-3.31382762644,-11.83947749917));
#12492 = CARTESIAN_POINT('',(-3.373895805319,-11.87771901788));
#12493 = CARTESIAN_POINT('',(-3.433962022833,-11.91595963245));
#12494 = CARTESIAN_POINT('',(-3.494025056767,-11.95419814166));
#12495 = CARTESIAN_POINT('',(-3.554087541028,-11.99243581281));
#12496 = CARTESIAN_POINT('',(-3.614152373383,-12.03067428662));
#12497 = CARTESIAN_POINT('',(-3.674219091346,-12.06891331305));
#12498 = CARTESIAN_POINT('',(-3.788640840217,-12.14175437493));
#12499 = CARTESIAN_POINT('',(-3.843004722308,-12.1763621293));
#12500 = CARTESIAN_POINT('',(-3.897367126696,-12.21096869505));
#12501 = CARTESIAN_POINT('',(-3.951727719375,-12.24557410344));
#12502 = CARTESIAN_POINT('',(-4.006088354951,-12.28017979411));
#12503 = CARTESIAN_POINT('',(-4.060450853416,-12.31478712786));
#12504 = CARTESIAN_POINT('',(-4.114814766854,-12.34939592084));
#12505 = CARTESIAN_POINT('',(-4.248346769041,-12.4344055092));
#12506 = CARTESIAN_POINT('',(-4.327542037996,-12.48482421956));
#12507 = CARTESIAN_POINT('',(-4.406726412809,-12.53523711604));
#12508 = CARTESIAN_POINT('',(-4.485901092271,-12.58564447198));
#12509 = CARTESIAN_POINT('',(-4.565075770217,-12.63605150548));
#12510 = CARTESIAN_POINT('',(-4.644260180268,-12.68646363961));
#12511 = CARTESIAN_POINT('',(-4.723455588703,-12.73688146137));
#12512 = CARTESIAN_POINT('',(-4.885111898956,-12.83979370173));
#12513 = CARTESIAN_POINT('',(-4.967623964151,-12.8923205951));
#12514 = CARTESIAN_POINT('',(-5.050122433838,-12.94483782572));
#12515 = CARTESIAN_POINT('',(-5.132608927513,-12.99734711331));
#12516 = CARTESIAN_POINT('',(-5.215095088126,-13.04985696577));
#12517 = CARTESIAN_POINT('',(-5.297592660554,-13.10237554426));
#12518 = CARTESIAN_POINT('',(-5.380104093606,-13.15490430403));
#12519 = CARTESIAN_POINT('',(-5.565133777302,-13.27270061215));
#12520 = CARTESIAN_POINT('',(-5.667758572339,-13.33803647962));
#12521 = CARTESIAN_POINT('',(-5.770338641624,-13.40334422987));
#12522 = CARTESIAN_POINT('',(-5.872888229226,-13.4686313864));
#12523 = CARTESIAN_POINT('',(-5.975437456853,-13.53391447938));
#12524 = CARTESIAN_POINT('',(-6.078016796876,-13.59921582781));
#12525 = CARTESIAN_POINT('',(-6.180640127436,-13.66454687274));
#12526 = CARTESIAN_POINT('',(-6.28318530718,-13.7298293014));
#12527 = ( GEOMETRIC_REPRESENTATION_CONTEXT(2) 
PARAMETRIC_REPRESENTATION_CONTEXT() REPRESENTATION_CONTEXT('2D SPACE',''
  ) );
#12528 = ORIENTED_EDGE('',*,*,#12529,.F.);
#12529 = EDGE_CURVE('',#9949,#12300,#12530,.T.);
#12530 = SURFACE_CURVE('',#12531,(#12611,#12694),.PCURVE_S1.);
#12531 = B_SPLINE_CURVE_WITH_KNOTS('',8,(#12532,#12533,#12534,#12535,
    #12536,#12537,#12538,#12539,#12540,#12541,#12542,#12543,#12544,
    #12545,#12546,#12547,#12548,#12549,#12550,#12551,#12552,#12553,
    #12554,#12555,#12556,#12557,#12558,#12559,#12560,#12561,#12562,
    #12563,#12564,#12565,#12566,#12567,#12568,#12569,#12570,#12571,
    #12572,#12573,#12574,#12575,#12576,#12577,#12578,#12579,#12580,
    #12581,#12582,#12583,#12584,#12585,#12586,#12587,#12588,#12589,
    #12590,#12591,#12592,#12593,#12594,#12595,#12596,#12597,#12598,
    #12599,#12600,#12601,#12602,#12603,#12604,#12605,#12606,#12607,
    #12608,#12609,#12610),.UNSPECIFIED.,.F.,.F.,(9,7,7,7,7,7,7,7,7,7,7,9
    ),(0.,0.140997114508,0.18327213694,0.238209671391,0.311758872404,
    0.41472278651,0.504062601468,0.622565307164,0.717812797036,
    0.828908584469,0.900329703898,1.),.UNSPECIFIED.);
#12532 = CARTESIAN_POINT('',(-53.40961116597,8.399847796214,292.2999994)
  );
#12533 = CARTESIAN_POINT('',(-54.276904445,10.319325340332,
    292.36573333305));
#12534 = CARTESIAN_POINT('',(-55.37138615362,12.137982138924,
    292.43151859408));
#12535 = CARTESIAN_POINT('',(-56.67851161459,13.821965604385,
    292.49727272318));
#12536 = CARTESIAN_POINT('',(-58.17817681527,15.342979649934,
    292.56300497344));
#12537 = CARTESIAN_POINT('',(-59.84695038246,16.676274516841,
    292.62873581171));
#12538 = CARTESIAN_POINT('',(-61.65777930645,17.801120001387,
    292.69449251049));
#12539 = CARTESIAN_POINT('',(-63.58042827117,18.700465734212,
    292.76027782358));
#12540 = CARTESIAN_POINT('',(-66.17916575906,19.562124840016,
    292.84571787835));
#12541 = CARTESIAN_POINT('',(-66.78563957105,19.739671968979,
    292.8654259188));
#12542 = CARTESIAN_POINT('',(-67.39826765964,19.895720604256,
    292.88513359738));
#12543 = CARTESIAN_POINT('',(-68.01616413405,20.030024656488,
    292.90484121391));
#12544 = CARTESIAN_POINT('',(-68.63843110773,20.142381347397,
    292.92454918259));
#12545 = CARTESIAN_POINT('',(-69.26415870988,20.232632194405,
    292.94425773339));
#12546 = CARTESIAN_POINT('',(-69.89242509703,20.300663995242,
    292.96396661332));
#12547 = CARTESIAN_POINT('',(-71.34083133348,20.405857738816,
    293.00928609319));
#12548 = CARTESIAN_POINT('',(-72.16210373577,20.427672137375,
    293.03489736488));
#12549 = CARTESIAN_POINT('',(-72.98408262854,20.411704817316,
    293.06050810467));
#12550 = CARTESIAN_POINT('',(-73.80474400798,20.357941849003,
    293.08611858059));
#12551 = CARTESIAN_POINT('',(-74.62207055835,20.26649710888,
    293.11172929909));
#12552 = CARTESIAN_POINT('',(-75.43405188189,20.137611249423,
    293.13734056449));
#12553 = CARTESIAN_POINT('',(-76.23868530954,19.971656094258,
    293.16295212578));
#12554 = CARTESIAN_POINT('',(-78.09869726028,19.498026193714,
    293.22285008405));
#12555 = CARTESIAN_POINT('',(-79.14680613145,19.16135308654,
    293.2571400755));
#12556 = CARTESIAN_POINT('',(-80.17349477778,18.760332652071,
    293.29142977903));
#12557 = CARTESIAN_POINT('',(-81.17415636743,18.296587063804,
    293.3257185816));
#12558 = CARTESIAN_POINT('',(-82.14436731786,17.772110626619,
    293.36000718301));
#12559 = CARTESIAN_POINT('',(-83.07988236472,17.189255233438,
    293.39429634313));
#12560 = CARTESIAN_POINT('',(-83.97664374666,16.550743805531,
    293.42858555661));
#12561 = CARTESIAN_POINT('',(-86.02657188136,14.892313462158,
    293.51086987676));
#12562 = CARTESIAN_POINT('',(-87.13925916277,13.821652643305,
    293.55887839393));
#12563 = CARTESIAN_POINT('',(-88.15803111431,12.656363882682,
    293.60688072696));
#12564 = CARTESIAN_POINT('',(-89.07361085492,11.406188818919,
    293.65487782223));
#12565 = CARTESIAN_POINT('',(-89.87802440724,10.081751592857,
    293.70287550772));
#12566 = CARTESIAN_POINT('',(-90.56451293275,8.694485440351,
    293.75087937637));
#12567 = CARTESIAN_POINT('',(-91.12763104114,7.256684442212,
    293.79888987747));
#12568 = CARTESIAN_POINT('',(-91.94178770745,4.501799254607,
    293.88853952758));
#12569 = CARTESIAN_POINT('',(-92.22438461178,3.193498678395,
    293.93019461934));
#12570 = CARTESIAN_POINT('',(-92.4087591292,1.865335448542,
    293.9718478129));
#12571 = CARTESIAN_POINT('',(-92.49337059416,0.525936560099,
    294.01349810021));
#12572 = CARTESIAN_POINT('',(-92.47757324128,-0.816039221034,
    294.05514798248));
#12573 = CARTESIAN_POINT('',(-92.36156783121,-2.151911396013,
    294.09680007352));
#12574 = CARTESIAN_POINT('',(-92.14645048236,-3.472985279831,
    294.13845364835));
#12575 = CARTESIAN_POINT('',(-91.42039188188,-6.491690758682,
    294.23534347319));
#12576 = CARTESIAN_POINT('',(-90.83556692279,-8.172477598511,
    294.29060710836));
#12577 = CARTESIAN_POINT('',(-90.08464585067,-9.792042865878,
    294.34585813479));
#12578 = CARTESIAN_POINT('',(-89.17546243496,-11.33138396636,
    294.40109909944));
#12579 = CARTESIAN_POINT('',(-88.11803755625,-12.77290599065,
    294.45634060928));
#12580 = CARTESIAN_POINT('',(-86.92460970986,-14.10048777744,
    294.51159283501));
#12581 = CARTESIAN_POINT('',(-85.60954902952,-15.29947355234,
    294.56685807184));
#12582 = CARTESIAN_POINT('',(-83.04925945145,-17.20750795417,
    294.66650635698));
#12583 = CARTESIAN_POINT('',(-81.84041656594,-17.96694123189,
    294.71091802703));
#12584 = CARTESIAN_POINT('',(-80.5723081446,-18.62901225055,
    294.75532698832));
#12585 = CARTESIAN_POINT('',(-79.25415709653,-19.18841724174,
    294.79973150731));
#12586 = CARTESIAN_POINT('',(-77.89560828834,-19.64093230201,
    294.84413486674));
#12587 = CARTESIAN_POINT('',(-76.50668566313,-19.98335295384,
    294.88854090482));
#12588 = CARTESIAN_POINT('',(-75.09779994021,-20.21356144653,
    294.9329492592));
#12589 = CARTESIAN_POINT('',(-72.0258729801,-20.46737654182,
    295.02913929539));
#12590 = CARTESIAN_POINT('',(-70.35874290675,-20.45030043543,
    295.08094318983));
#12591 = CARTESIAN_POINT('',(-68.69584193208,-20.27789340867,
    295.13274054801));
#12592 = CARTESIAN_POINT('',(-67.05403760322,-19.95118200009,
    295.18452853513));
#12593 = CARTESIAN_POINT('',(-65.44973811633,-19.4731745201,
    295.23632420566));
#12594 = CARTESIAN_POINT('',(-63.8988564027,-18.84887364987,
    295.28812007874));
#12595 = CARTESIAN_POINT('',(-62.41679194521,-18.08524997637,
    295.339923186));
#12596 = CARTESIAN_POINT('',(-60.11910033448,-16.61753566232,
    295.42500777114));
#12597 = CARTESIAN_POINT('',(-59.25424403592,-15.98941640766,
    295.45830539168));
#12598 = CARTESIAN_POINT('',(-58.42748501638,-15.30994459755,
    295.49160178499));
#12599 = CARTESIAN_POINT('',(-57.64237374318,-14.5818466965,
    295.52489677967));
#12600 = CARTESIAN_POINT('',(-56.90219950831,-13.80811247075,
    295.55819183302));
#12601 = CARTESIAN_POINT('',(-56.20999929472,-12.99198299162,
    295.59148818992));
#12602 = CARTESIAN_POINT('',(-55.56854867383,-12.13695784077,
    295.62478559971));
#12603 = CARTESIAN_POINT('',(-54.15946468919,-10.0046098069,
    295.70454713671));
#12604 = CARTESIAN_POINT('',(-53.44204584289,-8.693673394133,
    295.75102256771));
#12605 = CARTESIAN_POINT('',(-52.83506086751,-7.324429256547,
    295.79749433574));
#12606 = CARTESIAN_POINT('',(-52.34390986951,-5.907805369141,
    295.84396048036));
#12607 = CARTESIAN_POINT('',(-51.97267341486,-4.455143231587,
    295.89042539509));
#12608 = CARTESIAN_POINT('',(-51.72419743303,-2.978154029141,
    295.93689412774));
#12609 = CARTESIAN_POINT('',(-51.6,-1.488928427273,295.98336621485));
#12610 = CARTESIAN_POINT('',(-51.6,7.105427357601E-15,296.02982905028));
#12611 = PCURVE('',#10073,#12612);
#12612 = DEFINITIONAL_REPRESENTATION('',(#12613),#12693);
#12613 = B_SPLINE_CURVE_WITH_KNOTS('',8,(#12614,#12615,#12616,#12617,
    #12618,#12619,#12620,#12621,#12622,#12623,#12624,#12625,#12626,
    #12627,#12628,#12629,#12630,#12631,#12632,#12633,#12634,#12635,
    #12636,#12637,#12638,#12639,#12640,#12641,#12642,#12643,#12644,
    #12645,#12646,#12647,#12648,#12649,#12650,#12651,#12652,#12653,
    #12654,#12655,#12656,#12657,#12658,#12659,#12660,#12661,#12662,
    #12663,#12664,#12665,#12666,#12667,#12668,#12669,#12670,#12671,
    #12672,#12673,#12674,#12675,#12676,#12677,#12678,#12679,#12680,
    #12681,#12682,#12683,#12684,#12685,#12686,#12687,#12688,#12689,
    #12690,#12691,#12692),.UNSPECIFIED.,.F.,.F.,(9,7,7,7,7,7,7,7,7,7,7,9
    ),(0.,0.140997114508,0.18327213694,0.238209671391,0.311758872404,
    0.41472278651,0.504062601468,0.622565307164,0.717812797036,
    0.828908584469,0.900329703898,1.),.UNSPECIFIED.);
#12614 = CARTESIAN_POINT('',(1.270171377276,7.951465257418));
#12615 = CARTESIAN_POINT('',(1.270176235077,8.073863621084));
#12616 = CARTESIAN_POINT('',(1.270179796279,8.196358769562));
#12617 = CARTESIAN_POINT('',(1.270179131137,8.318799882342));
#12618 = CARTESIAN_POINT('',(1.270174055605,8.441204360895));
#12619 = CARTESIAN_POINT('',(1.270165203658,8.563609726215));
#12620 = CARTESIAN_POINT('',(1.270168307256,8.6860521151));
#12621 = CARTESIAN_POINT('',(1.270171552113,8.808547655049));
#12622 = CARTESIAN_POINT('',(1.270172179961,8.967644645246));
#12623 = CARTESIAN_POINT('',(1.27017220257,9.004342885286));
#12624 = CARTESIAN_POINT('',(1.270171592658,9.041041040427));
#12625 = CARTESIAN_POINT('',(1.270170653544,9.077739386497));
#12626 = CARTESIAN_POINT('',(1.270170026631,9.114438097645));
#12627 = CARTESIAN_POINT('',(1.270170215848,9.151137132904));
#12628 = CARTESIAN_POINT('',(1.270171112108,9.187836122751));
#12629 = CARTESIAN_POINT('',(1.270172044909,9.272224471431));
#12630 = CARTESIAN_POINT('',(1.270172267384,9.319914908013));
#12631 = CARTESIAN_POINT('',(1.2701718226,9.367604975405));
#12632 = CARTESIAN_POINT('',(1.270170982118,9.415294919877));
#12633 = CARTESIAN_POINT('',(1.270170161047,9.462985297966));
#12634 = CARTESIAN_POINT('',(1.270169639076,9.510676415956));
#12635 = CARTESIAN_POINT('',(1.270169493122,9.558367734847));
#12636 = CARTESIAN_POINT('',(1.270170074236,9.669902935657));
#12637 = CARTESIAN_POINT('',(1.270171098173,9.733753234439));
#12638 = CARTESIAN_POINT('',(1.27017283563,9.797602332767));
#12639 = CARTESIAN_POINT('',(1.270174829386,9.861449514794));
#12640 = CARTESIAN_POINT('',(1.27017650685,9.925296616715));
#12641 = CARTESIAN_POINT('',(1.270177425685,9.989145465347));
#12642 = CARTESIAN_POINT('',(1.270177400983,10.052995291799));
#12643 = CARTESIAN_POINT('',(1.270175272219,10.206218568071));
#12644 = CARTESIAN_POINT('',(1.270172336706,10.295617763636));
#12645 = CARTESIAN_POINT('',(1.270167860317,10.385006878389));
#12646 = CARTESIAN_POINT('',(1.270162967751,10.474386627383));
#12647 = CARTESIAN_POINT('',(1.270159295009,10.563766339717));
#12648 = CARTESIAN_POINT('',(1.270157965144,10.653155384368));
#12649 = CARTESIAN_POINT('',(1.270158932308,10.742554640629));
#12650 = CARTESIAN_POINT('',(1.270163963523,10.90948620126));
#12651 = CARTESIAN_POINT('',(1.270167589871,10.987048600072));
#12652 = CARTESIAN_POINT('',(1.270172155572,11.064606589687));
#12653 = CARTESIAN_POINT('',(1.270176846586,11.142159050909));
#12654 = CARTESIAN_POINT('',(1.270180769303,11.219711473218));
#12655 = CARTESIAN_POINT('',(1.270183236343,11.297269363786));
#12656 = CARTESIAN_POINT('',(1.270183953306,11.37483164673));
#12657 = CARTESIAN_POINT('',(1.270181983183,11.555251625535));
#12658 = CARTESIAN_POINT('',(1.270178093419,11.658161434967));
#12659 = CARTESIAN_POINT('',(1.270171802812,11.761050000994));
#12660 = CARTESIAN_POINT('',(1.270164653996,11.863920630086));
#12661 = CARTESIAN_POINT('',(1.270159351126,11.966790555683));
#12662 = CARTESIAN_POINT('',(1.270157548235,12.069677176661));
#12663 = CARTESIAN_POINT('',(1.270158836031,12.17258514798));
#12664 = CARTESIAN_POINT('',(1.270164448896,12.358134584248));
#12665 = CARTESIAN_POINT('',(1.270168103198,12.44082997015));
#12666 = CARTESIAN_POINT('',(1.270172364436,12.523519746979));
#12667 = CARTESIAN_POINT('',(1.270176001191,12.606201833261));
#12668 = CARTESIAN_POINT('',(1.27017799848,12.688883286739));
#12669 = CARTESIAN_POINT('',(1.270178052372,12.771571537523));
#12670 = CARTESIAN_POINT('',(1.270176657636,12.854265450236));
#12671 = CARTESIAN_POINT('',(1.270172608176,13.033384291429));
#12672 = CARTESIAN_POINT('',(1.270169518916,13.12985098656));
#12673 = CARTESIAN_POINT('',(1.270168592968,13.226303496399));
#12674 = CARTESIAN_POINT('',(1.270166372913,13.322739761293));
#12675 = CARTESIAN_POINT('',(1.270174042678,13.419181125543));
#12676 = CARTESIAN_POINT('',(1.27017499774,13.515629118667));
#12677 = CARTESIAN_POINT('',(1.270169864109,13.612096251409));
#12678 = CARTESIAN_POINT('',(1.270171057128,13.770530796865));
#12679 = CARTESIAN_POINT('',(1.270172745876,13.83253258688));
#12680 = CARTESIAN_POINT('',(1.270172706813,13.894533700346));
#12681 = CARTESIAN_POINT('',(1.270171373707,13.95653341427));
#12682 = CARTESIAN_POINT('',(1.270170023277,14.018533253548));
#12683 = CARTESIAN_POINT('',(1.270169381115,14.080534860733));
#12684 = CARTESIAN_POINT('',(1.270169374059,14.142537837192));
#12685 = CARTESIAN_POINT('',(1.270170943026,14.291060006576));
#12686 = CARTESIAN_POINT('',(1.270173067682,14.377599737426));
#12687 = CARTESIAN_POINT('',(1.2701761331,14.464131771574));
#12688 = CARTESIAN_POINT('',(1.270178459569,14.550654022405));
#12689 = CARTESIAN_POINT('',(1.270178716913,14.637175909518));
#12690 = CARTESIAN_POINT('',(1.270176750856,14.723706976045));
#12691 = CARTESIAN_POINT('',(1.270173476421,14.810245507063));
#12692 = CARTESIAN_POINT('',(1.270169838348,14.896767149138));
#12693 = ( GEOMETRIC_REPRESENTATION_CONTEXT(2) 
PARAMETRIC_REPRESENTATION_CONTEXT() REPRESENTATION_CONTEXT('2D SPACE',''
  ) );
#12694 = PCURVE('',#9969,#12695);
#12695 = DEFINITIONAL_REPRESENTATION('',(#12696),#12776);
#12696 = B_SPLINE_CURVE_WITH_KNOTS('',8,(#12697,#12698,#12699,#12700,
    #12701,#12702,#12703,#12704,#12705,#12706,#12707,#12708,#12709,
    #12710,#12711,#12712,#12713,#12714,#12715,#12716,#12717,#12718,
    #12719,#12720,#12721,#12722,#12723,#12724,#12725,#12726,#12727,
    #12728,#12729,#12730,#12731,#12732,#12733,#12734,#12735,#12736,
    #12737,#12738,#12739,#12740,#12741,#12742,#12743,#12744,#12745,
    #12746,#12747,#12748,#12749,#12750,#12751,#12752,#12753,#12754,
    #12755,#12756,#12757,#12758,#12759,#12760,#12761,#12762,#12763,
    #12764,#12765,#12766,#12767,#12768,#12769,#12770,#12771,#12772,
    #12773,#12774,#12775),.UNSPECIFIED.,.F.,.F.,(9,7,7,7,7,7,7,7,7,7,7,9
    ),(0.,0.140997114508,0.18327213694,0.238209671391,0.311758872404,
    0.41472278651,0.504062601468,0.622565307164,0.717812797036,
    0.828908584469,0.900329703898,1.),.UNSPECIFIED.);
#12697 = CARTESIAN_POINT('',(-0.424381521348,-5.9999994));
#12698 = CARTESIAN_POINT('',(-0.52763259171,-6.065733333052));
#12699 = CARTESIAN_POINT('',(-0.630965360467,-6.131518594082));
#12700 = CARTESIAN_POINT('',(-0.734252325752,-6.197272723188));
#12701 = CARTESIAN_POINT('',(-0.83750821679,-6.263004973447));
#12702 = CARTESIAN_POINT('',(-0.94076410644,-6.328735811717));
#12703 = CARTESIAN_POINT('',(-1.044051097882,-6.3944925105));
#12704 = CARTESIAN_POINT('',(-1.147383849856,-6.460277823588));
#12705 = CARTESIAN_POINT('',(-1.281592812735,-6.545717878358));
#12706 = CARTESIAN_POINT('',(-1.312550326686,-6.5654259188));
#12707 = CARTESIAN_POINT('',(-1.343507728199,-6.585133597389));
#12708 = CARTESIAN_POINT('',(-1.374465213946,-6.604841213911));
#12709 = CARTESIAN_POINT('',(-1.405422957046,-6.62454918259));
#12710 = CARTESIAN_POINT('',(-1.436380977275,-6.644257733393));
#12711 = CARTESIAN_POINT('',(-1.467339011282,-6.663966613329));
#12712 = CARTESIAN_POINT('',(-1.538526323923,-6.709286093199));
#12713 = CARTESIAN_POINT('',(-1.578756471181,-6.734897364882));
#12714 = CARTESIAN_POINT('',(-1.618986236271,-6.760508104671));
#12715 = CARTESIAN_POINT('',(-1.659215797214,-6.786118580598));
#12716 = CARTESIAN_POINT('',(-1.699445628995,-6.811729299096));
#12717 = CARTESIAN_POINT('',(-1.739676011804,-6.837340564493));
#12718 = CARTESIAN_POINT('',(-1.779906516862,-6.862952125787));
#12719 = CARTESIAN_POINT('',(-1.873993135261,-6.922850084054));
#12720 = CARTESIAN_POINT('',(-1.927854643024,-6.957140075503));
#12721 = CARTESIAN_POINT('',(-1.981715157709,-6.991429779034));
#12722 = CARTESIAN_POINT('',(-2.035574124375,-7.025718581605));
#12723 = CARTESIAN_POINT('',(-2.089433115422,-7.06000718301));
#12724 = CARTESIAN_POINT('',(-2.143293667646,-7.094296343136));
#12725 = CARTESIAN_POINT('',(-2.197155109479,-7.128585556611));
#12726 = CARTESIAN_POINT('',(-2.326408917578,-7.210869876761));
#12727 = CARTESIAN_POINT('',(-2.401823042507,-7.25887839393));
#12728 = CARTESIAN_POINT('',(-2.47722868401,-7.306880726968));
#12729 = CARTESIAN_POINT('',(-2.552626361008,-7.354877822232));
#12730 = CARTESIAN_POINT('',(-2.628023906918,-7.40287550772));
#12731 = CARTESIAN_POINT('',(-2.703429240025,-7.450879376375));
#12732 = CARTESIAN_POINT('',(-2.778843139239,-7.498889877477));
#12733 = CARTESIAN_POINT('',(-2.919660386074,-7.588539527589));
#12734 = CARTESIAN_POINT('',(-2.985089124321,-7.630194619343));
#12735 = CARTESIAN_POINT('',(-3.050514152133,-7.671847812905));
#12736 = CARTESIAN_POINT('',(-3.115934544426,-7.713498100215));
#12737 = CARTESIAN_POINT('',(-3.181354937979,-7.75514798248));
#12738 = CARTESIAN_POINT('',(-3.24677996928,-7.796800073521));
#12739 = CARTESIAN_POINT('',(-3.312208712464,-7.838453648359));
#12740 = CARTESIAN_POINT('',(-3.464404481596,-7.935343473195));
#12741 = CARTESIAN_POINT('',(-3.551215463511,-7.990607108369));
#12742 = CARTESIAN_POINT('',(-3.6380084813,-8.04585813479));
#12743 = CARTESIAN_POINT('',(-3.724786299958,-8.10109909945));
#12744 = CARTESIAN_POINT('',(-3.811563476002,-8.156340609282));
#12745 = CARTESIAN_POINT('',(-3.898354776371,-8.211592835015));
#12746 = CARTESIAN_POINT('',(-3.985164183268,-8.266858071848));
#12747 = CARTESIAN_POINT('',(-4.141687084142,-8.366506356987));
#12748 = CARTESIAN_POINT('',(-4.211446029558,-8.410918027039));
#12749 = CARTESIAN_POINT('',(-4.281200306339,-8.455326988323));
#12750 = CARTESIAN_POINT('',(-4.350948131652,-8.499731507316));
#12751 = CARTESIAN_POINT('',(-4.420695400839,-8.544134866742));
#12752 = CARTESIAN_POINT('',(-4.490448308611,-8.588540904821));
#12753 = CARTESIAN_POINT('',(-4.560205844955,-8.632949259208));
#12754 = CARTESIAN_POINT('',(-4.711303626468,-8.729139295392));
#12755 = CARTESIAN_POINT('',(-4.792679219675,-8.780943189834));
#12756 = CARTESIAN_POINT('',(-4.874041731291,-8.832740548015));
#12757 = CARTESIAN_POINT('',(-4.955393240248,-8.884528535133));
#12758 = CARTESIAN_POINT('',(-5.036744840097,-8.936324205663));
#12759 = CARTESIAN_POINT('',(-5.118107649725,-8.988120078742));
#12760 = CARTESIAN_POINT('',(-5.199483573145,-9.039923186008));
#12761 = CARTESIAN_POINT('',(-5.333133464498,-9.125007771147));
#12762 = CARTESIAN_POINT('',(-5.385436319305,-9.158305391685));
#12763 = CARTESIAN_POINT('',(-5.437738536997,-9.19160178499));
#12764 = CARTESIAN_POINT('',(-5.490039385215,-9.224896779679));
#12765 = CARTESIAN_POINT('',(-5.542340156011,-9.258191833025));
#12766 = CARTESIAN_POINT('',(-5.594642291144,-9.291488189922));
#12767 = CARTESIAN_POINT('',(-5.646945514986,-9.324785599712));
#12768 = CARTESIAN_POINT('',(-5.772232822379,-9.404547136718));
#12769 = CARTESIAN_POINT('',(-5.845234212738,-9.451022567716));
#12770 = CARTESIAN_POINT('',(-5.918229230848,-9.497494335741));
#12771 = CARTESIAN_POINT('',(-5.991216184339,-9.543960480364));
#12772 = CARTESIAN_POINT('',(-6.064203002662,-9.590425395097));
#12773 = CARTESIAN_POINT('',(-6.137197659624,-9.636894127743));
#12774 = CARTESIAN_POINT('',(-6.210198619568,-9.683366214851));
#12775 = CARTESIAN_POINT('',(-6.28318530718,-9.729829050283));
#12776 = ( GEOMETRIC_REPRESENTATION_CONTEXT(2) 
PARAMETRIC_REPRESENTATION_CONTEXT() REPRESENTATION_CONTEXT('2D SPACE',''
  ) );
#12777 = ORIENTED_EDGE('',*,*,#9981,.F.);
#12778 = ORIENTED_EDGE('',*,*,#10518,.T.);
#12779 = ADVANCED_FACE('',(#12780),#9969,.T.);
#12780 = FACE_BOUND('',#12781,.F.);
#12781 = EDGE_LOOP('',(#12782,#12783,#12784,#12785));
#12782 = ORIENTED_EDGE('',*,*,#10605,.F.);
#12783 = ORIENTED_EDGE('',*,*,#9948,.T.);
#12784 = ORIENTED_EDGE('',*,*,#12529,.T.);
#12785 = ORIENTED_EDGE('',*,*,#12786,.F.);
#12786 = EDGE_CURVE('',#10606,#12300,#12787,.T.);
#12787 = SURFACE_CURVE('',#12788,(#12792,#12799),.PCURVE_S1.);
#12788 = LINE('',#12789,#12790);
#12789 = CARTESIAN_POINT('',(-51.6,0.,286.3));
#12790 = VECTOR('',#12791,1.);
#12791 = DIRECTION('',(0.,0.,1.));
#12792 = PCURVE('',#9969,#12793);
#12793 = DEFINITIONAL_REPRESENTATION('',(#12794),#12798);
#12794 = LINE('',#12795,#12796);
#12795 = CARTESIAN_POINT('',(-6.28318530718,0.));
#12796 = VECTOR('',#12797,1.);
#12797 = DIRECTION('',(-0.,-1.));
#12798 = ( GEOMETRIC_REPRESENTATION_CONTEXT(2) 
PARAMETRIC_REPRESENTATION_CONTEXT() REPRESENTATION_CONTEXT('2D SPACE',''
  ) );
#12799 = PCURVE('',#10940,#12800);
#12800 = DEFINITIONAL_REPRESENTATION('',(#12801),#12805);
#12801 = LINE('',#12802,#12803);
#12802 = CARTESIAN_POINT('',(-0.,0.));
#12803 = VECTOR('',#12804,1.);
#12804 = DIRECTION('',(-0.,-1.));
#12805 = ( GEOMETRIC_REPRESENTATION_CONTEXT(2) 
PARAMETRIC_REPRESENTATION_CONTEXT() REPRESENTATION_CONTEXT('2D SPACE',''
  ) );
#12806 = ADVANCED_FACE('',(#12807),#11783,.F.);
#12807 = FACE_BOUND('',#12808,.F.);
#12808 = EDGE_LOOP('',(#12809,#12810,#12811));
#12809 = ORIENTED_EDGE('',*,*,#11797,.T.);
#12810 = ORIENTED_EDGE('',*,*,#11770,.T.);
#12811 = ORIENTED_EDGE('',*,*,#12812,.T.);
#12812 = EDGE_CURVE('',#11541,#11798,#12813,.T.);
#12813 = SURFACE_CURVE('',#12814,(#12818,#12825),.PCURVE_S1.);
#12814 = LINE('',#12815,#12816);
#12815 = CARTESIAN_POINT('',(-55.49605331475,-11.99081914676,286.3));
#12816 = VECTOR('',#12817,1.);
#12817 = DIRECTION('',(-0.,-0.,-1.));
#12818 = PCURVE('',#11783,#12819);
#12819 = DEFINITIONAL_REPRESENTATION('',(#12820),#12824);
#12820 = LINE('',#12821,#12822);
#12821 = CARTESIAN_POINT('',(1.046739798921E-14,22.6));
#12822 = VECTOR('',#12823,1.);
#12823 = DIRECTION('',(0.,1.));
#12824 = ( GEOMETRIC_REPRESENTATION_CONTEXT(2) 
PARAMETRIC_REPRESENTATION_CONTEXT() REPRESENTATION_CONTEXT('2D SPACE',''
  ) );
#12825 = PCURVE('',#11452,#12826);
#12826 = DEFINITIONAL_REPRESENTATION('',(#12827),#12831);
#12827 = LINE('',#12828,#12829);
#12828 = CARTESIAN_POINT('',(-5.654866776462,0.));
#12829 = VECTOR('',#12830,1.);
#12830 = DIRECTION('',(-0.,1.));
#12831 = ( GEOMETRIC_REPRESENTATION_CONTEXT(2) 
PARAMETRIC_REPRESENTATION_CONTEXT() REPRESENTATION_CONTEXT('2D SPACE',''
  ) );
#12832 = ADVANCED_FACE('',(#12833),#11452,.T.);
#12833 = FACE_BOUND('',#12834,.F.);
#12834 = EDGE_LOOP('',(#12835,#12836,#12859,#12886,#12887,#12888,#12909,
    #12910));
#12835 = ORIENTED_EDGE('',*,*,#11540,.F.);
#12836 = ORIENTED_EDGE('',*,*,#12837,.T.);
#12837 = EDGE_CURVE('',#11285,#12838,#12840,.T.);
#12838 = VERTEX_POINT('',#12839);
#12839 = CARTESIAN_POINT('',(-51.6,0.,311.1));
#12840 = SEAM_CURVE('',#12841,(#12845,#12852),.PCURVE_S1.);
#12841 = LINE('',#12842,#12843);
#12842 = CARTESIAN_POINT('',(-51.6,0.,286.3));
#12843 = VECTOR('',#12844,1.);
#12844 = DIRECTION('',(0.,0.,1.));
#12845 = PCURVE('',#11452,#12846);
#12846 = DEFINITIONAL_REPRESENTATION('',(#12847),#12851);
#12847 = LINE('',#12848,#12849);
#12848 = CARTESIAN_POINT('',(-0.,0.));
#12849 = VECTOR('',#12850,1.);
#12850 = DIRECTION('',(-0.,-1.));
#12851 = ( GEOMETRIC_REPRESENTATION_CONTEXT(2) 
PARAMETRIC_REPRESENTATION_CONTEXT() REPRESENTATION_CONTEXT('2D SPACE',''
  ) );
#12852 = PCURVE('',#11452,#12853);
#12853 = DEFINITIONAL_REPRESENTATION('',(#12854),#12858);
#12854 = LINE('',#12855,#12856);
#12855 = CARTESIAN_POINT('',(-6.28318530718,0.));
#12856 = VECTOR('',#12857,1.);
#12857 = DIRECTION('',(-0.,-1.));
#12858 = ( GEOMETRIC_REPRESENTATION_CONTEXT(2) 
PARAMETRIC_REPRESENTATION_CONTEXT() REPRESENTATION_CONTEXT('2D SPACE',''
  ) );
#12859 = ORIENTED_EDGE('',*,*,#12860,.T.);
#12860 = EDGE_CURVE('',#12838,#12838,#12861,.T.);
#12861 = SURFACE_CURVE('',#12862,(#12867,#12874),.PCURVE_S1.);
#12862 = CIRCLE('',#12863,20.4);
#12863 = AXIS2_PLACEMENT_3D('',#12864,#12865,#12866);
#12864 = CARTESIAN_POINT('',(-72.,0.,311.1));
#12865 = DIRECTION('',(0.,0.,1.));
#12866 = DIRECTION('',(1.,0.,-0.));
#12867 = PCURVE('',#11452,#12868);
#12868 = DEFINITIONAL_REPRESENTATION('',(#12869),#12873);
#12869 = LINE('',#12870,#12871);
#12870 = CARTESIAN_POINT('',(-0.,-24.8));
#12871 = VECTOR('',#12872,1.);
#12872 = DIRECTION('',(-1.,0.));
#12873 = ( GEOMETRIC_REPRESENTATION_CONTEXT(2) 
PARAMETRIC_REPRESENTATION_CONTEXT() REPRESENTATION_CONTEXT('2D SPACE',''
  ) );
#12874 = PCURVE('',#12875,#12880);
#12875 = CONICAL_SURFACE('',#12876,20.4,0.785398163397);
#12876 = AXIS2_PLACEMENT_3D('',#12877,#12878,#12879);
#12877 = CARTESIAN_POINT('',(-72.,0.,311.1));
#12878 = DIRECTION('',(-0.,-0.,-1.));
#12879 = DIRECTION('',(1.,0.,0.));
#12880 = DEFINITIONAL_REPRESENTATION('',(#12881),#12885);
#12881 = LINE('',#12882,#12883);
#12882 = CARTESIAN_POINT('',(-0.,-0.));
#12883 = VECTOR('',#12884,1.);
#12884 = DIRECTION('',(-1.,-0.));
#12885 = ( GEOMETRIC_REPRESENTATION_CONTEXT(2) 
PARAMETRIC_REPRESENTATION_CONTEXT() REPRESENTATION_CONTEXT('2D SPACE',''
  ) );
#12886 = ORIENTED_EDGE('',*,*,#12837,.F.);
#12887 = ORIENTED_EDGE('',*,*,#11284,.F.);
#12888 = ORIENTED_EDGE('',*,*,#12889,.T.);
#12889 = EDGE_CURVE('',#11029,#11819,#12890,.T.);
#12890 = SURFACE_CURVE('',#12891,(#12895,#12902),.PCURVE_S1.);
#12891 = LINE('',#12892,#12893);
#12892 = CARTESIAN_POINT('',(-51.6,0.,286.3));
#12893 = VECTOR('',#12894,1.);
#12894 = DIRECTION('',(0.,0.,1.));
#12895 = PCURVE('',#11452,#12896);
#12896 = DEFINITIONAL_REPRESENTATION('',(#12897),#12901);
#12897 = LINE('',#12898,#12899);
#12898 = CARTESIAN_POINT('',(-0.,0.));
#12899 = VECTOR('',#12900,1.);
#12900 = DIRECTION('',(-0.,-1.));
#12901 = ( GEOMETRIC_REPRESENTATION_CONTEXT(2) 
PARAMETRIC_REPRESENTATION_CONTEXT() REPRESENTATION_CONTEXT('2D SPACE',''
  ) );
#12902 = PCURVE('',#11196,#12903);
#12903 = DEFINITIONAL_REPRESENTATION('',(#12904),#12908);
#12904 = LINE('',#12905,#12906);
#12905 = CARTESIAN_POINT('',(-6.28318530718,0.));
#12906 = VECTOR('',#12907,1.);
#12907 = DIRECTION('',(-0.,-1.));
#12908 = ( GEOMETRIC_REPRESENTATION_CONTEXT(2) 
PARAMETRIC_REPRESENTATION_CONTEXT() REPRESENTATION_CONTEXT('2D SPACE',''
  ) );
#12909 = ORIENTED_EDGE('',*,*,#11818,.T.);
#12910 = ORIENTED_EDGE('',*,*,#12812,.F.);
#12911 = ADVANCED_FACE('',(#12912),#11196,.T.);
#12912 = FACE_BOUND('',#12913,.F.);
#12913 = EDGE_LOOP('',(#12914,#12915,#12936,#12937));
#12914 = ORIENTED_EDGE('',*,*,#11028,.F.);
#12915 = ORIENTED_EDGE('',*,*,#12916,.T.);
#12916 = EDGE_CURVE('',#10773,#12049,#12917,.T.);
#12917 = SURFACE_CURVE('',#12918,(#12922,#12929),.PCURVE_S1.);
#12918 = LINE('',#12919,#12920);
#12919 = CARTESIAN_POINT('',(-51.6,0.,286.3));
#12920 = VECTOR('',#12921,1.);
#12921 = DIRECTION('',(0.,0.,1.));
#12922 = PCURVE('',#11196,#12923);
#12923 = DEFINITIONAL_REPRESENTATION('',(#12924),#12928);
#12924 = LINE('',#12925,#12926);
#12925 = CARTESIAN_POINT('',(-0.,0.));
#12926 = VECTOR('',#12927,1.);
#12927 = DIRECTION('',(-0.,-1.));
#12928 = ( GEOMETRIC_REPRESENTATION_CONTEXT(2) 
PARAMETRIC_REPRESENTATION_CONTEXT() REPRESENTATION_CONTEXT('2D SPACE',''
  ) );
#12929 = PCURVE('',#10940,#12930);
#12930 = DEFINITIONAL_REPRESENTATION('',(#12931),#12935);
#12931 = LINE('',#12932,#12933);
#12932 = CARTESIAN_POINT('',(-6.28318530718,0.));
#12933 = VECTOR('',#12934,1.);
#12934 = DIRECTION('',(-0.,-1.));
#12935 = ( GEOMETRIC_REPRESENTATION_CONTEXT(2) 
PARAMETRIC_REPRESENTATION_CONTEXT() REPRESENTATION_CONTEXT('2D SPACE',''
  ) );
#12936 = ORIENTED_EDGE('',*,*,#12048,.T.);
#12937 = ORIENTED_EDGE('',*,*,#12889,.F.);
#12938 = ADVANCED_FACE('',(#12939),#10940,.T.);
#12939 = FACE_BOUND('',#12940,.F.);
#12940 = EDGE_LOOP('',(#12941,#12942,#12943,#12944));
#12941 = ORIENTED_EDGE('',*,*,#10772,.F.);
#12942 = ORIENTED_EDGE('',*,*,#12786,.T.);
#12943 = ORIENTED_EDGE('',*,*,#12299,.T.);
#12944 = ORIENTED_EDGE('',*,*,#12916,.F.);
#12945 = ADVANCED_FACE('',(#12946),#12875,.T.);
#12946 = FACE_BOUND('',#12947,.T.);
#12947 = EDGE_LOOP('',(#12948,#12971,#12972,#12973));
#12948 = ORIENTED_EDGE('',*,*,#12949,.F.);
#12949 = EDGE_CURVE('',#12838,#12950,#12952,.T.);
#12950 = VERTEX_POINT('',#12951);
#12951 = CARTESIAN_POINT('',(-52.6,0.,312.1));
#12952 = SEAM_CURVE('',#12953,(#12957,#12964),.PCURVE_S1.);
#12953 = LINE('',#12954,#12955);
#12954 = CARTESIAN_POINT('',(-51.6,0.,311.1));
#12955 = VECTOR('',#12956,1.);
#12956 = DIRECTION('',(-0.707106781187,0.,0.707106781187));
#12957 = PCURVE('',#12875,#12958);
#12958 = DEFINITIONAL_REPRESENTATION('',(#12959),#12963);
#12959 = LINE('',#12960,#12961);
#12960 = CARTESIAN_POINT('',(-0.,-0.));
#12961 = VECTOR('',#12962,1.);
#12962 = DIRECTION('',(-0.,-1.));
#12963 = ( GEOMETRIC_REPRESENTATION_CONTEXT(2) 
PARAMETRIC_REPRESENTATION_CONTEXT() REPRESENTATION_CONTEXT('2D SPACE',''
  ) );
#12964 = PCURVE('',#12875,#12965);
#12965 = DEFINITIONAL_REPRESENTATION('',(#12966),#12970);
#12966 = LINE('',#12967,#12968);
#12967 = CARTESIAN_POINT('',(-6.28318530718,-0.));
#12968 = VECTOR('',#12969,1.);
#12969 = DIRECTION('',(-0.,-1.));
#12970 = ( GEOMETRIC_REPRESENTATION_CONTEXT(2) 
PARAMETRIC_REPRESENTATION_CONTEXT() REPRESENTATION_CONTEXT('2D SPACE',''
  ) );
#12971 = ORIENTED_EDGE('',*,*,#12860,.T.);
#12972 = ORIENTED_EDGE('',*,*,#12949,.T.);
#12973 = ORIENTED_EDGE('',*,*,#12974,.F.);
#12974 = EDGE_CURVE('',#12950,#12950,#12975,.T.);
#12975 = SURFACE_CURVE('',#12976,(#12981,#12988),.PCURVE_S1.);
#12976 = CIRCLE('',#12977,19.4);
#12977 = AXIS2_PLACEMENT_3D('',#12978,#12979,#12980);
#12978 = CARTESIAN_POINT('',(-72.,0.,312.1));
#12979 = DIRECTION('',(0.,0.,1.));
#12980 = DIRECTION('',(1.,0.,-0.));
#12981 = PCURVE('',#12875,#12982);
#12982 = DEFINITIONAL_REPRESENTATION('',(#12983),#12987);
#12983 = LINE('',#12984,#12985);
#12984 = CARTESIAN_POINT('',(-0.,-1.));
#12985 = VECTOR('',#12986,1.);
#12986 = DIRECTION('',(-1.,-0.));
#12987 = ( GEOMETRIC_REPRESENTATION_CONTEXT(2) 
PARAMETRIC_REPRESENTATION_CONTEXT() REPRESENTATION_CONTEXT('2D SPACE',''
  ) );
#12988 = PCURVE('',#12989,#12994);
#12989 = PLANE('',#12990);
#12990 = AXIS2_PLACEMENT_3D('',#12991,#12992,#12993);
#12991 = CARTESIAN_POINT('',(-72.,2.38474637079E-15,312.1));
#12992 = DIRECTION('',(0.,0.,1.));
#12993 = DIRECTION('',(1.,0.,-0.));
#12994 = DEFINITIONAL_REPRESENTATION('',(#12995),#12999);
#12995 = CIRCLE('',#12996,19.4);
#12996 = AXIS2_PLACEMENT_2D('',#12997,#12998);
#12997 = CARTESIAN_POINT('',(0.,-2.38474637079E-15));
#12998 = DIRECTION('',(1.,0.));
#12999 = ( GEOMETRIC_REPRESENTATION_CONTEXT(2) 
PARAMETRIC_REPRESENTATION_CONTEXT() REPRESENTATION_CONTEXT('2D SPACE',''
  ) );
#13000 = ADVANCED_FACE('',(#13001,#13004),#12989,.T.);
#13001 = FACE_BOUND('',#13002,.T.);
#13002 = EDGE_LOOP('',(#13003));
#13003 = ORIENTED_EDGE('',*,*,#12974,.T.);
#13004 = FACE_BOUND('',#13005,.T.);
#13005 = EDGE_LOOP('',(#13006));
#13006 = ORIENTED_EDGE('',*,*,#13007,.F.);
#13007 = EDGE_CURVE('',#13008,#13008,#13010,.T.);
#13008 = VERTEX_POINT('',#13009);
#13009 = CARTESIAN_POINT('',(-54.15,0.,312.1));
#13010 = SURFACE_CURVE('',#13011,(#13016,#13023),.PCURVE_S1.);
#13011 = CIRCLE('',#13012,17.85);
#13012 = AXIS2_PLACEMENT_3D('',#13013,#13014,#13015);
#13013 = CARTESIAN_POINT('',(-72.,0.,312.1));
#13014 = DIRECTION('',(0.,0.,1.));
#13015 = DIRECTION('',(1.,0.,-0.));
#13016 = PCURVE('',#12989,#13017);
#13017 = DEFINITIONAL_REPRESENTATION('',(#13018),#13022);
#13018 = CIRCLE('',#13019,17.85);
#13019 = AXIS2_PLACEMENT_2D('',#13020,#13021);
#13020 = CARTESIAN_POINT('',(0.,-2.38474637079E-15));
#13021 = DIRECTION('',(1.,0.));
#13022 = ( GEOMETRIC_REPRESENTATION_CONTEXT(2) 
PARAMETRIC_REPRESENTATION_CONTEXT() REPRESENTATION_CONTEXT('2D SPACE',''
  ) );
#13023 = PCURVE('',#13024,#13029);
#13024 = CYLINDRICAL_SURFACE('',#13025,17.85);
#13025 = AXIS2_PLACEMENT_3D('',#13026,#13027,#13028);
#13026 = CARTESIAN_POINT('',(-72.,0.,313.1));
#13027 = DIRECTION('',(0.,0.,1.));
#13028 = DIRECTION('',(1.,0.,0.));
#13029 = DEFINITIONAL_REPRESENTATION('',(#13030),#13034);
#13030 = LINE('',#13031,#13032);
#13031 = CARTESIAN_POINT('',(0.,-1.));
#13032 = VECTOR('',#13033,1.);
#13033 = DIRECTION('',(1.,0.));
#13034 = ( GEOMETRIC_REPRESENTATION_CONTEXT(2) 
PARAMETRIC_REPRESENTATION_CONTEXT() REPRESENTATION_CONTEXT('2D SPACE',''
  ) );
#13035 = ADVANCED_FACE('',(#13036),#13024,.F.);
#13036 = FACE_BOUND('',#13037,.F.);
#13037 = EDGE_LOOP('',(#13038,#13039,#13062,#13089));
#13038 = ORIENTED_EDGE('',*,*,#13007,.F.);
#13039 = ORIENTED_EDGE('',*,*,#13040,.T.);
#13040 = EDGE_CURVE('',#13008,#13041,#13043,.T.);
#13041 = VERTEX_POINT('',#13042);
#13042 = CARTESIAN_POINT('',(-54.15,0.,209.));
#13043 = SEAM_CURVE('',#13044,(#13048,#13055),.PCURVE_S1.);
#13044 = LINE('',#13045,#13046);
#13045 = CARTESIAN_POINT('',(-54.15,0.,313.1));
#13046 = VECTOR('',#13047,1.);
#13047 = DIRECTION('',(-0.,-0.,-1.));
#13048 = PCURVE('',#13024,#13049);
#13049 = DEFINITIONAL_REPRESENTATION('',(#13050),#13054);
#13050 = LINE('',#13051,#13052);
#13051 = CARTESIAN_POINT('',(6.28318530718,0.));
#13052 = VECTOR('',#13053,1.);
#13053 = DIRECTION('',(0.,-1.));
#13054 = ( GEOMETRIC_REPRESENTATION_CONTEXT(2) 
PARAMETRIC_REPRESENTATION_CONTEXT() REPRESENTATION_CONTEXT('2D SPACE',''
  ) );
#13055 = PCURVE('',#13024,#13056);
#13056 = DEFINITIONAL_REPRESENTATION('',(#13057),#13061);
#13057 = LINE('',#13058,#13059);
#13058 = CARTESIAN_POINT('',(0.,0.));
#13059 = VECTOR('',#13060,1.);
#13060 = DIRECTION('',(0.,-1.));
#13061 = ( GEOMETRIC_REPRESENTATION_CONTEXT(2) 
PARAMETRIC_REPRESENTATION_CONTEXT() REPRESENTATION_CONTEXT('2D SPACE',''
  ) );
#13062 = ORIENTED_EDGE('',*,*,#13063,.T.);
#13063 = EDGE_CURVE('',#13041,#13041,#13064,.T.);
#13064 = SURFACE_CURVE('',#13065,(#13070,#13077),.PCURVE_S1.);
#13065 = CIRCLE('',#13066,17.85);
#13066 = AXIS2_PLACEMENT_3D('',#13067,#13068,#13069);
#13067 = CARTESIAN_POINT('',(-72.,0.,209.));
#13068 = DIRECTION('',(0.,0.,1.));
#13069 = DIRECTION('',(1.,0.,0.));
#13070 = PCURVE('',#13024,#13071);
#13071 = DEFINITIONAL_REPRESENTATION('',(#13072),#13076);
#13072 = LINE('',#13073,#13074);
#13073 = CARTESIAN_POINT('',(0.,-104.1));
#13074 = VECTOR('',#13075,1.);
#13075 = DIRECTION('',(1.,0.));
#13076 = ( GEOMETRIC_REPRESENTATION_CONTEXT(2) 
PARAMETRIC_REPRESENTATION_CONTEXT() REPRESENTATION_CONTEXT('2D SPACE',''
  ) );
#13077 = PCURVE('',#13078,#13083);
#13078 = PLANE('',#13079);
#13079 = AXIS2_PLACEMENT_3D('',#13080,#13081,#13082);
#13080 = CARTESIAN_POINT('',(-72.,1.109910122628E-15,209.));
#13081 = DIRECTION('',(0.,0.,1.));
#13082 = DIRECTION('',(1.,0.,-0.));
#13083 = DEFINITIONAL_REPRESENTATION('',(#13084),#13088);
#13084 = CIRCLE('',#13085,17.85);
#13085 = AXIS2_PLACEMENT_2D('',#13086,#13087);
#13086 = CARTESIAN_POINT('',(1.42108547152E-14,-1.109910122628E-15));
#13087 = DIRECTION('',(1.,0.));
#13088 = ( GEOMETRIC_REPRESENTATION_CONTEXT(2) 
PARAMETRIC_REPRESENTATION_CONTEXT() REPRESENTATION_CONTEXT('2D SPACE',''
  ) );
#13089 = ORIENTED_EDGE('',*,*,#13040,.F.);
#13090 = ADVANCED_FACE('',(#13091),#13078,.T.);
#13091 = FACE_BOUND('',#13092,.T.);
#13092 = EDGE_LOOP('',(#13093));
#13093 = ORIENTED_EDGE('',*,*,#13063,.T.);
#13094 = ( GEOMETRIC_REPRESENTATION_CONTEXT(3) 
GLOBAL_UNCERTAINTY_ASSIGNED_CONTEXT((#13098)) 
GLOBAL_UNIT_ASSIGNED_CONTEXT((#13095,#13096,#13097)) 
REPRESENTATION_CONTEXT('Context #1',
  '3D Context with UNIT and UNCERTAINTY') );
#13095 = ( LENGTH_UNIT() NAMED_UNIT(*) SI_UNIT(.MILLI.,.METRE.) );
#13096 = ( NAMED_UNIT(*) PLANE_ANGLE_UNIT() SI_UNIT($,.RADIAN.) );
#13097 = ( NAMED_UNIT(*) SI_UNIT($,.STERADIAN.) SOLID_ANGLE_UNIT() );
#13098 = UNCERTAINTY_MEASURE_WITH_UNIT(LENGTH_MEASURE(1.E-06),#13095,
  'distance_accuracy_value','confusion accuracy');
#13099 = PRODUCT_RELATED_PRODUCT_CATEGORY('part',$,(#7));
ENDSEC;
END-ISO-10303-21;
